Date,AAPL,GLD,JPM,MSFT,NVDA,SPY,TLT,XOM
2015-01-02,24.192602157592773,114.08000183105467,46.06679153442383,39.681732177734375,0.4824230670928955,169.68785095214844,92.2875518798828,57.14555358886719
2015-01-05,23.51105308532715,115.8000030517578,44.63664627075195,39.31682968139648,0.4742747247219085,166.62335205078125,93.73719787597656,55.58194351196289
2015-01-06,23.51327896118164,117.12000274658205,43.47926330566406,38.73977279663086,0.4598955512046814,165.05393981933594,95.42611694335938,55.28646087646485
2015-01-07,23.842979431152344,116.43000030517578,43.54560470581055,39.23196792602539,0.4586972594261169,167.11070251464844,95.2376708984375,55.84665298461914
2015-01-08,24.75908088684082,115.94000244140624,44.51870346069336,40.38609313964844,0.4759524166584015,170.07598876953125,93.97639465332033,56.77618408203125
2015-01-09,24.7856388092041,117.26000213623048,43.74464416503906,40.04664611816406,0.4778696298599243,168.71316528320312,95.00569152832033,56.6961669921875
2015-01-12,24.174896240234375,118.55999755859376,43.36868667602539,39.54595947265625,0.4718782603740692,167.39154052734375,95.54935455322266,55.60655212402344
2015-01-13,24.389545440673828,118.16000366210938,43.376068115234375,39.3422966003418,0.4711591899394989,166.92071533203125,95.54935455322266,55.403446197509766
2015-01-14,24.296606063842773,117.97000122070312,41.87958526611328,39.00285339355469,0.4730765521526336,165.9129638671875,96.27420043945312,55.24337387084961
2015-01-15,23.637197494506836,120.94000244140624,40.53788757324219,38.59550476074219,0.4697214663028717,164.3931121826172,97.7891082763672,54.76321792602539
2015-01-16,23.453521728515625,122.5199966430664,41.23085403442383,39.240447998046875,0.478348970413208,166.5489959716797,96.54236602783205,56.0928840637207
2015-01-20,24.057619094848633,124.1999969482422,41.06865310668945,39.36774444580078,0.4797868430614471,166.9041748046875,97.82537078857422,56.07440948486328
2015-01-21,24.241291046142575,124.2300033569336,41.20135498046875,38.968894958496094,0.4864969849586487,167.74671936035156,96.69459533691406,56.55458068847656
2015-01-22,24.87192726135254,125.2300033569336,42.4545783996582,39.9957389831543,0.4948851466178894,170.24130249023438,96.34666442871094,57.17018127441406
2015-01-23,25.00027656555176,124.2300033569336,41.78374099731445,40.03816223144531,0.496322900056839,169.3079071044922,97.68762969970705,55.95130157470703
2015-01-26,25.026830673217773,122.98999786376952,41.85008239746094,39.89389419555664,0.4941660761833191,169.70437622070312,97.39044189453124,56.48687744140625
2015-01-27,24.150564193725582,124.4000015258789,41.42987060546875,36.2023811340332,0.4704402685165405,167.46591186523438,97.54265594482422,55.988224029541016
2015-01-28,25.515865325927734,123.41999816894533,40.3609619140625,34.954891204833984,0.4627712965011596,165.31826782226562,99.13727569580078,54.14145278930664
2015-01-29,26.310256958007812,120.76000213623048,41.03916549682617,35.650779724121094,0.4740351438522339,166.8463592529297,98.48497772216795,53.91366958618164
2015-01-30,25.925233840942383,123.4499969482422,40.08820724487305,34.28449249267578,0.4601352214813232,164.74835205078125,100.23189544677734,53.81519317626953
2015-02-02,26.25051498413086,122.41999816894533,40.89174270629883,35.03126907348633,0.4702006578445434,166.78857421875,99.85345458984376,55.1448860168457
2015-02-03,26.25493812561035,121.0500030517578,41.81321716308594,35.30283737182617,0.481943815946579,169.2005157470703,97.73989868164062,56.78850173950195
2015-02-04,26.456300735473633,121.58000183105467,41.56256866455078,35.50649642944336,0.4831419587135315,168.55621337890625,97.90690612792967,56.302188873291016
2015-02-05,26.64513778686523,121.79000091552734,41.85008239746094,36.024166107177734,0.491050511598587,170.25778198242188,96.83197784423828,56.85622787475586
2015-02-06,26.420759201049805,118.63999938964844,42.67572784423828,35.990211486816406,0.4888935983181,169.78700256347656,95.11785888671876,56.75077438354492
2015-02-09,26.596261978149418,119.16999816894533,42.62411880493164,35.94778823852539,0.4884144961833954,169.02703857421875,94.96537017822266,56.78798294067383
2015-02-10,27.107215881347656,118.47000122070312,43.09592056274414,36.15145111083984,0.5020747184753418,170.82777404785156,94.20997619628906,56.446868896484375
2015-02-11,27.742572784423828,117.06999969482422,43.02957534790039,35.96476745605469,0.4987195432186126,170.92686462402344,94.3843231201172,56.19258499145508
2015-02-12,28.093576431274418,117.33999633789062,43.914207458496094,36.567291259765625,0.5344281196594238,172.57064819335938,94.07199096679688,57.29039001464844
2015-02-13,28.23130989074707,117.9800033569336,43.9879264831543,37.22921371459961,0.5346676707267761,173.28097534179688,93.1059799194336,57.910614013671875
2015-02-17,28.397932052612305,116.01000213623048,44.30491638183594,37.24630355834961,0.5363451242446899,173.55357360839844,91.70420837402344,57.71215057373047
2015-02-18,28.595645904541016,116.33999633789062,43.76676940917969,37.203575134277344,0.5301141142845154,173.5701141357422,92.24897003173828,56.446868896484375
2015-02-19,28.535661697387695,115.94000244140624,43.6635627746582,37.17793655395508,0.5315520763397217,173.44622802734375,91.63880920410156,55.47312927246094
2015-02-20,28.768922805786133,115.27999877929688,44.08375930786133,37.485618591308594,0.5353864431381226,174.4869842529297,91.90756225585938,55.77082061767578
2015-02-23,29.546466827392575,115.43000030517578,43.75201797485352,37.73346710205078,0.5310726761817932,174.4622039794922,92.9607391357422,55.20640182495117
2015-02-24,29.362070083618164,115.26000213623048,44.83567810058594,37.682186126708984,0.5367264151573181,174.9578094482422,94.18091583251952,55.46070861816406
2015-02-25,28.61119270324707,115.6999969482422,45.07158660888672,37.59671401977539,0.5326363444328308,174.80911254882812,94.58770751953124,55.57233428955078
2015-02-26,28.97330665588379,116.06999969482422,45.39594650268555,37.65654373168945,0.5340797305107117,174.60269165039062,93.29480743408205,54.9831428527832
2015-02-27,28.537879943847656,116.16000366210938,45.1747932434082,37.477081298828125,0.5307120680809021,174.0078887939453,94.07926177978516,54.91490936279297
2015-03-02,28.67784118652344,115.68000030517578,45.5360107421875,37.502708435058594,0.5437029600143433,175.10647583007812,92.32687377929688,54.60482025146485
2015-03-03,28.737823486328125,115.47000122070312,45.68345642089844,36.98990249633789,0.5335988402366638,174.38784790039062,91.99213409423828,54.34430313110352
2015-03-04,28.5556583404541,115.11000061035156,45.8014030456543,36.80188751220703,0.5396133065223694,173.65269470214844,92.02120208740234,54.07141876220703
2015-03-05,28.08247184753418,115.0,45.70557403564453,36.84461975097656,0.5499581694602966,173.84268188476562,91.9047622680664,53.79851531982422
2015-03-06,28.124675750732425,111.86000061035156,44.88729476928711,36.20361328125,0.5425000786781311,171.397705078125,89.87445068359375,53.11006164550781
2015-03-09,28.244640350341797,111.97000122070312,45.33696365356445,36.62239456176758,0.5439434051513672,172.1080322265625,90.70404815673828,52.818546295166016
2015-03-10,27.660381317138672,111.41999816894533,44.20170974731445,35.92156982421875,0.5533260703086853,169.31619262695312,91.89754486083984,52.26033020019531
2015-03-11,27.156089782714844,110.75,44.40811538696289,35.878841400146484,0.550439178943634,168.91970825195312,92.56702423095705,52.11148834228515
2015-03-12,27.64705467224121,110.72000122070312,45.24113464355469,35.0583610534668,0.5453870296478271,171.06729125976562,92.50150299072266,52.23551940917969
2015-03-13,27.455989837646484,110.87999725341795,44.968387603759766,35.36603927612305,0.5461087226867676,170.0182647705078,92.2177276611328,52.0184440612793
2015-03-16,27.758129119873047,110.80999755859376,45.594993591308594,35.51988220214844,0.5526042580604553,172.28977966308594,93.10559844970705,52.57046890258789
2015-03-17,28.222423553466797,110.20999908447266,45.41806411743164,35.639549255371094,0.5593404769897461,171.77769470214844,93.87694549560548,52.1486930847168
2015-03-18,28.54010772705078,112.37000274658205,45.52125930786133,36.323280334472656,0.5501983761787415,173.84268188476562,95.68897247314452,53.382957458496094
2015-03-19,28.32461166381836,112.29000091552734,45.11581039428711,36.14378356933594,0.5586187243461609,173.04974365234375,95.20140838623048,52.353363037109375
2015-03-20,27.96917152404785,113.56999969482422,45.52125930786133,36.64804458618164,0.5646332502365112,174.5772247314453,95.70353698730467,52.43401718139648
2015-03-23,28.26019287109375,114.29000091552734,45.07158660888672,36.63093566894531,0.5463493466377258,174.23704528808594,95.58712768554688,52.98599624633789
2015-03-24,28.144678115844727,114.56999969482422,44.570308685302734,36.66512680053711,0.5388914346694946,173.25804138183594,96.5112762451172,52.421607971191406
2015-03-25,27.409339904785156,114.7300033569336,43.94367980957031,35.434410095214844,0.5061731338500977,170.71910095214844,95.6962432861328,52.63247299194336
2015-03-26,27.60040283203125,115.4800033569336,43.892086029052734,35.22074890136719,0.5044887661933899,170.3125457763672,94.20437622070312,52.29756164550781
2015-03-27,27.380460739135746,115.05999755859376,43.89945602416992,35.01564025878906,0.5143526196479797,170.70254516601562,95.37600708007812,51.83860397338867
2015-03-30,28.073585510253903,113.75,44.93888473510742,35.007076263427734,0.5165179967880249,172.78506469726562,94.90301513671876,53.11006164550781
2015-03-31,27.642606735229492,113.66000366210938,44.65876770019531,34.75069046020508,0.503526508808136,171.2749786376953,95.10679626464844,52.719295501708984
2015-04-01,27.60262107849121,115.5999984741211,44.48808288574219,34.80195999145508,0.5054513216018677,170.66925048828125,96.35596466064452,52.384376525878906
2015-04-02,27.840322494506836,115.27999877929688,44.911075592041016,34.4344482421875,0.5066540837287903,171.28329467773438,95.33504486083984,52.28514099121094
2015-04-06,28.291290283203125,116.69000244140624,44.873966217041016,35.51134490966797,0.5213293433189392,172.43661499023438,94.80269622802734,52.79994201660156
2015-04-07,27.993608474731445,116.11000061035156,45.15596389770508,35.494239807128906,0.5259003043174744,171.98025512695312,95.59756469726562,53.18449020385742
2015-04-08,27.90252685546875,115.47000122070312,45.30437850952149,35.40023422241211,0.5297495126724243,172.56101989746094,95.6267547607422,52.13629150390625
2015-04-09,28.115795135498047,114.66999816894533,45.61605453491211,35.45151138305664,0.5420190095901489,173.3243408203125,94.38703155517578,52.50223159790039
2015-04-10,28.235761642456055,115.97000122070312,45.7867317199707,35.656620025634766,0.5475521683692932,174.27023315429688,94.5256118774414,53.0666389465332
2015-04-13,28.180219650268555,115.13999938964844,46.061302185058594,35.69081115722656,0.5425000786781311,173.48199462890625,94.65687561035156,52.93018341064453
2015-04-14,28.05803871154785,114.44000244140624,46.7811279296875,35.5968017578125,0.537929117679596,173.8138427734375,95.32776641845705,53.73027801513672
2015-04-15,28.1646671295166,115.43000030517578,47.64937210083008,36.118141174316406,0.5444245934486389,174.5937957763672,95.24756622314452,54.629608154296875
2015-04-16,28.029157638549805,115.02999877929688,47.35254669189453,36.03268814086914,0.5410566329956055,174.5440216064453,94.7735366821289,54.41253280639648
2015-04-17,27.713693618774418,115.5999984741211,46.63272476196289,35.571163177490234,0.5340797305107117,172.5361785888672,95.860107421875,53.916358947753906
2015-04-20,28.346832275390625,114.72000122070312,46.92955017089844,36.67367935180664,0.5314337015151978,174.11256408691406,95.01416778564452,54.10862731933594
2015-04-21,28.193544387817383,115.37999725341795,46.23939895629883,36.442928314208984,0.5307120680809021,173.90509033203125,94.58393096923828,53.88531494140625
2015-04-22,28.573427200317383,113.83000183105467,46.70691680908203,36.74205017089844,0.5367264151573181,174.759765625,93.14005279541016,54.24506759643555
2015-04-23,28.806690216064453,114.66000366210938,46.603023529052734,37.04118728637695,0.5345609188079834,175.199462890625,93.54110717773438,54.294677734375
2015-04-24,28.942203521728516,113.0500030517578,46.45461654663086,40.91280746459961,0.5299901962280273,175.6060333251953,94.12451171875,53.94115447998047
2015-04-27,29.468711853027344,115.33000183105467,46.26167297363281,41.04956817626953,0.5340797305107117,174.8759002685547,94.12451171875,53.965965270996094
2015-04-28,29.00440788269043,116.33000183105467,46.57334899902344,42.01533126831055,0.5367264151573181,175.4318084716797,92.82638549804688,54.455936431884766
2015-04-29,28.57787322998047,115.51000213623048,47.19669342041016,41.92987060546875,0.5326363444328308,174.7100067138672,91.6888427734375,54.49935150146485
2015-04-30,27.80255889892578,113.47000122070312,46.94438552856445,41.57090759277344,0.5340797305107117,172.9592742919922,91.84923553466795,54.18924331665039
2015-05-01,28.646738052368164,113.08000183105467,47.2041130065918,41.58800506591797,0.547311544418335,174.83444213867188,90.61283111572266,55.107177734375
2015-05-04,28.59120750427246,114.0999984741211,48.02783966064453,41.22903823852539,0.5439434051513672,175.332275390625,89.7578125,55.2684440612793
2015-05-05,27.94695281982422,114.41999816894533,47.79036712646485,40.68204879760742,0.5299901962280273,173.3243408203125,89.63362121582031,54.95830535888672
2015-05-06,27.771453857421875,114.36000061035156,47.43416595458984,39.55389404296875,0.5316742658615112,172.61080932617188,88.0990219116211,54.697845458984375
2015-05-07,27.943227767944336,113.41999816894533,47.86457061767578,39.912872314453125,0.5410566329956055,173.2994842529297,89.28288269042969,54.33190155029297
2015-05-08,28.46969985961914,113.97000122070312,48.59923553466797,40.81025695800781,0.5011206865310669,175.5811004638672,89.52397918701172,55.19401931762695
2015-05-11,28.179702758789062,113.52999877929688,48.56956481933594,40.48548126220703,0.4963095486164093,174.7431182861328,87.34635162353516,54.26848602294922
2015-05-12,28.07930564880371,114.5,48.502777099609375,40.46839904785156,0.5011206865310669,174.22042846679688,87.57290649414062,54.4185676574707
2015-05-13,28.110538482666016,116.5500030517578,48.62150192260742,40.70769882202149,0.5040079355239868,174.25360107421875,86.87135314941406,54.13091278076172
2015-05-14,28.766401290893555,117.18000030517578,49.014801025390625,41.6392822265625,0.5121873021125793,176.07066345214844,87.10523986816406,54.38731002807617
2015-05-15,28.726242065429688,117.52999877929688,48.88865661621094,41.28033828735352,0.5124281048774719,176.26148986816406,88.85167694091797,54.62492752075195
2015-05-18,29.043018341064453,117.5199966430664,49.28937530517578,41.03247833251953,0.5117064118385315,176.80905151367188,87.36097717285156,54.312259674072266
2015-05-19,29.016254425048828,115.88999938964844,49.727203369140625,40.92924118041992,0.5085160732269287,176.7510223388672,86.58638763427734,54.399810791015625
2015-05-20,29.014019012451172,116.08000183105467,49.33391571044922,40.92924118041992,0.5085160732269287,176.6265411376953,86.73255157470703,54.48737716674805
2015-05-21,29.310718536376953,115.69000244140624,49.46004486083984,40.79159927368164,0.5048906207084656,177.1409912109375,87.945556640625,54.53739547729492
2015-05-22,29.567262649536133,115.5999984741211,49.32649230957031,40.34429168701172,0.5041654706001282,176.7178497314453,87.98213195800781,54.10588836669922
2015-05-26,28.915870666503903,113.91000366210938,48.7773323059082,40.07762145996094,0.5010235905647278,174.81784057617188,89.48747253417969,53.37421798706055
2015-05-27,29.455726623535156,113.88999938964844,49.32649230957031,40.955039978027344,0.5278511047363281,176.47718811035156,89.69206237792969,53.22412872314453
2015-05-28,29.397708892822266,114.0199966430664,49.12611389160156,40.81742477416992,0.5351019501686096,176.27804565429688,89.47279357910156,53.22412872314453
2015-05-29,29.06309509277344,114.0999984741211,48.814453125,40.30989074707031,0.5348601937294006,175.18283081054688,89.67018127441406,53.280418395996094
2015-06-01,29.1210994720459,114.0,49.03706741333008,40.628173828125,0.5409024953842163,175.5396728515625,88.70639038085938,53.23664474487305
2015-06-02,28.991710662841797,114.45999908447266,48.99253463745117,40.36150360107422,0.5302680730819702,175.3654022216797,87.46879577636719,53.24290466308594
2015-06-03,29.027406692504883,113.63999938964844,49.497161865234375,40.30127716064453,0.5244674682617188,175.83004760742188,86.06270599365234,53.12408447265625
2015-06-04,28.85786819458008,112.83999633789062,49.22259140014648,39.87977981567383,0.5338935852050781,174.34487915039062,87.18317413330078,52.66755294799805
2015-06-05,28.699480056762695,112.23999786376952,50.03145980834961,39.69051742553711,0.5380021929740906,174.04620361328125,86.121337890625,52.705078125
2015-06-08,28.509855270385746,112.56999969482422,49.63816452026367,39.33782958984375,0.5256761312484741,172.9758758544922,86.02611541748047,53.061546325683594
2015-06-09,28.42508888244629,112.81999969482422,49.85336685180664,39.269020080566406,0.5283346176147461,172.95098876953125,85.34504699707031,52.89269256591797
2015-06-10,28.75078582763672,113.77999877929688,50.654815673828125,40.094844818115234,0.5189088582992554,175.02525329589844,84.59806060791016,53.28665542602539
2015-06-11,28.686094284057617,113.26000213623048,50.84775161743164,39.94859313964844,0.5244674682617188,175.58946228027344,86.37759399414062,53.211631774902344
2015-06-12,28.36931610107422,113.2300033569336,50.64738845825195,39.54429626464844,0.5102078318595886,174.24530029296875,86.37759399414062,52.54249954223633
2015-06-15,28.313539505004883,113.7300033569336,50.45445251464844,39.12278747558594,0.509240984916687,173.4986114501953,86.5167007446289,52.35490798950195
2015-06-16,28.465238571166992,113.31999969482422,50.7364387512207,39.42387008666992,0.5155250430107117,174.44447326660156,87.19780731201172,52.95522689819336
2015-06-17,28.3983211517334,113.8499984741211,50.56575012207031,39.54429626464844,0.5215672254562378,174.72654724121094,86.52405548095703,52.98650741577149
2015-06-18,28.52770233154297,115.31999969482422,51.04070281982422,40.18946075439453,0.5302680730819702,176.54359436035156,86.0993423461914,53.45552062988281
2015-06-19,28.24216079711914,115.12000274658205,50.52124786376953,39.6561164855957,0.528576135635376,175.7598876953125,87.2051773071289,53.28665542602539
2015-06-22,28.46746826171875,113.63999938964844,51.17427444458008,39.767948150634766,0.5264012217521667,176.66029357910156,85.4255599975586,53.261661529541016
2015-06-23,28.33808326721191,112.88999938964844,51.76054000854492,39.49266815185547,0.5128664374351501,176.78536987304688,84.9129867553711,53.19911575317383
2015-06-24,28.57901382446289,112.58999633789062,51.21881866455078,39.260406494140625,0.5077908039093018,175.5014190673828,85.6452865600586,52.95522689819336
2015-06-25,28.442934036254883,112.44000244140624,50.94424057006836,39.269020080566406,0.5116580724716187,174.9678497314453,85.34504699707031,52.4862174987793
2015-06-26,28.275619506835938,112.55999755859376,51.16685485839844,38.93354034423828,0.5012653470039368,174.93450927734375,84.3857192993164,52.44245910644531
2015-06-29,27.78037452697754,113.06999969482422,49.86820602416992,38.16794967651367,0.4862805008888244,171.26600646972656,86.61933135986328,51.79206085205078
2015-06-30,27.98114967346191,112.37000274658205,50.28378677368164,37.97869873046875,0.4860389530658722,171.62452697753906,86.01879119873047,52.02971649169922
2015-07-01,28.24216079711914,111.9800033569336,50.84398651123047,38.236759185791016,0.4930478036403656,173.00027465820312,84.85767364501953,51.51066207885742
2015-07-02,28.206464767456055,111.76000213623048,50.43317031860352,38.19375228881836,0.4935312569141388,172.841796875,85.13655090332031,51.9921760559082
2015-07-06,28.10831069946289,112.05999755859376,50.29124069213867,38.18514633178711,0.4874889850616455,172.34986877441406,86.71455383300781,51.6107063293457
2015-07-07,28.039154052734375,110.76000213623048,49.8953742980957,38.10771560668945,0.4783047437667846,173.4337615966797,87.52923583984375,51.8233528137207
2015-07-08,27.3431396484375,111.08999633789062,48.8720588684082,38.05611038208008,0.4749210178852081,170.5240020751953,88.28519439697266,51.260520935058594
2015-07-09,26.78543281555176,111.36000061035156,49.379981994628906,38.296974182128906,0.4691206514835357,170.8324432373047,86.5457534790039,51.02912521362305
2015-07-10,27.501523971557617,111.48999786376952,50.08210754394531,38.37440490722656,0.4773379266262054,172.98355102539062,85.17330169677734,51.416847229003906
2015-07-13,28.032472610473633,110.98999786376952,50.85892105102539,39.17439651489258,0.4804800152778625,174.89283752441406,84.90907287597656,51.54194259643555
2015-07-14,28.02130889892578,110.73999786376952,51.56851577758789,39.24321746826172,0.4807216227054596,175.6515350341797,85.18794250488281,51.97343444824219
2015-07-15,28.29123306274414,110.16000366210938,51.6805305480957,39.36365509033203,0.4773379266262054,175.59310913085938,86.0907211303711,51.75455093383789
2015-07-16,28.668249130249023,109.76000213623048,51.9568977355957,40.137840270996094,0.4879724979400635,177.00210571289062,86.6851806640625,51.84833908081055
2015-07-17,28.915870666503903,108.6500015258789,51.69549560546875,40.10343551635742,0.4850721061229706,177.1522216796875,87.13286590576172,51.6607551574707
2015-07-20,29.462417602539062,105.6999969482422,51.73283004760742,40.36150360107422,0.4761294424533844,177.2439422607422,86.76593780517578,51.12919616699219
2015-07-21,29.167945861816406,105.37000274658205,51.61332702636719,40.67118835449219,0.4783047437667846,176.54359436035156,87.23564910888672,51.06665802001953
2015-07-22,27.934307098388672,104.8000030517578,52.3453369140625,39.17439651489258,0.4691206514835357,176.2267608642578,87.77877044677734,51.147953033447266
2015-07-23,27.920915603637695,104.33000183105467,52.01666259765625,39.66472244262695,0.4749210178852081,175.23458862304688,88.8722915649414,50.74148178100586
2015-07-24,27.77368927001953,105.3499984741211,51.471412658691406,39.51848602294922,0.4693621695041656,173.41708374023438,89.0925064086914,49.99103546142578
2015-07-27,27.38775062561035,104.86000061035156,50.79916000366211,39.010948181152344,0.4667035639286041,172.40829467773438,89.56953430175781,49.5658073425293
2015-07-28,27.523834228515625,105.0199966430664,50.82903289794922,39.00234603881836,0.4768546223640442,174.52593994140625,88.91634368896484,51.57944107055664
2015-07-29,27.436830520629883,105.16999816894533,51.49381256103515,39.819557189941406,0.4826551377773285,175.72653198242188,88.58609008789062,51.9921760559082
2015-07-30,27.29852294921875,104.2699966430664,51.56851577758789,40.32710266113281,0.4838636517524719,175.7682342529297,89.2686538696289,51.91089630126953
2015-07-31,27.059818267822266,104.93000030517578,51.18756484985352,40.17225646972656,0.4821718335151672,175.5014190673828,89.92916870117188,49.53452682495117
2015-08-03,26.42180633544922,104.0999984741211,51.18756484985352,40.26688003540039,0.4903892576694488,174.9094696044922,90.87582397460938,48.81538009643555
2015-08-04,25.5740966796875,104.30999755859376,51.13528823852539,40.89483642578125,0.4923225939273834,174.567626953125,90.15501403808594,48.2588005065918
2015-08-05,25.743642807006836,103.93000030517578,51.33695602416992,40.92924118041992,0.497398167848587,175.14291381835938,89.4782943725586,48.2588005065918
2015-08-06,25.799659729003903,104.38999938964844,50.97842788696289,40.10343551635742,0.4942562282085418,173.7088623046875,90.27266693115234,48.83411407470703
2015-08-07,25.887056350708008,104.6500015258789,50.82903289794922,40.20665740966797,0.5554038882255554,173.3754119873047,91.45689392089844,48.04619598388672
2015-08-10,26.8282470703125,105.72000122070312,51.456485748291016,40.714202880859375,0.5747390389442444,175.55982971191406,90.32421112060548,49.24686813354492
2015-08-11,25.43216133117676,106.26000213623048,50.963497161865234,39.92277908325195,0.5718387961387634,173.9757080078125,91.75849151611328,48.912315368652344
2015-08-12,25.824308395385746,107.75,50.22402572631836,40.20665740966797,0.5732887387275696,174.1841278076172,91.25829315185548,49.732906341552734
2015-08-13,25.80414772033691,106.86000061035156,50.45556640625,40.198055267333984,0.568455159664154,173.9673614501953,90.96410369873048,49.64452362060547
2015-08-14,25.98566246032715,106.8499984741211,50.70952224731445,40.4303092956543,0.5689386129379272,174.6010284423828,91.17741394042967,49.46147918701172
2015-08-17,26.254573822021484,107.12999725341795,50.84398651123047,40.70558547973633,0.5653129816055298,175.5764617919922,91.58932495117188,49.72026443481445
2015-08-18,26.106666564941406,107.11000061035156,50.94855117797851,40.930721282958984,0.5601677298545837,175.06785583496094,90.86848449707033,49.17110824584961
2015-08-19,25.77277374267578,108.5500030517578,50.492916107177734,40.35923767089844,0.5579835176467896,173.68382263183594,91.76583099365234,48.11701202392578
2015-08-20,25.243913650512695,110.44000244140624,49.25300216674805,39.53664016723633,0.5378388166427612,170.05714416503906,92.69261932373048,47.06919860839844
2015-08-21,23.699926376342773,111.12999725341795,47.50516891479492,37.29397964477539,0.5210921168327332,164.93798828125,92.97209930419922,45.529048919677734
2015-08-24,23.108327865600582,110.52999877929688,45.0029296875,36.090389251708984,0.5026461482048035,157.99295043945312,92.94268798828124,43.37663269042969
2015-08-25,23.247257232666016,109.16000366210938,44.74896240234375,35.04265213012695,0.4922099411487579,156.1337432861328,91.44952392578124,43.370304107666016
2015-08-26,24.58060836791992,107.66999816894533,46.989784240722656,36.98225784301758,0.5293437838554382,162.12828063964844,89.68423461914062,45.76261138916016
2015-08-27,25.30442237854004,107.7300033569336,48.162479400634766,38.01268005371094,0.5492459535598755,166.13856506347656,89.73577117919922,47.24593734741211
2015-08-28,25.38733673095703,108.6999969482422,47.90105056762695,38.03864288330078,0.5516730546951294,166.14686584472656,90.00054931640625,47.384796142578125
2015-08-31,25.26856803894043,108.81999969482422,47.878639221191406,37.68361282348633,0.545605480670929,164.8045654296875,89.30917358398438,47.49211883544922
2015-09-01,24.139144897460938,109.1999969482422,45.89925765991211,36.21160888671875,0.5232762694358826,159.8855743408203,89.95262145996094,45.49748611450195
2015-09-02,25.17444610595703,108.62000274658205,46.73582077026367,37.54508972167969,0.5390523076057434,162.92037963867188,89.17864227294922,46.2233772277832
2015-09-03,24.732986450195312,107.83999633789062,46.8179817199707,37.66631317138672,0.540508508682251,163.03707885742188,89.61356353759766,46.57686233520508
2015-09-04,24.486486434936523,107.48999786376952,45.93660736083984,36.89565658569336,0.5278878211975098,160.5691375732422,90.4317855834961,45.73733901977539
2015-09-08,25.167728424072266,107.5199966430664,47.17652130126953,38.004005432128906,0.5504593849182129,164.60447692871094,89.09754943847656,46.3938102722168
2015-09-09,24.683687210083008,106.12999725341795,46.44451522827149,37.29397964477539,0.539537787437439,162.40347290039062,89.52510833740234,45.44699478149414
2015-09-10,25.225990295410156,106.37999725341795,46.80306243896485,37.484466552734375,0.5480324029922485,163.2871856689453,88.92063903808594,45.77522277832031
2015-09-11,25.59349822998047,106.16000366210938,46.728363037109375,37.64899063110352,0.5497314929962158,164.0292205810547,89.48088836669922,45.88253402709961
2015-09-14,25.840002059936523,106.22000122070312,46.59392166137695,37.26800537109375,0.5507021546363831,163.42062377929688,89.62092590332031,45.75628662109375
2015-09-15,26.057369232177734,105.9000015258789,47.49022674560547,38.08193588256836,0.5567697286605835,165.46322631835938,87.90345764160156,45.989845275878906
2015-09-16,26.08650016784668,107.30999755859376,47.90850830078125,38.35901641845703,0.560653030872345,166.89724731445312,87.57172393798828,46.89876937866211
2015-09-17,25.52850914001465,108.41000366210938,46.79557418823242,38.31571960449219,0.5657500624656677,166.52210998535156,88.6405029296875,46.999755859375
2015-09-18,25.423185348510746,109.20999908447266,45.5183219909668,37.64899063110352,0.5652646422386169,163.80084228515625,90.00426483154297,45.87620544433594
2015-09-21,25.817590713500977,108.52999877929688,45.89925765991211,38.19450759887695,0.5710895657539368,164.6472625732422,88.53730773925781,46.32437515258789
2015-09-22,25.411989212036133,107.79000091552734,45.49591445922851,38.01268005371094,0.5555564761161804,162.5102081298828,89.76835632324219,45.91408920288086
2015-09-23,25.61815071105957,108.22000122070312,45.294246673583984,37.98668670654297,0.5582262873649597,162.25045776367188,89.760986328125,45.6363639831543
2015-09-24,25.770530700683594,110.48999786376952,44.980525970458984,38.02132415771485,0.568905234336853,161.66378784179688,90.3728256225586,45.90778350830078
2015-09-25,25.705551147460938,109.80999755859376,45.91419982910156,38.04729843139648,0.5730313062667847,161.62185668945312,89.5914306640625,46.2233772277832
2015-09-28,25.196861267089844,108.41999816894533,44.801265716552734,37.484466552734375,0.5655072927474976,157.565673828125,91.12469482421876,45.825714111328125
2015-09-29,24.439430236816406,107.9800033569336,44.69668960571289,37.61434555053711,0.5754584074020386,157.65782165527344,91.3826904296875,46.05926513671875
2015-09-30,24.717302322387695,106.86000061035156,45.54072189331055,38.32438659667969,0.5982730984687805,160.59942626953125,91.06573486328124,46.930328369140625
2015-10-01,24.55596160888672,106.7300033569336,45.87685012817383,38.627445220947266,0.5866227149963379,161.01849365234375,91.45429229736328,46.747283935546875
2015-10-02,24.7352294921875,108.98999786376952,45.74894714355469,39.45869445800781,0.6019133925437927,163.42372131347656,92.00828552246094,47.89608001708984
2015-10-05,24.82486343383789,108.7699966430664,46.65928268432617,40.37654876708984,0.6169611811637878,166.33184814453125,90.75991821289062,48.48310470581055
2015-10-06,24.94363021850586,109.86000061035156,46.68183135986328,40.4804573059082,0.6249704360961914,165.76197814941406,91.15142059326172,49.1648063659668
2015-10-07,24.82486343383789,109.6999969482422,46.74202728271485,40.52374649047851,0.631523847579956,167.11962890625,90.8485107421875,49.99169921875
2015-10-08,24.53803253173828,109.13999938964844,46.74202728271485,41.08658599853515,0.6351641416549683,168.62815856933594,90.08776092529295,50.515594482421875
2015-10-09,25.125154495239254,110.87000274658205,46.591552734375,40.79218292236328,0.6327371597290039,168.72874450683594,90.32410430908205,50.029563903808594
2015-10-12,25.00861930847168,111.30999755859376,46.43356704711914,40.69692611694336,0.6395328640937805,168.8879852294922,91.0110855102539,50.05481719970703
2015-10-13,25.051189422607425,111.86000061035156,46.30567169189453,40.601680755615234,0.6407466530799866,167.8236083984375,91.16618347167967,49.96643829345703
2015-10-14,24.69713973999023,113.80999755859376,45.13203048706055,40.41986083984375,0.6640464067459106,167.0190887451172,91.96397399902344,50.59766387939453
2015-10-15,25.0668888092041,113.29000091552734,46.56147766113281,40.70558547973633,0.6657453179359436,169.5836181640625,91.51337432861328,51.43082427978515
2015-10-16,24.88313102722168,112.48999786376952,46.96772766113281,41.13853454589844,0.6761816740036011,170.3545684814453,91.54293823242188,52.06204605102539
2015-10-19,25.03775405883789,112.0199966430664,46.80973052978515,41.233787536621094,0.6749683022499084,170.4383087158203,91.2917709350586,51.12156295776367
2015-10-20,25.494897842407227,112.7300033569336,47.03541564941406,41.36366653442383,0.6739975214004517,170.2205047607422,90.73036193847656,51.02056121826172
2015-10-21,25.492660522460938,111.7300033569336,46.68935775756836,40.8701171875,0.6652600169181824,169.16453552246094,91.63152313232422,50.62921905517578
2015-10-22,25.882577896118164,111.69000244140624,47.53947830200195,41.58879089355469,0.6892877817153931,172.02235412597656,91.78668212890624,52.32085037231445
2015-10-23,26.684823989868164,111.5,48.05107498168945,45.77972412109375,0.693899393081665,173.907958984375,91.0036849975586,52.377655029296875
2015-10-26,25.833280563354492,111.43000030517578,48.07364654541016,46.974639892578125,0.6907441020011902,173.48057556152344,91.6093978881836,51.26673889160156
2015-10-27,25.669692993164062,111.68000030517578,47.87803268432617,46.489749908447266,0.6902589797973633,173.1453857421875,91.83838653564452,51.18467330932617
2015-10-28,26.72740364074707,110.77999877929688,49.27735900878906,46.7408561706543,0.6958408951759338,175.11474609375,91.46903228759766,51.93580627441406
2015-10-29,27.009756088256836,109.72000122070312,49.05918502807617,46.204002380371094,0.6718130111694336,175.0142822265625,90.01384735107422,51.90426254272461
2015-10-30,26.778942108154297,109.3000030517578,48.33695602416992,45.580562591552734,0.6885597109794617,174.25997924804688,90.6934585571289,52.226165771484375
2015-11-02,27.155414581298828,108.58999633789062,49.30744934082031,46.10009765625,0.6965692639350891,176.32162475585938,90.27666473388672,53.82944107055664
2015-11-03,27.466899871826172,106.9800033569336,49.48801040649414,46.888065338134766,0.6917151808738708,176.8328857421875,89.5363998413086,54.820430755615234
2015-11-04,27.339176177978516,105.97000122070312,49.54067611694336,47.10454177856445,0.6803075671195984,176.29649353027344,89.6400146484375,54.27129364013672
2015-11-05,27.21314811706543,105.63999938964844,49.98455429077149,47.08720397949219,0.6725413203239441,176.1205596923828,89.40312194824219,53.53276824951172
2015-11-06,27.24464225769043,104.0999984741211,51.504249572753906,47.55480194091797,0.765740692615509,176.0283203125,88.09284210205078,53.31817626953125
2015-11-09,27.134380340576172,104.4000015258789,50.699256896972656,46.89672088623047,0.7623426914215088,174.38571166992188,87.59687805175781,52.17845153808594
2015-11-10,26.2791805267334,104.18000030517578,50.917442321777344,46.33389663696289,0.7477803826332092,174.78793334960938,87.85594940185547,52.43314743041992
2015-11-11,26.130653381347656,103.83000183105467,50.66917037963867,46.455116271972656,0.7404991388320923,174.10073852539062,87.6708755493164,51.96834945678711
2015-11-12,26.042882919311523,103.8499984741211,49.653526306152344,46.16936874389648,0.7378293871879578,171.6703338623047,88.09284210205078,50.56121826171875
2015-11-13,25.282201766967773,103.55999755859376,49.322513580322266,45.75374603271485,0.7232670783996582,169.74278259277344,88.59624481201172,49.72712326049805
2015-11-16,25.696298599243164,103.70999908447266,50.03721618652344,46.55902862548828,0.7378293871879578,172.32400512695312,88.51475524902344,51.50991439819336
2015-11-17,25.58602523803711,102.33999633789062,49.75132369995117,46.17545318603515,0.7378293871879578,172.1983184814453,88.66288757324219,50.91139221191406
2015-11-18,26.396211624145508,102.43000030517578,50.744388580322266,46.94257736206055,0.7559795379638672,174.93045043945312,88.84790802001953,51.40803527832031
2015-11-19,26.731536865234375,103.55999755859376,50.902381896972656,47.021034240722656,0.7581723928451538,174.77960205078125,89.44012451171875,51.12788772583008
2015-11-20,26.84856605529785,103.08999633789062,50.81210708618164,47.23896789550781,0.7647503018379211,175.41647338867188,89.16622924804688,50.80315017700195
2015-11-23,26.499736785888672,102.26000213623048,50.315574645996094,47.23896789550781,0.7532997131347656,175.21539306640625,89.44012451171875,51.115142822265625
2015-11-24,26.75404167175293,102.94000244140624,50.24033737182617,47.291263580322266,0.7593904733657837,175.45008850097656,89.43273162841797,52.13388442993164
2015-11-25,26.562747955322266,102.45999908447266,50.300514221191406,46.8031120300293,0.7584159970283508,175.42494201660156,89.6400146484375,51.73274993896485
2015-11-27,26.513233184814453,101.25,50.53376007080078,47.01231002807617,0.7647503018379211,175.62603759765625,89.55115509033203,51.720008850097656
2015-11-30,26.623510360717773,101.91999816894533,50.16511154174805,47.37844467163086,0.7727900743484497,174.89688110351562,89.90652465820312,51.993797302246094
2015-12-01,26.40745735168457,102.27999877929688,50.86476516723633,48.13684844970703,0.7978840470314026,176.564697265625,91.12093353271484,52.14023971557617
2015-12-02,26.168907165527344,100.69000244140624,50.150054931640625,48.128143310546875,0.7917928695678711,174.76284790039062,91.15059661865234,50.65035629272461
2015-12-03,25.925851821899418,101.76000213623048,49.50307083129883,47.2476921081543,0.7900876998901367,172.31564331054688,88.67284393310547,49.92448806762695
2015-12-04,26.787803649902344,104.0199966430664,51.07542037963867,48.73833465576172,0.8222466707229614,175.6763153076172,89.4517822265625,50.21101379394531
2015-12-07,26.61900520324707,102.66999816894533,50.405853271484375,48.65116500854492,0.8066544532775879,174.61195373535156,90.3197250366211,48.89938735961914
2015-12-08,26.607759475708008,102.83999633789062,49.623443603515625,48.63372802734375,0.8176177144050598,173.43865966796875,90.36426544189452,47.517730712890625
2015-12-09,26.02037811279297,102.63999938964844,49.24726486206055,47.92763137817383,0.7969090938568115,172.08938598632812,90.26781463623048,48.15443801879883
2015-12-10,26.144145965576172,102.5500030517578,49.3601188659668,48.180442810058594,0.8034875988960266,172.53355407714844,90.38650512695312,48.192623138427734
2015-12-11,25.471248626708984,103.11000061035156,48.2015380859375,47.12564849853515,0.791549563407898,169.18963623046875,91.81085205078124,47.33308029174805
2015-12-14,25.31371307373047,101.79000091552734,48.35200119018555,48.067108154296875,0.7934985756874084,170.0445098876953,90.62389373779295,48.40912628173828
2015-12-15,24.86586570739746,101.5199966430664,49.728755950927734,48.11940383911133,0.8032436370849609,171.82955932617188,90.0897216796875,50.573944091796875
2015-12-16,25.057157516479492,102.75,50.804588317871094,48.93013381958008,0.80811607837677,174.34381103515625,89.89690399169922,50.39566421508789
2015-12-17,24.52604103088379,100.5,49.86417007446289,48.555274963378906,0.7959348559379578,171.68711853027344,90.91322326660156,49.63797378540039
2015-12-18,23.862138748168945,102.04000091552734,48.44980239868164,47.18666458129883,0.7830224633216858,168.62850952148438,91.41764068603516,49.20502471923828
2015-12-21,24.15469741821289,103.1500015258789,49.30744934082031,47.79689025878906,0.8015381693840027,170.01950073242188,91.39540100097656,49.1922721862793
2015-12-22,24.132200241088867,102.61000061035156,49.41277694702149,48.25017547607422,0.8022691011428833,171.56234741210938,90.73517608642578,49.44058609008789
2015-12-23,24.44277000427246,102.30999755859376,50.20273208618164,48.659881591796875,0.8054362535476685,173.6868133544922,90.05269622802734,51.05783462524414
2015-12-24,24.312236785888672,103.0500030517578,50.104923248291016,48.52912902832031,0.80811607837677,173.4001922607422,90.56858825683594,50.51026153564453
2015-12-28,24.039928436279297,102.2699966430664,49.93939208984375,48.77321243286133,0.8073853254318237,173.0039520263672,90.836181640625,50.134613037109375
2015-12-29,24.472026824951172,102.1999969482422,50.45851516723633,49.29624557495117,0.820541262626648,174.85028076171875,89.32710266113281,50.40203475952149
2015-12-30,24.15245056152344,101.41999816894533,50.097408294677734,49.0870361328125,0.8134759068489075,173.61093139648438,89.23786926269531,49.733489990234375
2015-12-31,23.688852310180664,101.45999908447266,49.67609405517578,48.36350631713867,0.8030000925064087,171.874267578125,89.6393051147461,49.631587982177734
2016-01-04,23.7091064453125,102.88999938964844,48.184078216552734,47.77072525024414,0.7886257767677307,169.4715576171875,90.2860870361328,49.319602966308594
2016-01-05,23.114965438842773,103.18000030517578,48.26738357543945,47.9886589050293,0.8012946844100952,169.7581787109375,89.92182159423828,49.73985290527344
2016-01-06,22.662616729736328,104.66999816894533,47.57060623168945,47.1169319152832,0.7681611180305481,167.61683654785156,91.13355255126952,49.32598114013672
2016-01-07,21.70615005493164,106.1500015258789,45.64686584472656,45.478065490722656,0.7377074956893921,163.59542846679688,91.29712677001952,48.536468505859375
2016-01-08,21.82092666625977,105.68000030517578,44.62440490722656,45.617549896240234,0.7218716144561768,161.7997283935547,91.70600128173828,47.555931091308594
2016-01-11,22.17426300048828,104.73999786376952,44.5562629699707,45.591400146484375,0.7230899333953857,161.95986938476562,90.70237731933594,46.91920471191406
2016-01-12,22.49608039855957,104.20999908447266,44.65470504760742,46.00982666015625,0.7352712750434875,163.2666015625,92.01078033447266,47.88066101074219
2016-01-13,21.91769790649414,104.72000122070312,43.42776107788086,45.01605224609375,0.7128574252128601,159.1947021484375,92.91773986816406,48.16718292236328
2016-01-14,22.397052764892575,103.0199966430664,44.079105377197266,46.29751205444336,0.6984831690788269,161.80816650390625,92.04795837402344,50.376556396484375
2016-01-15,21.85918235778809,104.08000183105467,43.2005615234375,44.44944381713867,0.6604773998260498,158.3347930908203,93.48270416259766,49.396026611328125
2016-01-19,21.7534122467041,103.9800033569336,43.177833557128906,44.0745849609375,0.6658369302749634,158.54547119140625,93.19277954101562,48.64471054077149
2016-01-20,21.782670974731445,105.37000274658205,42.04176712036133,44.27509307861328,0.6694915890693665,156.51377868652344,94.17408752441406,46.59450149536133
2016-01-21,21.672391891479492,105.48999786376952,41.844852447509766,44.00485610961914,0.6772876381874084,157.39048767089844,93.53475952148438,47.18025588989258
2016-01-22,22.82465362548828,105.0,43.13238906860352,45.58269119262695,0.693123459815979,160.6194305419922,93.17790985107422,48.7529411315918
2016-01-25,22.379051208496097,106.08000183105467,42.15536880493164,45.14681625366211,0.6923925280570984,158.19139099121094,93.68341827392578,47.10385513305664
2016-01-26,22.502830505371097,107.29000091552734,43.23084259033203,45.478065490722656,0.6992142200469971,160.34963989257812,93.72801208496094,48.83570861816406
2016-01-27,21.024246215820312,107.69000244140624,43.2005615234375,44.64994430541992,0.6909310817718506,158.60447692871094,93.70574188232422,47.93796157836914
2016-01-28,21.17503547668457,106.54000091552734,43.38231658935547,45.382179260253906,0.6833784580230713,159.43072509765625,93.83956146240234,49.020355224609375
2016-01-29,21.906444549560547,106.9499969482422,45.063690185546875,48.02352523803711,0.7135880589485168,163.3172149658203,94.635009765625,49.56792449951172
2016-02-01,21.701648712158203,108.0500030517578,44.5789680480957,47.692264556884766,0.7138318419456482,163.25820922851562,94.34524536132812,48.57465362548828
2016-02-02,21.26280212402344,108.08999633789062,43.19298553466797,46.20160675048828,0.6836219429969788,160.31594848632812,96.09562683105467,47.492244720458984
2016-02-03,21.68364715576172,109.25,43.48079299926758,45.4693603515625,0.6870325803756714,161.27703857421875,95.2986297607422,49.96905899047851
2016-02-04,21.857872009277344,110.56999969482422,44.2305908203125,45.32988357543945,0.6872764825820923,161.5299072265625,95.7603988647461,50.82861328125
2016-02-05,21.274099349975582,112.31999969482422,43.73829650878906,43.72590637207031,0.6439105272293091,158.45278930664062,95.8720703125,50.98780059814453
2016-02-08,21.49810218811035,113.83000183105467,42.82186126708984,43.07210540771485,0.6144315600395203,156.3198699951172,97.93524169921876,51.67543411254883
2016-02-09,21.49357795715332,113.58000183105467,42.56435775756836,42.95878601074219,0.6210095286369324,156.32827758789062,98.03951263427734,51.45056915283203
2016-02-10,21.330657958984375,114.45999908447266,42.04934310913086,43.3336181640625,0.6195476651191711,156.1934051513672,98.9035186767578,50.981563568115234
2016-02-11,21.201683044433594,119.05999755859376,40.19377899169922,43.316184997558594,0.6163802146911621,154.16162109375,99.59613800048828,51.14217758178711
2016-02-12,21.267309188842773,118.36000061035156,43.5413818359375,44.02229309082031,0.6268565058708191,157.33995056152344,97.94271087646484,52.06095123291016
2016-02-16,21.866928100585938,114.7699966430664,44.19271087646485,44.85638427734375,0.6575537323951721,159.99560546875,96.9074249267578,52.18301010131836
2016-02-17,22.201807022094727,115.4800033569336,44.51081466674805,46.02410507202149,0.6738768219947815,162.60906982421875,96.31153869628906,52.68414306640625
2016-02-18,21.780942916870117,118.29000091552734,43.783729553222656,45.822147369384766,0.7318603992462158,161.94305419921875,97.49583435058594,52.973262786865234
2016-02-19,21.731163024902344,117.58000183105467,43.791297912597656,45.497314453125,0.7416055798530579,161.8671875,97.57774353027344,53.005401611328125
2016-02-22,21.92123794555664,115.48999786376952,44.35932540893555,46.22603988647461,0.7679175138473511,164.21087646484375,97.52559661865234,52.93472671508789
2016-02-23,21.425701141357425,117.22000122070312,42.50376892089844,44.93538284301758,0.7698664665222168,162.136962890625,97.9203643798828,52.18943405151367
2016-02-24,21.744739532470703,117.61000061035156,42.5189208984375,45.09342575073242,0.7752260565757751,162.87875366210938,97.72672271728516,52.375762939453125
2016-02-25,21.89407730102539,117.91999816894533,43.177833557128906,45.74313735961914,0.776931643486023,164.8515625,98.0767593383789,52.69059753417969
2016-02-26,21.92802047729492,117.11000061035156,43.57923126220703,45.04075622558594,0.7718155384063721,164.4722137451172,97.13084411621094,52.52354049682617
2016-02-29,21.87824249267578,118.63999938964844,42.64009475708008,44.672000885009766,0.7668029069900513,163.18234252929688,97.55540466308594,51.49555206298828
2016-03-01,22.74712371826172,117.7699966430664,44.83649063110352,46.164581298828125,0.8007908463478088,167.0182647705078,95.83757019042967,52.22157669067383
2016-03-02,22.79690742492676,118.68000030517578,45.26061248779297,46.489444732666016,0.8054364919662476,167.76856994628906,96.23307800292967,53.133880615234375
2016-03-03,22.966609954833984,120.7300033569336,45.412086486816406,45.962642669677734,0.7983454465866089,168.42616271972656,96.58380889892578,52.941162109375
2016-03-04,23.308277130126953,120.54000091552734,45.48025131225586,45.681678771972656,0.7959002256393433,168.97412109375,95.9644546508789,52.87046813964844
2016-03-07,23.050331115722656,121.13999938964844,45.396934509277344,44.8036994934082,0.7907652258872986,169.10902404785156,95.93455505371094,54.264686584472656
2016-03-08,22.860261917114254,120.58000183105467,44.51838684082031,45.348052978515625,0.7763389348983765,167.26272583007812,96.9942398071289,53.08892059326172
2016-03-09,22.880630493164062,119.58000183105467,44.77589797973633,46.392845153808594,0.7758501768112183,168.08895874023438,96.4047393798828,52.941162109375
2016-03-10,22.891935348510746,121.5,44.38962936401367,45.69924545288086,0.7746274471282959,168.22381591796875,96.00921630859376,52.79979705810547
2016-03-11,23.13857078552246,119.41000366210938,44.9425163269043,46.59480285644531,0.7878313660621643,170.9384307861328,95.03912353515624,52.80622100830078
2016-03-14,23.19740104675293,117.87000274658205,44.77589797973633,46.682579040527344,0.7897875308990479,170.7192840576172,95.33761596679688,52.94757461547851
2016-03-15,23.663530349731445,117.95999908447266,44.83649063110352,47.05133438110352,0.7858753204345703,170.44107055664062,95.42716217041016,53.210994720458984
2016-03-16,23.978050231933594,120.58999633789062,44.62440490722656,47.718605041503906,0.809348464012146,171.42739868164062,95.710693359375,53.24311828613281
2016-03-17,23.9395809173584,120.12999725341795,44.49565887451172,47.99079895019531,0.8025023937225342,172.51498413085938,96.106201171875,54.033390045166016
2016-03-18,23.966724395751953,119.8000030517578,45.8059196472168,46.96355819702149,0.8267092704772949,173.19287109375,96.30770874023438,54.09764862060547
2016-03-21,23.964466094970703,118.95999908447266,45.790775299072266,47.28839874267578,0.8291545510292053,173.43865966796875,95.56898498535156,53.72499084472656
2016-03-22,24.147743225097656,119.30999755859376,45.62415313720703,47.472782135009766,0.8276875615119934,173.3454132080078,95.54655456542967,54.04624938964844
2016-03-23,24.014240264892575,116.61000061035156,45.396934509277344,47.384971618652344,0.8418692946434021,172.20143127441406,96.62858581542967,53.80853271484375
2016-03-24,23.9101619720459,116.33000183105467,45.048545837402344,47.595699310302734,0.843092143535614,172.12515258789062,96.66586303710938,53.95629119873047
2016-03-28,23.80154800415039,116.5999984741211,44.98795318603515,47.0074462890625,0.8516502380371094,172.22683715820312,96.79276275634766,54.110477447509766
2016-03-29,24.36496925354004,118.76000213623048,44.70772171020508,48.034690856933594,0.8653431534767151,173.8199920654297,97.80760192871094,54.30965805053711
2016-03-30,24.790361404418945,117.0999984741211,45.22273635864258,48.333213806152344,0.8743900060653687,174.58267211914062,96.7778091430664,54.3032112121582
2016-03-31,24.66139030456543,117.63999938964844,44.85161590576172,48.49125289916992,0.8712115287780762,174.15899658203125,97.4643325805664,53.7056999206543
2016-04-01,24.887649536132812,116.93000030517578,45.343936920166016,48.789764404296875,0.883926272392273,175.34535217285156,97.7186050415039,53.30095672607422
2016-04-04,25.14334297180176,116.1500015258789,45.16843795776367,48.66685485839844,0.8753681182861328,174.77755737304688,97.77842712402344,53.42946243286133
2016-04-05,24.8469295501709,117.66000366210938,44.52753829956055,47.90300750732422,0.8741456866264343,173.03192138671875,98.84767150878906,52.81907653808594
2016-04-06,25.107141494750977,116.94000244140624,44.8708610534668,48.39467239379883,0.8753681182861328,174.92160034179688,98.12985229492188,53.52581024169922
2016-04-07,24.559558868408203,118.61000061035156,43.73402786254883,47.815185546875,0.8663209080696106,172.82855224609375,99.3413314819336,52.921878814697266
2016-04-08,24.586708068847656,118.43000030517578,44.054481506347656,47.78007888793945,0.8719449639320374,173.29458618164062,98.71309661865234,53.4615592956543
2016-04-11,24.66817092895508,120.02999877929688,44.40545272827149,47.68349838256836,0.8773243427276611,172.88787841796875,98.58602142333984,53.53224182128906
2016-04-12,24.989479064941406,120.0500030517578,45.229461669921875,47.98202133178711,0.876346230506897,174.49789428710938,97.9054946899414,54.19400787353515
2016-04-13,25.35151481628418,118.7699966430664,47.144554138183594,48.59659194946289,0.8983527421951294,176.260498046875,98.24951171875,54.50240707397461
2016-04-14,25.365087509155273,117.11000061035156,47.75493240356445,48.60539627075195,0.9007978439331056,176.26901245117188,97.77842712402344,54.88788986206055
2016-04-15,24.855979919433594,117.91999816894533,47.205604553222656,48.860015869140625,0.9078887104988098,176.07406616210938,98.61593627929688,54.59233856201172
2016-04-18,24.319713592529297,117.73999786376952,47.51078796386719,49.571170806884766,0.9039767384529114,177.3113250732422,98.18966674804688,55.112754821777344
2016-04-19,24.19074058532715,119.58000183105467,48.311912536621094,49.50971984863281,0.8878384232521057,177.8705596923828,97.88311004638672,55.3890380859375
2016-04-20,24.24051856994629,118.97000122070312,49.01384735107422,48.80731964111328,0.8912617564201355,178.04006958007812,96.80633544921876,55.768096923828125
2016-04-21,23.978050231933594,119.41999816894533,48.52553939819336,48.974143981933594,0.8902838230133057,177.08253479003906,96.23054504394533,55.761695861816406
2016-04-22,23.912425994873047,117.88999938964844,48.80785369873047,45.462196350097656,0.8868604898452759,177.08253479003906,95.98377227783205,56.23711395263672
2016-04-25,23.77666282653809,118.2300033569336,48.52553939819336,45.75192642211914,0.8912617564201355,176.77743530273438,95.58747863769533,56.10862350463867
2016-04-26,23.611482620239254,118.6999969482422,48.7773323059082,45.16366958618164,0.8919953107833862,177.04017639160156,95.1536865234375,56.30137634277344
2016-04-27,22.13392448425293,119.04000091552734,48.91466522216797,44.72467041015625,0.9122902154922484,177.40455627441406,96.10342407226562,56.83465194702149
2016-04-28,21.45737648010254,121.29000091552734,48.52553939819336,43.811580657958984,0.8851486444473267,175.79444885253906,96.49974060058594,56.55836486816406
2016-04-29,21.21073532104492,123.6500015258789,48.220367431640625,43.78521728515625,0.8687663078308105,174.84539794921875,96.74646759033205,56.79608154296875
2016-05-02,21.1881160736084,123.23999786376952,48.67050552368164,44.4349365234375,0.8802584409713745,176.23509216308594,95.77243041992188,57.26509475708008
2016-05-03,21.536577224731445,122.95999908447266,47.732051849365234,43.70621490478515,0.8697443604469299,174.70135498046875,96.97872924804688,56.609764099121094
2016-05-04,21.312559127807617,122.20999908447266,46.9766960144043,43.78521728515625,0.8499383926391602,173.72671508789062,97.51077270507812,56.500545501708984
2016-05-05,21.226049423217773,122.06999969482422,46.72492980957031,43.846683502197266,0.8550733327865601,173.69288635253906,98.16261291503906,56.56479263305664
2016-05-06,21.10767364501953,123.18000030517578,46.99958038330078,44.24178695678711,0.8638755083084106,174.32838439941406,97.74308013916016,56.86674499511719
2016-05-09,21.123607635498047,120.6500015258789,46.70201873779297,43.9608268737793,0.8626532554626465,174.47254943847656,98.05023193359376,56.90532684326172
2016-05-10,21.26702880859375,120.9800033569336,47.335296630859375,44.794918060302734,0.8792803287506104,176.641845703125,98.05768585205078,57.817649841308594
2016-05-11,21.059864044189453,122.12000274658205,47.15980911254883,44.82126235961914,0.8817253708839417,174.98944091796875,98.61221313476562,57.5390510559082
2016-05-12,20.56587028503418,121.16000366210938,47.12928771972656,45.225135803222656,0.8697443604469299,175.0402374267578,98.16261291503906,58.09624481201172
2016-05-13,20.60683822631836,121.70999908447266,46.69440460205078,44.847599029541016,1.00202739238739,173.5149383544922,99.11417388916016,57.44187545776367
2016-05-16,21.37174415588379,121.8000030517578,47.04536819458008,45.5060920715332,1.0316139459609983,175.22665405273438,98.26001739501952,58.03144073486328
2016-05-17,21.28296661376953,122.22000122070312,47.04536819458008,44.65732192993164,1.033814549446106,173.5911865234375,98.42485809326172,58.00553131103515
2016-05-18,21.526548385620117,120.0999984741211,48.86125946044922,44.92255401611328,1.060222864151001,173.64207458496094,97.02375793457033,57.88893127441406
2016-05-19,21.444595336914062,119.87000274658205,48.36531829833984,44.48934173583984,1.0648683309555054,173.04039001464844,97.44332885742188,58.38132095336914
2016-05-20,21.676801681518555,119.70999908447266,48.456878662109375,44.75458908081055,1.0839407444000244,174.13351440429688,97.51827239990234,58.14156723022461
2016-05-23,21.95225715637207,119.37000274658205,48.41873550415039,44.232940673828125,1.0856518745422363,173.89622497558594,97.73556518554688,58.050880432128906
2016-05-24,22.28689765930176,117.3000030517578,49.24275207519531,45.612186431884766,1.1120058298110962,176.15037536621094,97.30095672607422,58.09624481201172
2016-05-25,22.67845916748047,116.9800033569336,49.990474700927734,46.08076477050781,1.107348084449768,177.34521484375,96.93380737304688,58.47848129272461
2016-05-26,22.858299255371097,116.58000183105467,49.61660385131836,45.87742614746094,1.1191152334213257,177.39605712890625,97.435791015625,58.180477142333984
2016-05-27,22.844646453857425,115.62000274658205,49.92180252075195,46.257598876953125,1.1252436637878418,178.15872192382812,97.2934799194336,58.316532135009766
2016-05-31,22.73309326171875,116.05999755859376,49.79972076416016,46.85879135131836,1.1453460454940796,177.8197784423828,97.52574920654295,57.67512512207031
2016-06-01,22.414379119873047,115.94000244140624,50.12017822265625,46.72617721557617,1.1475528478622437,178.1841583251953,97.92141723632812,57.817649841308594
2016-06-02,22.245922088623047,115.66999816894533,50.21173858642578,46.39906692504883,1.1556426286697388,178.72645568847656,98.627197265625,57.35765075683594
2016-06-03,22.29144859313965,118.87999725341795,49.31904220581055,45.78900909423828,1.13946270942688,178.19264221191406,100.03121948242188,57.25399398803711
2016-06-06,22.453081130981445,118.91999816894533,49.80735778808594,46.08961868286133,1.1335792541503906,179.09939575195312,99.28789520263672,57.882423400878906
2016-06-07,22.544143676757812,118.81999969482422,49.63949966430664,46.063079833984375,1.1357858180999756,179.37899780273438,99.52814483642578,58.77003860473633
2016-06-08,22.52365493774414,120.58000183105467,49.78446578979492,46.01005554199219,1.1321079730987549,179.9636993408203,100.0612564086914,58.82186508178711
2016-06-09,22.68528175354004,121.25,49.40296936035156,45.63871765136719,1.161526441574097,179.71798706054688,100.70690155029295,58.74412155151367
2016-06-10,22.498615264892575,121.73999786376952,48.70866012573242,45.514930725097656,1.132598876953125,178.0146942138672,101.19499206542967,58.29707717895508
2016-06-13,22.15941047668457,122.63999938964844,48.27376556396485,44.330196380615234,1.1470623016357422,176.641845703125,101.64543151855467,58.69230651855469
2016-06-14,22.18673324584961,122.7699966430664,47.36581039428711,44.05612564086914,1.1492687463760376,176.29443359375,101.5704116821289,58.588645935058594
2016-06-15,22.11388778686523,123.68000030517578,47.28188705444336,43.93234634399414,1.1610363721847534,176.04864501953125,101.96077728271484,58.413719177246094
2016-06-16,22.20722389221191,122.37999725341795,47.472633361816406,44.55122375488281,1.1656941175460815,176.57408142089844,102.45636749267578,59.1004753112793
2016-06-17,21.701845169067383,123.9499969482422,47.51841735839844,44.32136535644531,1.1453460454940796,175.9164581298828,101.81816864013672,58.77652359008789
2016-06-20,21.649478912353516,123.20999908447266,47.58708190917969,44.268310546875,1.1659389734268188,177.04940795898438,100.7294464111328,59.035667419433594
2016-06-21,21.83387565612793,120.83999633789062,48.02960205078125,45.258541107177734,1.1588295698165894,177.5519256591797,100.26394653320312,59.30132293701172
2016-06-22,21.75191879272461,120.9000015258789,47.846492767333984,45.08171081542969,1.1578490734100342,177.26231384277344,100.42914581298828,59.06808090209961
2016-06-23,21.87712860107422,120.11000061035156,48.868900299072266,45.89510345458984,1.1887383460998535,179.57077026367188,99.28040313720705,59.47623825073242
2016-06-24,21.262479782104492,126.0,45.473628997802734,44.05612564086914,1.1210763454437256,173.12254333496094,101.9457778930664,57.914852142333984
2016-06-27,20.9528751373291,126.68000030517578,43.95529556274414,42.818336486816406,1.1090642213821411,170.0219268798828,104.49098205566406,57.571441650390625
2016-06-28,21.305727005004883,125.31999969482422,45.4125862121582,43.7113037109375,1.1252436637878418,173.08847045898438,104.70880889892578,58.89963912963867
2016-06-29,21.49012756347656,125.83999633789062,46.69440460205078,44.68385696411133,1.1436305046081543,176.03570556640625,103.9054718017578,59.903846740722656
2016-06-30,21.7633113861084,126.47000122070312,47.411598205566406,45.24085235595703,1.1524556875228882,178.43789672851562,104.28829956054688,60.733150482177734
2016-07-01,21.829328536987305,128.41000366210938,47.10403060913086,45.23201370239258,1.143875241279602,178.81263732910156,105.736328125,60.79793548583984
2016-07-05,21.624439239501953,129.47000122070312,45.78916931152344,45.24085235595703,1.160791039466858,177.52635192871094,107.06016540527344,60.26666259765625
2016-07-06,21.747371673583984,130.22999572753906,46.281280517578125,45.4265251159668,1.1681456565856934,178.59117126464844,107.2331771850586,60.95990753173828
2016-07-07,21.84070587158203,129.74000549316406,46.5811653137207,45.4265251159668,1.1985437870025637,178.4803924560547,107.2256317138672,60.22779846191406
2016-07-08,22.009166717529297,130.52000427246094,47.54230880737305,46.23991394042969,1.2465938329696655,181.13807678222656,108.01549530029295,60.60356140136719
2016-07-11,22.077465057373047,129.2899932861328,47.88063049316406,46.496307373046875,1.2752766609191897,181.7769470214844,107.0676498413086,60.83032989501953
2016-07-12,22.177629470825195,127.1500015258789,48.59572982788086,47.044471740722656,1.2943986654281616,183.0972442626953,105.30762481689452,61.51710510253906
2016-07-13,22.052419662475582,128.32000732421875,48.56497573852539,47.30970764160156,1.293907880783081,183.07167053222656,106.54865264892578,61.47175598144531
2016-07-14,22.489505767822266,127.33000183105467,49.30314636230469,47.513057708740234,1.3071463108062744,184.09390258789065,104.99919128417967,61.51710510253906
2016-07-15,22.487228393554688,126.83999633789062,49.349273681640625,47.47769927978515,1.291946530342102,183.8468475341797,104.09654998779295,61.62724685668945
2016-07-18,22.726261138916016,127.04000091552734,49.18009948730469,47.70756912231445,1.2985659837722778,184.34088134765625,103.99868774414062,61.43288040161133
2016-07-19,22.735370635986328,127.20999908447266,49.10322952270508,46.938377380371094,1.3120495080947876,184.15350341796875,104.58547973632812,61.20613098144531
2016-07-20,22.755857467651367,125.38999938964844,49.15704345703125,49.43161392211914,1.3292096853256226,184.92013549804688,104.01383209228516,60.85625076293945
2016-07-21,22.63520240783691,127.3000030517578,48.972503662109375,49.33436584472656,1.3046945333480835,184.22164916992188,104.22441864013672,60.804405212402344
2016-07-22,22.45991325378418,126.3499984741211,49.24162673950195,50.01514434814453,1.34024178981781,185.04791259765625,104.40494537353516,60.90808868408203
2016-07-25,22.15941047668457,125.47000122070312,49.11091232299805,50.15659713745117,1.3650020360946655,184.5453338623047,104.32967376708984,59.73540115356445
2016-07-26,22.00689125061035,126.0,49.31082534790039,50.18312454223633,1.3882917165756226,184.6305389404297,104.49517822265624,59.30132293701172
2016-07-27,23.436525344848633,128.02999877929688,49.464622497558594,49.67917251586914,1.3743177652359009,184.43460083007812,105.79647827148438,58.89963912963867
2016-07-28,23.75296401977539,127.66000366210938,49.28775787353515,49.69686126708984,1.377259373664856,184.6475524902344,105.60091400146484,58.43962478637695
2016-07-29,23.723371505737305,128.97999572753906,49.18780899047851,50.112403869628906,1.3998130559921265,184.94566345214844,106.48101806640624,57.62974166870117
2016-08-01,24.142248153686523,129.22000122070312,49.057090759277344,50.02400588989258,1.390742540359497,184.7923583984375,105.32653045654295,55.62778854370117
2016-08-02,23.784835815429688,130.27000427246094,48.94173431396485,50.02400588989258,1.373827338218689,183.60833740234375,104.24141693115234,56.39229965209961
2016-08-03,24.08304786682129,129.64999389648438,49.718360900878906,50.368804931640625,1.3775043487548828,184.1449737548828,104.30175018310548,56.68384552001953
2016-08-04,24.23182678222656,129.8699951171875,49.64146041870117,50.74012756347656,1.4030004739761353,184.34088134765625,105.08543395996094,56.67735290527344
2016-08-05,24.600332260131836,127.5500030517578,50.97938537597656,51.24407577514648,1.4267799854278564,185.84864807128903,103.9926986694336,56.72919464111328
2016-08-08,24.804039001464844,127.44000244140624,50.825592041015625,51.332496643066406,1.4400185346603394,185.73782348632812,104.18859100341795,57.39653396606445
2016-08-09,24.904748916625977,127.95999908447266,50.64874267578125,51.456275939941406,1.443695306777954,185.84864807128903,105.21348571777344,57.46779251098633
2016-08-10,24.719348907470703,128.55999755859375,50.1950798034668,51.29712677001953,1.4343796968460083,185.3885955810547,105.62044525146484,56.461544036865234
2016-08-11,24.703330993652344,127.66999816894533,50.333492279052734,51.54468536376953,1.463552713394165,186.2489318847656,104.67845153808594,56.66409683227539
2016-08-12,24.760547637939453,127.4000015258789,50.225852966308594,51.22640228271485,1.5454330444335938,186.08709716796875,105.56011962890624,57.40242767333984
2016-08-15,25.058088302612305,127.83999633789062,50.53341293334961,51.385528564453125,1.5439621210098269,186.6237640380859,104.56539154052734,57.37630081176758
2016-08-16,25.035205841064453,128.47000122070312,50.52571105957031,51.100868225097656,1.5346462726593018,185.66119384765625,104.28660583496094,57.44818878173828
2016-08-17,24.99858665466309,128.5,50.66412353515625,51.20762252807617,1.499099850654602,186.01046752929688,104.91207885742188,57.57233047485352
2016-08-18,24.966543197631836,129.11000061035156,50.71025848388672,51.24319839477539,1.5223888158798218,186.4278259277344,105.0778350830078,58.09506607055664
2016-08-19,25.03063583374023,127.97000122070312,50.64104843139648,51.2609977722168,1.5263110399246216,186.15524291992188,104.52767944335938,57.369773864746094
2016-08-22,24.836084365844727,127.77999877929688,50.59492874145508,51.30547332763672,1.532685160636902,186.146728515625,105.409423828125,57.49391555786133
2016-08-23,24.91390037536621,127.76000213623048,50.57185363769531,51.50120162963867,1.5450881719589231,186.5215301513672,105.5224380493164,57.31749725341797
2016-08-24,24.726215362548828,126.33999633789062,50.71025848388672,51.5545654296875,1.521264672279358,185.56748962402344,105.27377319335938,57.513526916503906
2016-08-25,24.620927810668945,126.2300033569336,50.802520751953125,51.75027847290039,1.5111953020095823,185.43975830078125,104.87433624267578,57.14760971069336
2016-08-26,24.47673988342285,126.0500030517578,50.917877197265625,51.6257438659668,1.523474931716919,185.09046936035156,104.26399993896484,57.02348327636719
2016-08-29,24.44926643371582,126.3000030517578,51.47917938232422,51.688018798828125,1.5224926471710205,186.00192260742188,105.6580581665039,57.395896911621094
2016-08-30,24.26158332824707,125.02999877929688,51.90208435058594,51.50120162963867,1.5136511325836182,185.69525146484375,105.25120544433594,57.18679428100586
2016-08-31,24.284469604492188,124.77999877929688,51.90208435058594,51.11864471435547,1.5065288543701172,185.16712951660156,105.40186309814452,56.93851852416992
2016-09-01,24.428667068481445,125.29000091552734,51.67910385131836,51.23430633544922,1.5509822368621826,185.17564392089844,105.51815795898438,56.74249267578125
2016-09-02,24.657554626464844,126.56999969482422,51.89438247680664,51.30547332763672,1.5357553958892822,186.01046752929688,104.65746307373048,57.1214714050293
2016-09-06,24.650684356689453,128.7100067138672,51.855960845947266,51.25208282470703,1.550246000289917,186.5726623535156,105.42002868652344,57.87289810180664
2016-09-07,24.8017520904541,128.27000427246094,51.640663146972656,51.29658126831055,1.5274049043655396,186.55560302734375,105.34451293945312,57.65727233886719
2016-09-08,24.151723861694336,127.58999633789062,51.70985794067383,51.09196853637695,1.5384571552276611,186.1296844482422,104.02330780029295,58.18654251098633
2016-09-09,23.604686737060547,126.75,51.24850082397461,50.00660705566406,1.4618287086486816,181.6747283935547,102.3096694946289,56.74249267578125
2016-09-12,24.133411407470703,126.58999633789062,51.56374740600586,50.7538948059082,1.4920378923416138,184.28126525878903,102.36244201660156,57.03654098510742
2016-09-13,24.707904815673828,125.75,51.1562385559082,50.291297912597656,1.4704246520996094,181.6321258544922,101.19987487792967,55.67742919921875
2016-09-14,25.58223533630371,126.18000030517578,51.0562744140625,50.05108642578125,1.4834418296813965,181.56394958496097,101.35084533691406,55.27886962890625
2016-09-15,26.45199203491211,125.37000274658205,51.24082946777344,50.878448486328125,1.5396850109100342,183.3783264160156,100.91299438476562,55.59248352050781
2016-09-16,26.303218841552734,125.05999755859376,50.610294342041016,50.93183135986328,1.5433690547943115,182.66949462890625,101.72834014892578,54.90639877319336
2016-09-19,25.99651336669922,125.31999969482422,50.894805908203125,50.64714050292969,1.5637540817260742,182.7037048339844,101.39616394042967,54.77571487426758
2016-09-20,25.994220733642575,125.44000244140624,51.10239791870117,50.540374755859375,1.549508810043335,182.71229553222656,101.75096130371094,53.93280792236328
2016-09-21,25.989646911621097,127.2699966430664,51.39459991455078,51.385536193847656,1.5929808616638184,184.76693725585935,102.57386779785156,54.429405212402344
2016-09-22,26.234560012817383,127.56999969482422,51.817508697509766,51.43891525268555,1.5969102382659912,185.93128967285156,103.38919830322266,54.58624649047851
2016-09-23,25.79738998413086,127.6500015258789,51.70985794067383,51.09196853637695,1.5951910018920898,184.9125061035156,103.2910385131836,54.52742385864258
2016-09-26,25.8362979888916,127.5500030517578,50.57954025268555,50.620460510253906,1.5802093744277954,183.414306640625,103.9478759765625,54.27259826660156
2016-09-27,25.884366989135746,126.62000274658205,51.02552032470703,51.5545654296875,1.634242057800293,184.5529632568359,104.71031951904295,54.39020919799805
2016-09-28,26.081201553344727,126.22000122070312,51.294639587402344,51.6257438659668,1.64013671875,185.4689788818359,104.4838638305664,56.781700134277344
2016-09-29,25.676082611083984,126.06999969482422,50.479591369628906,51.065284729003906,1.6553642749786377,183.7909393310547,104.74805450439452,56.49420547485352
2016-09-30,25.87521171569824,125.63999938964844,51.202369689941406,51.24319839477539,1.6828720569610596,185.1779022216797,103.8119888305664,57.030006408691406
2016-10-03,25.7539005279541,125.31999969482422,51.1408576965332,51.08305740356445,1.68115234375,184.73272705078125,103.4693374633789,56.87971115112305
2016-10-04,25.8637638092041,120.97000122070312,51.58232116699219,50.92292785644531,1.677467942237854,183.7909393310547,102.25933837890624,56.356990814208984
2016-10-05,25.87521171569824,120.77999877929688,52.42653274536133,51.2787971496582,1.6757489442825315,184.6042938232422,101.78279876708984,56.847042083740234
2016-10-06,26.067466735839844,119.66000366210938,52.56594467163086,51.36774826049805,1.6538901329040527,184.73272705078125,101.21560668945312,56.87318801879883
2016-10-07,26.106382369995117,119.73999786376952,52.7518424987793,51.42112731933594,1.641856074333191,184.09922790527344,101.2836456298828,56.67717361450195
2016-10-10,26.56185531616211,120.16000366210938,53.162322998046875,51.63463592529297,1.6479958295822144,185.0580139160156,100.68618774414062,57.787960052490234
2016-10-11,26.619077682495117,119.5500030517578,52.90674591064453,50.878448486328125,1.6241720914840698,182.72085571289065,100.45932006835938,57.33056640625
2016-10-12,26.857107162475582,119.73999786376952,52.76731491088867,50.807281494140625,1.6315408945083618,182.9605407714844,100.5576171875,56.9319953918457
2016-10-13,26.77470970153809,120.02999877929688,52.465274810791016,50.63824844360352,1.605015516281128,182.36129760742188,100.93573760986328,56.559547424316406
2016-10-14,26.923492431640625,119.36000061035156,52.29486083984375,51.08305740356445,1.6207342147827148,182.45541381835935,99.52149200439452,56.54647445678711
2016-10-17,26.905183792114254,119.68000030517578,52.0238037109375,50.9051513671875,1.6114007234573364,181.82196044921875,100.15680694580078,56.54647445678711
2016-10-18,26.886871337890625,120.41999816894533,52.43428421020508,51.29658126831055,1.6359611749649048,182.9605407714844,100.48198699951172,56.69675064086914
2016-10-19,26.806760787963867,121.11000061035156,52.93772506713867,51.180912017822266,1.632522702217102,183.4485321044922,100.56517028808594,56.9581413269043
2016-10-20,26.793031692504883,120.73999786376952,52.86800765991211,50.93183135986328,1.663468599319458,183.10614013671875,100.67106628417967,56.984283447265625
2016-10-21,26.687742233276367,120.83000183105467,53.046138763427734,53.07585906982422,1.658802509307861,183.19171142578125,100.8223648071289,56.59873580932617
2016-10-24,26.928071975708008,120.55999755859376,53.34046173095703,54.26797866821289,1.736658215522766,183.97080993652344,100.38367462158205,56.78824234008789
2016-10-25,27.06539726257324,121.47000122070312,53.28624725341797,54.25908660888672,1.7651482820510864,183.35438537597656,100.64834594726562,56.66409683227539
2016-10-26,26.456571578979492,120.79000091552734,53.54183197021485,53.93880462646485,1.7722710371017456,182.9862823486328,99.96763610839844,56.905853271484375
2016-10-27,26.202512741088867,121.01000213623048,53.61929702758789,53.46729278564453,1.73592209815979,182.49818420410156,98.8786163330078,56.79478454589844
2016-10-28,26.028566360473633,121.58000183105467,53.52635955810547,53.262672424316406,1.7329745292663574,181.95887756347656,98.6593246459961,55.396461486816406
2016-10-31,25.98736000061035,121.94000244140624,53.64252853393555,53.307159423828125,1.7477105855941772,181.9674530029297,99.2643585205078,54.44248962402344
2016-11-01,25.518150329589844,122.7300033569336,53.41792678833008,53.20039367675781,1.6958885192871094,180.64903259277344,99.2719497680664,54.65810775756836
2016-11-02,25.541034698486328,123.63999938964844,53.193302154541016,52.87125015258789,1.6887662410736084,179.56178283691406,99.70384216308594,54.52742385864258
2016-11-03,25.267271041870117,124.3000030517578,52.96095275878906,52.67550277709961,1.669118046760559,178.7399139404297,98.9385223388672,54.66464614868164
2016-11-04,25.039514541625977,124.38999938964844,52.48075485229492,52.23069381713867,1.659538745880127,178.5430145263672,99.8250961303711,54.6058464050293
2016-11-07,25.40070152282715,122.1500015258789,54.12270736694336,53.751976013183594,1.750412106513977,182.48110961914065,98.97638702392578,55.83424377441406
2016-11-08,25.550243377685547,121.63999938964844,54.23887634277344,53.79647064208984,1.7477105855941772,183.30300903320312,98.57479095458984,56.23636245727539
2016-11-09,25.50882911682129,121.55999755859376,56.73282623291016,53.52956008911133,1.7182385921478271,185.2464141845703,94.39205169677734,56.85601043701172
2016-11-10,24.797950744628903,119.75,59.36614227294922,52.221797943115234,1.6644511222839355,185.70867919921875,92.9978256225586,57.383399963378906
2016-11-11,24.945192337036133,117.0999984741211,59.397117614746094,52.506473541259766,2.160569906234741,185.28070068359375,92.47492980957033,56.47368621826172
2016-11-14,24.319427490234375,116.11000061035156,61.58125305175781,51.705810546875,2.0542232990264893,185.4261932373047,91.92180633544922,56.21659469604492
2016-11-15,24.64151382446289,117.12000274658205,61.4650764465332,52.72684860229492,2.1168525218963623,186.87301635742188,92.37642669677734,57.23175048828125
2016-11-16,25.30408096313477,116.7699966430664,59.94702911376953,53.42546463012695,2.250459671020508,186.5220184326172,93.20999908447266,56.52640151977539
2016-11-17,25.29487419128418,116.16999816894533,60.42722702026367,54.31214904785156,2.2691261768341064,187.4808807373047,91.83843994140624,56.18363952636719
2016-11-18,25.32018280029297,115.1500015258789,60.187129974365234,54.05240249633789,2.292949676513672,187.06134033203125,91.57321166992188,56.21659469604492
2016-11-21,25.704381942749023,115.58000183105467,60.45047378540039,54.50918197631836,2.283616304397583,188.4739532470703,91.80057525634766,57.01420974731445
2016-11-22,25.720483779907227,115.54000091552734,60.82221984863281,54.74205780029297,2.3000712394714355,188.8420867919922,91.77024841308594,57.13946533203125
2016-11-23,25.589345932006836,113.25,61.07780838012695,54.09718704223633,2.3113865852355957,188.94482421875,91.41413879394533,57.29769134521485
2016-11-25,25.718177795410156,112.61000061035156,61.05457305908203,54.21363830566406,2.3160598278045654,189.64683532714844,91.55049896240234,57.42950439453125
2016-11-28,25.667570114135746,113.8000030517578,60.659549713134766,54.285282135009766,2.314829587936402,188.7564697265625,92.2248992919922,57.00102996826172
2016-11-29,25.642271041870117,113.2699966430664,61.12427520751953,54.7151985168457,2.2936766147613525,189.12461853027344,92.61133575439452,56.62528991699219
2016-11-30,25.426008224487305,111.75,62.0924072265625,53.97180938720703,2.2678494453430176,188.67083740234375,91.11102294921876,57.54817962646485
2016-12-01,25.189056396484375,111.54000091552734,63.34714126586914,53.02241897583008,2.1556873321533203,187.9774475097656,90.14904022216795,57.50861740112305
2016-12-02,25.283374786376953,112.13999938964844,63.19996643066406,53.06720733642578,2.175611734390259,188.0716094970703,90.8096160888672,57.37678146362305
2016-12-05,25.101625442504883,111.54000091552734,64.48565673828125,53.93598556518555,2.2599780559539795,189.20166015625,90.7108917236328,57.66682052612305
2016-12-06,25.29487419128418,111.43000030517578,64.81871032714844,53.69415283203125,2.2971203327178955,189.8009796142578,90.64256286621094,57.719573974609375
2016-12-07,25.5433349609375,111.83000183105467,65.11300659179688,54.96596145629883,2.33844256401062,192.2836456298828,91.4170150756836,58.055763244628906
2016-12-08,25.79410743713379,111.56999969482422,65.92622375488281,54.64353561401367,2.299333333969116,192.7545166015625,90.3388442993164,58.220550537109375
2016-12-09,26.21510887145996,110.4000015258789,66.21282196044922,55.50336837768555,2.258502721786499,193.91880798339844,89.21510314941406,58.66880416870117
2016-12-12,26.065570831298828,110.81999969482422,65.62419128417969,55.682498931884766,2.203651189804077,193.6962890625,89.38218688964844,59.97403335571289
2016-12-13,26.50038146972656,110.4499969482422,65.64741516113281,56.4079704284668,2.242514371871948,194.98898315429688,89.70101165771484,61.02874755859375
2016-12-14,26.50038146972656,108.83000183105467,65.62419128417969,56.13927459716797,2.372386693954468,193.3795166015625,88.69881439208984,59.71036911010742
2016-12-15,26.64531898498535,107.33999633789062,66.6078109741211,56.049705505371094,2.427976369857788,194.1756896972656,89.14676666259766,59.91468811035156
2016-12-16,26.679828643798828,108.0500030517578,65.78683471679688,55.79891204833984,2.4697916507720947,193.79591369628903,88.94176483154297,60.105865478515625
2016-12-19,26.833965301513672,108.58999633789062,66.16632080078125,56.981178283691406,2.4997997283935547,194.21788024902344,89.89842224121094,59.60487747192383
2016-12-20,26.905284881591797,107.79000091552734,67.0182876586914,56.90953063964844,2.5868730545043945,194.96707153320312,89.45046997070312,59.61146926879883
2016-12-21,26.930591583251953,107.8499984741211,67.18868255615234,56.90953063964844,2.6031084060668945,194.42453002929688,89.84528350830078,59.51259231567383
2016-12-22,26.753446578979492,107.58999633789062,67.297119140625,56.918487548828125,2.634591579437256,194.08868408203125,89.68468475341797,59.90152740478515
2016-12-23,26.80636215209961,107.93000030517578,67.4210433959961,56.640830993652344,2.700266122817993,194.37286376953125,89.86737060546875,59.79603576660156
2016-12-27,26.97660446166992,108.55999755859376,67.48298645019531,56.67666244506836,2.885728597640991,194.8551483154297,89.57809448242188,59.82242584228515
2016-12-28,26.861570358276367,108.86000061035156,66.99507904052734,56.41691970825195,2.6872291564941406,193.24478149414065,90.23282623291016,59.52577590942383
2016-12-29,26.854673385620117,110.29000091552734,66.5225830078125,56.33632278442383,2.7408506870269775,193.20172119140625,90.55254364013672,59.558738708496094
2016-12-30,26.64531898498535,109.61000061035156,66.83240509033203,55.655616760253906,2.625490427017212,192.49563598632812,90.68955993652344,59.49940490722656
2017-01-03,26.721237182617188,110.47000122070312,67.5604476928711,56.049705505371094,2.509146928787231,193.9681701660156,91.07782745361328,59.91468811035156
2017-01-04,26.691326141357425,110.86000061035156,67.68508911132812,55.79891204833984,2.56768798828125,195.12208557128903,91.42797088623048,59.25550079345703
2017-01-05,26.82706642150879,112.58000183105467,67.06201171875,55.79891204833984,2.5025055408477783,194.96707153320312,92.85919189453124,58.37217712402344
2017-01-06,27.126131057739254,111.75,67.06983184814453,56.28256607055664,2.5359575748443604,195.6646423339844,92.00658416748048,58.3392219543457
2017-01-09,27.374597549438477,112.66999816894533,67.11653900146484,56.10343933105469,2.6387739181518555,195.01873779296875,92.74493408203124,57.37678146362305
2017-01-10,27.40220832824707,113.1500015258789,67.31124114990234,56.08552169799805,2.6188502311706543,195.01873779296875,92.68407440185548,56.64506912231445
2017-01-11,27.549449920654297,113.5,67.81746673583984,56.59605026245117,2.58662748336792,195.5699157714844,92.99625396728516,57.22517013549805
2017-01-12,27.434417724609375,113.91000366210938,67.16328430175781,56.07657241821289,2.5443203449249268,195.0790252685547,92.79064178466795,56.91532897949219
2017-01-13,27.3861083984375,114.20999908447266,67.52152252197266,56.15718460083008,2.544074773788452,195.52685546875,92.34910583496094,56.92192459106445
2017-01-17,27.60695457458496,115.8499984741211,65.06831359863281,56.00492477416992,2.487009286880493,194.8379364013672,93.31592559814452,57.58771896362305
2017-01-18,27.60466194152832,114.87000274658205,65.37203216552734,55.97806167602539,2.53226900100708,195.26853942871097,92.12075805664062,56.87577438354492
2017-01-19,27.55634498596191,114.7699966430664,64.87361907958984,55.79891204833984,2.58662748336792,194.5451507568359,91.48887634277344,55.85404968261719
2017-01-20,27.60695457458496,115.0500030517578,65.16175842285156,56.193023681640625,2.5583415031433105,195.25990295410156,91.30614471435548,56.61870574951172
2017-01-23,27.62537002563477,115.79000091552734,65.19291687011719,56.39005279541016,2.5849063396453857,194.75180053710935,92.21971130371094,56.01223373413086
2017-01-24,27.60006523132324,115.2699966430664,65.97949981689453,56.89161682128906,2.640002965927124,196.00051879882812,91.58781433105467,56.09134292602539
2017-01-25,28.039466857910156,114.31999969482422,66.99971008300781,57.034915924072266,2.651317834854126,197.6970062255859,90.43838500976562,56.25613784790039
2017-01-26,28.05327796936035,113.26000213623048,67.5604476928711,57.563358306884766,2.697068214416504,197.4903106689453,90.74286651611328,56.427528381347656
2017-01-27,28.055574417114254,113.48999786376952,67.70064544677734,58.915775299072266,2.7492141723632812,197.1802673339844,91.0702133178711,56.368221282958984
2017-01-30,27.981952667236328,113.97000122070312,66.99971008300781,58.333614349365234,2.7061686515808105,195.9574279785156,90.796142578125,55.939720153808594
2017-01-31,27.91753578186035,115.5500030517578,65.90940856933594,57.9036979675293,2.6855080127716064,195.94024658203125,91.42797088623048,55.300296783447266
2017-02-01,29.61996841430664,115.1999969482422,66.15861511230469,56.945369720458984,2.8028361797332764,196.01771545410156,90.86267852783205,54.67406463623047
2017-02-02,29.569358825683594,115.83999633789062,65.87825012207031,56.57814025878906,2.8382554054260254,196.1469268798828,90.82453155517578,55.010250091552734
2017-02-03,29.69588851928711,116.12999725341795,67.89532470703125,57.034915924072266,2.8134124279022217,197.4989318847656,90.7863311767578,55.0695686340332
2017-02-06,29.974254608154297,117.6999969482422,67.57605743408203,56.99909591674805,2.885481834411621,197.1458282470703,91.33563232421876,54.91794967651367
2017-02-07,30.259532928466797,117.45999908447266,67.5370864868164,56.81100845336914,2.930248022079468,197.1544189453125,92.00704193115234,54.56200408935547
2017-02-08,30.376863479614254,118.19000244140624,66.9452133178711,56.73040008544922,2.9174575805664062,197.4127960205078,93.2582015991211,54.202789306640625
2017-02-09,30.596355438232425,117.29000091552734,67.91089630126953,57.375267028808594,2.8626067638397217,198.583984375,92.18250274658205,54.44225311279297
2017-02-10,30.527040481567383,117.5999984741211,67.75515747070312,57.321529388427734,2.794718980789185,199.36764526367188,92.1291275024414,54.89460754394531
2017-02-13,30.797380447387695,116.8000030517578,68.65074157714844,57.96640396118164,2.66582989692688,200.45274353027344,91.83920288085938,55.21391677856445
2017-02-14,31.197111129760746,116.93000030517578,69.74885559082031,58.18263626098633,2.675668716430664,201.25355529785156,91.17548370361328,55.09416961669922
2017-02-15,31.31031608581543,117.4499969482422,70.551025390625,58.1466178894043,2.681080102920532,202.3041229248047,90.75584411621094,55.32036590576172
2017-02-16,31.27335548400879,118.08000183105467,70.50430297851562,58.13758850097656,2.638035774230957,202.1320037841797,91.2517547607422,54.74827194213867
2017-02-17,31.358837127685547,117.68000030517578,70.27067565917969,58.22771453857422,2.6375434398651123,202.45065307617188,91.79340362548828,54.389041900634766
2017-02-21,31.585285186767575,117.75,70.87811279296875,58.11055374145508,2.7319955825805664,203.65623474121097,91.6332015991211,54.47551727294922
2017-02-22,31.68000602722168,117.91000366210938,70.91705322265625,57.993431091308594,2.727809190750122,203.47537231445312,91.78579711914062,53.836917877197266
2017-02-23,31.546003341674805,118.94000244140624,70.97157287597656,58.22771453857422,2.474879264831543,203.61317443847656,92.06043243408205,54.40234375
2017-02-24,31.576026916503903,119.6999969482422,70.34855651855469,58.22771453857422,2.498767375946045,203.87152099609375,93.08273315429688,53.93667221069336
2017-02-27,31.6384220123291,119.12000274658205,70.4264144897461,57.87628936767578,2.5714218616485596,204.19015502929688,92.53341674804688,54.242698669433594
2017-02-28,31.652273178100582,119.2300033569336,70.57440185546875,57.65101623535156,2.499260663986206,203.6389923095703,92.87672424316406,54.09634017944336
2017-03-01,32.29924774169922,119.05999755859376,72.89520263671875,58.51605987548828,2.5315237045288086,206.48941040039065,91.32049560546876,55.22724151611328
2017-03-02,32.10747146606445,117.58000183105467,71.75816345214844,57.67806243896485,2.438182592391968,205.18907165527344,90.99176788330078,55.41350173950195
2017-03-03,32.29692459106445,117.51000213623048,72.27215576171875,57.89431381225586,2.424144983291626,205.3182678222656,91.22879028320312,54.85469436645508
2017-03-06,32.19527053833008,116.72000122070312,71.58680725097656,57.91233825683594,2.405428409576416,204.70684814453125,90.79302978515624,55.100833892822266
2017-03-07,32.236854553222656,115.77999877929688,71.18962860107422,58.02946853637695,2.431779384613037,204.095458984375,90.51789855957033,54.89460754394531
2017-03-08,32.11670684814453,115.05999755859376,71.03387451171875,58.56110763549805,2.427346706390381,203.7165069580078,90.02865600585938,53.903411865234375
2017-03-09,32.04277420043945,114.47000122070312,71.31425476074219,58.32684326171875,2.426853895187378,203.97488403320312,89.31015014648438,54.32915496826172
2017-03-10,32.149051666259766,114.72000122070312,71.08837890625,58.507041931152344,2.44113826751709,204.68963623046875,89.62355041503906,54.28925704956055
2017-03-13,32.16291046142578,114.73999786376952,71.15068817138672,58.30880355834961,2.508373022079468,204.79293823242188,89.05792236328125,54.16286849975586
2017-03-14,32.11440658569336,114.12000274658205,71.26750946044922,58.03849792480469,2.5066497325897217,204.00927734375,89.4859619140625,53.876808166503906
2017-03-15,32.45404815673828,116.25,71.4388427734375,58.3448486328125,2.5256130695343018,205.7746734619141,90.5790557861328,54.5487060546875
2017-03-16,32.50719451904297,116.7300033569336,71.36875915527344,58.2457389831543,2.55664324760437,205.3699493408203,90.1204071044922,54.59526062011719
2017-03-17,32.3454475402832,116.98999786376952,70.62112426757812,58.452980041503906,2.6123034954071045,205.00926208496097,90.68601989746094,54.5487060546875
2017-03-20,32.68510818481445,117.51000213623048,70.1148910522461,58.507041931152344,2.6955461502075195,204.7843780517578,91.07585144042967,54.5487060546875
2017-03-21,32.31078338623047,118.54000091552734,68.05889129638672,57.85826873779297,2.608362913131714,202.15505981445312,91.83261108398438,54.43560791015625
2017-03-22,32.67584991455078,118.83000183105467,68.16791534423828,58.597145080566406,2.6615593433380127,202.6307678222656,92.19951629638672,54.389041900634766
2017-03-23,32.560325622558594,118.66999816894533,68.05889129638672,58.452980041503906,2.6374237537384033,202.41452026367188,92.0695571899414,54.4555549621582
2017-03-24,32.495635986328125,118.86000061035156,67.98101043701172,58.55209732055664,2.646782398223877,202.26747131347656,92.3982391357422,54.036468505859375
2017-03-27,32.55108642578125,119.52999877929688,67.94204711914062,58.66022872924805,2.665992259979248,202.0598907470703,92.81868743896484,54.049781799316406
2017-03-28,33.22576904296875,119.04000091552734,69.00122833251953,58.831424713134766,2.6522014141082764,203.53028869628903,92.19951629638672,54.44225311279297
2017-03-29,33.299705505371094,119.33000183105467,68.74421691894531,58.99364471435547,2.6435813903808594,203.72056579589844,92.7498550415039,54.5620002746582
2017-03-30,33.25581359863281,118.47000122070312,69.33609771728516,59.20989227294922,2.6943156719207764,204.3692169189453,92.0007781982422,55.679569244384766
2017-03-31,33.19342803955078,118.72000122070312,68.4093246459961,59.34503555297851,2.6827399730682373,203.8935089111328,92.26832580566406,54.55535125732422
2017-04-03,33.20265579223633,119.3499984741211,68.16014099121094,59.065711975097656,2.6691954135894775,203.53892517089844,93.1990203857422,54.59526062011719
2017-04-04,33.44989013671875,119.62000274658205,68.38728332519531,59.227909088134766,2.482020616531372,203.66864013671875,92.6934585571289,54.79484558105469
2017-04-05,33.27659225463867,119.62000274658205,67.51002502441406,59.0747184753418,2.4635496139526367,203.0631866455078,92.97684478759766,54.90126037597656
2017-04-06,33.19342803955078,119.18000030517578,67.7371597290039,59.227909088134766,2.4815285205841064,203.634033203125,92.83899688720705,55.22058868408203
2017-04-07,33.119483947753906,119.45999908447266,67.50218963623047,59.1828498840332,2.470937967300415,203.4264984130859,92.4636459350586,55.05426406860352
2017-04-10,33.0802116394043,119.45999908447266,67.26721954345703,59.04767990112305,2.407890558242798,203.54754638671875,92.89263153076172,55.30037689208984
2017-04-11,32.72437286376953,121.19000244140624,67.14971160888672,59.00264358520508,2.4165101051330566,203.3053741455078,93.77347564697266,55.107479095458984
2017-04-12,32.76365661621094,122.0199966430664,66.8912353515625,58.777374267578125,2.3965611457824707,202.41452026367188,94.2867431640625,55.193965911865234
2017-04-13,32.590354919433594,122.5999984741211,66.10795593261719,58.52507400512695,2.351738929748535,201.0998992919922,94.57781982421876,54.34247970581055
2017-04-17,32.770591735839844,122.23999786376952,67.25151062011719,59.00264358520508,2.443847417831421,202.881591796875,94.2867431640625,54.26930236816406
2017-04-18,32.62502670288086,122.81999969482422,66.70325469970703,58.92154312133789,2.4453253746032715,202.2761688232422,95.52000427246094,53.91670227050781
2017-04-19,32.50487518310547,121.7300033569336,66.15495300292969,58.60615921020508,2.4549293518066406,201.9042510986328,94.99905395507812,53.54420852661133
2017-04-20,32.91153335571289,121.95999908447266,67.00872802734375,59.02066421508789,2.4938430786132812,203.54754638671875,94.63140106201172,53.890113830566406
2017-04-21,32.872249603271484,122.30999755859376,66.20195770263672,59.83162689208984,2.5041861534118652,202.89889526367188,94.63140106201172,53.677249908447266
2017-04-24,33.18880081176758,121.4800033569336,68.53608703613281,60.84983825683594,2.535464286804199,205.13040161132812,94.16414642333984,53.95664978027344
2017-04-25,33.39443588256836,120.25,69.13137817382812,61.201271057128906,2.5795488357543945,206.32394409179688,93.03044891357422,54.36909103393555
2017-04-26,33.19805145263672,120.83999633789062,69.2645263671875,61.12019348144531,2.5618159770965576,206.19418334960935,93.54373168945312,54.14956283569336
2017-04-27,33.223453521728516,120.38999938964844,68.62224578857422,61.516658782958984,2.6017138957977295,206.36717224121097,93.51309967041016,54.056427001953125
2017-04-28,33.19111633300781,120.7699966430664,68.14445495605469,61.687843322753906,2.568711996078491,205.91746520996097,93.71985626220705,54.31584167480469
2017-05-01,33.86810302734375,119.66999816894533,68.19146728515625,62.543888092041016,2.6263413429260254,206.43634033203125,92.94076538085938,54.588600158691406
2017-05-02,34.08298873901367,119.6500015258789,67.7528305053711,62.44474792480469,2.5485165119171143,206.51417541503903,93.41665649414062,54.58195495605469
2017-05-03,33.9790153503418,117.9800033569336,68.14445495605469,62.24651718139648,2.5674808025360107,206.26333618164065,93.47808837890624,55.01433944702149
2017-05-04,33.85655212402344,116.79000091552734,68.2227783203125,62.00321578979492,2.557629108428955,206.5055389404297,93.01754760742188,54.309200286865234
2017-05-05,34.41801834106445,117.01000213623048,68.14445495605469,62.17442321777344,2.557875156402588,207.3185882568359,93.1019287109375,54.5620002746582
2017-05-08,35.353797912597656,116.75,68.2227783203125,62.12038803100586,2.5310308933258057,207.28399658203125,92.59535217285156,55.1407356262207
2017-05-09,35.580230712890625,116.0500030517578,67.94864654541016,62.210506439208984,2.53521728515625,207.0937042236328,92.58768463134766,54.754920959472656
2017-05-10,35.411556243896484,116.04000091552734,68.48126220703125,62.45377349853515,2.9871437549591064,207.46560668945312,92.48018646240234,55.00337219238281
2017-05-11,35.71780014038086,116.5,68.269775390625,61.687843322753906,3.115455150604248,207.041748046875,92.48018646240234,55.47343063354492
2017-05-12,36.21663665771485,116.83000183105467,68.08180236816406,61.615760803222656,3.149688482284546,206.69586181640625,93.17871856689452,55.433143615722656
2017-05-15,36.123817443847656,117.13999938964844,68.41077423095703,61.66081619262695,3.3078010082244873,207.8375244140625,92.9253921508789,55.60100936889648
2017-05-16,36.070465087890625,117.6500015258789,68.62224578857422,62.90238952636719,3.3693716526031494,207.6472320556641,93.27081298828124,55.433143615722656
2017-05-17,34.859375,119.79000091552734,66.00609588623047,61.153350830078125,3.1455023288726807,203.9626922607422,94.6295166015625,55.05710220336914
2017-05-18,35.39067459106445,118.80999755859376,65.76333618164062,61.36174011230469,3.2772624492645264,204.7843780517578,94.73694610595705,54.89594268798828
2017-05-19,35.511329650878906,119.4000015258789,66.40559387207031,61.34363555908203,3.3529508113861084,206.11634826660156,94.95954895019533,55.01679611206055
2017-05-22,35.72709655761719,119.9000015258789,66.34294128417969,62.03238677978515,3.4244472980499268,207.1628875732422,94.69856262207033,55.25856018066406
2017-05-23,35.68300247192383,119.13999938964844,67.17322540283203,62.24081802368164,3.3783442974090576,207.62130737304688,94.06148529052734,55.45328140258789
2017-05-24,35.57628631591797,119.61000061035156,67.13402557373047,62.32239532470703,3.4163119792938232,208.1056365966797,94.5910873413086,55.25856018066406
2017-05-25,35.6992301940918,119.4800033569336,66.85205078125,63.092681884765625,3.4086689949035645,209.1002960205078,94.62178802490234,54.89594268798828
2017-05-26,35.638916015625,120.54000091552734,66.85990142822266,63.40081787109375,3.4969308376312256,209.05702209472656,94.78299713134766,54.761627197265625
2017-05-30,35.65285110473633,120.13999938964844,65.7163314819336,63.808616638183594,3.571631908416748,208.8753967285156,95.25123596191406,54.45945358276367
2017-05-31,35.44171905517578,120.62000274658205,64.34561920166016,63.29204559326172,3.5588126182556152,208.8234710693359,95.48918151855467,54.056541442871094
2017-06-01,35.53915023803711,120.72000122070312,65.0583724975586,63.52769470214844,3.5590579509735107,210.48410034179688,95.49920654296876,54.19084167480469
2017-06-02,36.06583023071289,121.61000061035156,64.72937774658203,65.03205108642578,3.541306972503662,211.1846466064453,96.62995147705078,53.38502883911133
2017-06-05,35.71316146850586,121.7300033569336,64.84688568115234,65.5032958984375,3.649045467376709,211.0290374755859,96.02995300292967,53.80137252807617
2017-06-06,35.83381271362305,123.0999984741211,64.98003387451172,65.72078704833984,3.6325273513793945,210.3544006347656,96.55303955078124,54.53330612182617
2017-06-07,36.04726791381836,122.4499969482422,65.72415924072266,65.60296630859375,3.676411628723145,210.74363708496097,96.09151458740234,54.33186340332031
2017-06-08,35.95909118652344,121.6500015258789,66.53874969482422,65.20423889160156,3.943168163299561,210.8473968505859,95.83763122558594,54.1370964050293
2017-06-09,34.564720153808594,120.54000091552734,68.11312866210938,63.72705078125,3.688246250152588,210.52735900878903,95.69146728515624,55.15110397338867
2017-06-12,33.738773345947266,120.36000061035156,68.1287841796875,63.23768997192383,3.697367429733277,210.48410034179688,95.6607666015625,55.68831253051758
2017-06-13,34.01022720336914,120.4800033569336,68.35592651367188,64.02611541748047,3.732623338699341,211.51339721679688,95.67610931396484,55.708457946777344
2017-06-14,33.67844772338867,119.81999969482422,68.21495056152344,63.68175506591797,3.740512609481811,211.24526977539065,97.1530532836914,55.11082077026367
2017-06-15,33.47659683227539,119.31999969482422,67.80763244628906,63.346439361572266,3.756538152694702,210.8387908935547,96.99919128417967,55.238399505615234
2017-06-16,33.0079345703125,119.33999633789062,67.50218963623047,63.43707656860352,3.738046407699585,210.88479614257812,97.19145965576172,56.06435775756836
2017-06-19,33.952213287353516,118.43000030517578,68.98255157470703,64.2254638671875,3.87857437133789,212.6404571533203,97.0530242919922,55.574161529541016
2017-06-20,33.643638610839844,118.18000030517578,68.55176544189453,63.35548782348633,3.872904539108277,211.20639038085935,97.9222412109375,55.27196502685547
2017-06-21,33.84317398071289,118.5199966430664,68.23844909667969,63.68175506591797,3.9315810203552246,211.1542510986328,98.12225341796876,54.68775177001953
2017-06-22,33.78749465942383,118.91999816894533,68.16014862060547,63.67267608642578,3.904460906982422,211.0586395263672,98.3376235961914,54.44601821899414
2017-06-23,33.93828582763672,119.43000030517578,68.03480529785156,64.53362274169922,3.792532205581665,211.31069946289065,98.29148864746094,54.801910400390625
2017-06-26,33.83158493041992,118.36000061035156,68.33244323730469,63.917354583740234,3.751113414764404,211.44976806640625,98.66069793701172,54.55345916748047
2017-06-27,33.3466796875,118.80999755859376,68.96688079833984,62.72111129760742,3.613790988922119,209.7462615966797,97.60687255859376,54.466163635253906
2017-06-28,33.83389663696289,118.9000015258789,70.35327911376953,63.25581359863281,3.7412519454956055,211.62355041503903,97.2838134765625,54.74820709228515
2017-06-29,33.335079193115234,118.31999969482422,71.39503479003906,62.06861114501953,3.616255760192871,209.76365661621097,96.4684066772461,54.19084167480469
2017-06-30,33.41394805908203,118.0199966430664,71.59085845947266,62.46738815307617,3.5639894008636475,210.15478515625,96.24535369873048,54.210994720458984
2017-07-03,33.2933235168457,116.08999633789062,73.0478515625,61.778621673583984,3.4350481033325195,210.51107788085935,95.93545532226562,55.13094711303711
2017-07-05,33.43020248413086,116.5199966430664,73.7802963256836,62.60329818725586,3.526762008666992,210.99774169921875,95.95855712890624,54.29156494140625
2017-07-06,33.114662170410156,116.47000122070312,73.5440444946289,62.1411247253418,3.537362813949585,209.068359375,95.1646728515625,53.80137252807617
2017-07-07,33.45107650756836,115.27999877929688,73.9142074584961,62.94771194458008,3.618227958679199,210.4241943359375,94.59429168701172,53.868507385253906
2017-07-10,33.65524673461914,115.47000122070312,73.39442443847656,63.41893768310547,3.7893271446228023,210.6501617431641,94.73297882080078,53.8282470703125
2017-07-11,33.76430130004883,115.62000274658205,73.11087036132812,63.427982330322266,3.84307312965393,210.4937438964844,94.89491271972656,54.12369537353515
2017-07-12,33.81300354003906,116.02999877929688,72.85884094238281,64.47923278808594,4.006527900695801,212.07550048828125,95.55008697509766,54.365447998046875
2017-07-13,34.28399658203125,115.81999969482422,73.3235092163086,65.0411148071289,3.9601800441741943,212.4318695068359,94.9488296508789,54.372161865234375
2017-07-14,34.57863998413086,116.7699966430664,72.6540756225586,65.95643615722656,4.066684722900391,213.42266845703125,95.06446075439452,54.58030700683594
2017-07-17,34.69927978515625,117.29000091552734,71.97676086425781,66.47297668457031,4.049427509307861,213.39659118652344,95.32650756835938,54.298301696777344
2017-07-18,34.819942474365234,118.11000061035156,71.7247314453125,66.42765045166016,4.091586112976074,213.5095977783203,96.15899658203124,54.12369537353515
2017-07-19,35.038021087646484,118.08000183105467,71.82711791992188,66.93515014648438,4.070383071899414,214.66551208496097,96.1975555419922,54.29156494140625
2017-07-20,34.880245208740234,118.23999786376952,71.82711791992188,67.26141357421875,4.129552841186523,214.7611083984375,96.47501373291016,54.298301696777344
2017-07-21,34.864017486572266,119.26000213623048,71.58297729492188,66.8717269897461,4.144344329833984,214.56993103027344,96.88361358642578,53.80137252807617
2017-07-24,35.28627395629883,119.30999755859376,71.89013671875,66.69954681396484,4.096271514892578,214.5177459716797,96.50582885742188,53.63350296020508
2017-07-25,35.43707275390625,118.91999816894533,73.08724212646484,67.23420715332031,4.076545715332031,215.03919982910156,95.2494125366211,53.90210723876953
2017-07-26,35.6041145324707,119.87999725341795,72.40206146240234,67.10733795166016,4.1236348152160645,215.0478973388672,95.4035873413086,53.969268798828125
2017-07-27,34.93128967285156,119.79000091552734,72.1028060913086,66.30078125,3.9875454902648926,214.8479766845703,94.93342590332033,54.27813720703125
2017-07-28,34.68536376953125,120.69000244140624,71.89013671875,66.1920394897461,4.0528788566589355,214.59600830078125,95.49609375,53.452186584472656
2017-07-31,34.50672912597656,120.75,72.29967498779297,65.88392639160156,4.006527900695801,214.47430419921875,95.61172485351562,53.74763870239258
2017-08-01,34.8129768371582,120.6500015258789,73.26838684082031,65.7751693725586,4.0553436279296875,214.9523162841797,96.28298950195312,53.83494567871094
2017-08-02,36.457916259765625,120.4000015258789,73.33137512207031,65.48517608642578,4.0528788566589355,215.05661010742188,96.33708953857422,54.12369537353515
2017-08-03,36.093658447265625,120.58999633789062,72.85096740722656,65.38550567626953,4.104406356811523,214.63946533203125,97.33360290527344,54.04983139038086
2017-08-04,36.283897399902344,119.6500015258789,73.76455688476562,65.86579132080078,4.122403144836426,215.0305328369141,96.50704193115234,53.86179733276367
2017-08-07,36.84537124633789,119.51000213623048,74.04808807373047,65.6120376586914,4.249124526977539,215.43031311035156,96.61521911621094,53.8282470703125
2017-08-08,37.1400146484375,119.86000061035156,73.7802963256836,65.9654769897461,4.198585033416748,214.9001617431641,96.26758575439452,53.69393157958984
2017-08-09,37.36738967895508,121.30999755859376,73.66217041015625,65.67548370361328,4.2432074546813965,214.89144897460935,96.7928695678711,53.86179733276367
2017-08-10,36.17718124389648,122.20999908447266,72.60680389404297,64.7148666381836,4.061508655548096,211.8582305908203,97.61944580078124,53.54313278198242
2017-08-11,36.68028259277344,122.79000091552734,72.00040435791016,65.70266723632812,3.845045328140259,212.17111206054688,97.66573333740234,53.02783966064453
2017-08-14,37.232303619384766,121.91999816894533,72.84308624267578,66.69047546386719,4.151742458343506,214.27444458007812,97.16365814208984,53.041404724121094
2017-08-15,37.639923095703125,120.9800033569336,73.0321044921875,66.70867919921875,4.116732120513916,214.2483367919922,96.75422668457033,52.91258239746094
2017-08-16,37.488525390625,121.87000274658205,72.528076171875,67.10044860839844,4.0716166496276855,214.6220245361328,97.10956573486328,52.526126861572266
2017-08-17,36.76877975463867,122.48999786376952,71.39395904541016,65.96161651611328,3.980888366699219,211.2759246826172,97.8357391357422,51.70571517944336
2017-08-18,36.684940338134766,122.3000030517578,71.46485137939453,66.04364013671875,3.9816291332244873,210.94569396972656,97.8125228881836,51.96335983276367
2017-08-21,36.61738204956055,122.76000213623048,71.37821197509766,65.73384857177734,3.923691272735596,211.1107940673828,98.052001953125,51.78706359863281
2017-08-22,37.21599197387695,122.20999908447266,72.11065673828125,66.65401458740234,4.011043548583984,213.31837463378903,97.67350006103516,52.03116226196289
2017-08-23,37.26258087158203,122.66999816894533,72.19730377197266,66.2531509399414,4.091240406036377,212.5535125732422,98.33782196044922,51.94300842285156
2017-08-24,37.09720993041992,122.29000091552734,72.07913970947266,66.22582244873047,4.076187610626221,212.05813598632812,97.97480010986328,51.753173828125
2017-08-25,37.23462677001953,122.73999786376952,72.37056732177734,66.34424591064453,4.0421342849731445,212.5535125732422,98.35326385498048,52.01759719848633
2017-08-28,37.60962677001953,124.69000244140624,72.14215087890625,66.35336303710938,4.070760250091553,212.56222534179688,98.29153442382812,51.84808349609375
2017-08-29,37.945045471191406,124.41999816894533,71.74835205078125,66.55382537841797,4.064096450805664,212.80560302734375,98.60819244384766,51.83452606201172
2017-08-30,38.04752731323242,124.36000061035156,71.91375732421875,67.42843627929688,4.088279724121094,213.81378173828125,98.57730865478516,51.59721374511719
2017-08-31,38.19891357421875,125.81999969482422,71.58297729492188,68.12085723876953,4.181061267852783,215.10009765625,98.8708724975586,51.753173828125
2017-09-01,38.21056365966797,126.05999755859376,72.22090911865234,67.36466217041016,4.2062273025512695,215.40423583984375,98.1146011352539,51.91590118408203
2017-09-05,37.751712799072266,127.45999908447266,70.49612426757812,67.06402587890625,4.093953609466553,213.85720825195312,99.67049407958984,52.32950592041016
2017-09-06,37.71211624145508,126.80999755859376,70.96866607666016,66.87267303466797,4.09148645401001,214.58734130859375,99.0589828491211,53.41432571411133
2017-09-07,37.56071472167969,128.1300048828125,69.72425842285156,67.72908020019531,4.110487937927246,214.5612030029297,100.07302856445312,53.58380889892578
2017-09-08,36.94813919067383,127.97000122070312,69.63763427734375,67.40109252929688,4.039175510406494,214.30921936035156,99.85623931884766,53.44143295288086
2017-09-11,37.61661911010742,126.19000244140624,70.71662902832031,68.11175537109375,4.170202732086182,216.594970703125,98.66416931152344,53.732967376708984
2017-09-12,37.46753692626953,126.55999755859376,71.58297729492188,68.03886413574219,4.18525505065918,217.32508850097656,98.14557647705078,53.90248107910156
2017-09-13,37.18571853637695,125.61000061035156,71.7877426147461,68.52173614501953,4.204007625579834,217.4293212890625,97.75849151611328,54.085567474365234
2017-09-14,36.86661529541016,126.16000366210938,71.64595794677734,68.12085723876953,4.18007230758667,217.35975646972656,98.16102600097656,54.30250930786133
2017-09-15,37.23929977416992,125.52999877929688,72.15789794921875,68.61284637451172,4.444350242614746,217.6524200439453,98.19974517822266,54.2889518737793
2017-09-18,36.95745849609375,124.36000061035156,73.18174743652344,68.47616577148438,4.6279377937316895,218.11529541015625,97.63462829589844,54.30250930786133
2017-09-19,36.971431732177734,124.62000274658205,73.9850845336914,68.73126983642578,4.623002529144287,218.33370971679688,97.39471435546876,54.390663146972656
2017-09-20,36.35186004638672,123.62000274658205,74.50489044189453,68.2757339477539,4.5857415199279785,218.4123077392578,97.46435546875,54.61442184448242
2017-09-21,35.72761917114258,122.68000030517578,74.84353637695312,67.61067199707031,4.460389614105225,217.82713317871097,97.41014862060548,54.16691970825195
2017-09-22,35.37826156616211,123.23999786376952,74.68600463867188,67.79289245605469,4.416959762573242,217.8707733154297,97.68883514404295,54.187255859375
2017-09-25,35.06614303588867,124.52999877929688,74.12684631347656,66.7451171875,4.2195539474487305,217.4253387451172,98.30036926269533,54.90595626831055
2017-09-26,35.66939926147461,123.13999938964844,73.79605865478516,66.7451171875,4.243241786956787,217.5563507080078,98.12232971191406,54.84494400024414
2017-09-27,35.923282623291016,121.9800033569336,74.96167755126953,67.28263854980469,4.336270332336426,218.40362548828125,96.64380645751952,55.21108627319336
2017-09-28,35.70201873779297,122.20999908447266,75.11919403076172,67.30088806152344,4.3350372314453125,218.66558837890625,96.3574447631836,55.72636795043945
2017-09-29,35.897666931152344,121.58000183105467,75.22159576416016,67.86575317382812,4.411285400390625,219.43421936035156,96.57418823242188,55.58395004272461
2017-10-02,35.82545471191406,120.7699966430664,76.26905822753906,67.9750747680664,4.416959762573242,220.38629150390625,96.3973159790039,55.346675872802734
2017-10-03,35.98152160644531,120.83000183105467,76.67072296142578,67.65621185302734,4.426089286804199,220.8579559326172,96.49040985107422,55.434818267822266
2017-10-04,35.74860382080078,121.16999816894533,75.89102172851562,68.04796600341797,4.4631028175354,221.11996459960935,96.4981460571289,55.45515441894531
2017-10-05,36.19347381591797,120.5199966430664,76.9129409790039,69.21417236328125,4.460636138916016,222.43017578125,96.13359832763672,55.61110305786133
2017-10-06,36.17251205444336,121.08999633789062,76.77827453613281,69.24148559570312,4.473714351654053,222.1768035888672,95.86214447021484,55.40092086791992
2017-10-09,36.29828643798828,122.08000183105467,76.3742446899414,69.50569915771484,4.574638366699219,221.80995178222656,96.16461181640624,55.61787796020508
2017-10-10,36.31227111816406,122.4000015258789,76.94463348388672,69.50569915771484,4.661991119384766,222.3952178955078,96.31975555419922,55.773807525634766
2017-10-11,36.463661193847656,122.79000091552734,76.71488952636719,69.62410736083984,4.711589813232422,222.74456787109375,96.50589752197266,56.00434494018555
2017-10-12,36.33555221557617,122.88999938964844,76.04153442382812,70.26187133789062,4.713810443878174,222.41262817382812,96.9170150756836,55.88907623291016
2017-10-13,36.56615447998047,123.81999969482422,75.93856048583984,70.59895324707031,4.801654815673828,222.68338012695312,97.61508178710938,55.875526428222656
2017-10-16,37.23929977416992,122.97000122070312,77.507080078125,70.74473571777344,4.8840718269348145,222.9803924560547,97.54527282714844,56.1467170715332
2017-10-17,37.376705169677734,122.12999725341795,77.33279418945312,70.69005584716797,4.879628658294678,223.1376190185547,97.66939544677734,56.24844741821289
2017-10-18,37.21133041381836,121.66999816894533,77.62590789794922,70.70831298828125,4.875434875488281,223.35598754882812,97.02560424804688,56.112823486328125
2017-10-19,36.33089828491211,122.38999938964844,77.72097778320312,70.98161315917969,4.880865573883057,223.41709899902344,97.19622039794922,56.09926223754883
2017-10-20,36.39379119873047,121.61000061035156,78.83000946044922,71.8016128540039,4.85865592956543,224.57000732421875,96.16461181640624,56.35013961791992
2017-10-23,36.37515640258789,121.8000030517578,78.69532012939453,71.81980895996094,4.851747035980225,223.69662475585935,96.33524322509766,56.438270568847656
2017-10-24,36.591773986816406,121.33000183105467,79.94699096679688,71.8471450805664,4.902577877044678,224.0897216796875,95.738037109375,56.594215393066406
2017-10-25,36.43106460571289,121.3499984741211,80.02621459960938,71.63758850097656,4.778705596923828,222.9803924560547,95.2803726196289,56.39080047607422
2017-10-26,36.66398239135742,120.33000183105467,80.59659576416016,71.75603485107422,4.828799247741699,223.2686462402344,94.96240234375,56.594215393066406
2017-10-27,37.97764205932617,120.9000015258789,80.62035369873047,76.35694122314453,4.981048107147217,225.09410095214844,95.59065246582033,56.75695037841797
2017-10-30,38.83245086669922,121.12999725341795,80.33517456054688,76.42984008789062,5.029905319213867,224.25555419921875,96.50589752197266,56.64169692993164
2017-10-31,39.372833251953125,120.66999816894533,79.701416015625,75.78296661376953,5.103193759918213,224.60496520996097,96.53694915771484,56.51285934448242
2017-11-01,38.8720588684082,121.11000061035156,79.94699096679688,75.78296661376953,5.112817287445068,224.9019470214844,96.96678161621094,56.865447998046875
2017-11-02,39.15622329711914,121.19000244140624,80.47777557373047,76.57561492919922,5.081724643707275,224.98931884765625,97.394287109375,56.63490295410156
2017-11-03,40.178749084472656,120.62000274658205,80.33517456054688,76.65760040283203,5.14958381652832,225.7404632568359,97.65856170654295,56.3975944519043
2017-11-06,40.58634567260742,121.6500015258789,79.83609771728516,76.958251953125,5.17277717590332,226.08987426757812,98.02389526367188,56.78406524658203
2017-11-07,40.7167854309082,121.20999908447266,78.22794342041016,76.77601623535156,5.232001304626465,225.9326171875,98.4358367919922,56.66880798339844
2017-11-08,41.04985809326172,121.62999725341795,77.34862518310547,77.04024505615234,5.161180019378662,226.31686401367188,98.21819305419922,56.594215393066406
2017-11-09,40.96601104736328,122.12999725341795,77.3406982421875,76.6120376586914,5.066426753997803,225.49588012695312,97.93839263916016,56.9332275390625
2017-11-10,40.83043670654297,121.12999725341795,77.24564361572266,76.41162109375,5.333417892456055,225.42599487304688,96.46155548095705,56.75530624389648
2017-11-13,40.66681289672851,121.30999755859376,77.52291870117188,76.46627044677734,5.246807098388672,225.6355743408203,96.66364288330078,56.72110366821289
2017-11-14,40.05202865600586,121.55999755859376,77.05552673339844,76.57561492919922,5.285052299499512,225.11163330078125,97.31656646728516,56.27630233764648
2017-11-15,39.52373504638672,121.41000366210938,77.78431701660156,75.98043060302734,5.18141508102417,223.98486328125,98.37369537353516,55.57148742675781
2017-11-16,39.99592971801758,121.4000015258789,78.00614929199219,76.18184661865234,5.221635818481445,225.8889617919922,97.5186538696289,55.126708984375
2017-11-17,39.773834228515625,122.86000061035156,77.74471282958984,75.4493408203125,5.215466499328613,225.22509765625,98.24156188964844,54.90771484375
2017-11-20,39.734107971191406,121.30999755859376,78.43392944335938,75.5683822631836,5.282586097717285,225.60943603515625,98.20263671875,55.119850158691406
2017-11-21,40.47278594970703,121.51000213623048,78.37055969238281,76.65801239013672,5.331196308135986,227.0855407714844,98.51361083984376,55.338844299316406
2017-11-22,40.898231506347656,122.62999725341795,78.14081573486328,76.09947967529297,5.307244300842285,226.8846893310547,98.83226776123048,55.4962158203125
2017-11-24,40.90055847167969,122.31999969482422,77.88732147216797,76.23680877685547,5.357370376586914,227.40870666503903,98.56021881103516,55.715179443359375
2017-11-27,40.69484329223633,122.83000183105467,77.57835388183594,76.79539489746094,5.287736892700195,227.295166015625,98.4202880859375,55.50306701660156
2017-11-28,40.45642852783203,122.80999755859376,80.29553985595703,77.72016906738281,5.203041076660156,229.6010284423828,98.55245208740234,55.886260986328125
2017-11-29,39.61722183227539,122.04000091552734,82.17301940917969,76.31005859375,4.8501787185668945,229.46131896972656,97.5808334350586,56.29682922363281
2017-11-30,40.17123031616211,121.0999984741211,82.7988510131836,77.07006072998047,4.956111907958984,231.4703063964844,97.25436401367188,56.99481964111328
2017-12-01,39.984230041503906,121.58999633789062,83.01274108886719,77.15245819091797,4.88129186630249,230.9897918701172,98.56675720214844,57.11112976074219
2017-12-04,39.69203186035156,121.18000030517578,84.72383117675781,74.24071502685547,4.609175682067871,230.7102813720703,98.61351776123048,57.18642044067383
2017-12-05,39.65463638305664,120.31999969482422,83.74947357177734,74.70767974853516,4.6358442306518555,229.8805999755859,99.10421752929688,56.72110366821289
2017-12-06,39.50735855102539,120.06999969482422,83.1236343383789,75.79730987548828,4.673377990722656,229.9242706298828,99.4468994140625,56.30368423461914
2017-12-07,39.579830169677734,118.48999786376952,82.87805938720703,75.5317611694336,4.74078893661499,230.6491546630859,98.66803741455078,56.48843765258789
2017-12-08,39.591522216796875,118.4800033569336,83.91583251953125,77.06090545654297,4.728442668914795,231.9069671630859,98.6758041381836,56.563716888427734
2017-12-11,40.362918853759766,118.01000213623048,83.67024230957031,78.04061889648438,4.806719779968262,232.6056976318359,98.47332000732422,56.8169059753418
2017-12-12,40.136173248291016,118.1500015258789,84.6446304321289,78.3611068725586,4.712392807006836,233.0162048339844,98.43436431884766,56.63214111328125
2017-12-13,40.269412994384766,119.16999816894533,83.5831069946289,78.15052032470703,4.597323417663574,232.99002075195312,99.17431640625,56.87848663330078
2017-12-14,40.25772857666016,118.93000030517578,82.90975189208984,77.54619598388672,4.604484558105469,232.0379638671875,99.59489440917967,56.72795486450195
2017-12-15,40.66681289672851,119.18000030517578,84.08219146728516,79.52397918701172,4.730171203613281,233.97023010253903,99.96882629394533,56.8169059753418
2017-12-18,41.23949432373047,119.7300033569336,84.73177337646484,79.09364318847656,4.886724472045898,235.4539337158203,99.05744171142578,56.75530624389648
2017-12-19,40.80003356933594,119.81999969482422,84.37529754638672,78.59004974365234,4.842523574829102,234.54969787597656,97.77230834960938,56.41316604614258
2017-12-20,40.75563049316406,120.13999938964844,84.08219146728516,78.30618286132812,4.859562397003174,234.42669677734375,96.68966674804688,56.707420349121094
2017-12-21,40.9099006652832,120.30999755859376,85.42096710205078,78.28788757324219,4.837092399597168,234.90951538085935,97.25322723388672,57.37803268432617
2017-12-22,40.9099006652832,120.94000244140624,85.11993408203125,78.29702758789062,4.821781635284424,234.84811401367188,97.38587951660156,57.46014022827149
2017-12-26,39.872032165527344,121.7699966430664,84.77930450439453,78.19630432128906,4.875365257263184,234.5671844482422,97.67472076416016,57.46698760986328
2017-12-27,39.87904357910156,122.2300033569336,84.9377212524414,78.48015594482422,4.8686981201171875,234.68136596679688,98.94696807861328,57.412254333496094
2017-12-28,39.99123764038086,122.8499984741211,85.3892593383789,78.48930358886719,4.8743767738342285,235.16421508789065,98.86107635498048,57.49434280395508
2017-12-29,39.55878448486328,123.6500015258789,84.71593475341797,78.32450103759766,4.778076648712158,234.27748107910156,99.01720428466795,57.23433303833008
2018-01-02,40.26708221435547,125.1500015258789,85.51605224609375,78.69992065429688,4.9225287437438965,235.9543304443359,97.94788360595705,58.18548583984375
2018-01-03,40.260066986083984,124.81999969482422,85.60315704345703,79.06615447998047,5.246500015258789,237.4467315673828,98.41620635986328,59.328250885009766
2018-01-04,40.447059631347656,125.45999908447266,86.82949829101562,79.7620620727539,5.274156093597412,238.4475555419922,98.4006118774414,59.41038131713867
2018-01-05,40.90757369995117,125.33000183105467,86.27210235595703,80.75096130371094,5.318850994110107,240.0364990234375,98.11961364746094,59.362491607666016
2018-01-08,40.75563049316406,125.30999755859376,86.39950561523438,80.83336639404297,5.481823444366455,240.47544860839844,98.05715942382812,59.62935256958008
2018-01-09,40.75094985961914,124.7300033569336,86.83744049072266,80.77843475341797,5.480340957641602,241.019775390625,96.7458953857422,59.37615966796875
2018-01-10,40.741600036621094,125.02999877929688,87.79303741455078,80.41214752197266,5.523306846618652,240.6510009765625,96.62884521484376,58.90398406982422
2018-01-11,40.97300720214844,125.44000244140624,88.26284790039062,80.65022277832031,5.5331854820251465,242.4069061279297,97.02687072753906,59.48564910888672
2018-01-12,41.396121978759766,126.95999908447266,89.7200698852539,82.04203796386719,5.50602388381958,243.9870758056641,97.1907730102539,59.889381408691406
2018-01-16,41.18574142456055,127.16999816894533,89.40158081054688,80.89747619628906,5.435152530670166,243.15313720703125,97.59664916992188,59.512996673583984
2018-01-17,41.8659782409668,126.13999938964844,89.97491455078125,82.53646850585938,5.548988342285156,245.4707794189453,97.4639663696289,60.21784591674805
2018-01-18,41.903377532958984,125.86000061035156,90.1899185180664,82.4998550415039,5.5420732498168945,245.05816650390625,96.5585708618164,59.82779693603515
2018-01-19,41.71638488769531,126.41999816894533,89.9908447265625,82.40828704833984,5.682083606719971,246.17312622070312,96.05120849609376,59.636207580566406
2018-01-22,41.37508773803711,126.6500015258789,91.04196166992188,83.88247680664062,5.770482540130615,248.1747283935547,96.1448745727539,60.38892364501953
2018-01-23,41.38443374633789,127.27999877929688,90.9464111328125,84.14801788330078,5.899380683898926,248.70147705078125,96.5585708618164,60.423133850097656
2018-01-24,40.72523880004883,128.8300018310547,92.10900115966795,84.07473754882812,5.822584629058838,248.60487365722656,96.03561401367188,60.58053207397461
2018-01-25,39.99825668334961,127.97000122070312,92.13291931152344,84.54174041748047,5.836165904998779,248.710205078125,96.82394409179688,60.471038818359375
2018-01-26,40.09174728393555,128.07000732421875,92.62661743164062,86.1258316040039,6.00852108001709,251.5897521972656,96.46491241455078,60.902137756347656
2018-01-29,39.261924743652344,127.3499984741211,92.53105926513672,85.99760437011719,6.095442295074463,249.9217071533203,95.79371643066406,60.22468566894531
2018-01-30,39.03050231933594,126.8000030517578,91.6630859375,84.91715240478516,5.993460178375244,247.35829162597656,95.23169708251952,59.38300323486328
2018-01-31,39.138038635253906,127.6500015258789,92.10900115966795,86.99567413330078,6.069512844085693,247.4811248779297,95.79371643066406,59.73883819580078
2018-02-01,39.2198371887207,128.07000732421875,93.06458282470705,86.30894470214844,5.9386420249938965,247.20018005371097,94.40534210205078,60.95002746582031
2018-02-02,37.51809310913086,126.38999938964844,91.00214385986328,84.03814697265625,5.766286849975586,241.8186187744141,93.52935791015624,57.84334945678711
2018-02-05,36.580718994140625,126.70999908447266,86.63837432861328,80.57698822021484,5.276872634887695,231.7052001953125,94.4131317138672,54.5518913269043
2018-02-06,38.109493255615234,125.37999725341795,89.27418518066406,83.62609100341797,5.570223331451416,236.27035522460935,93.82657623291016,53.614402770996094
2018-02-07,37.293663024902344,124.79000091552734,89.87934112548828,82.0511703491211,5.649735450744629,234.9885711669922,92.93489074707033,52.649559020996094
2018-02-08,36.26748275756836,124.9800033569336,85.90577697753906,77.83918762207031,5.371199607849121,226.17445373535156,92.83323669433594,52.054229736328125
2018-02-09,36.711090087890625,124.7699966430664,87.62579345703125,80.74179077148438,5.730728626251221,229.57191467285156,92.24658966064452,52.38603210449219
2018-02-12,38.18976211547851,125.37000274658205,88.97949981689453,81.61165618896484,5.630720615386963,232.94308471679688,92.6533432006836,52.82845687866211
2018-02-13,38.57234573364258,126.08000183105467,89.52897644042969,82.25260925292969,5.744308948516846,233.52252197265625,93.06785583496094,52.74550247192383
2018-02-14,39.28352355957031,128.22999572753906,91.59937286376952,83.54054260253906,5.96135950088501,236.67417907714844,92.03543853759766,52.85612106323242
2018-02-15,40.60259246826172,128.3800048828125,91.98159790039062,85.2424545288086,6.086799621582031,239.6941070556641,92.3482666015625,52.68328094482422
2018-02-16,40.47114944458008,127.95999908447266,91.3206787109375,84.63529205322266,6.021117210388184,239.7644195556641,92.8488311767578,52.91141128540039
2018-02-20,40.33502197265625,126.23999786376952,91.34455871582033,85.29764556884766,6.150505542755127,238.26312255859375,92.44219970703124,52.36529541015625
2018-02-21,40.15193939208984,125.66000366210938,91.72679138183594,84.16610717773438,5.9635820388793945,237.0779571533203,91.3080062866211,51.770790100097656
2018-02-22,40.487579345703125,126.3000030517578,91.5595703125,84.38691711425781,5.9831013679504395,237.38528442382812,91.5818099975586,52.44134521484375
2018-02-23,41.19172286987305,126.13999938964844,93.41495513916016,86.53041076660156,6.076498508453369,241.16900634765625,92.39518737792967,53.59578323364258
2018-02-26,42.006160736083984,126.4499969482422,94.57756042480467,87.7815170288086,6.092558860778809,243.969482421875,92.42652893066406,54.50138473510742
2018-02-27,41.870025634765625,125.12999725341795,93.45479583740234,86.65917205810547,6.079710483551025,240.9232482910156,92.29354858398438,53.5750617980957
2018-02-28,41.8066520690918,125.0,91.97364807128906,86.26358795166016,5.979394912719727,238.48263549804688,92.88014221191406,52.35837936401367
2018-03-01,41.07436752319336,124.72000122070312,90.32527923583984,85.4172592163086,5.73750114440918,235.01499938964844,93.51416778564452,51.985084533691406
2018-03-02,41.358360290527344,125.38999938964844,90.23767852783205,85.60124206542969,5.844488620758057,236.2264709472656,92.7540054321289,52.227054595947266
2018-03-05,41.50152587890625,125.18000030517578,91.6232681274414,86.14399719238281,5.822497367858887,238.95672607421875,92.5031967163086,52.72476577758789
2018-03-06,41.46632385253906,126.52999877929688,91.7029266357422,85.84962463378906,5.983348369598389,239.56246948242188,92.5894012451172,52.66255569458008
2018-03-07,41.08140182495117,125.72000122070312,91.3604736328125,86.34639739990234,5.975442409515381,239.474609375,92.4875030517578,51.33527374267578
2018-03-08,41.52970504760742,125.41999816894533,91.36844635009766,86.87075805664062,5.959132671356201,240.63345336914065,93.02042388916016,51.23849105834961
2018-03-09,42.24321746826172,125.54000091552734,93.99626922607422,88.81185150146484,6.061672210693359,244.82113647460935,92.40914154052734,51.542667388916016
2018-03-12,42.6516227722168,125.54000091552734,93.69365692138672,89.02345275878906,6.1711297035217285,244.5138702392578,92.94207763671876,52.012733459472656
2018-03-13,42.24087142944336,125.77999877929688,92.57087707519533,86.85234832763672,6.120478630065918,242.93370056152344,93.41232299804688,51.52191925048828
2018-03-14,41.88177108764648,125.6999969482422,91.53565979003906,86.3371810913086,6.145928859710693,241.6870574951172,94.23519897460938,50.8790168762207
2018-03-15,41.93105697631836,124.9000015258789,91.76659393310548,86.64076232910156,6.160754203796387,241.42364501953125,94.23519897460938,51.44588851928711
2018-03-16,41.78317642211914,124.5999984741211,91.9258804321289,87.02714538574219,6.188921928405762,241.68540954589844,93.89822387695312,51.92979431152344
2018-03-19,41.144771575927734,124.87000274658205,91.20121002197266,85.45404052734375,5.954686641693115,238.41539001464844,93.60040283203124,51.259239196777344
2018-03-20,41.13068008422851,124.30999755859376,91.28882598876952,85.67481231689453,6.166684150695801,238.82078552246097,93.22418212890624,51.14862823486328
2018-03-21,40.19888687133789,126.4800033569336,91.36844635009766,85.0768814086914,6.141482830047607,238.3624725341797,93.32609558105467,51.874481201171875
2018-03-22,39.63089370727539,125.9800033569336,87.55412292480469,82.6021957397461,5.97568941116333,232.4040679931641,94.25091552734376,50.80990982055664
2018-03-23,38.71316909790039,127.61000061035156,85.21297454833984,80.20111846923828,5.756279468536377,227.4504852294922,94.18032836914062,50.38822937011719
2018-03-26,40.55094909667969,128.27999877929688,87.8407974243164,86.27278137207031,6.0406718254089355,233.67330932617188,93.81983184814452,51.155540466308594
2018-03-27,39.51118469238281,127.48999786376952,86.13668823242188,82.30781555175781,5.572201728820801,229.69810485839844,94.82300567626952,50.94815444946289
2018-03-28,39.07463073730469,125.7300033569336,86.00133514404297,82.23422241210938,5.469170570373535,229.0194091796875,95.07379150390624,50.3328857421875
2018-03-29,39.3797492980957,125.79000091552734,87.5700454711914,83.9637222290039,5.7221832275390625,231.94577026367188,95.53620147705078,51.57723617553711
2018-04-02,39.121559143066406,127.26000213623048,85.88188171386719,81.43386840820312,5.461756229400635,226.9392547607422,95.72467041015624,50.6163330078125
2018-04-03,39.522926330566406,126.3000030517578,87.0604248046875,82.52860260009766,5.568002700805664,229.84799194335935,94.98645782470705,51.860652923583984
2018-04-04,40.27869415283203,126.4499969482422,88.38229370117188,84.9388656616211,5.589993953704834,232.30715942382812,94.79000091552734,51.75696563720703
2018-04-05,40.55800247192383,125.8000030517578,89.54280853271484,84.98487854003906,5.469911575317383,234.14047241210935,94.08319854736328,52.551944732666016
2018-04-06,39.52056121826172,126.38999938964844,87.30982208251953,83.00700378417969,5.293741703033447,228.92247009277344,95.11206817626952,51.75696563720703
2018-04-09,39.91253662109375,126.81999969482422,88.35829162597656,83.50374603271484,5.3224029541015625,230.0506591796875,95.26914978027344,51.75696563720703
2018-04-10,40.66360855102539,127.12000274658205,90.04700469970703,85.44485473632812,5.6312575340271,233.70855712890625,95.09640502929688,53.27781677246094
2018-04-11,40.4734992980957,128.11000061035156,88.53433990478516,84.50650024414062,5.589993953704834,232.4833984375,95.43409729003906,53.526668548583984
2018-04-12,40.87250518798828,126.62000274658205,90.73531341552734,86.08881378173828,5.7965521812438965,234.3961181640625,94.73507690429688,53.38148880004883
2018-04-13,41.010986328125,127.4499969482422,88.27825164794922,85.62882995605469,5.719958782196045,233.70855712890625,94.95500946044922,53.81009292602539
2018-04-16,41.26681137084961,127.62999725341795,88.20622253417969,86.6315689086914,5.719711780548096,235.6300811767578,94.98645782470705,54.29399871826172
2018-04-17,41.83482360839844,127.75,88.20622253417969,88.37946319580078,5.86919641494751,238.15090942382812,95.24559783935548,54.14881896972656
2018-04-18,41.740943908691406,127.8499984741211,87.49390411376953,88.71985626220703,5.840285778045654,238.32725524902344,94.48377227783205,54.76408386230469
2018-04-19,40.55800247192383,127.5999984741211,89.41474151611328,88.41626739501953,5.659175872802734,237.00503540039065,93.7140655517578,54.9023323059082
2018-04-20,38.896236419677734,126.62999725341795,89.21466064453125,87.3951416015625,5.651022434234619,234.9954376220703,93.03863525390624,54.612003326416016
2018-04-23,38.78358459472656,125.62000274658205,88.78246307373047,87.71712493896484,5.531680583953857,234.960205078125,93.06218719482422,55.00604248046875
2018-04-24,38.24374008178711,126.2300033569336,88.36627960205078,85.66565704345703,5.465465068817139,231.79588317871097,92.63807678222656,54.16264724731445
2018-04-25,38.4103889465332,125.41000366210938,88.03012084960938,84.92047119140625,5.3532891273498535,232.36880493164065,92.0176239013672,54.95762252807617
2018-04-26,38.54418182373047,124.97000122070312,88.11817169189453,86.7143783569336,5.564790725708008,234.7310333251953,92.66162872314452,55.897804260253906
2018-04-27,38.098236083984375,125.5,87.55791473388672,88.14948272705078,5.5922160148620605,234.95135498046875,93.37632751464844,53.77552032470703
2018-04-30,38.78826904296875,124.58999633789062,87.06170654296875,86.03361511230469,5.556883811950684,233.1444549560547,93.5413055419922,53.74789047241211
2018-05-01,39.6895637512207,123.70999908447266,87.06170654296875,87.3951416015625,5.61223030090332,233.55877685546875,93.20436096191406,53.194854736328125
2018-05-02,41.44285202026367,123.6500015258789,86.3734130859375,86.02440643310547,5.591723442077637,231.98977661132812,93.10206604003906,53.091156005859375
2018-05-03,41.5179557800293,124.27999877929688,85.82917785644531,86.53958129882812,5.756772041320801,231.47853088378903,93.51925659179688,52.91141128540039
2018-05-04,43.14685821533203,124.54000091552734,86.78158569335938,87.54234313964844,5.90675163269043,234.47537231445312,93.66087341308594,53.1602897644043
2018-05-07,43.459014892578125,124.56999969482422,87.533935546875,88.51750183105469,6.144445896148682,235.2686309814453,93.51138305664062,53.7409553527832
2018-05-08,43.66790771484375,124.58999633789062,88.83047485351562,88.14028930664062,6.186944961547852,235.2686309814453,93.42477416992188,53.982906341552734
2018-05-09,43.975372314453125,124.33000183105467,90.76732635498048,89.17984771728516,6.3198747634887695,237.5427398681641,92.8659210205078,55.25489044189453
2018-05-10,44.604393005371094,125.18000030517578,91.4716339111328,90.07218933105467,6.427356243133545,239.7639007568359,93.61369323730467,56.49229049682617
2018-05-11,44.43476486206055,125.0,91.1274871826172,89.87901306152344,6.288990497589111,240.49542236328125,93.849853515625,56.75765609741211
2018-05-14,44.33109664916992,124.48999786376952,91.15948486328124,90.18257904052734,6.309497356414795,240.610107421875,93.35392761230467,57.14173126220703
2018-05-15,43.92817687988281,122.4800033569336,90.46318817138672,89.52938842773438,6.067357063293457,238.95306396484375,92.29133605957033,57.1137809753418
2018-05-16,44.33816146850586,122.29000091552734,90.71129608154295,89.76040649414062,6.078475475311279,239.9578094482422,91.93709564208984,57.27439880371094
2018-05-17,44.05778503417969,122.36000061035156,90.40718841552734,88.86418914794922,6.120478630065918,239.75509643554688,91.47267150878906,57.17664337158203
2018-05-18,43.897560119628906,122.41000366210938,88.94252014160156,89.03048706054688,6.07674503326416,239.15577697753903,92.25982666015624,56.77162551879883
2018-05-21,44.20857238769531,122.4800033569336,89.75888061523438,90.17619323730467,6.034739971160889,240.95388793945312,92.3070831298828,57.45595169067383
2018-05-22,44.09783554077149,122.41000366210938,90.44719696044922,90.08377075195312,5.996691703796387,240.2839508056641,92.16537475585938,57.009037017822266
2018-05-23,44.38057327270508,122.54000091552734,90.031005859375,91.1555633544922,6.120061874389648,240.94503784179688,92.83441925048828,57.36516189575195
2018-05-24,44.33109664916992,123.58999633789062,89.02255249023438,90.83216857910156,6.123770236968994,240.45138549804688,93.57435607910156,56.052364349365234
2018-05-25,44.43239974975586,123.20999908447266,88.56636810302734,90.87835693359376,6.163079261779785,239.87855529785156,94.15681457519533,54.963016510009766
2018-05-29,44.272178649902344,123.19000244140624,84.78073120117188,90.5549774169922,6.146020889282227,237.1197052001953,96.21907043457033,54.760528564453125
2018-05-30,44.177940368652344,123.37000274658205,86.71755981445312,91.42346954345705,6.254804611206055,240.2839508056641,95.57363891601562,56.91129302978515
2018-05-31,44.02950668334961,123.0999984741211,85.64508819580078,91.32184600830078,6.235024929046631,238.81202697753903,95.41620635986328,56.7297248840332
2018-06-01,44.82353591918945,122.48999786376952,86.75759887695312,93.12350463867188,6.369275093078613,241.1565704345703,94.9120864868164,57.14173126220703
2018-06-04,45.198143005371094,122.37000274658205,86.79759979248047,93.93658447265624,6.548025131225586,242.3024444580078,94.2256851196289,56.54118347167969
2018-06-05,45.54686737060547,122.8499984741211,86.30941009521484,94.41702270507812,6.553465366363525,242.4787750244141,94.44657135009766,56.33867645263672
2018-06-06,45.70472717285156,122.91999816894533,88.32628631591797,94.69419860839844,6.5554423332214355,244.50601196289065,93.68132781982422,57.30232620239258
2018-06-07,45.58221435546875,122.86000061035156,88.67840576171875,93.20667266845705,6.499814033508301,244.47947692871097,94.5886001586914,57.87492752075195
2018-06-08,45.167518615722656,123.01000213623048,88.92652130126953,93.8996124267578,6.4844865798950195,245.2023162841797,94.3045654296875,58.37771987915039
2018-06-11,45.05677795410156,123.2300033569336,88.70242309570312,93.3637466430664,6.44344425201416,245.52847290039065,94.13101959228516,58.02855682373047
2018-06-12,45.304176330566406,122.81999969482422,88.19019317626953,93.60398864746094,6.491902828216553,245.84573364257812,94.15467071533205,57.5537223815918
2018-06-13,44.93189239501953,123.19000244140624,88.0141372680664,93.17893981933594,6.487453937530518,245.06121826171875,94.10733795166016,56.91825485229492
2018-06-14,44.95547103881836,123.37999725341795,86.46144104003906,93.70562744140624,6.598955154418945,245.6782684326172,94.88841247558594,57.18360137939453
2018-06-15,44.4936637878418,121.33999633789062,86.35740661621094,92.51373291015624,6.558162212371826,245.3647918701172,94.9751968383789,56.32471466064453
2018-06-18,44.4701042175293,121.11000061035156,86.58151245117188,93.18817901611328,6.553959846496582,244.86016845703125,94.88841247558594,56.43645095825195
2018-06-19,43.7514762878418,120.8000030517578,86.0772933959961,93.18817901611328,6.432318687438965,243.9216461181641,95.44066619873048,56.35264205932617
2018-06-20,43.94233703613281,120.26000213623048,86.06927490234375,94.12137603759766,6.485227584838867,244.3377990722656,94.60435485839844,56.17807388305664
2018-06-21,43.69729232788086,120.0500030517578,86.04527282714844,93.44690704345705,6.356665134429932,242.80612182617188,95.10143280029295,55.64737319946289
2018-06-22,43.570045471191406,120.33999633789062,84.63665771484375,92.77244567871094,6.204367160797119,243.2487335205078,95.09354400634766,56.82750701904297
2018-06-25,42.92210388183594,119.88999938964844,83.86832427978516,90.90608215332033,5.911890506744385,239.93743896484375,95.30656433105467,55.68228530883789
2018-06-26,43.454586029052734,119.26000213623048,83.9243392944336,91.54359436035156,5.982844352722168,240.46871948242188,95.44066619873048,56.31074905395508
2018-06-27,43.390987396240234,118.58000183105467,82.6277847290039,90.12074279785156,5.827828407287598,238.47659301757812,96.34008026123048,57.05794525146485
2018-06-28,43.70671081542969,118.22000122070312,83.98037719726562,91.12782287597656,5.954905986785889,239.8401031494141,96.36376190185548,57.23948287963867
2018-06-29,43.61483001708984,118.6500015258789,83.39611053466797,91.10933685302734,5.857001304626465,240.18536376953125,96.03243255615234,57.770172119140625
2018-07-02,44.102535247802734,117.45999908447266,84.10042572021484,92.4028549194336,5.989027500152588,240.69888305664065,95.95729064941406,57.09283828735352
2018-07-03,43.33443069458008,118.6500015258789,82.92390441894531,91.51588439941406,5.855519771575928,239.84893798828125,96.47126007080078,57.42802429199219
2018-07-05,43.683143615722656,119.0500030517578,83.46307373046875,92.171875,6.00114107131958,241.8055725097656,96.74803161621094,57.47690200805664
2018-07-06,44.28868865966797,118.86000061035156,83.7366714477539,93.46539306640624,6.114868640899658,243.8509063720703,97.06433868408205,57.4908561706543
2018-07-09,44.90364074707031,119.1500015258789,86.3277816772461,94.1028823852539,6.1623382568359375,246.04649353027344,96.43965911865234,57.888912200927734
2018-07-10,44.84944152832031,118.93000030517578,85.79668426513672,94.35236358642578,6.261231899261475,246.9319610595703,96.43173217773438,58.41960525512695
2018-07-11,44.267478942871094,117.63999938964844,85.6115951538086,94.22301483154295,6.119813919067383,245.1258544921875,96.80337524414062,57.67242813110352
2018-07-12,45.00966262817383,118.12999725341795,85.98177337646484,96.26490020751952,6.211289882659912,247.34803771972656,96.79547119140624,57.74226379394531
2018-07-13,45.080352783203125,117.61000061035156,85.58747100830078,97.41059112548828,6.164069175720215,247.54286193847656,97.04058837890624,58.17519760131836
2018-07-16,44.98139190673828,117.5500030517578,88.9832763671875,96.93013763427734,6.136379718780518,247.3214874267578,96.63732147216795,57.60260009765625
2018-07-17,45.10861587524414,116.27999877929688,88.91889953613281,97.8910140991211,6.272109508514404,248.32199096679688,96.45545196533205,57.47690200805664
2018-07-18,44.86122131347656,116.30999755859376,89.74773406982422,97.12418365478516,6.222910404205322,248.84442138671875,96.0680160522461,57.41407775878906
2018-07-19,45.20994567871094,115.80999755859376,88.42805480957031,96.45893096923828,6.231069564819336,247.90582275390625,96.67687225341795,57.26740646362305
2018-07-20,45.10626220703125,116.55999755859376,89.54656982421875,98.18671417236328,6.202883243560791,247.6225128173828,95.49078369140624,56.841453552246094
2018-07-23,45.14632415771485,116.0,91.21231842041016,99.75741577148438,6.166294097900391,248.0829315185547,94.31249237060548,56.841453552246094
2018-07-24,45.47382736206055,116.04000091552734,91.85603332519533,99.47100067138672,6.148987293243408,249.3313751220703,94.63672637939452,57.96571350097656
2018-07-25,45.90264892578125,116.68000030517578,92.68490600585938,102.39984893798828,6.227113723754883,251.45616149902344,94.4864730834961,58.37071990966797
2018-07-26,45.75893020629883,115.7699966430664,92.4193115234375,101.28189086914062,6.30054235458374,250.8630218505859,94.30460357666016,58.82460403442383
2018-07-27,44.99789047241211,115.83000183105467,93.368896484375,99.48944091796876,6.230822563171387,249.16310119628903,94.46273803710938,57.204566955566406
2018-07-30,44.74577331542969,115.6500015258789,93.9321746826172,97.35514831542967,6.03575325012207,247.8616485595703,94.13856506347656,57.0788688659668
2018-07-31,44.83530807495117,115.98999786376952,92.49980926513672,98.0111312866211,6.053802013397217,249.08343505859375,94.65255737304688,56.91825485229492
2018-08-01,47.476566314697266,115.13999938964844,93.07115173339844,98.19593048095705,6.093606948852539,248.6672515869141,93.88142395019533,56.13616943359375
2018-08-02,48.86432647705078,114.5199966430664,93.46544647216795,99.3878173828125,6.19620943069458,250.02197265625,94.01614379882812,55.800994873046875
2018-08-03,49.00571060180664,114.91999816894533,94.22186279296876,99.82205963134766,6.232800006866455,251.0931854248047,94.4837417602539,56.00349807739258
2018-08-06,49.26016998291016,114.33000183105467,94.24601745605467,99.9052276611328,6.280516624450684,252.01405334472656,94.53922271728516,55.989524841308594
2018-08-07,48.798362731933594,114.58999633789062,94.59200286865234,100.59815216064452,6.352707862854004,252.84625244140625,94.04786682128906,56.750675201416016
2018-08-08,48.83134841918945,114.91000366210938,94.78514099121094,101.16178131103516,6.389052391052246,252.74009704589844,94.1429672241211,56.37358093261719
2018-08-09,49.21540451049805,114.73999786376952,94.05287170410156,101.3280792236328,6.340595722198486,252.39471435546875,94.9354476928711,56.0872917175293
2018-08-10,49.068817138671875,114.69000244140624,93.12745666503906,100.7090301513672,6.2993059158325195,250.7037048339844,95.62496948242188,56.03084945678711
2018-08-13,49.385643005371094,112.95999908447266,91.64681243896484,99.97913360595705,6.332188606262207,249.76515197753903,95.42684936523438,55.42411804199219
2018-08-14,49.59370422363281,113.06999969482422,92.25839233398438,101.22647094726562,6.463469982147217,251.3588409423828,95.21286010742188,55.24774169921875
2018-08-15,49.709571838378906,111.19000244140624,91.49393463134766,99.85377502441406,6.405371189117432,249.4818878173828,95.7676010131836,54.281211853027344
2018-08-16,50.43781280517578,111.0999984741211,92.35494995117188,99.83521270751952,6.364824295043945,251.5005340576172,95.75970458984376,55.02903747558594
2018-08-17,51.4450569152832,112.12999725341795,92.35494995117188,99.77955627441406,6.052812099456787,252.38589477539065,95.87859344482422,55.21248245239258
2018-08-20,50.94379425048828,112.69000244140624,92.23426055908205,99.12106323242188,6.127477169036865,252.92605590820312,96.52044677734376,55.600494384765625
2018-08-21,50.8444938659668,113.0199966430664,92.79754638671876,98.29557037353516,6.262964248657227,253.5191650390625,96.19556427001952,55.61460494995117
2018-08-22,50.84684753417969,113.2699966430664,92.5159149169922,99.2972640991211,6.497836112976074,253.36871337890625,96.57599639892578,56.41181564331055
2018-08-23,50.950889587402344,112.1999969482422,92.32276916503906,99.76102447509766,6.597225666046143,253.03219604492188,96.72657012939452,55.790977478027344
2018-08-24,51.10930633544922,114.16000366210938,92.28256225585938,100.54011535644533,6.7302374839782715,254.55506896972656,96.91674041748048,56.171966552734375
2018-08-27,51.53016662597656,114.58999633789062,93.91606903076172,101.6530990600586,6.821218967437744,256.56488037109375,96.36199188232422,56.72224807739258
2018-08-28,51.946311950683594,113.68000030517578,93.45738220214844,102.26524353027344,6.783639907836914,256.6888427734375,95.78347778320312,56.63758850097656
2018-08-29,52.72183990478515,114.1999969482422,93.15162658691406,103.89761352539062,6.889020919799805,258.0700988769531,95.91026306152344,57.04677963256836
2018-08-30,53.206546783447266,113.63999938964844,92.69295501708984,103.83270263671876,6.872199058532715,257.0252685546875,96.11629486083984,56.79985809326172
2018-08-31,53.8212890625,113.51000213623048,92.20205688476562,104.18515014648438,6.943192958831787,257.0341796875,95.89445495605467,56.55997085571289
2018-09-04,53.993900299072266,112.93000030517578,92.6607666015625,103.61012268066406,7.0179009437561035,256.5914306640625,95.34000396728516,56.64463806152344
2018-09-05,53.6416015625,113.31999969482422,92.2101058959961,100.6235580444336,6.887287616729736,255.90086364746097,95.08582305908205,57.39952087402344
2018-09-06,52.750213623046875,113.54000091552734,91.81582641601562,100.85545349121094,6.746286869049072,255.13055419921875,95.43531799316406,56.76458358764648
2018-09-07,52.32461929321289,113.2300033569336,91.99285888671876,100.36387634277344,6.725014686584473,254.63473510742188,94.62513732910156,57.73112487792969
2018-09-10,51.62238693237305,113.1500015258789,91.50198364257812,101.44905090332033,6.796009063720703,255.0774383544922,94.97461700439452,57.64645004272461
2018-09-11,52.92755126953125,113.22000122070312,92.08135986328124,103.1741943359375,6.748266696929932,255.91859436035156,94.25180053710938,58.45777893066406
2018-09-12,52.270233154296875,114.16999816894533,90.99503326416016,103.61012268066406,6.634476661682129,255.98057556152344,94.47418975830078,58.64826583862305
2018-09-13,53.532833099365234,113.76000213623048,91.34910583496094,104.72311401367188,6.7121500968933105,257.4945068359375,94.61717224121094,58.07680130004883
2018-09-14,52.92517852783203,113.0199966430664,91.33300018310548,105.14974212646484,6.838062286376953,257.5387878417969,94.1644058227539,58.50010681152344
2018-09-17,51.5159912109375,113.61000061035156,91.60660552978516,104.00894165039062,6.776219367980957,256.1753234863281,94.1644058227539,58.84580993652344
2018-09-18,51.60110855102539,113.44000244140624,91.97676849365234,105.00133514404295,6.704235076904297,257.5653076171875,93.17949676513672,59.00099182128906
2018-09-19,51.63184356689453,113.87999725341795,94.64835357666016,103.600830078125,6.727981090545654,257.83978271484375,92.62348175048828,59.70651626586914
2018-09-20,52.02433013916016,114.2699966430664,95.4610824584961,105.3352279663086,6.586981773376465,259.92926025390625,93.05237579345705,59.840553283691406
2018-09-21,51.4639778137207,113.48999786376952,94.83344268798828,105.9751968383789,6.516973495483398,259.69189453125,93.01268005371094,60.08749008178711
2018-09-24,52.20403289794922,113.47000122070312,93.92412567138672,106.35546875,6.572633266448975,258.8292236328125,92.77439880371094,61.09635162353515
2018-09-25,52.53504180908203,113.6500015258789,93.6585693359375,106.15144348144533,6.639671325683594,258.5889892578125,92.6791000366211,61.02580261230469
2018-09-26,52.1165657043457,113.0500030517578,92.5561294555664,105.71549224853516,6.602812767028809,257.8151550292969,93.33042907714844,60.517826080322266
2018-09-27,53.18761444091797,112.0500030517578,92.15377807617188,106.11431121826172,6.614686965942383,258.53564453125,93.3939971923828,60.510772705078125
2018-09-28,53.37441635131836,112.76000213623048,90.80189514160156,106.0772476196289,6.951604843139648,258.56231689453125,93.14769744873048,59.981658935546875
2018-10-01,53.73381042480469,112.56999969482422,91.33300018310548,107.22733306884766,7.1579132080078125,259.4606018066406,92.4638900756836,60.53899765014648
2018-10-02,54.211421966552734,113.87000274658205,91.7112045288086,106.80068969726562,7.086668968200684,259.30938720703125,93.02910614013672,60.99757385253906
2018-10-03,54.87110137939453,113.41999816894533,92.57223510742188,106.81922912597656,7.092853546142578,259.4516906738281,91.4130859375,60.77887344360352
2018-10-04,53.90641403198242,113.4800033569336,93.4068603515625,104.6117935180664,6.908810615539551,257.4239501953125,90.76825714111328,60.376739501953125
2018-10-05,53.03157424926758,113.8000030517578,92.88015747070312,103.99962615966795,6.675538539886475,255.98306274414065,89.98814392089844,60.2073974609375
2018-10-08,52.908634185791016,112.54000091552734,93.4473876953125,102.81246948242188,6.574365615844727,255.98306274414065,89.68562316894531,60.764774322509766
2018-10-09,53.6416015625,112.5999984741211,92.79911041259766,104.12022399902344,6.568676948547363,255.60955810546875,90.5931396484375,61.03285598754883
2018-10-10,51.15659713745117,112.87999725341795,90.32759857177734,98.4625244140625,6.077643871307373,247.5160369873047,90.34632873535156,59.628902435302734
2018-10-11,50.70499420166016,115.77999877929688,87.62110900878906,98.23067474365234,5.8164215087890625,242.06431579589844,91.4449234008789,57.568851470947266
2018-10-12,52.516136169433594,115.2300033569336,86.66490173339844,101.62525939941406,6.098670482635498,245.4260711669922,91.12649536132812,57.41364669799805
2018-10-15,51.39303207397461,116.0,86.17060089111328,99.79810333251952,5.822606563568115,244.04751586914065,91.08668518066406,57.01856231689453
2018-10-16,52.52558517456055,115.8000030517578,88.0181655883789,102.95156860351562,6.081108093261719,249.3838806152344,91.2936553955078,57.28664779663086
2018-10-17,52.29861068725586,115.79000091552734,88.99864959716797,102.68260192871094,6.012587070465088,249.42825317382812,90.75234985351562,57.49829864501953
2018-10-18,51.07620620727539,115.91999816894533,87.58868408203125,100.63286590576172,5.925265312194824,245.82630920410156,90.72052001953124,57.745208740234375
2018-10-19,51.85409927368164,116.01000213623048,87.44282531738281,100.78125,5.668989658355713,245.69287109375,90.521484375,57.829872131347656
2018-10-22,52.170936584472656,115.70999908447266,86.18682861328125,101.68094635009766,5.719701290130615,244.5901031494141,90.40203857421876,57.251373291015625
2018-10-23,52.662723541259766,116.38999938964844,85.287353515625,100.26185607910156,5.468372344970703,243.34486389160156,90.6886749267578,56.327171325683594
2018-10-24,50.8563117980957,116.66000366210938,83.69910430908203,94.90095520019533,4.932815074920654,235.9718780517578,91.3732681274414,54.76093673706055
2018-10-25,51.96995544433594,116.4000015258789,84.9713134765625,100.44734954833984,5.141348361968994,240.2053985595703,90.99113464355467,55.24774169921875
2018-10-26,51.14241790771485,116.7699966430664,83.804443359375,99.20453643798828,4.905109405517578,235.9807891845703,91.54043579101562,54.69744491577149
2018-10-29,50.18245697021485,116.30999755859376,84.96321868896484,96.32003021240234,4.591691017150879,234.6733856201172,91.33348846435548,54.35881042480469
2018-10-30,50.43308639526367,115.8000030517578,86.46233367919922,96.2087173461914,5.021620273590088,238.15087890625,90.8797378540039,55.579349517822266
2018-10-31,51.74769973754883,115.1500015258789,88.34230041503906,99.06539154052734,5.215311050415039,240.6945648193359,90.41796875,56.21427536010742
2018-11-01,52.542137145996094,116.62999725341795,88.30989074707031,98.23991394042967,5.395398139953613,243.2560272216797,90.50178527832033,56.912723541259766
2018-11-02,49.05699920654297,116.6500015258789,87.82368469238281,98.4625244140625,5.316486358642578,241.8151702880859,89.3765869140625,57.81576919555664
2018-11-05,47.66435241699219,116.37000274658205,88.39901733398438,99.71466064453124,5.2385640144348145,243.1492462158203,89.72772216796875,57.59705352783203
2018-11-06,48.17979049682617,116.04000091552734,88.81229400634766,99.90940856933594,5.221001148223877,244.68785095214844,89.67184448242188,57.843997955322266
2018-11-07,49.64099884033203,116.02999877929688,90.33570861816406,103.84196472167967,5.288531303405762,249.9263610839844,89.79156494140625,58.57771301269531
2018-11-08,49.46779251098633,115.77999877929688,91.06501770019533,103.64718627929688,5.095583438873291,249.47283935546875,89.78360748291016,57.64645004272461
2018-11-09,48.51398468017578,114.4800033569336,90.18174743652344,101.62525939941406,5.087666988372803,247.03591918945312,90.45391845703124,57.63220977783203
2018-11-12,46.07014846801758,113.66000366210938,88.28556823730469,99.12106323242188,4.688661098480225,242.419921875,91.0444107055664,56.89104080200195
2018-11-13,45.60983657836914,113.6999969482422,88.80418395996094,99.18596649169922,4.930340766906738,241.96636962890625,90.98857879638672,55.586883544921875
2018-11-14,44.32147216796875,114.63999938964844,86.97283935546875,97.77940368652344,4.8778977394104,240.31211853027344,91.0444107055664,55.152156829833984
2018-11-15,45.415283203125,114.7699966430664,89.19316101074219,99.93116760253906,5.006531238555908,242.8202362060547,91.00453186035156,55.722293853759766
2018-11-16,45.91828918457031,115.62000274658205,89.12831115722656,100.8719711303711,4.067513465881348,243.45167541503903,91.53121185302734,56.271026611328125
2018-11-19,44.09844207763672,115.66999816894533,89.80899810791016,97.45339965820312,3.579451084136963,239.33377075195312,91.78656768798828,56.45632553100586
2018-11-20,41.99151611328125,115.66999816894533,87.88040161132812,94.7427215576172,3.687799453735352,234.9046630859375,91.81847381591795,54.85285568237305
2018-11-21,41.944061279296875,115.86000061035156,87.22403717041016,96.04681396484376,3.5796985626220703,235.70504760742188,91.78656768798828,55.2733154296875
2018-11-23,40.87872695922851,115.7699966430664,86.42181396484375,96.00957489013672,3.5868725776672363,234.13087463378903,91.88231658935548,53.79814147949219
2018-11-26,41.43156814575195,115.63999938964844,88.53679656982422,99.17664337158205,3.7860045433044434,237.91075134277344,91.67481994628906,54.85997772216797
2018-11-27,41.341407775878906,114.9499969482422,88.90953826904297,99.80078125,3.802825689315796,238.71121215820312,91.7785873413086,54.90986251831055
2018-11-28,42.93109130859375,115.37999725341795,89.89812469482422,103.50811767578124,3.9596590995788574,244.2075958251953,91.33171844482422,55.907562255859375
2018-11-29,42.60129165649414,115.73999786376952,89.18504333496094,102.64183807373048,3.8965165615081783,243.67396545410156,91.69078063964844,56.34230041503906
2018-11-30,42.37114334106445,115.54000091552734,90.10072326660156,103.29386138916016,4.046821594238281,245.1592559814453,92.033935546875,56.65585708618164
2018-12-03,43.851688385009766,116.41000366210938,90.95156860351562,104.41168212890624,4.210496425628662,248.4055023193359,92.68740844726562,57.88161087036133
2018-12-04,41.922706604003906,117.12000274658205,86.89181518554688,101.0862274169922,3.890326738357544,240.35658264160156,94.2391586303711,56.60597229003906
2018-12-06,41.455291748046875,117.13999938964844,85.2387466430664,101.71031951904295,3.9195446968078618,239.99191284179688,94.53510284423828,55.86482620239258
2018-12-07,39.97711181640625,118.08999633789062,83.69910430908203,97.6396713256836,3.6550889015197754,234.41555786132812,94.71104431152344,55.330322265625
2018-12-10,40.2404899597168,117.68000030517578,82.13516235351562,100.21993255615234,3.760326623916626,234.86016845703125,95.10301208496094,54.54640579223633
2018-12-11,40.01033401489258,117.54000091552734,81.33294677734375,101.15144348144533,3.6694509983062744,234.9135284423828,95.08699035644533,54.64617156982422
2018-12-12,40.12184524536133,117.79000091552734,81.85962677001953,101.60784149169922,3.6870322227478023,236.0963897705078,94.6630630493164,54.17583465576172
2018-12-13,40.560791015625,117.52999877929688,81.940673828125,101.9525146484375,3.686784505844116,236.01644897460935,94.43910217285156,54.85997772216797
2018-12-14,39.26294708251953,117.05999755859376,81.2680892944336,98.76680755615234,3.626364946365357,231.65841674804688,94.76708221435548,53.862266540527344
2018-12-17,38.89754486083984,117.87000274658205,80.23087310791016,95.84188842773438,3.5552988052368164,227.11358642578125,95.31895446777344,52.7647705078125
2018-12-18,39.40293502807617,118.1500015258789,79.85003662109375,96.847900390625,3.638498783111572,226.86460876464844,95.88977813720705,51.31096649169922
2018-12-19,38.17390060424805,117.43000030517578,78.83712768554688,96.58707427978516,3.4297568798065186,223.46714782714844,97.15657043457033,50.4415168762207
2018-12-20,37.2105827331543,119.23999786376952,78.15644836425781,94.55643463134766,3.3453197479248047,219.82952880859375,96.80376434326172,48.90932083129883
2018-12-21,35.76325988769531,118.72000122070312,76.30889129638672,91.5010986328125,3.208386182785034,215.3253173828125,96.78781127929688,48.54588317871094
2018-12-24,34.83790588378906,120.0199966430664,74.66390991210938,87.68194580078125,3.1467294692993164,209.6357879638672,97.26883697509766,46.68586730957031
2018-12-26,37.291259765625,119.66000366210938,77.75936126708984,93.6715087890625,3.295795202255249,220.2276611328125,96.2265396118164,48.91645812988281
2018-12-27,37.04924392700195,120.56999969482422,78.63452911376953,94.24903106689452,3.2480051517486572,221.9184112548828,96.24259948730467,49.1302490234375
2018-12-28,37.06822204589844,121.05999755859376,78.4643783569336,93.5131378173828,3.3094141483306885,221.6321258544922,97.05238342285156,48.58150100708008
2018-12-31,37.426490783691406,121.25,79.10453033447266,94.6123275756836,3.305700302124023,223.57337951660156,97.42117309570312,48.59576797485352
2019-01-02,37.469207763671875,121.33000183105467,80.47399139404297,94.19313049316406,3.37305212020874,223.80596923828125,97.9343032836914,49.66474533081055
2019-01-03,33.73699951171875,122.43000030517578,79.3302993774414,90.72795104980467,3.169262409210205,218.46530151367188,99.04877471923828,48.90220260620117
2019-01-04,35.17720413208008,121.44000244140624,82.25484466552734,94.9476318359375,3.372309446334839,225.78298950195312,97.90221405029295,50.705223083496094
2019-01-07,35.09891128540039,121.86000061035156,82.31204986572266,95.0687484741211,3.550842046737671,227.56317138671875,97.6136245727539,50.96889114379883
2019-01-08,35.76798629760742,121.52999877929688,82.15682220458984,95.7580337524414,3.462442636489868,229.7012634277344,97.35699462890624,51.339481353759766
2019-01-09,36.37539291381836,122.30999755859376,82.0179443359375,97.12734985351562,3.5305378437042236,230.7747344970703,97.20466613769533,51.61028671264648
2019-01-10,36.49166488647461,121.58999633789062,82.00978088378906,96.50326538085938,3.596156120300293,231.58876037597656,96.57929229736328,51.34660720825195
2019-01-11,36.13339614868164,121.8000030517578,81.6176528930664,95.7580337524414,3.6852986812591553,231.6782684326172,96.95613098144533,51.111427307128906
2019-01-14,35.590049743652344,122.08999633789062,82.45907592773438,95.0594482421875,3.725164651870727,230.26483154296875,96.5953369140625,51.04728317260742
2019-01-15,36.318458557128906,121.87999725341795,83.06359100341797,97.81666564941406,3.7110507488250737,232.90383911132812,96.24259948730467,51.075775146484375
2019-01-16,36.76215362548828,122.2699966430664,83.73345947265625,98.16131591796876,3.6855452060699463,233.46742248535156,96.33878326416016,51.054412841796875
2019-01-17,36.98043441772461,122.11000061035156,84.07653045654297,98.85063934326172,3.75685977935791,235.23870849609375,96.36282348632812,51.40359878540039
2019-01-18,37.20820999145508,121.0199966430664,85.44081115722656,100.33172607421876,3.885868787765503,238.36968994140625,95.85774993896484,52.01649856567383
2019-01-22,36.37303161621094,121.4499969482422,84.09290313720703,98.44078063964844,3.6838126182556152,235.14923095703125,96.50718688964844,51.23257827758789
2019-01-23,36.5201416015625,121.27999877929688,83.8805160522461,99.40017700195312,3.6966888904571538,235.64126586914065,96.46707153320312,50.812110900878906
2019-01-24,36.23067092895508,121.08999633789062,83.92950439453125,98.9251480102539,3.908402442932129,235.7665100097656,97.10049438476562,50.88338470458984
2019-01-25,37.43124008178711,122.86000061035156,84.46052551269531,99.82869720458984,3.965602159500122,237.7613983154297,96.63545989990234,51.111427307128906
2019-01-28,37.0848274230957,123.29000091552734,84.86077117919922,97.88188934326172,3.4173755645751953,235.9543304443359,96.53922271728516,50.769344329833984
2019-01-29,36.70045471191406,123.9800033569336,85.09768676757812,95.8884506225586,3.2586522102355957,235.64126586914065,97.02832794189452,50.96176528930664
2019-01-30,39.20838165283203,124.69000244140624,85.29376220703125,99.0928192138672,3.4020237922668457,239.3716278076172,96.95613098144533,51.51763916015625
2019-01-31,39.490718841552734,124.75,84.55035400390625,97.2763900756836,3.55950927734375,241.4738616943359,97.78997039794922,52.22315979003906
2019-02-01,39.50970458984375,124.5,84.86077117919922,95.73944091796876,3.583775043487549,241.5902557373047,97.19934844970705,54.104583740234375
2019-02-04,40.63198471069336,123.95999908447266,85.16305541992188,98.49665832519533,3.693964958190918,243.2899475097656,96.76541900634766,53.320655822753906
2019-02-05,41.32716369628906,124.27999877929688,84.78726196289062,99.87528228759766,3.713031768798828,244.30970764160156,97.20738983154295,53.86939239501953
2019-02-06,41.341407775878906,123.44000244140624,84.74642944335938,98.76680755615234,3.788555383682251,243.98764038085935,97.25555419921876,53.634220123291016
2019-02-07,40.55841827392578,123.73999786376952,83.63544464111328,98.05883026123048,3.6503844261169434,241.66177368164065,97.8984603881836,53.22088241577149
2019-02-08,40.60607147216797,124.20999908447266,82.80216217041016,98.43143463134766,3.668955087661743,241.95697021484375,98.31631469726562,53.30735397338867
2019-02-11,40.3725700378418,123.5999984741211,82.4100570678711,98.04022979736328,3.626364946365357,242.09109497070312,97.93061065673828,53.3938102722168
2019-02-12,40.72044372558594,123.86000061035156,83.81513977050781,99.56787872314452,3.7432408332824703,245.20428466796875,97.6814956665039,54.33053970336914
2019-02-13,40.551265716552734,123.37000274658205,84.2154312133789,99.49335479736328,3.785583972930908,246.00048828125,97.31183624267578,54.94303894042969
2019-02-14,40.698997497558594,124.05999755859376,83.66809844970703,99.57720184326172,3.8264410495758057,245.45480346679688,97.86627197265624,54.95743560791016
2019-02-15,40.608455657958984,124.8000030517578,86.22504425048828,100.8067855834961,3.8960213661193848,248.1295623779297,98.01902770996094,55.99505615234375
2019-02-19,40.7299919128418,126.6999969482422,85.92279815673828,100.76020050048828,3.878687620162964,248.5589599609375,98.26809692382812,56.369747161865234
2019-02-20,40.99209976196289,126.4800033569336,86.33938598632812,100.236328125,3.9259836673736577,249.05987548828125,97.98685455322266,56.58592224121094
2019-02-21,40.760963439941406,125.0500030517578,86.1596908569336,102.35053253173828,3.857145071029663,248.1742706298828,97.11094665527344,56.07432174682617
2019-02-22,41.21608352661133,125.5,85.77574157714844,103.80986785888672,3.9418303966522217,249.71304321289065,97.68950653076172,56.50665283203125
2019-02-25,41.51632308959961,125.37000274658205,86.67433166503906,104.3898468017578,3.929450035095215,250.05291748046875,97.40025329589844,56.56430435180664
2019-02-26,41.54015350341797,125.58000183105467,86.01264190673828,105.11018371582033,3.8900787830352783,249.87403869628903,97.88235473632812,56.6795654296875
2019-02-27,41.6688117980957,124.69000244140624,85.90642547607422,104.93244171142578,3.848231077194214,249.7666931152344,96.77345275878906,57.26323318481445
2019-02-28,41.25896835327149,123.98999786376952,85.25292205810547,104.8014678955078,3.8236916065216064,249.3014984130859,96.4439926147461,56.94618606567383
2019-03-01,41.69265365600586,121.87999725341795,85.31009674072266,105.26918029785156,3.8779757022857666,250.8580322265625,95.55256652832033,57.64513397216797
2019-03-04,41.90233612060547,121.55999755859376,85.114013671875,105.0166015625,3.886155605316162,249.94561767578125,96.30146026611328,57.868526458740234
2019-03-05,41.82609558105469,121.72000122070312,85.0486831665039,104.49275970458984,3.879711866378784,249.6056671142578,96.50276947021484,57.78204345703125
2019-03-06,41.58544158935547,121.61000061035156,84.73009490966797,104.53952026367188,3.768911123275757,248.09376525878903,96.85710144042967,57.1263427734375
2019-03-07,41.10408782958984,121.51000213623048,84.11742401123047,103.26726531982422,3.6997549533843994,246.01844787597656,97.48519134521484,57.76043701171875
2019-03-08,41.2017822265625,122.83999633789062,84.15008544921875,103.3795394897461,3.733961343765259,245.5263214111328,97.89588165283205,56.93180465698242
2019-03-11,42.62910842895508,122.23999786376952,85.24476623535156,105.5498275756836,3.994228601455689,249.08680725097656,97.60598754882812,57.48661422729492
2019-03-12,43.10806655883789,122.9800033569336,84.99150848388672,106.28887176513672,4.028434753417969,250.02609252929688,98.29047393798828,57.64513397216797
2019-03-13,43.2986946105957,123.83999633789062,85.2774429321289,107.1120834350586,4.1796369552612305,251.68109130859375,98.10525512695312,58.15673828125
2019-03-14,43.780033111572266,122.41000366210938,86.0534896850586,107.19625854492188,4.103787422180176,251.52000427246097,97.39664459228516,57.96220016479492
2019-03-15,44.34952926635742,122.97000122070312,87.04192352294922,108.4311065673828,4.209133625030518,252.76271057128903,98.04084014892578,57.753211975097656
2019-03-18,44.80227279663086,123.04000091552734,87.56478881835938,109.9840087890625,4.1878180503845215,253.67916870117188,97.98445892333984,58.42335891723633
2019-03-19,44.44721603393555,123.37999725341795,87.2461929321289,110.05882263183594,4.3553786277771,253.74212646484375,97.76701354980467,58.27203750610352
2019-03-20,44.83562469482422,124.18000030517578,85.38361358642578,109.93724060058594,4.322906970977783,252.97836303710935,98.78972625732422,58.5963020324707
2019-03-21,46.4869384765625,123.68000030517578,84.03572082519531,112.46302032470705,4.559379577636719,255.8356781005859,99.00716400146484,58.934940338134766
2019-03-22,45.5242805480957,123.97000122070312,81.49510955810547,109.49755096435548,4.399747848510742,250.91172790527344,100.54520416259766,57.99101638793945
2019-03-25,44.97382736206055,124.91999816894533,80.81708526611328,110.06820678710938,4.307539463043213,250.72300720214844,100.70622253417967,57.58750915527344
2019-03-26,44.50917434692383,124.3000030517578,81.6258316040039,110.3020477294922,4.384133338928223,252.59194946289065,100.6337890625,58.33689498901367
2019-03-27,44.90949249267578,123.6500015258789,81.34809112548828,109.235595703125,4.3749613761901855,251.2711639404297,101.55985260009766,57.89012145996094
2019-03-28,44.96906280517578,121.9000015258789,82.27117919921875,109.38529205322266,4.393551349639893,252.2236328125,101.91413879394533,58.17835998535156
2019-03-29,45.26216506958008,122.01000213623048,82.69597625732422,110.33013153076172,4.45081090927124,253.81398010253903,101.81753540039062,58.22159194946289
2019-04-01,45.56954574584961,121.52999877929688,85.4816665649414,111.34042358398438,4.5182342529296875,256.8239440917969,100.37133026123048,58.89173126220703
2019-04-02,46.23197937011719,121.9800033569336,85.89009857177734,111.49948120117188,4.536079406738281,256.94976806640625,100.55692291259766,58.63951873779297
2019-04-03,46.54889297485352,121.8000030517578,86.06165313720703,112.22914123535156,4.675383567810059,257.3540954589844,99.68531799316406,58.29365539550781
2019-04-04,46.629913330078125,122.11000061035156,86.8930435180664,111.6584930419922,4.66646146774292,258.0370178222656,99.96778106689452,59.122291564941406
2019-04-05,46.94206619262695,121.9800033569336,86.68727111816406,112.154296875,4.733138084411621,259.2859191894531,100.09693908691406,59.43934631347656
2019-04-08,47.68074035644531,122.51000213623048,86.96714782714844,112.19171142578124,4.7539591789245605,259.4836730957031,99.74179077148438,59.80681991577149
2019-04-09,47.53776550292969,123.1500015258789,86.32506561279297,111.58367156982422,4.691247940063477,258.15380859375,100.0565414428711,59.03584671020508
2019-04-10,47.804649353027344,123.52999877929688,86.71195983886719,112.43497467041016,4.761643886566162,259.0343933105469,100.2986831665039,58.76921844482422
2019-04-11,47.40672302246094,121.9499969482422,87.44458770751953,112.56591796875,4.747764587402344,258.96240234375,99.70954132080078,59.05024337768555
2019-04-12,47.38765335083008,121.83000183105467,91.5439224243164,113.14591979980467,4.709837436676025,260.714599609375,98.99935913085938,58.30806350708008
2019-04-15,47.47344207763672,121.5999984741211,90.49849700927734,113.23946380615234,4.578216552734375,260.5439453125,99.24954986572266,58.11353302001953
2019-04-16,47.47820281982422,120.51000213623048,91.453369140625,112.97750854492188,4.665220260620117,260.714599609375,98.6280746459961,58.50982666015625
2019-04-17,48.40274429321289,120.27999877929688,94.0875015258789,113.91300964355467,4.642416477203369,260.07666015625,98.6684799194336,58.67557144165039
2019-04-18,48.57669448852539,120.37000274658205,93.3960418701172,115.4097671508789,4.617877006530762,260.5887756347656,99.18496704101562,58.45938873291016
2019-04-22,48.73634719848633,120.37000274658205,93.51129150390624,115.77460479736328,4.671666145324707,260.8134765625,98.70881652832033,59.73479080200195
2019-04-23,49.43929290771485,120.12000274658205,93.62652587890624,117.34619903564452,4.7261962890625,263.15863037109375,98.91863250732422,60.08063888549805
2019-04-24,49.363037109375,120.47000122070312,93.47012329101562,116.9439697265625,4.738592624664307,262.5746154785156,99.7256851196289,58.91332244873047
2019-04-25,48.915061950683594,120.56999969482422,93.51952362060548,120.81681060791016,4.632997512817383,262.412841796875,99.58043670654295,59.24480438232422
2019-04-26,48.68154525756836,121.37000274658205,94.22744750976562,121.5090560913086,4.414373874664307,263.6347961425781,99.91937255859376,57.99822616577149
2019-04-29,48.755401611328125,120.83000183105467,95.5856475830078,121.39682006835938,4.445108890533447,264.0480651855469,99.2817840576172,57.6235237121582
2019-04-30,47.81656646728515,121.1999969482422,95.52804565429688,122.17326354980467,4.486505508422852,264.1827697753906,99.79029846191406,57.84689712524414
2019-05-01,50.1636848449707,120.4000015258789,94.79542541503906,119.62877655029295,4.473367691040039,262.1971435546875,100.20187377929688,56.68680953979492
2019-05-02,49.837215423583984,119.94000244140624,95.00120544433594,118.06652069091795,4.540790557861328,261.63104248046875,99.72473907470705,55.692405700683594
2019-05-03,50.456756591796875,120.6500015258789,95.5856475830078,120.58294677734376,4.536327362060547,264.1918640136719,100.00784301757812,55.82210922241211
2019-05-06,49.67756652832031,120.80999755859376,94.73780059814452,119.88133239746094,4.4579997062683105,263.1045837402344,100.28275299072266,55.57712173461914
2019-05-07,48.33841323852539,121.20999908447266,93.1902313232422,117.4210205078125,4.290932655334473,258.71087646484375,101.0510482788086,55.281700134277344
2019-05-08,48.347938537597656,120.91000366210938,92.69634246826172,117.41169738769533,4.311010360717773,258.3514709472656,100.61432647705078,55.3681526184082
2019-05-09,47.82847595214844,121.1999969482422,92.62227630615234,117.40233612060548,4.2185540199279785,257.56976318359375,101.02678680419922,55.31769943237305
2019-05-10,47.16587448120117,121.43000030517578,92.61405181884766,118.9271469116211,4.184593677520752,258.8636474609375,100.88931274414062,55.79874038696289
2019-05-13,44.42464065551758,122.66999816894533,90.09514617919922,115.39105224609376,3.9275505542755127,252.35833740234375,101.68187713623048,55.17924499511719
2019-05-14,45.127899169921875,122.45999908447266,90.81130981445312,116.68199920654295,4.016537189483643,254.64060974121097,101.38262176513672,55.25213623046875
2019-05-15,45.668487548828125,122.38999938964844,90.465576171875,118.32515716552734,3.9555602073669434,256.132080078125,102.00535583496094,55.660274505615234
2019-05-16,45.46756362915039,121.51000213623048,91.62623596191406,121.05746459960938,3.970679759979248,258.5042419433594,101.66567993164062,55.65298080444336
2019-05-17,45.209224700927734,120.6500015258789,91.18172454833984,120.24999237060548,3.879959344863891,256.8329772949219,101.89212799072266,55.32500076293945
2019-05-20,43.79553985595703,120.63999938964844,91.65916442871094,118.512939453125,3.761475563049317,255.13475036621097,101.68187713623048,55.31770706176758
2019-05-21,44.6351318359375,120.36000061035156,91.97195434570312,119.15142059326172,3.8435211181640625,257.4350280761719,101.52014923095705,55.57279968261719
2019-05-22,43.72138595581055,120.23999786376952,91.22288513183594,119.8744125366211,3.772630214691162,256.6443786621094,102.1024169921875,55.06990051269531
2019-05-23,42.97507858276367,121.16999816894533,89.42839813232422,118.47539520263672,3.6516683101654057,253.5084991455078,103.25081634521484,53.779911041259766
2019-05-24,42.81001663208008,121.3000030517578,90.30916595458984,118.53172302246094,3.5978786945343018,254.0835418701172,103.33975982666016,54.00585174560547
2019-05-28,42.63301086425781,120.83000183105467,89.32960510253906,118.45661163330078,3.5527665615081787,251.72039794921875,104.08381652832033,52.919891357421875
2019-05-29,42.429691314697266,120.87000274658205,89.08267974853516,117.31111145019533,3.478652000427246,250.0311584472656,104.39923095703124,52.591922760009766
2019-05-30,42.64975357055664,121.69000244140624,88.12779998779297,118.05287170410156,3.4521000385284424,250.71401977539065,105.29685974121094,52.45344161987305
2019-05-31,41.87712860107422,123.33000183105467,87.22232818603516,116.1280288696289,3.3615221977233887,247.33560180664065,106.61514282226562,51.57884979248047
2019-06-03,41.453739166259766,125.11000061035156,87.63389587402344,112.5225067138672,3.3198323249816895,246.7066345214844,107.32826232910156,52.38785552978515
2019-06-04,42.97028732299805,125.1500015258789,90.33385467529295,115.63981628417967,3.5486323833465576,252.061767578125,106.10456848144533,53.63414001464844
2019-06-05,43.66397476196289,125.47000122070312,90.65489959716795,118.14675903320312,3.5059497356414795,254.24530029296875,105.50492095947266,53.18955612182617
2019-06-06,44.30502700805664,125.87999725341795,90.85247802734376,120.0152359008789,3.567988634109497,255.89854431152344,105.8452606201172,54.15889358520508
2019-06-07,45.48431396484375,126.58999633789062,89.8564224243164,123.37665557861328,3.6106715202331543,258.45928955078125,106.76103973388672,54.35567092895508
2019-06-10,46.06556701660156,125.33000183105467,90.82775115966795,124.5033950805664,3.683381319046021,259.6453552246094,105.7561264038086,54.59619903564453
2019-06-11,46.5989875793457,125.18000030517578,91.10763549804688,124.033935546875,3.740953207015991,259.58245849609375,105.82093811035156,54.545162200927734
2019-06-12,46.450679779052734,125.83000183105467,89.9469985961914,123.4611587524414,3.628042221069336,259.1241760253906,105.90198516845705,53.9548225402832
2019-06-13,46.44110870361328,126.5999984741211,90.16925048828124,124.240478515625,3.6791625022888184,260.1933288574219,106.26665496826172,54.42855453491211
2019-06-14,46.103851318359375,126.55999755859376,90.39971923828124,124.36253356933594,3.5893304347991943,259.9058837890625,106.53414154052734,54.18804931640625
2019-06-17,46.37891387939453,126.4800033569336,89.90580749511719,124.73812103271484,3.5990076065063477,260.00469970703125,106.7204360961914,54.72737503051758
2019-06-18,47.46967315673828,127.12000274658205,91.1323471069336,126.90708923339844,3.7938108444213863,262.7272644042969,107.25537109375,55.20112228393555
2019-06-19,47.33094024658203,127.88999938964844,90.47381591796876,127.40473175048828,3.7997660636901855,263.3203125,107.40930938720705,54.8950080871582
2019-06-20,47.711280822753906,131.11000061035156,90.7042999267578,128.58773803710938,3.824086189270019,265.83624267578125,107.69295501708984,55.83518981933594
2019-06-21,47.548614501953125,131.97999572753906,90.08692932128906,128.60655212402344,3.7660162448883057,265.4497375488281,106.5098114013672,56.62232971191406
2019-06-24,47.50077819824219,133.94000244140625,89.4448471069336,129.3671112060547,3.78835129737854,265.1247253417969,107.303955078125,56.08300018310547
2019-06-25,46.78078079223633,134.1999969482422,88.70401763916016,125.28267669677734,3.759068727493286,262.5243225097656,107.6362533569336,55.587379455566406
2019-06-26,47.792606353759766,132.97000122070312,89.29668426513672,125.7521743774414,3.952134370803833,262.2625732421875,106.94740295410156,55.82789993286133
2019-06-27,47.77824783325195,132.83999633789062,89.593017578125,125.95873260498048,4.050652980804443,263.1925048828125,107.70103454589844,55.25941848754883
2019-06-28,47.34291458129883,133.1999969482422,92.02957916259766,125.78032684326172,4.075468063354492,264.5468444824219,107.62808990478516,55.84975051879883
2019-07-01,48.21120834350586,130.6199951171875,93.5771255493164,127.39530181884766,4.1236114501953125,266.948486328125,107.3763656616211,55.79874038696289
2019-07-02,48.49346160888672,133.41000366210938,93.67591094970705,128.24034118652344,4.0258378982543945,267.6437683105469,108.20458984375,55.1865348815918
2019-07-03,48.89533233642578,133.6300048828125,93.52670288085938,129.066650390625,4.038739204406738,269.7836608886719,108.9760284423828,55.71128845214844
2019-07-05,48.852264404296875,132.13999938964844,94.08213806152344,128.69102478027344,3.976205825805664,269.4767150878906,107.53069305419922,55.485347747802734
2019-07-08,47.8452262878418,131.2899932861328,93.56816864013672,128.5972137451172,3.901262044906616,267.9958801269531,107.67681884765624,55.740440368652344
2019-07-09,48.137054443359375,131.75,93.96604919433594,128.12767028808594,3.903743743896485,268.330078125,107.63624572753906,55.70399856567383
2019-07-10,48.61308288574219,133.8300018310547,93.69249725341795,129.43280029296875,3.9719862937927246,269.6119689941406,107.0435028076172,56.49113082885742
2019-07-11,48.25905227661133,132.6999969482422,94.58780670166016,129.94924926757812,4.126339912414551,270.2441101074219,105.61441040039062,56.53486633300781
2019-07-12,48.62980651855469,133.52999877929688,95.58258819580078,130.41864013671875,4.159343719482422,271.4539489746094,105.73619079589844,56.57859420776367
2019-07-15,49.08668518066406,133.52999877929688,94.42202758789062,130.41864013671875,4.15090799331665,271.54425048828125,106.34521484375,56.17774200439453
2019-07-16,48.91685485839844,132.39999389648438,95.43336486816406,128.7098388671875,4.146193981170654,270.6684265136719,106.02851104736328,55.33958435058594
2019-07-17,48.64176940917969,134.5800018310547,94.49663543701172,127.94929504394533,4.211456775665283,268.8265380859375,107.17343139648438,55.01162338256836
2019-07-18,49.194332122802734,136.47999572753906,95.06031799316406,128.0901336669922,4.223121166229248,269.8106689453125,107.18154907226562,54.545162200927734
2019-07-19,48.459983825683594,134.47000122070312,94.12358856201172,128.2778778076172,4.179940223693848,268.3119812011719,106.92977905273438,54.65449905395508
2019-07-22,49.567481994628906,134.4499969482422,94.7287368774414,129.97738647460938,4.2514119148254395,268.9710388183594,107.13280487060548,54.71280288696289
2019-07-23,49.954986572265625,133.69000244140625,96.46131896972656,130.78488159179688,4.3591108322143555,270.89422607421875,106.5481948852539,54.93143844604492
2019-07-24,49.914329528808594,134.3699951171875,96.85095977783205,132.12759399414062,4.433556079864502,272.1672058105469,107.01102447509766,54.92415618896485
2019-07-25,49.51964569091797,133.4199981689453,95.92247772216795,131.6299591064453,4.302530288696289,270.86700439453125,106.4994659423828,54.61077499389648
2019-07-26,49.69187545776367,133.63999938964844,96.34524536132812,132.70970153808594,4.344468593597412,272.68182373046875,106.75122833251952,54.52329635620117
2019-07-29,50.15591812133789,134.52999877929688,96.03853607177734,132.4186248779297,4.3382649421691895,272.185302734375,106.78363800048828,54.90957260131836
2019-07-30,49.94064712524414,134.97999572753906,95.82298278808594,131.78016662597656,4.3538970947265625,271.5172119140625,107.0435028076172,54.91685485839844
2019-07-31,50.95964050292969,133.2100067138672,96.16287994384766,127.94929504394533,4.186890602111816,268.546630859375,107.9041976928711,54.19533157348633
2019-08-01,49.856903076171875,136.41000366210938,93.62618255615234,129.62997436523438,4.092590808868408,266.2081604003906,110.04718017578124,52.810577392578125
2019-08-02,48.80203628540039,135.88999938964844,93.61790466308594,128.540771484375,4.000028610229492,264.20379638671875,111.0642318725586,52.29309844970703
2019-08-05,46.24735641479492,137.7899932861328,90.83245849609376,124.13719940185548,3.741946220397949,256.2583312988281,112.98424530029295,51.22174072265625
2019-08-06,47.12282943725586,138.91000366210938,91.5453872680664,126.4657745361328,3.78065824508667,259.8517761230469,113.88741302490234,51.717323303222656
2019-08-07,47.610809326171875,141.02000427246094,89.55583190917969,127.0197525024414,3.81887412071228,260.00531005859375,113.92807006835938,51.382080078125
2019-08-08,48.66090393066406,141.72999572753906,91.07286834716795,130.40927124023438,3.927319288253784,265.1066589355469,114.17213439941406,52.75226211547851
2019-08-09,48.259918212890625,141.25999450683594,90.97340393066406,129.30136108398438,3.826070547103882,263.3008728027344,113.94430541992188,51.62986755371094
2019-08-12,48.13747024536133,142.6300048828125,89.26568603515625,127.49852752685548,3.75832462310791,260.0955810546875,116.32003784179688,51.378997802734375
2019-08-13,50.17600631713867,141.77999877929688,90.64181518554688,130.13702392578125,3.87247633934021,264.1405029296875,115.92137145996094,52.01357650756836
2019-08-14,48.68251037597656,142.75,86.87821197509766,126.21800994873048,3.7240793704986577,256.33056640625,118.53304290771484,49.91798400878906
2019-08-15,48.44001770019531,143.6999969482422,87.20979309082031,125.93540954589844,3.6918184757232666,257.00775146484375,119.8510971069336,49.62281799316406
2019-08-16,49.58293533325195,142.77999877929688,89.2988510131836,128.24346923828125,3.959578514099121,260.7998962402344,118.89099884033205,50.39760971069336
2019-08-19,50.50736999511719,141.11000061035156,90.10295104980467,130.39138793945312,4.238010883331299,263.9418640136719,117.19059753417967,51.24616241455078
2019-08-20,50.5097770690918,142.2100067138672,88.95894622802734,129.3079833984375,4.165796279907227,261.91943359375,118.4028778076172,50.936256408691406
2019-08-21,51.05721664428711,141.75999450683594,89.20765686035156,130.74935913085938,4.249176979064941,264.0502624511719,117.61365509033205,51.44539642333984
2019-08-22,51.01399612426758,141.39999389648438,90.12786102294922,129.79786682128906,4.2553815841674805,263.9688720703125,116.83265686035156,51.3347282409668
2019-08-23,48.65610885620117,144.1699981689453,87.88956451416016,125.66222381591795,4.031047821044922,257.1882629394531,118.75264739990234,49.79991149902344
2019-08-26,49.58053970336914,144.19000244140625,88.59422302246094,127.60287475585938,4.10574197769165,260.0324401855469,118.27269744873048,50.06555938720703
2019-08-27,49.02106475830078,145.57000732421875,87.65744018554688,127.87606048583984,4.015165328979492,259.01214599609375,120.09513092041016,49.57855224609375
2019-08-28,49.35002899169922,145.16000366210938,88.53617858886719,127.70645904541016,4.00473165512085,260.83599853515625,120.249755859375,49.94011306762695
2019-08-29,50.18561172485352,144.1199951171875,90.54234313964844,130.1181640625,4.14831018447876,264.1676330566406,119.79412841796876,50.4935417175293
2019-08-30,50.12078094482422,143.75,91.07286834716795,129.87327575683594,4.160976886749268,264.0502624511719,119.82662963867188,50.530418395996094
2019-09-03,49.39085006713867,145.75,89.99519348144531,128.1586456298828,4.078013896942139,262.5063171386719,119.98155212402344,50.58945846557617
2019-09-04,50.22883987426758,146.66000366210938,91.08118438720705,129.6565704345703,4.192028999328613,265.4858703613281,120.16081237792967,51.12811279296875
2019-09-05,51.21088790893555,143.13999938964844,93.15364837646484,131.93637084960938,4.464774131774902,268.8987731933594,117.9847183227539,51.85123062133789
2019-09-06,51.206085205078125,141.9199981689453,93.35262298583984,131.0413818359375,4.437697887420654,269.10638427734375,118.82418823242188,52.3382568359375
2019-09-09,51.42457580566406,141.38999938964844,95.6654815673828,129.552978515625,4.483651638031006,269.24188232421875,116.71318817138672,52.75145721435547
2019-09-10,52.03207015991211,140.17999267578125,96.88410186767578,128.1963348388672,4.550223350524902,269.1787414550781,114.66747283935548,53.17942810058594
2019-09-11,53.68642807006836,141.02999877929688,97.1493911743164,128.2340545654297,4.578789234161377,271.0927734375,114.46376037597656,53.076133728027344
2019-09-12,53.566375732421875,141.32000732421875,97.74627685546876,129.552978515625,4.577299118041992,272.03167724609375,113.71388244628906,53.1130256652832
2019-09-13,52.5242919921875,140.14999389648438,99.66950225830078,129.3645477294922,4.519420623779297,271.85125732421875,111.28507995605467,53.60003280639648
2019-09-16,52.800411224365234,141.32000732421875,98.78248596191406,128.431884765625,4.4764485359191895,271.01141357421875,112.70323944091795,54.404327392578125
2019-09-17,52.99251556396485,141.60000610351562,98.29340362548828,129.4304656982422,4.497811317443848,271.6977233886719,113.31452178955078,53.99110794067383
2019-09-18,53.48954772949219,140.7100067138672,99.2798843383789,130.49502563476562,4.4707350730896,271.8603210449219,113.79534149169922,53.73284912109375
2019-09-19,53.054935455322266,141.27999877929688,98.96488189697266,132.8972625732422,4.395220756530762,271.84210205078125,114.1376953125,53.37126922607422
2019-09-20,52.279388427734375,142.9499969482422,98.56696319580078,131.36172485351562,4.289648532867432,270.55780029296875,115.64556884765624,53.18681335449219
2019-09-23,52.51708984375,143.75,98.5503921508789,131.07908630371094,4.3430562019348145,270.4942932128906,115.6210479736328,53.22370147705078
2019-09-24,52.26736068725586,144.50999450683594,97.26543426513672,129.4210662841797,4.2856764793396,268.37176513671875,117.0147705078125,52.49320602416992
2019-09-25,53.071739196777344,141.8300018310547,97.82086944580078,131.2863311767578,4.4272637367248535,269.9591369628906,115.3031997680664,52.648162841796875
2019-09-26,52.79802322387695,141.7899932861328,97.01676940917967,131.45594787597656,4.405154228210449,269.3968200683594,116.0448989868164,52.36775207519531
2019-09-27,52.54110336303711,141.05999755859375,97.5887451171875,129.7507781982422,4.266549110412598,267.945556640625,116.33013916015624,52.74409103393555
2019-09-30,53.77766799926758,138.8699951171875,97.56388092041016,130.9754180908203,4.3239288330078125,269.1881103515625,116.61540985107422,52.10213088989258
2019-10-01,53.926536560058594,139.6300048828125,95.78984832763672,129.1289825439453,4.322190284729004,265.9862365722656,116.9664306640625,50.877227783203125
2019-10-02,52.57472229003906,141.25999450683594,93.8831558227539,126.84917449951172,4.29834508895874,261.2876281738281,117.2522430419922,49.549034118652344
2019-10-03,53.02133560180664,141.89999389648438,93.74945068359376,128.38475036621094,4.503772258758545,263.4283447265625,118.32190704345705,50.16148376464844
2019-10-04,54.50761032104492,141.89999389648438,95.78004455566406,130.1181640625,4.520166397094727,266.9930419921875,119.1954116821289,50.891990661621094
2019-10-07,54.51961135864258,140.69000244140625,95.57113647460938,129.1761016845703,4.578789234161377,265.8410949707031,118.2074737548828,50.19100570678711
2019-10-08,53.88092041015625,141.9199981689453,93.44029235839844,127.81009674072266,4.402424335479736,261.71392822265625,118.5259780883789,49.21697616577149
2019-10-09,54.51240921020508,142.0500030517578,94.1171417236328,130.23123168945312,4.48886775970459,264.19921875,117.85645294189452,49.76301574707031
2019-10-10,55.24715805053711,140.80999755859375,95.43742370605467,131.0413818359375,4.546497344970703,265.9862365722656,116.10101318359376,50.3607177734375
2019-10-11,56.71663665771485,140.02999877929688,97.05020904541016,131.58778381347656,4.62002420425415,268.74371337890625,114.66411590576172,50.899383544921875
2019-10-14,56.63499069213867,140.58999633789062,97.30923461914062,131.46530151367188,4.633437633514404,268.4443664550781,115.49678802490234,51.04694366455078
2019-10-15,56.50294494628906,139.61000061035156,100.24231719970705,133.36831665039062,4.877864360809326,271.10198974609375,114.1007080078125,51.224029541015625
2019-10-16,56.27483367919922,140.41000366210938,100.00833892822266,132.27554321289062,4.8242106437683105,270.6665954589844,114.239501953125,50.34595489501953
2019-10-17,56.493316650390625,140.61000061035156,100.56820678710938,131.59722900390625,4.826197624206543,271.4648742675781,113.96187591552734,50.279537200927734
2019-10-18,56.76465606689453,140.4600067138672,100.74371337890624,129.44927978515625,4.731803894042969,270.276611328125,113.96187591552734,49.888465881347656
2019-10-21,57.749114990234375,139.7899932861328,103.24222564697266,130.41017150878906,4.868923187255859,272.1087951660156,113.1045913696289,50.72228240966797
2019-10-22,57.61704635620117,140.1999969482422,104.2784423828125,128.46954345703125,4.8589863777160645,271.219970703125,113.76598358154295,50.98053741455078
2019-10-23,58.39020919799805,140.52999877929688,104.55419158935548,129.2891845703125,4.846070289611816,272.00909423828125,113.8802490234375,51.46753692626953
2019-10-24,58.48625946044922,141.52999877929688,104.47897338867188,131.83277893066406,4.890038013458252,272.4535827636719,113.65164184570312,50.98053741455078
2019-10-25,59.20658493041992,141.86000061035156,105.31458282470705,132.57699584960938,5.080808639526367,273.5692443847656,113.09651184082033,51.098602294921875
2019-10-28,59.79966735839844,140.63999938964844,105.71570587158205,135.83656311035156,5.1367011070251465,275.1112060546875,112.06774139404295,50.64848709106445
2019-10-29,58.416622161865234,140.25,105.64884948730467,134.5552978515625,5.0405683517456055,275.02960205078125,112.14116668701172,50.50090408325195
2019-10-30,58.4094123840332,141.02000427246094,105.06390380859376,136.23219299316406,5.0425543785095215,275.87310791015625,113.78228759765624,49.969627380371094
2019-10-31,59.730018615722656,142.42999267578125,104.38703155517578,135.0640106201172,4.99337100982666,275.138427734375,115.31723022460938,49.85894775390625
2019-11-01,61.42521286010742,142.55999755859375,106.79367065429688,135.39376831054688,5.032370090484619,277.6873474121094,114.96232604980467,51.35685348510742
2019-11-04,61.82859802246094,142.14999389648438,107.6460189819336,136.1756591796875,5.228857040405273,278.80303955078125,113.44921112060548,52.88427734375
2019-11-05,61.739742279052734,139.85000610351562,107.8799819946289,136.0908966064453,5.206748962402344,278.4945373535156,112.1733169555664,53.93207550048828
2019-11-06,61.76616287231445,140.4499969482422,108.04711151123048,135.71408081054688,5.157565593719482,278.55810546875,112.85212707519533,52.75145721435547
2019-11-07,62.479034423828125,138.27000427246094,108.6320571899414,135.9024658203125,5.175201892852783,279.5376281738281,110.8073501586914,53.873050689697266
2019-11-08,62.65003204345703,137.38999938964844,108.94959259033205,137.5039825439453,5.16129207611084,280.2269592285156,110.34117889404295,52.849945068359375
2019-11-11,63.14613723754883,137.05999755859375,108.56517791748048,137.64529418945312,5.17122745513916,279.6919250488281,110.41482543945312,52.528812408447266
2019-11-12,63.08832931518555,137.42999267578125,107.93013763427734,138.5496826171875,5.206748962402344,280.2813720703125,110.92189025878906,51.80445098876953
2019-11-13,63.69282150268555,137.97999572753906,107.36190032958984,138.7757568359375,5.180916786193848,280.3721923828125,111.6416473388672,51.37879180908203
2019-11-14,63.25210189819336,138.55999755859375,107.462158203125,139.48231506347656,5.2112202644348145,280.78033447265625,112.79489135742188,51.154747009277344
2019-11-15,64.00350189208984,138.2100067138672,108.23931121826172,141.28163146972656,5.072116374969482,282.8121032714844,112.67218780517578,51.67003631591797
2019-11-18,64.32621002197266,138.6199951171875,109.15015411376952,141.6302490234375,5.273072719573975,283.020751953125,112.87664031982422,51.169677734375
2019-11-19,64.13114166259766,138.69000244140625,109.11672973632812,141.6773223876953,5.166506767272949,282.93902587890625,113.81725311279295,50.64693832397461
2019-11-20,63.384559631347656,138.75999450683594,108.32288360595705,141.4315643310547,5.245748519897461,281.8868713378906,114.99502563476562,50.80375671386719
2019-11-21,63.100379943847656,138.0,108.57354736328124,141.29922485351562,5.220908164978027,281.43341064453125,114.27525329589844,52.02848815917969
2019-11-22,63.04499053955078,137.74000549316406,109.29219818115234,141.4031982421875,5.238544464111328,282.0592346191406,114.42241668701172,51.80445098876953
2019-11-25,64.15040588378906,137.0800018310547,109.87712860107422,142.95343017578125,5.494895935058594,284.245361328125,114.75777435302734,51.460941314697266
2019-11-26,63.64946746826172,137.74000549316406,110.02754974365234,143.7096710205078,5.390317916870117,284.8893737792969,115.42845916748048,51.333980560302734
2019-11-27,64.50443267822266,137.00999450683594,110.35346221923828,143.98379516601562,5.425119876861572,286.15924072265625,115.09308624267578,51.304107666015625
2019-11-29,64.3623275756836,137.86000061035156,110.10275268554688,143.0952606201172,5.387831687927246,285.09796142578125,114.8478012084961,50.878440856933594
2019-12-02,63.618167877197266,137.7899932861328,109.86043548583984,141.36541748046875,5.2016425132751465,282.6761169433594,113.3165054321289,51.0949821472168
2019-12-03,62.483848571777344,139.11000061035156,108.44822692871094,141.13851928710938,5.162116527557373,280.78033447265625,115.69244384765624,50.69174575805664
2019-12-04,63.035343170166016,138.9199981689453,110.58740997314452,141.6490020751953,5.205867767333984,282.5127868652344,114.5372543334961,51.26676940917969
2019-12-05,63.96012115478515,139.0,111.18907165527344,141.72454833984375,5.188963890075684,283.020751953125,113.98013305664062,51.08754348754883
2019-12-06,65.19561004638672,137.6199951171875,112.84362030029295,143.44500732421875,5.274228572845459,285.6058654785156,113.34928894042967,51.90900039672851
2019-12-09,64.28285217285156,137.5800018310547,112.31719207763672,143.07630920410156,5.274228572845459,284.7079162597656,113.59503173828124,52.021026611328125
2019-12-10,64.65858459472656,137.97000122070312,112.39241790771484,142.85897827148438,5.319223403930664,284.3905029296875,113.60321807861328,51.57293701171875
2019-12-11,65.21006774902344,138.9199981689453,112.12499237060548,143.39772033691406,5.402746677398682,285.19775390625,114.4962921142578,51.498260498046875
2019-12-12,65.376220703125,138.42999267578125,115.33381652832033,144.8534393310547,5.570044040679932,287.65594482421875,112.61187744140624,52.528812408447266
2019-12-13,66.26490020751953,139.0500030517578,114.3227081298828,146.07284545898438,5.568057060241699,287.82818603515625,113.91458129882812,51.69990158081055
2019-12-16,67.39923095703125,139.0399932861328,114.76557159423828,147.01812744140625,5.596891403198242,289.8055725097656,112.89048767089844,52.27491760253906
2019-12-17,67.53168487548828,139.00999450683594,115.46753692626952,146.22406005859375,5.674948215484619,289.8691711425781,112.73483276367188,52.03594970703125
2019-12-18,67.37032318115234,139.02000427246094,115.35051727294922,145.92156982421875,5.7052741050720215,289.88720703125,111.80900573730467,52.177852630615234
2019-12-19,67.4377670288086,139.3800048828125,114.77396392822266,147.1883087158203,5.853182315826416,291.075439453125,111.98789978027344,51.81938171386719
2019-12-20,67.29805755615234,139.52000427246094,114.68204498291016,148.79522705078125,5.950379371643066,292.3515625,112.1356201171875,52.23012924194336
2019-12-23,68.39627075195312,139.9499969482422,114.6485824584961,148.79522705078125,5.936708927154541,292.7982482910156,111.97152709960938,52.49149703979492
2019-12-24,68.46129608154297,141.27000427246094,114.96614074707033,148.76686096191406,5.931736469268799,292.8074645996094,112.29151916503906,52.28985977172851
2019-12-26,69.81958770751953,142.3800048828125,116.1861801147461,149.98626708984375,5.945906639099121,294.36602783203125,112.5623016357422,52.37199783325195
2019-12-27,69.79308319091797,142.3300018310547,116.26969146728516,150.26039123535156,5.888233184814453,294.2930908203125,112.68544006347656,52.19279098510742
2019-12-30,70.20735931396484,142.6300048828125,115.84352111816406,148.96536254882812,5.775127410888672,292.67059326171875,112.2751007080078,51.886600494384766
2019-12-31,70.72028350830078,142.89999389648438,116.48697662353516,149.0693817138672,5.849206447601318,293.3815612792969,111.17546081542967,52.110633850097656
2020-01-02,72.33389282226562,143.9499969482422,117.89920806884766,151.82952880859375,5.963802337646484,296.1252746582031,112.43099212646484,52.947044372558594
2020-01-03,71.63064575195312,145.86000061035156,116.34334564208984,149.93896484375,5.868346691131592,293.8829650878906,114.1624984741211,52.521366119384766
2020-01-06,72.201416015625,147.38999938964844,116.25086212158205,150.32652282714844,5.8929572105407715,295.00408935546875,113.5142059326172,52.92463684082031
2020-01-07,71.86185455322266,147.97000122070312,114.27449798583984,148.9559326171875,5.964301586151123,294.1747131347656,112.95619201660156,52.49149703979492
2020-01-08,73.0178451538086,146.86000061035156,115.16595458984376,151.32858276367188,5.975486755371094,295.742431640625,112.2095184326172,51.69990158081055
2020-01-09,74.56878662109375,146.02999877929688,115.58646392822266,153.21910095214844,6.041113376617432,297.7478332519531,112.60330200195312,52.09569549560547
2020-01-10,74.73737335205078,146.91000366210938,114.43431854248048,152.51014709472656,6.073428630828857,296.8908996582031,113.60443115234376,51.632694244384766
2020-01-13,76.3340835571289,145.82000732421875,115.38459777832033,154.3439483642578,6.263845443725586,298.9328308105469,113.25984191894533,52.12557220458984
2020-01-14,75.30332946777344,145.69000244140625,116.73021697998048,153.2569122314453,6.147011756896973,298.47698974609375,113.84246063232422,51.677494049072266
2020-01-15,74.98060607910156,146.5399932861328,114.98092651367188,154.24945068359375,6.1045026779174805,299.15155029296875,114.59738159179688,51.59535217285156
2020-01-16,75.91986846923828,146.30999755859375,115.42668914794922,157.07579040527344,6.1880269050598145,301.63995361328125,114.23634338378906,51.39372253417969
2020-01-17,76.76038360595703,146.5800018310547,116.22561645507812,157.9549560546875,6.1967267990112305,302.5788269042969,113.25984191894533,51.199554443359375
2020-01-21,76.24016571044922,146.74000549316406,115.0818862915039,157.3877410888672,6.163416385650635,301.9863586425781,114.4497299194336,50.46770858764648
2020-01-22,76.51229858398438,146.7899932861328,114.9472885131836,156.63148498535156,6.217360496520996,302.02276611328125,114.851806640625,50.17646408081055
2020-01-23,76.88079071044922,147.1199951171875,114.82953643798828,157.59568786621094,6.285719871520996,302.3692626953125,115.6559829711914,49.86280059814453
2020-01-24,76.6592025756836,147.97999572753906,111.97857666015624,156.00765991210938,6.226559162139893,299.6802673339844,116.59148406982422,49.52675247192383
2020-01-27,74.40502166748047,148.99000549316406,111.03665161132812,153.3987274169922,5.971013069152832,294.8764953613281,118.4049301147461,48.346832275390625
2020-01-28,76.50989532470703,147.66000366210938,113.05506134033205,156.40469360351562,6.1641645431518555,297.96649169921875,117.47771453857422,48.27962875366211
2020-01-29,78.11143493652344,148.4600067138672,112.88687133789062,158.84344482421875,6.103757858276367,297.72052001953125,118.62654876708984,47.876365661621094
2020-01-30,77.99824523925781,148.47000122070312,114.28289031982422,163.3240509033203,6.110468864440918,298.6866149902344,118.64299011230467,48.384185791015625
2020-01-31,74.53990173339844,149.3300018310547,111.31420135498048,160.91360473632812,5.877295970916748,293.26318359375,119.7261734008789,46.39026641845703
2020-02-03,74.3351821899414,148.36000061035156,112.16360473632812,164.83653259277344,5.974244594573975,295.4416809082031,119.62921142578124,45.35223007202149
2020-02-04,76.78925323486328,146.42999267578125,113.77832794189452,170.26234436035156,6.143281936645508,299.9446105957031,118.0181655883789,44.78467559814453
2020-02-05,77.4154281616211,146.61000061035156,115.71261596679688,170.0543975830078,6.233518123626709,303.40826416015625,116.7276840209961,46.845802307128906
2020-02-06,78.32095336914062,147.39999389648438,115.72943878173828,173.5802764892578,6.32027530670166,304.4292297363281,117.25369262695312,46.211036682128906
2020-02-07,77.25636291503906,147.7899932861328,115.35941314697266,173.8260040283203,6.254152297973633,302.8067626953125,118.71682739257812,45.90485382080078
2020-02-10,77.62328338623047,148.1699981689453,115.83876037597656,178.37277221679688,6.537042140960693,305.0672912597656,119.04562377929688,45.420047760009766
2020-02-11,77.15495300292969,147.66000366210938,116.05744934082033,174.34591674804688,6.65934419631958,305.5960998535156,118.44558715820312,45.85183334350586
2020-02-12,78.98724365234375,147.5399932861328,116.05744934082033,174.6011505126953,6.774936676025391,307.5649719238281,117.84552764892578,46.412384033203125
2020-02-13,78.42475128173828,148.3800048828125,115.95651245117188,173.65585327148438,6.731185436248779,307.2367248535156,118.29763793945312,46.15481948852539
2020-02-14,78.4440689086914,149.0,115.60330963134766,175.20611572265625,7.203744888305664,307.7289733886719,118.81549835205078,45.942726135253906
2020-02-18,77.00773620605469,150.91000366210938,114.07267761230467,176.98326110839844,7.372286319732666,306.9359436035156,119.62921142578124,45.35945129394531
2020-02-19,78.12301635742188,151.7899932861328,115.62850189208984,177.51406860351562,7.822971820831299,308.4034118652344,119.62097930908205,45.70790100097656
2020-02-20,77.32154083251953,152.41000366210938,115.62850189208984,174.80319213867188,7.673820972442627,307.1364440917969,120.55802917480467,45.34429931640625
2020-02-21,75.57137298583984,154.6999969482422,114.21565246582033,169.27716064453125,7.310141086578369,303.9734802246094,121.68417358398438,44.791316986083984
2020-02-24,71.9817123413086,156.08999633789062,111.14600372314452,161.97874450683594,6.793331146240234,293.89208984375,123.50060272216795,42.69302749633789
2020-02-25,69.54351806640625,153.3000030517578,106.18412017822266,159.3057861328125,6.5141706466674805,284.986572265625,124.15827178955078,41.05681228637695
2020-02-26,70.64673614501953,153.97000122070312,106.50370025634766,161.2962646484375,6.653377532958984,283.9382629394531,123.50060272216795,40.15538787841797
2020-02-27,66.02867889404297,154.0,102.07167053222656,149.93148803710938,6.283014297485352,271.18609619140625,124.8404769897461,37.73893737792969
2020-02-28,65.99005889892578,148.3800048828125,97.64803314208984,153.56175231933594,6.717552185058594,270.0467834472656,127.65977478027344,38.966094970703125
2020-03-02,72.1337661743164,149.1999969482422,102.1977996826172,163.7796173095703,6.87574577331543,281.74151611328125,126.7205810546875,40.81441116333008
2020-03-03,69.84286499023438,153.88999938964844,98.36287689208984,155.93142700195312,6.613581657409668,273.67449951171875,128.68801879882812,38.860050201416016
2020-03-04,73.08248901367188,154.16000366210938,100.7933578491211,161.65643310546875,7.076722145080566,285.17791748046875,127.32152557373048,39.70845413208008
2020-03-05,70.7119140625,157.49000549316406,95.84830474853516,157.59963989257812,6.797644138336182,275.69805908203125,130.49073791503906,37.9586181640625
2020-03-06,69.77286529541016,157.5500030517578,90.8948211669922,153.14474487304688,6.617311000823975,271.1404724121094,137.2819366455078,36.125450134277344
2020-03-09,64.2543716430664,157.80999755859375,78.58264923095703,142.76573181152344,6.104920864105225,249.9659881591797,141.0028076171875,31.70919609069824
2020-03-10,68.8820571899414,154.47999572753906,84.68829345703125,152.5286102294922,6.4939398765563965,262.900390625,133.77525329589844,32.88332748413086
2020-03-11,66.48975372314453,153.92999267578125,80.70195007324219,145.61874389648438,6.130540370941162,250.0843963623047,128.8526611328125,31.80008888244629
2020-03-12,59.92359924316406,147.7899932861328,74.04967498779297,131.80853271484375,5.380358695983887,226.1570587158203,129.65113830566406,28.1640682220459
2020-03-13,67.10293579101562,143.27999877929688,87.38787078857422,150.547607421875,5.99050235748291,245.4904022216797,126.7205810546875,28.876129150390625
2020-03-16,58.47035217285156,141.63999938964844,74.31039428710938,128.3583526611328,4.885130882263184,218.6279296875,134.9276885986328,26.126373291015625
2020-03-17,61.04129409790039,143.55999755859375,78.85175323486328,138.9269561767578,5.404238224029541,230.43211364746097,125.93038940429688,27.8837890625
2020-03-18,59.54700469970703,140.6999969482422,70.5511474609375,133.07867431640625,5.044816493988037,218.76466369628903,118.82633209228516,25.08859062194824
2020-03-19,59.09075164794922,138.0399932861328,71.7369384765625,135.26820373535156,5.297281265258789,219.2295379638672,122.06134796142578,26.08092498779297
2020-03-20,55.33933639526367,140.11000061035156,70.22315216064453,130.1876983642578,5.117696762084961,209.78201293945312,131.23985290527344,24.80074119567871
2020-03-23,54.1636962890625,146.3000030517578,66.46389770507812,128.88912963867188,5.290317058563232,204.4182281494141,136.6481170654297,23.823558807373047
2020-03-24,59.597694396972656,153.39999389648438,74.3692626953125,140.6045684814453,6.197946548461914,222.9391937255859,134.1044921875,26.846012115478516
2020-03-25,59.269386291503906,151.3000030517578,77.14456176757812,139.2586669921875,6.109398365020752,226.27664184570312,133.7999267578125,28.24738883972168
2020-03-26,62.38832473754883,153.24000549316406,82.51850891113281,147.96946716308594,6.3984270095825195,239.4888916015625,134.4584197998047,29.4063777923584
2020-03-27,59.805301666259766,152.25,76.63993835449219,141.89369201660156,6.286247253417969,232.3555908203125,138.047607421875,27.989835739135746
2020-03-30,61.51203155517578,152.9199981689453,78.63311767578125,151.87457275390625,6.606118679046631,239.90147399902344,136.91156005859375,28.406469345092773
2020-03-31,61.38648986816406,148.0500030517578,75.71484375,149.4860076904297,6.556620121002197,236.32566833496097,135.8002471923828,28.76249122619629
2020-04-01,58.15652084350586,149.4499969482422,70.9464111328125,144.17799377441406,6.045971393585205,225.6898498535156,137.70294189453125,28.42919158935547
2020-04-02,59.126953125,151.89999389648438,73.59555053710938,147.16372680664062,6.354399681091309,230.8977508544922,138.57676696777344,30.603246688842773
2020-04-03,58.2772216796875,152.64999389648438,71.42024230957031,145.80831909179688,6.066863536834717,227.56027221679688,138.90646362304688,29.701807022094727
2020-04-06,63.36117935180664,156.8800048828125,76.01728057861328,156.6517791748047,6.676013469696045,242.84461975097656,138.5437774658203,30.656265258789062
2020-04-07,62.62731170654297,156.0399932861328,77.01998138427734,154.96456909179688,6.44295072555542,243.0922088623047,137.0928497314453,31.23954963684082
2020-04-08,64.23021697998047,154.64999389648438,80.1300048828125,156.51910400390625,6.6399455070495605,251.25238037109375,136.09535217285156,33.21662902832031
2020-04-09,64.69371032714844,158.69000244140625,87.31875610351562,156.528564453125,6.54045295715332,255.0758056640625,136.34274291992188,32.67123031616211
2020-04-13,65.96351623535156,161.41000366210938,83.43547058105469,156.8792724609375,6.712080001831055,252.74688720703125,135.09796142578125,32.390953063964844
2020-04-14,69.29487609863281,162.67999267578125,81.14969635009766,164.64218139648438,7.062793254852295,260.2010803222656,135.0648651123047,32.140968322753906
2020-04-15,68.66239166259766,161.85000610351562,77.14744567871094,162.9171142578125,6.985437870025635,254.6724395751953,138.64268493652344,30.663843154907227
2020-04-16,69.20795440673828,161.7100067138672,74.20735168457031,167.80799865722656,7.330182075500488,255.901123046875,140.21726989746094,29.656354904174805
2020-04-17,68.26891326904297,158.57000732421875,80.87777709960938,169.28663635253906,7.270984649658203,262.81427001953125,138.33778381347656,32.73939895629883
2020-04-20,66.85187530517578,159.6999969482422,77.92918395996094,165.93125915527344,7.139902114868164,258.1840515136719,139.4506072998047,31.194091796875
2020-04-21,64.78546142578125,158.61000061035156,75.66888427734375,159.0687713623047,6.703623294830322,250.3448028564453,141.20651245117188,31.02743911743164
2020-04-22,66.6514892578125,161.72999572753906,75.91531372070312,164.47157287597656,7.117516994476318,255.901123046875,139.7637939453125,31.913715362548828
2020-04-23,66.39320373535156,163.33999633789062,75.95781707763672,162.48106384277344,7.064286708831787,255.8826904296875,140.5058135986328,32.91363525390625
2020-04-24,68.30995178222656,162.63999938964844,77.07945251464844,165.44784545898438,7.203080654144287,259.4493103027344,140.83551025390625,33.125728607177734
2020-04-27,68.35823059082031,161.55999755859375,80.40191650390625,164.9739227294922,7.389382362365723,263.1902160644531,138.21397399902344,33.28479766845703
2020-04-28,67.25020599365234,160.83999633789062,80.97125244140625,160.95504760742188,7.247106075286865,261.97991943359375,139.80502319335938,34.06503677368164
2020-04-29,69.45905303955078,161.72999572753906,83.15506744384766,168.17764282226562,7.423707962036133,268.838134765625,139.0795440673828,35.95122528076172
2020-04-30,70.92435455322266,158.8000030517578,81.3706283569336,169.86485290527344,7.269988059997559,266.335205078125,137.4556121826172,35.2012939453125
2020-05-01,69.7824935913086,159.77999877929688,79.23779296875,165.46685791015625,7.033692359924316,259.2843322753906,138.63267517089844,32.67879104614258
2020-05-04,70.76986694335938,160.33999633789062,78.29456329345703,169.51414489746094,7.245366096496582,259.9994201660156,137.9805908203125,33.99686050415039
2020-05-05,71.83202362060547,161.02000427246094,78.17559814453125,171.33401489257812,7.306304931640625,262.40167236328125,137.0973663330078,33.95899200439453
2020-05-06,72.57312774658203,158.9499969482422,76.70557403564453,173.0211944580078,7.407041072845459,260.6229553222656,134.88522338867188,33.32269287109375
2020-05-07,73.32389831542969,161.38999938964844,77.50431060791016,174.02589416503906,7.583145618438721,263.7678527832031,137.13861083984375,33.51205825805664
2020-05-08,75.06915283203125,160.4199981689453,78.77042388916016,175.0496063232422,7.772929668426514,268.1322021484375,135.35565185546875,34.98162078857422
2020-05-11,76.25035858154297,159.4199981689453,76.45065307617188,177.0021514892578,8.02464771270752,268.18719482421875,134.29917907714844,34.64832305908203
2020-05-12,75.37896728515625,160.0399932861328,73.95243072509766,172.9927520751953,7.762979030609131,262.8418273925781,135.6776123046875,34.06917190551758
2020-05-13,74.46882629394531,161.5800018310547,71.4032211303711,170.37669372558594,7.740593910217285,258.1932678222656,136.6268768310547,32.3780632019043
2020-05-14,74.92631530761719,163.00999450683594,74.36878967285156,171.11599731445312,7.989826202392578,261.2830810546875,137.96408081054688,32.663780212402344
2020-05-15,74.48334503173828,163.92999267578125,72.99222564697266,173.60888671875,8.447741508483887,262.48419189453125,137.60914611816406,32.432125091552734
2020-05-18,76.23827362060547,162.69000244140625,76.85853576660156,175.26760864257812,8.705930709838867,270.4793701171875,134.5880889892578,35.0112419128418
2020-05-19,75.79771423339844,164.25999450683594,75.34599304199219,174.0543670654297,8.760899543762207,267.7012939453125,135.09156799316406,33.930171966552734
2020-05-20,77.27186584472656,164.64999389648438,77.6063003540039,176.46859741210938,8.924567222595215,272.2490234375,135.4960479736328,35.0344123840332
2020-05-21,76.69575500488281,162.25,76.62059783935547,174.34902954101562,8.730803489685059,270.3692932128906,135.83444213867188,34.408931732177734
2020-05-22,77.18954467773438,163.2100067138672,76.02578735351562,174.42507934570312,8.98052978515625,270.8828125,136.6516571044922,34.4398193359375
2020-05-26,76.66670989990234,160.88999938964844,81.42161560058594,172.58114624023438,8.673591613769531,274.22027587890625,134.81919860839844,35.45140075683594
2020-05-27,77.00074768066406,161.17999267578125,86.13765716552734,172.8092041015625,8.482069969177246,278.3004150390625,134.57150268554688,35.70621871948242
2020-05-28,77.0346450805664,161.72000122070312,84.85453033447266,172.41952514648438,8.444013595581055,277.7868957519531,134.07627868652344,34.77958679199219
2020-05-29,76.95957946777344,162.91000366210938,82.68770599365234,174.1779327392578,8.830546379089355,279.0246887207031,135.03375244140625,35.11162185668945
2020-06-01,77.90604400634766,163.66000366210938,83.78385162353516,173.7787322998047,8.761645317077637,280.1524658203125,134.12464904785156,35.73711395263672
2020-06-02,78.2667007446289,162.60000610351562,84.06427764892578,175.7557373046875,8.780549049377441,282.4721374511719,133.6370086669922,36.53246307373047
2020-06-03,78.69755554199219,159.60000610351562,88.60186004638672,176.18348693847656,8.725081443786621,286.2314758300781,131.8599853515625,38.022804260253906
2020-06-04,78.01980590820312,161.27999877929688,90.44579315185548,173.8642578125,8.726079940795898,285.47955322265625,129.9507598876953,37.914695739746094
2020-06-05,80.24188995361328,158.00999450683594,94.5160140991211,177.93235778808594,8.87887191772461,292.7961730957031,129.02511596679688,40.98802947998047
2020-06-08,80.71633911132812,159.72000122070312,96.40242004394533,179.03497314453125,8.764400482177734,296.3354187011719,129.52098083496094,42.26986312866211
2020-06-09,83.26518249511719,161.25999450683594,93.92972564697266,180.4036865234375,9.004288673400879,294.1258239746094,130.99220275878906,41.32778549194336
2020-06-10,85.4073715209961,163.57000732421875,90.12288665771484,187.0951690673828,9.323556900024414,292.4845886230469,132.93441772460938,39.111595153808594
2020-06-11,81.30695343017578,162.38999938964844,82.60273742675781,177.0483856201172,8.755690574645996,275.6230773925781,135.44703674316406,35.65988540649414
2020-06-12,82.0089111328125,162.6199951171875,84.86302947998047,178.44566345214844,8.891311645507812,278.923828125,134.14114379882812,36.42435836791992
2020-06-15,83.02310943603516,162.3300018310547,86.03565979003906,179.58624267578125,9.131450653076172,281.52783203125,134.21559143066406,36.40119552612305
2020-06-16,85.22342681884766,162.25,86.72396087646484,183.98703002929688,9.026683807373049,286.9465026855469,132.15750122070312,37.2197151184082
2020-06-17,85.10480499267578,162.55999755859375,84.53163146972656,184.6238250732422,9.19341278076172,285.7546081542969,132.70301818847656,36.00737380981445
2020-06-18,85.13870239257812,162.24000549316406,84.07276916503906,186.60092163085935,9.175494194030762,285.8646240234375,134.10806274414062,36.23130798339844
2020-06-19,84.65218353271484,164.02999877929688,83.11255645751953,185.48883056640625,9.218545913696287,284.2309265136719,134.21559143066406,35.505455017089844
2020-06-22,86.86698913574219,165.08999633789062,82.21186828613281,190.6405029296875,9.482824325561523,286.0543212890625,134.2321014404297,35.8452262878418
2020-06-23,88.72113800048828,166.47999572753906,83.21455383300781,191.9141540527344,9.40642547607422,287.37127685546875,133.31463623046875,36.06143951416016
2020-06-24,87.15504455566406,165.89999389648438,80.4359130859375,188.04562377929688,9.192917823791504,280.040771484375,134.74447631835938,34.36260223388672
2020-06-25,88.31205749511719,165.8000030517578,83.24004364013672,190.42185974121097,9.44624137878418,283.04296875,135.13296508789062,34.879966735839844
2020-06-26,85.59859466552734,166.5399932861328,78.67697143554688,186.61038208007812,9.112786293029783,276.32025146484375,136.57933044433594,33.68307113647461
2020-06-29,87.57135772705078,166.6300048828125,79.02534484863281,188.6159515380859,9.157577514648438,280.3815002441406,136.1494903564453,34.223609924316406
2020-06-30,88.3023681640625,167.3699951171875,79.92607116699219,193.43492126464844,9.45395565032959,283.97308349609375,135.48834228515625,34.53248596191406
2020-07-01,88.1353759765625,166.6199951171875,79.24628448486328,194.5660400390625,9.486055374145508,285.9622802734375,135.22523498535156,33.75257110595703
2020-07-02,88.1353759765625,166.97999572753906,79.5036849975586,196.0487823486328,9.567928314208984,287.5370178222656,135.36582946777344,34.03828430175781
2020-07-06,90.49300384521484,167.97999572753906,81.51143646240234,200.26898193359375,9.793880462646484,291.975830078125,134.81150817871094,34.27766418457031
2020-07-07,90.21222686767578,169.0399932861328,79.21195220947266,197.94027709960935,9.826231002807615,288.9643859863281,136.70648193359375,33.38963317871094
2020-07-08,92.31326293945312,170.08999633789062,80.05281829833984,202.2935485839844,10.16889190673828,291.1745910644531,136.1602783203125,33.312416076660156
2020-07-09,92.71026611328124,169.6300048828125,78.31964111328125,203.70977783203125,10.460541725158691,289.5169982910156,138.32814025878906,31.93792152404785
2020-07-10,92.87242126464844,169.19000244140625,82.60113525390625,203.09194946289065,10.430930137634276,292.4731140136719,137.63311767578125,32.93405532836914
2020-07-13,92.44400787353516,169.39999389648438,83.7851791381836,196.81869506835935,10.005900382995604,289.9405822753906,138.08822631835938,32.9417610168457
2020-07-14,93.97379302978516,170.19000244140625,84.26568603515625,198.03536987304688,10.32915210723877,293.6979064941406,138.28689575195312,34.03055953979492
2020-07-15,94.62006378173828,170.33999633789062,85.56986999511719,197.7406463623047,10.180089950561523,296.39617919921875,137.64146423339844,34.46298599243164
2020-07-16,93.4557876586914,168.72999572753906,85.81011199951172,193.8246307373047,10.088016510009766,295.4201354980469,138.29519653320312,34.192718505859375
2020-07-17,93.2669906616211,170.1199951171875,84.22277069091797,192.83612060546875,10.154459953308104,296.2764892578125,138.00552368164062,33.6058464050293
2020-07-20,95.23246002197266,170.94000244140625,83.48487091064453,201.12445068359375,10.462281227111816,298.6709289550781,138.34471130371094,32.81822204589844
2020-07-21,93.91812133789062,173.0,85.29529571533203,198.4154815673828,10.280876159667969,299.30633544921875,138.42750549316406,34.47842788696289
2020-07-22,94.18195343017578,175.6300048828125,84.67750549316406,201.26698303222656,10.390615463256836,301.0099792480469,138.84124755859375,33.67535400390625
2020-07-23,89.8951187133789,177.17999267578125,84.92633819580078,192.512939453125,10.08304214477539,297.4184265136719,140.4630889892578,33.744850158691406
2020-07-24,89.67243194580078,178.6999969482422,84.32572174072266,191.33432006835935,10.147494316101074,295.5029296875,140.45481872558594,33.53635787963867
2020-07-27,91.79769897460938,182.22999572753903,83.14169311523438,193.75811767578125,10.373445510864258,297.65777587890625,139.9335479736328,34.03055953979492
2020-07-28,90.28966522216795,183.75,83.50204467773438,192.01870727539065,10.16839599609375,295.76995849609375,140.90171813964844,33.6290168762207
2020-07-29,92.02037811279295,185.1300048828125,85.5269546508789,193.95770263671875,10.417241096496582,299.40765380859375,140.66160583496094,33.99967956542969
2020-07-30,93.13385772705078,183.7599945068359,83.24464416503906,193.8056182861328,10.565058708190918,298.3393859863281,141.58839416503906,32.33173370361328
2020-07-31,102.88389587402344,185.42999267578125,82.91857147216797,194.86065673828125,10.565803527832031,300.6968994140625,141.49749755859375,32.493900299072266
2020-08-03,105.476318359375,185.63999938964844,82.45526123046875,205.8199005126953,10.959481239318848,302.78729248046875,140.78500366210938,32.62516784667969
2020-08-04,106.18071746826172,189.58999633789065,81.98335266113281,202.7307891845703,11.17597770690918,303.9569091796875,142.1270294189453,33.56724166870117
2020-08-05,106.56559753417967,191.3500061035156,83.40765380859375,202.39810180664065,11.234704971313477,305.84478759765625,140.88446044921875,33.86067581176758
2020-08-06,110.2835693359375,193.88999938964844,83.43340301513672,205.63929748535156,11.28322982788086,307.8891906738281,141.67144775390625,33.69852828979492
2020-08-07,107.77619171142578,190.80999755859375,85.2695541381836,201.96083068847656,11.14785861968994,308.11016845703125,140.72714233398438,33.54407501220703
2020-08-10,109.34271240234376,190.1499938964844,86.35066986083984,197.94027709960935,11.113520622253418,309.03125,140.0974578857422,34.370323181152344
2020-08-11,106.0908660888672,179.94000244140625,89.0791244506836,193.3113555908203,10.799968719482422,306.4802551269531,138.43238830566406,34.72553634643555
2020-08-12,109.6167221069336,179.10000610351562,88.32408905029297,198.8337249755859,11.387499809265137,310.75323486328125,137.17323303222656,34.7176628112793
2020-08-13,111.5566635131836,183.3300018310547,87.83501434326172,198.3679962158203,11.39023494720459,310.1915283203125,135.7069854736328,33.86724090576172
2020-08-14,111.4572525024414,182.5399932861328,87.86932373046875,198.55807495117188,11.5106782913208,310.2007141113281,135.1768035888672,34.016849517822266
2020-08-17,111.166259765625,186.5,85.55268096923828,199.86976623535156,12.280115127563477,311.1861572265625,135.51641845703125,33.57589340209961
2020-08-18,112.09259796142578,188.17999267578125,84.36007690429688,201.0198974609375,12.204214096069336,311.8583984375,136.48568725585938,33.4105339050293
2020-08-19,112.23320770263672,182.2400054931641,84.55738830566406,199.80030822753903,12.08253002166748,310.5599670410156,135.63246154785156,33.04044723510742
2020-08-20,114.72364807128906,183.5,83.54492950439453,204.44992065429688,12.085018157958984,311.5268859863281,136.8584442138672,32.5364875793457
2020-08-21,120.63563537597656,182.02999877929688,83.50204467773438,202.9635467529297,12.625015258789062,312.6319580078125,137.67852783203125,32.29239273071289
2020-08-24,122.07846069335938,181.0,85.85299682617188,203.6019744873047,12.661598205566406,315.79986572265625,137.45486450195312,33.24517059326172
2020-08-25,121.07695770263672,181.22000122070312,86.23052215576172,206.25067138671875,12.691207885742188,316.90496826171875,136.40283203125,32.190025329589844
2020-08-26,122.72347259521484,183.36000061035156,85.02071380615234,210.7097625732422,12.714102745056152,320.0821533203125,135.8809051513672,31.504959106445312
2020-08-27,121.25640106201172,181.2400054931641,87.81786346435547,215.88343811035156,12.570019721984863,320.78204345703125,133.56973266601562,31.292348861694336
2020-08-28,121.05998229980467,184.38999938964844,88.17820739746094,218.1033935546875,13.087125778198242,322.8540344238281,133.47035217285156,32.040401458740234
2020-08-31,125.16541290283205,184.8300018310547,85.96455383300781,214.8829803466797,13.312828063964844,321.6844787597656,134.35667419433594,31.44983291625977
2020-09-01,130.15106201171875,185.0500030517578,85.9216537475586,216.5408172607422,13.761388778686523,324.7143249511719,135.8934783935547,31.04825782775879
2020-09-02,127.45452117919922,182.6199951171875,87.21725463867188,220.71408081054688,14.284621238708496,329.41094970703125,137.18714904785156,30.859270095825195
2020-09-03,117.25041961669922,181.13999938964844,86.94267272949219,207.04153442382812,12.959359169006348,318.0745849609375,137.5769805908203,30.79627990722656
2020-09-04,117.3280029296875,181.63999938964844,88.82174682617188,204.135498046875,12.568055152893066,315.47760009765625,134.96461486816406,30.77265167236328
2020-09-08,109.43243408203124,181.2899932861328,85.7328872680664,193.09271240234375,11.861614227294922,306.8577575683594,135.79391479492188,30.063968658447266
2020-09-09,113.79728698730467,183.0500030517578,86.54798889160156,201.31524658203125,12.660157203674316,312.91741943359375,135.4290008544922,29.88286399841309
2020-09-10,110.08230590820312,182.4600067138672,85.65567016601562,195.6747589111328,12.258648872375488,307.4840393066406,136.11734008789062,29.13479995727539
2020-09-11,108.63704681396484,182.4499969482422,86.71958923339844,194.39794921875,12.112030982971191,307.6405944824219,136.40760803222656,29.05606460571289
2020-09-14,111.89617919921876,183.88999938964844,87.92082214355469,195.7127990722656,12.816727638244627,311.6925964355469,136.3993377685547,28.86708068847656
2020-09-15,112.0707550048828,183.4499969482422,85.18375396728516,198.9237365722656,12.93496799468994,313.2673034667969,136.06759643554688,28.559980392456055
2020-09-16,108.7631607055664,183.97000122070312,85.54409790039062,195.36981201171875,12.460521697998049,312.02410888671875,135.6612548828125,29.77262306213379
2020-09-17,107.0268783569336,182.9600067138672,84.56597900390625,193.33084106445312,12.409741401672363,309.2798156738281,136.07586669921875,29.764747619628903
2020-09-18,103.6319808959961,183.1999969482422,84.38579559326172,190.9298095703125,12.136674880981444,305.71917724609375,135.65296936035156,29.28441047668457
2020-09-21,106.77471160888672,179.52000427246094,81.77742767333984,192.9783172607422,12.46325969696045,302.3165588378906,136.34127807617188,28.685962677001953
2020-09-22,108.45276641845705,178.64999389648438,80.88508605957031,197.62796020507812,12.583239555358888,305.3955383300781,136.2334747314453,27.9772891998291
2020-09-23,103.90357971191406,174.7899932861328,79.57233428955078,191.12039184570312,12.071456909179688,298.3131103515625,136.4159698486328,27.079618453979492
2020-09-24,104.97054290771484,175.44000244140625,79.5036849975586,193.59762573242188,12.29473876953125,299.1082763671875,136.9384002685547,27.024497985839844
2020-09-25,108.90863800048828,174.94000244140625,80.19867706298828,198.0090789794922,12.81822109222412,303.94390869140625,136.9384002685547,27.27647590637207
2020-09-28,111.50816345214844,176.6999969482422,82.50675201416016,199.5525665283203,12.97877597808838,308.9922180175781,136.54856872558594,27.804048538208008
2020-09-29,110.66427612304688,178.19000244140625,81.81175231933594,197.47547912597656,13.16870403289795,307.3094787597656,136.7062225341797,26.993000030517575
2020-09-30,112.33264923095705,177.1199951171875,82.60113525390625,200.40052795410156,13.472140312194824,309.6395263671875,135.39584350585938,27.03237533569336
2020-10-01,113.2832260131836,178.6999969482422,83.20173645019531,202.4300079345703,13.555776596069336,311.6273498535156,135.61915588378906,26.087465286254883
2020-10-02,109.6264190673828,178.5399932861328,83.99110412597656,196.45602416992188,13.00590991973877,308.6687316894531,135.11276245117188,25.969348907470703
2020-10-05,113.001953125,179.41000366210938,85.76634979248047,200.44818115234375,13.583654403686523,314.1423034667969,132.47276306152344,26.567792892456055
2020-10-06,109.76223754882812,177.3000030517578,84.88306427001953,196.18923950195312,13.677250862121582,309.67645263671875,133.1866912841797,26.292192459106445
2020-10-07,111.62456512451172,177.22000122070312,86.3638916015625,199.9241943359375,13.903770446777344,315.06689453125,132.2154541015625,26.378808975219727
2020-10-08,111.51786041259766,177.85000610351562,88.13914489746094,200.63873291015625,13.779062271118164,317.859130859375,132.92933654785156,27.764678955078125
2020-10-09,113.45783233642578,181.0800018310547,87.63687896728516,205.6218719482422,13.703388214111328,320.6977233886719,132.90443420410156,27.3552188873291
2020-10-12,120.66473388671876,180.55999755859375,88.710693359375,210.9479522705078,14.164639472961426,325.8569030761719,133.32791137695312,27.26860618591309
2020-10-13,117.4638214111328,177.72000122070312,87.2731704711914,212.33908081054688,14.186793327331545,323.7303771972656,134.28260803222656,26.945764541625977
2020-10-14,117.55111694335938,178.27000427246094,86.78821563720703,210.43344116210935,14.03445529937744,321.69622802734375,134.58970642089844,26.89063835144043
2020-10-15,117.08551025390624,178.9199981689453,88.08718872070312,209.29010009765625,13.90974235534668,321.29864501953125,134.35719299316406,27.126863479614254
2020-10-16,115.44625854492188,178.3000030517578,87.90532684326172,209.29010009765625,13.75192642211914,321.10455322265625,133.98370361328125,26.85126686096191
2020-10-19,112.49752044677734,178.38999938964844,86.42450714111328,204.10691833496097,13.439533233642578,316.22259521484375,133.47727966308594,26.315807342529297
2020-10-20,113.98162078857422,179.25,86.91812133789062,204.51661682128903,13.586644172668455,317.48931884765625,132.2070770263672,26.536293029785156
2020-10-21,113.3608169555664,180.6000061035156,86.05213928222656,204.65956115722656,13.466413497924805,316.8883056640625,131.75048828125,26.111082077026367
2020-10-22,112.27445220947266,178.8300018310547,89.09169006347656,204.74526977539065,13.30337142944336,318.62664794921875,130.3806915283203,27.44970703125
2020-10-23,111.58576202392578,178.63999938964844,89.8970718383789,206.0220642089844,13.531634330749512,319.70843505859375,131.17762756347656,26.89851188659668
2020-10-26,111.595458984375,178.5500030517578,87.67152404785156,200.1623992919922,13.084568977355955,313.80023193359375,132.3980712890625,26.26069450378418
2020-10-27,113.09891510009766,179.02000427246094,86.01748657226562,203.1826629638672,13.33896827697754,312.71832275390625,133.286376953125,25.843355178833008
2020-10-28,107.86105346679688,176.1300048828125,83.60143280029297,193.11170959472656,12.572535514831545,302.030029296875,133.41085815429688,24.85907554626465
2020-10-29,111.8573760986328,175.39999389648438,84.14696502685547,195.0554046630859,12.967825889587402,305.0997314453125,132.11575317382812,25.961471557617188
2020-10-30,105.5913314819336,176.1999969482422,84.9003677368164,192.91159057617188,12.479941368103027,301.9190673828125,130.81240844726562,25.685869216918945
2020-11-02,105.5040283203125,177.91000366210938,86.81419372558594,192.7782440185547,12.526485443115234,305.30316162109375,131.79220581054688,26.7646541595459
2020-11-03,107.12387084960938,178.9199981689453,89.5506820678711,196.68467712402344,12.96334457397461,310.6935119628906,131.02769470214844,26.30794334411621
2020-11-04,111.49847412109376,178.82000732421875,86.81419372558594,206.17446899414065,13.734749794006348,317.6372985839844,133.86996459960938,26.166202545166016
2020-11-05,115.45597076416016,182.92999267578125,90.3647003173828,212.74871826171875,14.098922729492188,323.8320617675781,134.1026153564453,26.118955612182617
2020-11-06,115.3248062133789,183.19000244140625,89.1609878540039,213.158447265625,14.499189376831056,323.7580871582031,132.48199462890625,25.81186294555664
2020-11-09,113.02198791503906,175.0800018310547,101.23270416259766,208.08004760742188,13.571955680847168,327.8264465332031,129.6979217529297,29.079683303833008
2020-11-10,112.68192291259766,175.66000366210938,100.90363311767578,201.0484619140625,12.714920997619627,327.3456115722656,128.94993591308594,29.724834442138672
2020-11-11,116.10211181640624,174.89999389648438,99.3968505859375,206.3269195556641,13.360124588012695,329.7772521972656,129.4153289794922,29.418380737304688
2020-11-12,115.83004760742188,175.9600067138672,98.17581176757812,205.2693328857422,13.398707389831545,326.5781555175781,131.61770629882812,28.41034507751465
2020-11-13,115.8786392211914,177.16000366210938,98.7906494140625,206.288818359375,13.239646911621094,331.0994873046875,131.44320678710938,29.095808029174805
2020-11-16,116.88915252685548,177.14999389648438,101.57911682128906,206.97479248046875,13.456954002380373,335.23236083984375,131.12741088867188,30.773176193237305
2020-11-17,116.00496673583984,176.5,100.54857635498048,204.33558654785156,13.364354133605955,333.42938232421875,131.98338317871094,31.18445205688477
2020-11-18,114.6834945678711,175.49000549316406,99.8038558959961,201.64170837402344,13.370829582214355,329.41668701171875,132.36566162109375,30.007062911987305
2020-11-19,115.27619934082033,175.16000366210938,100.07229614257812,202.92173767089844,13.382278442382812,330.8036193847656,133.04718017578125,30.160295486450195
2020-11-20,114.01306915283205,175.69000244140625,99.2149887084961,200.9824981689453,13.03130054473877,328.5382080078125,134.2272491455078,29.78933906555176
2020-11-23,110.6220245361328,172.22999572753906,102.0727081298828,200.71505737304688,13.08332347869873,330.50775146484375,133.6123046875,31.740880966186523
2020-11-24,111.9045867919922,169.58999633789062,106.79227447509766,204.29737854003903,12.901861190795898,335.83343505859375,132.2825927734375,33.85371398925781
2020-11-25,112.74020385742188,169.50999450683594,105.67516326904295,204.30694580078125,13.17766284942627,335.3155822753906,131.87533569335938,32.91020202636719
2020-11-27,113.28433227539062,167.7899932861328,104.9737319946289,205.60610961914065,13.204049110412598,336.2494201660156,133.1552276611328,32.41021728515625
2020-11-30,115.67459869384766,166.6699981689453,102.08137512207033,204.49801635742188,13.343694686889648,334.7608337402344,132.98895263671875,30.748979568481445
2020-12-01,119.24051666259766,170.17999267578125,103.69207000732422,206.54226684570312,13.332244873046877,338.4222717285156,131.02816772460938,31.047359466552734
2020-12-02,119.59032440185548,171.4600067138672,105.683837890625,205.7398681640625,13.486080169677734,339.1341857910156,129.98831176757812,32.20861053466797
2020-12-03,119.45429229736328,172.80999755859375,104.99102783203124,204.660400390625,13.342159271240234,339.041748046875,131.0364990234375,32.42634582519531
2020-12-04,118.78386688232422,172.32000732421875,105.94363403320312,204.77500915527344,13.50376033782959,341.9634704589844,129.11468505859375,33.61179733276367
2020-12-07,120.24131774902344,174.88999938964844,105.54528045654295,204.7081756591797,13.55206298828125,341.2607421875,130.27938842773438,32.9827880859375
2020-12-08,120.8534698486328,175.5,105.6491928100586,206.35125732421875,13.296347618103027,342.2593994140625,130.89503479003906,34.06338882446289
2020-12-09,118.3271942138672,172.5,104.82653045654295,202.3295135498047,12.878779411315918,339.18975830078125,130.4624481201172,34.51498794555664
2020-12-10,119.74578094482422,172.1699981689453,104.15104675292967,201.1067047119141,12.920110702514648,339.0787353515625,131.61878967285156,35.49075698852539
2020-12-11,118.93931579589844,172.49000549316406,103.53621673583984,203.7242126464844,12.960948944091797,338.6811828613281,132.084716796875,35.321407318115234
2020-12-14,118.3271942138672,171.5399932861328,102.4450912475586,204.6221923828125,13.255260467529297,337.16473388671875,131.71864318847656,34.04725646972656
2020-12-15,124.25421905517578,173.94000244140625,104.19434356689452,204.55532836914065,13.306801795959473,341.72308349609375,131.27772521972656,34.70853042602539
2020-12-16,124.18621826171876,174.89999389648438,104.49744415283205,209.47499084472656,13.18927764892578,342.2593994140625,130.92832946777344,35.24076843261719
2020-12-17,125.05097198486328,176.74000549316406,103.6314697265625,209.6087646484375,13.287631034851074,344.1733093261719,130.5818634033203,35.063358306884766
2020-12-18,123.0688018798828,176.44000244140625,103.12054443359376,208.81585693359375,13.218656539916992,342.799072265625,130.19044494628906,34.45854187011719
2020-12-21,124.59430694580078,175.8800048828125,106.99146270751952,212.63705444335935,13.27866554260254,341.5733947753906,130.70680236816406,33.82953643798828
2020-12-22,128.1408233642578,174.49000549316406,105.36341094970705,213.9266662597656,13.22488498687744,340.9977111816406,131.38133239746094,33.256961822509766
2020-12-23,127.24690246582033,175.64999389648438,108.3077392578125,211.13723754882812,12.95696258544922,341.3040771484375,130.4735565185547,33.68437194824219
2020-12-24,128.228271484375,176.35000610351562,107.83145904541016,212.78985595703125,12.941524505615234,342.63189697265625,130.98995971679688,33.54728317260742
2020-12-28,132.81443786621094,175.7100067138672,108.5415496826172,214.90106201171875,12.848152160644531,345.5754089355469,131.04820251464844,33.66018295288086
2020-12-29,131.04603576660156,176.35000610351562,108.25579071044922,214.1272430419922,12.891229629516602,344.91607666015625,130.8816375732422,33.281158447265625
2020-12-30,129.92864990234375,177.6999969482422,108.55886840820312,211.7677001953125,13.09291648864746,345.40826416015625,131.16482543945312,33.54728317260742
2020-12-31,128.92787170410156,178.36000061035156,110.03968811035156,212.474609375,13.002532958984377,347.1632385253906,131.35638427734375,33.2408332824707
2021-01-04,125.74082946777344,182.3300018310547,109.0005340576172,207.9561309814453,13.060794830322266,342.4369201660156,131.19815063476562,33.46664047241211
2021-01-05,127.2954559326172,182.8699951171875,109.59363555908205,208.15676879882812,13.350873947143556,344.7953796386719,130.2238006591797,35.07948684692383
2021-01-06,123.0105209350586,179.89999389648438,114.73971557617188,202.75938415527344,12.563801765441896,346.856689453125,127.5505142211914,35.97461700439453
2021-01-07,127.20806121826172,179.47999572753906,118.50765991210938,208.52931213378903,13.290367126464844,352.0102233886719,126.4261703491211,36.25686264038086
2021-01-08,128.30599975585938,173.33999633789062,118.63848114013672,209.7998046875,13.223389625549316,354.01580810546875,126.01823425292967,36.66006851196289
2021-01-11,125.3230438232422,173.0,120.40909576416016,207.76507568359375,13.566754341125488,351.6295471191406,125.80995178222656,37.77294158935547
2021-01-12,125.14816284179688,174.1199951171875,122.3017578125,205.3195343017578,13.43055248260498,351.7037353515625,125.70999145507812,38.611629486083984
2021-01-13,127.1789321899414,173.3699951171875,122.41519165039062,206.66644287109375,13.477365493774414,352.6509094238281,127.12577056884766,39.047088623046875
2021-01-14,125.25502014160156,173.27999877929688,123.13037109375,203.4949188232422,13.147197723388672,351.41595458984375,125.93489837646484,40.57124328613281
2021-01-15,123.53518676757812,171.1300048828125,120.92367553710938,203.1414794921875,12.807816505432127,348.8532409667969,126.43455505371094,38.61969757080078
2021-01-19,124.20563507080078,172.5800018310547,120.4003448486328,206.7620391845703,12.972899436950684,351.5924072265625,126.8426742553711,39.385799407958984
2021-01-20,128.28659057617188,175.38999938964844,118.59485626220705,214.3087615966797,13.31203269958496,356.4578857421875,126.96749877929688,39.94222259521485
2021-01-21,132.9893341064453,175.27999877929688,117.60055541992188,214.91061401367188,13.81176471710205,356.7828674316406,126.07645416259766,38.7971076965332
2021-01-22,135.12693786621094,173.89999389648438,116.69345092773438,215.8467712402344,13.657388687133787,355.5201110839844,126.48446655273438,38.24873352050781
2021-01-25,138.8677978515625,174.0500030517578,115.23684692382812,219.26670837402344,13.59837818145752,356.922119140625,127.97522735595705,37.82133102416992
2021-01-26,139.1009521484375,173.6199951171875,114.76586151123048,221.9414825439453,13.381253242492676,356.3650817871094,127.73377227783205,36.99071502685547
2021-01-27,138.0321807861328,172.52000427246094,111.5212173461914,222.4860382080078,12.86583137512207,347.65545654296875,128.0584716796875,36.57136535644531
2021-01-28,133.20310974121094,172.67999267578125,113.48371124267578,228.2463836669922,12.998544692993164,350.6452331542969,127.35066223144533,37.1439323425293
2021-01-29,128.2185821533203,172.61000061035156,112.22770690917967,221.58804321289065,12.937544822692873,343.62542724609375,126.5844268798828,36.160099029541016
2021-02-01,130.3367156982422,174.22999572753906,113.05632019042967,228.9341735839844,13.183799743652344,349.3452453613281,126.73123168945312,36.224605560302734
2021-02-02,131.16262817382812,172.11000061035156,116.53643035888672,228.8004608154297,13.502263069152832,354.2850646972656,125.9141616821289,36.79717254638672
2021-02-03,130.1424102783203,171.85000610351562,117.87094116210938,232.1344451904297,13.476118087768556,354.56378173828125,124.79692840576172,38.24066925048828
2021-02-04,133.4945831298828,168.14999389648438,120.58353424072266,231.18862915039065,13.609333038330078,358.5936279296875,124.46337890625,38.974517822265625
2021-02-05,133.0809783935547,169.80999755859375,120.3479995727539,231.3701629638672,13.536375999450684,360.0049133300781,123.42118072509766,40.28092193603515
2021-02-08,133.22698974609375,171.52000427246094,122.23197174072266,231.6280975341797,14.380717277526855,362.6047973632813,123.9631576538086,42.014739990234375
2021-02-09,132.35121154785156,172.0800018310547,121.74356079101562,232.8699951171875,14.205927848815918,362.3634338378906,124.0548324584961,41.52267837524414
2021-02-10,131.74789428710938,172.7100067138672,121.81333923339844,231.96243286132812,14.704909324645996,362.20556640625,124.8802490234375,41.92453384399414
2021-02-11,131.494873046875,171.2100067138672,121.4731903076172,233.55780029296875,15.189454078674316,362.79052734375,124.19654846191406,40.87478256225586
2021-02-12,131.72842407226562,170.69000244140625,123.2001495361328,234.0354156494141,14.901121139526367,364.5827331542969,122.65411376953124,41.43245315551758
2021-02-16,129.6071014404297,168.24000549316406,126.1656265258789,232.80311584472656,15.268636703491213,364.2669372558594,120.78651428222656,42.67903900146485
2021-02-17,127.32025909423828,166.3300018310547,126.55819702148438,233.81802368164065,14.846091270446776,364.3504943847656,121.55353546142578,43.34333801269531
2021-02-18,126.22067260742188,166.32000732421875,126.98554229736328,233.42544555664065,14.76939868927002,362.7997741699219,121.06160736083984,42.66263198852539
2021-02-19,126.37635040283205,167.00999450683594,129.10504150390625,230.7253570556641,14.866507530212402,362.1592102050781,119.4524917602539,42.94967269897461
2021-02-22,122.61048126220705,169.50999450683594,130.3173828125,224.53997802734375,14.298050880432127,359.3735046386719,118.54370880126952,44.53251266479492
2021-02-23,122.4742431640625,169.1199951171875,131.3640594482422,223.3527069091797,14.085164070129396,359.80987548828125,118.20186614990234,45.1475944519043
2021-02-24,121.97795867919922,169.0,133.6754150390625,224.5782928466797,14.440729141235352,363.7747802734375,117.42639923095705,46.50079345703125
2021-02-25,117.73527526855467,165.82000732421875,131.86122131347656,219.25469970703125,13.254015922546388,355.0093688964844,115.5088119506836,45.729888916015625
2021-02-26,117.9980010986328,161.80999755859375,128.36363220214844,222.50051879882812,13.659380912780762,353.1801452636719,119.3274154663086,44.58992385864258
2021-03-01,124.35231018066406,161.52999877929688,131.26815795898438,226.86668395996097,13.786118507385254,361.7413024902344,117.75141143798828,46.2547607421875
2021-03-02,121.75416564941406,162.41000366210938,130.8407745361328,223.92718505859375,13.35236930847168,358.9184875488281,117.7598114013672,45.9841194152832
2021-03-03,118.77645111083984,160.6199951171875,133.3701934814453,217.8854522705078,12.753287315368652,354.1644287109375,116.48259735107422,46.353172302246094
2021-03-04,116.89837646484376,159.0399932861328,131.32041931152344,217.0907440185547,12.32053279876709,349.7816467285156,115.73126983642578,48.14923095703125
2021-03-05,118.15369415283205,159.13999938964844,131.6257781982422,221.7537078857422,12.411417007446287,356.2164611816406,115.9566879272461,49.96990585327149
2021-03-08,113.22981262207033,157.49000549316406,133.3701934814453,217.72271728515625,11.546656608581545,354.4429931640625,115.05509948730467,49.920692443847656
2021-03-09,117.83255767822266,160.83999633789062,132.42816162109375,223.84103393554688,12.474234580993652,359.5035400390625,116.64948272705078,49.149784088134766
2021-03-10,116.75241088867188,161.66000366210938,135.30645751953125,222.53884887695312,12.4224271774292,361.7413024902344,116.88323211669922,50.658809661865234
2021-03-11,118.67916107177734,161.52000427246094,134.60003662109375,227.0485992431641,12.945741653442385,365.4090576171875,116.04013061523438,50.28154754638672
2021-03-12,117.774169921875,161.49000549316406,136.1961212158203,225.72726440429688,12.80875015258789,365.9012145996094,113.57757568359376,50.82282257080078
2021-03-15,120.65454864501952,162.1999969482422,135.51577758789062,224.82720947265625,13.14276885986328,368.0833435058594,114.24541473388672,49.527042388916016
2021-03-16,122.19204711914062,162.35000610351562,133.8934783935547,227.6039581298828,13.242401123046877,367.6189880371094,113.78629302978516,48.47728729248047
2021-03-17,121.4038314819336,163.50999450683594,135.2716064453125,226.96243286132812,13.292219161987305,368.8725280761719,112.93484497070312,48.69051361083984
2021-03-18,117.28762817382812,162.55999755859375,137.5044403076172,220.91111755371097,12.675739288330078,363.5055236816406,111.79119873046876,46.59100341796875
2021-03-19,116.76216888427734,163.24000549316406,135.315185546875,220.55685424804688,12.798535346984863,362.8330383300781,112.48404693603516,46.32856750488281
2021-03-22,120.07068634033205,163.0,131.67807006835938,225.9570770263672,13.137787818908691,365.7301635742187,113.74457550048828,45.852901458740234
2021-03-23,119.24354553222656,161.80999755859375,130.3610382080078,227.47947692871097,13.022713661193848,362.8516540527344,114.77132415771484,45.28702163696289
2021-03-24,116.85946655273438,162.3699951171875,131.372802734375,225.44960021972656,12.59653377532959,361.0070190429687,115.38905334472656,46.2055549621582
2021-03-25,117.34598541259766,161.77999877929688,133.05616760253906,222.4622344970703,12.489179611206056,363.0379028320313,114.4791259765625,46.07432556152344
2021-03-26,117.94934844970705,162.24000549316406,135.2716064453125,226.4262237548828,12.79206371307373,368.8883361816406,114.07844543457033,47.3291130065918
2021-03-29,118.12450408935548,160.30999755859375,133.1695556640625,225.23898315429688,12.90066146850586,368.701904296875,113.11012268066406,47.07487869262695
2021-03-30,116.67456817626952,157.57000732421875,134.7395782470703,221.99310302734375,12.824442863464355,367.7237243652344,113.70281982421876,46.49259567260742
2021-03-31,118.86405181884766,159.9600067138672,132.77703857421875,225.74642944335935,13.29919147491455,369.2142639160156,113.06837463378906,45.787296295166016
2021-04-01,119.69116973876952,161.97999572753906,134.06793212890625,232.0467071533203,13.760988235473633,373.2013854980469,114.94501495361328,47.06667709350586
2021-04-05,122.51317596435548,161.9199981689453,134.778564453125,238.48098754882812,13.936094284057615,378.5580749511719,114.44342041015624,46.33677291870117
2021-04-06,122.81482696533205,163.22000122070312,133.83106994628906,237.32244873046875,13.810555458068848,378.33447265625,115.22087860107422,46.2055549621582
2021-04-07,124.45935821533205,162.75999450683594,135.92791748046875,239.27569580078125,14.09151840209961,378.77239990234375,114.41837310791016,46.41059112548828
2021-04-08,126.85318756103516,164.50999450683594,136.09461975097656,242.48329162597656,14.26438045501709,380.57025146484375,115.3629379272461,45.92670440673828
2021-04-09,129.4221649169922,163.27000427246094,137.1123504638672,244.9727783203125,14.347075462341309,383.3370971679687,114.94501495361328,45.82010269165039
2021-04-12,127.70951080322266,162.27999877929688,136.82281494140625,245.03021240234375,15.153104782104492,383.4768371582031,114.89486694335938,45.51665496826172
2021-04-13,130.81370544433594,163.42999267578125,135.19094848632812,247.50048828125,15.621870994567873,384.6133117675781,115.75579071044922,45.688873291015625
2021-04-14,128.478271484375,162.72000122070312,132.66416931152344,244.72377014160156,15.220853805541992,383.2998352050781,115.3880386352539,47.00926208496094
2021-04-15,130.88180541992188,165.35000610351562,133.5064239501953,248.4675140380859,16.077938079833984,387.41754150390625,117.3189926147461,46.73042678833008
2021-04-16,130.5509796142578,166.35000610351562,134.49783325195312,249.65478515625,15.854016304016112,388.7122802734375,116.40784454345705,46.46799087524414
2021-04-19,131.2126922607422,165.88999938964844,133.92758178710938,247.73985290527344,15.305292129516602,386.8026123046875,116.07347869873048,46.32036590576172
2021-04-20,129.5292510986328,166.47999572753906,130.96212768554688,247.2803497314453,15.11549186706543,383.9705505371094,116.6084213256836,45.344425201416016
2021-04-21,129.90869140625,168.1300048828125,132.0763397216797,249.50161743164065,15.304047584533691,387.6036987304687,116.842529296875,45.92670440673828
2021-04-22,128.39064025878906,167.0399932861328,129.29513549804688,246.23663330078125,14.795671463012695,384.0637512207031,117.35233306884766,45.32802200317383
2021-04-23,130.70668029785156,166.39999389648438,131.76927185058594,250.0474090576172,15.20914363861084,388.2278442382813,117.07654571533205,45.57405853271485
2021-04-26,131.0959014892578,166.83999633789062,132.09390258789062,250.430419921875,15.421113967895508,389.0383605957031,116.90937042236328,45.66427230834961
2021-04-27,130.7747802734375,166.4199981689453,132.69924926757812,250.8325653076172,15.325218200683594,388.9544982910156,115.88956451416016,46.262962341308594
2021-04-28,129.986572265625,166.91000366210938,133.55905151367188,243.73757934570312,15.220603942871094,388.8427429199219,115.9647979736328,47.65716171264648
2021-04-29,129.88926696777344,166.22000122070312,136.15603637695312,241.77476501464844,15.268426895141602,391.3207702636719,115.62213134765624,48.33787155151367
2021-04-30,127.9236297607422,165.66000366210938,134.9453125,241.458740234375,14.954337120056152,388.7495422363281,115.88956451416016,46.94366455078125
2021-05-03,128.97457885742188,167.80999755859375,134.55050659179688,241.15240478515625,14.782221794128418,389.5880432128906,115.95909881591795,48.239444732666016
2021-05-04,124.41072082519533,166.5800018310547,136.4104461669922,237.2554168701172,14.298503875732422,387.18450927734375,116.74591827392578,48.54288864135742
2021-05-05,124.65399932861328,167.27000427246094,138.20025634765625,235.99154663085935,14.405360221862791,387.3056335449219,116.9384994506836,50.002708435058594
2021-05-06,126.2498779296875,170.05999755859375,140.98147583007812,239.11293029785156,14.469623565673828,390.3984680175781,117.13101959228516,50.47838592529297
2021-05-07,126.92242431640624,171.58999633789062,141.46400451660156,241.7268524169922,14.757811546325684,393.2398376464844,116.5533676147461,51.200077056884766
2021-05-10,123.64729309082033,172.11000061035156,141.4464569091797,236.6713409423828,14.213316917419434,389.34576416015625,115.3730697631836,51.32310104370117
2021-05-11,122.73101806640624,172.13999938964844,139.09515380859375,235.76173400878903,14.253668785095217,385.87103271484375,114.72007751464844,49.691062927246094
2021-05-12,119.67027282714844,170.42999267578125,138.13882446289062,228.8391265869141,13.707932472229004,377.6731262207031,113.51463317871094,49.957332611083984
2021-05-13,121.81473541259766,171.1300048828125,141.69210815429688,232.69775390625,13.61502456665039,382.2098693847656,113.69043731689452,49.34158706665039
2021-05-14,124.2321319580078,172.69000244140625,143.89422607421875,237.60008239746097,14.19065284729004,388.0788269042969,114.75358581542967,50.56473159790039
2021-05-17,123.08191680908205,174.6999969482422,144.4733123779297,234.75636291503903,14.113435745239258,387.09136962890625,114.51084899902344,51.74626541137695
2021-05-18,121.6977767944336,175.0399932861328,142.43788146972656,232.74562072753903,13.964239120483398,383.7563171386719,114.21784210205078,50.281829833984375
2021-05-19,121.54180908203124,175.16000366210938,141.34996032714844,233.3214874267578,14.014055252075195,382.7501831054687,113.94153594970705,49.07533645629883
2021-05-20,124.0956802368164,175.9600067138672,141.10430908203125,236.54605102539065,14.558794975280762,386.8677062988281,114.87916564941406,48.95884323120117
2021-05-21,122.26313018798828,176.0399932861328,142.70985412597656,235.2888641357422,14.936649322509766,386.5510559082031,115.24748992919922,49.02540969848633
2021-05-24,123.89098358154295,176.35000610351562,143.48193359375,240.67274475097656,15.554621696472168,390.4916076660156,115.67443084716795,49.59953308105469
2021-05-25,123.6960220336914,177.9499969482422,141.99920654296875,241.5748291015625,15.590239524841309,389.6252746582031,116.74591827392578,48.47623825073242
2021-05-26,123.64729309082033,177.63999938964844,141.98162841796875,241.3541259765625,15.642297744750977,390.3984680175781,116.54503631591795,49.042049407958984
2021-05-27,122.1169204711914,177.7100067138672,144.19256591796875,239.26199340820312,15.431077003479004,390.6033935546875,116.0762710571289,48.72586441040039
2021-05-28,121.46382904052734,178.3800048828125,144.0960693359375,239.6170196533203,16.18480110168457,391.3020935058594,115.8921127319336,48.567771911621094
2021-06-01,121.14215850830078,177.89999389648438,145.68408203125,237.4289703369141,16.20472526550293,390.9574890136719,115.8660888671875,50.30679702758789
2021-06-02,121.90245819091795,178.77000427246094,145.69284057617188,237.3330078125,16.716585159301758,391.572265625,116.1343765258789,50.706180572509766
2021-06-03,120.42084503173828,175.27000427246094,145.78936767578125,235.80709838867188,16.907381057739258,390.1190490722656,115.69841766357422,50.9058837890625
2021-06-04,122.71151733398438,177.16000366210938,146.02621459960938,240.6823577880859,17.51364517211914,393.6869812011719,117.28285217285156,51.13053894042969
2021-06-07,122.72127532958984,177.8699951171875,145.34190368652344,243.58062744140625,17.554243087768555,393.3050231933594,116.92240142822266,50.797706604003906
2021-06-08,123.54004669189452,177.32000732421875,144.7628631591797,242.39064025878903,17.392841339111328,393.3888549804687,117.74391174316406,51.69634246826172
2021-06-09,123.92019653320312,176.97999572753906,142.9555206298828,243.36947631835935,17.298418045043945,392.8019409179687,118.78347778320312,52.12902069091797
2021-06-10,122.92597198486328,177.74000549316406,140.72703552246094,246.87237548828125,17.36493682861328,394.6278381347656,119.49609375,52.21222305297851
2021-06-11,124.13465118408205,175.74000549316406,140.63052368164062,247.4962158203125,17.763811111450195,395.2799682617187,119.3031997680664,51.72962951660156
2021-06-14,127.18561553955078,174.7100067138672,138.244140625,249.4155731201172,17.956640243530273,396.16497802734375,118.3895034790039,51.64642333984375
2021-06-15,126.36685180664062,174.0500030517578,136.14724731445312,247.9472198486328,17.727184295654297,395.4383850097656,118.2469253540039,53.52689743041992
2021-06-16,126.8639678955078,171.11000061035156,137.10360717773438,247.0067596435547,17.748855590820312,393.23052978515625,118.14635467529295,53.33551025390625
2021-06-17,128.46255493164062,165.85000610351562,133.14671325683594,250.3848571777344,18.592933654785156,393.1000671386719,119.91521453857422,51.57986068725586
2021-06-18,127.16615295410156,164.92999267578125,129.77767944335938,248.97410583496097,18.57450485229492,387.7969970703125,122.1703643798828,50.25687026977539
2021-06-21,128.95965576171875,166.9499969482422,131.97982788085938,252.04522705078125,18.363731384277344,393.3487243652344,120.12482452392578,52.07908630371094
2021-06-22,130.59722900390625,166.25,131.78683471679688,254.80909729003903,18.821645736694336,395.4516296386719,120.41822814941406,53.07757568359375
2021-06-23,130.32432556152344,166.13999938964844,132.58523559570312,254.57875061035156,18.99156379699707,394.9750061035156,120.10806274414062,53.46864700317383
2021-06-24,130.04165649414062,166.0399932861328,133.8047332763672,255.94154357910156,19.139299392700195,397.3115234375,120.3009033203125,53.68497848510742
2021-06-25,129.749267578125,166.58999633789062,135.1558380126953,254.3388671875,18.965404510498047,398.7227478027344,119.05172729492188,53.80147933959961
2021-06-28,131.3770751953125,166.5800018310547,135.40155029296875,257.8896789550781,19.916114807128903,399.5266418457031,120.27576446533205,52.42856216430664
2021-06-29,132.88792419433594,164.8300018310547,135.23484802246094,260.4617004394531,19.957719802856445,399.7415771484375,120.4769058227539,52.104061126708984
2021-06-30,133.5020294189453,165.6300048828125,136.46310424804688,259.9818115234375,19.933549880981445,400.0780029296875,121.01349639892578,52.486812591552734
2021-07-01,133.80416870117188,166.1999969482422,137.8142547607422,260.65362548828125,20.142330169677734,402.2931213378906,121.02014923095705,52.6365852355957
2021-07-02,136.42626953125,167.2899932861328,137.68186950683594,266.45977783203125,20.416383743286133,405.3680419921875,121.75047302246094,52.56169891357422
2021-07-06,138.43431091308594,168.1199951171875,135.3699493408203,266.46942138671875,20.62714958190918,404.629638671875,123.1775131225586,51.0639762878418
2021-07-07,140.91989135742188,168.75999450683594,135.52877807617188,268.64794921875,20.301530838012695,406.0596618652344,124.26872253417967,50.265193939208984
2021-07-08,139.6234588623047,168.64999389648438,133.19041442871094,266.2391357421875,19.834142684936523,402.7510986328125,124.75567626953124,50.04052734375
2021-07-09,141.44627380371094,169.2100067138672,137.45242309570312,266.73809814453125,19.981130599975582,407.0504150390625,123.00125885009766,50.94748306274414
2021-07-12,140.85166931152344,169.0,139.4202117919922,266.1430969238281,20.44179344177246,408.5083923339844,122.84170532226562,50.89755630493164
2021-07-13,141.9628448486328,169.22000122070312,137.34657287597656,269.65557861328125,20.180198669433594,407.1158447265625,121.90154266357422,50.65626525878906
2021-07-14,145.38424682617188,171.0399932861328,136.87890625,271.1239929199219,19.773103713989254,407.7232666015625,123.28658294677734,49.5329704284668
2021-07-15,144.73118591308594,171.07000732421875,137.17892456054688,269.70355224609375,18.900876998901367,406.3307495117187,124.64649963378906,49.05036926269531
2021-07-16,142.6938934326172,169.41000366210938,134.04635620117188,269.43487548828125,18.098400115966797,403.14361572265625,124.4114990234375,47.69409942626953
2021-07-19,138.85340881347656,169.61000061035156,129.68727111816406,265.84552001953125,18.715015411376953,397.1900329589844,127.13968658447266,46.054927825927734
2021-07-20,142.45999145507812,169.38999938964844,132.10507202148438,268.0625,18.54784393310547,402.8819274902344,125.91402435302734,46.56249237060547
2021-07-21,141.7289276123047,168.75999450683594,134.88461303710938,270.0586242675781,19.343095779418945,406.1437683105469,124.31916809082033,48.060211181640625
2021-07-22,143.09356689453125,169.08999633789062,133.18157958984375,274.60760498046875,19.526460647583008,406.9943237304687,125.49437713623048,47.51937103271485
2021-07-23,144.8091278076172,168.55999755859375,132.9256591796875,277.99530029296875,19.490583419799805,411.181396484375,124.6549072265625,47.46112060546875
2021-07-26,145.22828674316406,168.16000366210938,133.81692504882812,277.4002990722656,19.227495193481445,412.1907958984375,124.2856216430664,48.6593017578125
2021-07-27,143.06434631347656,168.44000244140625,133.64044189453125,274.991455078125,19.141788482666016,410.312255859375,125.61180877685548,48.11845397949219
2021-07-28,141.31948852539062,169.2899932861328,133.86102294921875,274.68438720703125,19.435775756835938,410.1439514160156,125.62022399902344,48.442962646484375
2021-07-29,141.9628448486328,171.1699981689453,135.0081787109375,274.953125,19.594226837158203,411.844970703125,124.92351531982422,49.03372573852539
2021-07-30,142.1773223876953,169.82000732421875,133.93161010742188,273.42718505859375,19.431785583496097,409.8449401855469,125.51114654541016,47.90211868286133
2021-08-02,141.8458709716797,169.61000061035156,133.39334106445312,273.3408508300781,19.68192481994629,408.9850769042969,126.63060760498048,47.91043472290039
2021-08-03,143.63941955566406,169.49000549316406,134.9111328125,275.548095703125,19.74669647216797,412.3123474121094,126.69779205322266,48.426326751708984
2021-08-04,143.2397918701172,169.52999877929688,133.4551544189453,274.9626770019531,20.204118728637695,410.2841796875,126.95834350585938,47.29471206665039
2021-08-05,143.3470001220703,168.86000061035156,135.14053344726562,277.8513488769531,20.56586456298828,412.8824768066406,126.3112564086914,47.59425735473633
2021-08-06,142.6636505126953,164.63999938964844,138.97900390625,277.7938232421875,20.295799255371097,413.5647277832031,124.20173645019533,48.14341735839844
2021-08-09,142.6148681640625,161.72000122070312,138.8290252685547,276.7093505859375,20.22504615783691,413.2283020019531,123.75624084472656,47.59425735473633
2021-08-10,142.13650512695312,161.77000427246094,140.531982421875,274.8954772949219,19.867284774780273,413.7422790527344,123.18482971191406,48.40967559814453
2021-08-11,142.39035034179688,164.0,142.2086181640625,275.385009765625,19.631093978881836,414.7704162597656,123.10913848876952,48.55112838745117
2021-08-12,145.3482666015625,164.0399932861328,142.7645263671875,278.12969970703125,19.83638572692871,416.0135192871094,122.90740966796876,48.44132232666016
2021-08-13,145.5532684326172,166.38999938964844,141.16734313964844,281.0472106933594,20.1184139251709,416.77056884765625,124.8488311767578,47.95142364501953
2021-08-16,147.5252227783203,167.22000122070312,140.24085998535156,282.7266845703125,19.88123321533203,417.7519226074219,125.1513900756836,47.2503547668457
2021-08-17,146.61734008789062,166.97000122070312,138.546630859375,281.26788330078125,19.390926361083984,415.0134887695313,125.10100555419922,46.92938232421875
2021-08-18,142.87841796875,167.10000610351562,137.28477478027344,279.54681396484375,18.9743709564209,410.4710998535156,125.52118682861328,45.94113540649414
2021-08-19,143.21035766601562,166.61000061035156,136.1376495361328,285.35443115234375,19.72975730895996,411.1066589355469,126.44573974609376,44.53899002075195
2021-08-20,144.66494750976562,166.6999969482422,136.52590942382812,292.6524963378906,20.74424743652344,414.3778991699219,126.52973175048828,44.54743194580078
2021-08-23,146.14874267578125,168.72999572753906,138.27310180664062,292.9313659667969,21.882312774658203,418.0229187011719,126.44573974609376,46.38035202026367
2021-08-24,146.0609130859375,168.64999389648438,139.1290283203125,290.9793701171875,21.71788024902344,418.6865234375,125.46234130859376,46.76044845581055
2021-08-25,144.83091735839844,167.47999572753906,141.99684143066406,290.39288330078125,22.136428833007812,419.5650634765625,124.42018127441406,46.84490966796875
2021-08-26,144.03036499023438,167.6699981689453,142.72923278808594,287.58514404296875,21.991933822631836,417.0883483886719,124.76475524902344,46.211421966552734
2021-08-27,145.06515502929688,170.19000244140625,143.87632751464844,288.1909484863281,22.557971954345703,420.8175354003906,125.6136474609375,47.10676574707031
2021-08-30,149.47763061523438,169.35000610351562,141.5733184814453,291.91204833984375,22.609792709350582,422.6680908203125,125.94142150878906,46.59151077270508
2021-08-31,148.2183074951172,169.69000244140625,141.14089965820312,290.2679138183594,22.311777114868164,422.0418395996094,125.08415985107422,46.05093002319336
2021-09-01,148.8821258544922,169.6999969482422,140.93797302246094,290.2198181152344,22.367589950561523,422.26617431640625,125.2936553955078,45.41743469238281
2021-09-02,149.9950408935547,169.25,141.59091186523438,289.56591796875,22.322736740112305,423.5653076171875,125.84070587158205,46.523948669433594
2021-09-03,150.62960815429688,171.05999755859375,140.73501586914062,289.5564270019531,22.76827621459961,423.4624328613281,124.69622802734376,46.346561431884766
2021-09-07,152.9627227783203,167.7100067138672,140.48794555664062,288.63323974609375,22.587867736816406,421.9484252929687,123.64430236816406,46.07627868652344
2021-09-08,151.42030334472656,167.2899932861328,139.8614044189453,288.6620788574219,22.265926361083984,421.4343872070313,124.48583984375,45.6539421081543
2021-09-09,150.40504455566406,168.02999877929688,140.4702911376953,285.8159484863281,22.104454040527344,419.6304931640625,125.9922103881836,45.687721252441406
2021-09-10,145.42637634277344,167.17999267578125,138.85546875,284.3351135253906,22.404478073120117,416.3218688964844,124.88143920898438,45.594818115234375
2021-09-13,145.99256896972656,167.74000549316406,141.06150817871094,285.56597900390625,22.07953834533691,417.3873901367187,125.63870239257812,46.76889419555664
2021-09-14,144.5965576171875,168.82000732421875,138.59957885742188,288.2582702636719,22.16924476623535,415.1349487304687,127.1618881225586,46.10161209106445
2021-09-15,145.4849090576172,167.8300018310547,139.5614013671875,293.0948791503906,22.26791763305664,418.6024475097656,126.71585845947266,47.65578842163086
2021-09-16,145.25064086914062,164.02999877929688,139.49961853027344,293.47943115234375,22.16924476623535,417.9388732910156,126.13522338867188,47.148983001708984
2021-09-17,142.58555603027344,163.77000427246094,139.1378173828125,288.335205078125,21.828357696533203,413.8676452636719,125.5293426513672,46.59151077270508
2021-09-20,139.539794921875,164.94000244140625,134.97288513183594,282.97943115234375,21.043933868408203,406.9667663574219,127.08619689941406,45.3498649597168
2021-09-21,140.0181427001953,166.0399932861328,134.9905548095703,283.4602355957031,21.176502227783203,406.5823059082031,126.9766845703125,45.30763244628906
2021-09-22,142.38055419921875,165.4199981689453,137.57601928710938,287.09478759765625,21.869224548339844,410.5484619140625,127.7341079711914,46.63374710083008
2021-09-23,143.33726501464844,163.50999450683594,142.22621154785156,288.0371398925781,22.408451080322266,415.5366516113281,124.84767150878906,48.21326446533203
2021-09-24,143.42514038085938,163.3000030517578,143.86756896972656,287.835205078125,22.008766174316406,416.2210693359375,123.62747955322266,48.64404296875
2021-09-27,141.91195678710938,163.63999938964844,147.34422302246094,282.8544006347656,21.589141845703125,415.0303649902344,123.17300415039062,50.08839797973633
2021-09-28,138.53428649902344,162.0500030517578,146.55003356933594,272.6141052246094,20.631284713745117,406.6667175292969,121.25443267822266,50.61210632324219
2021-09-29,139.43238830566406,161.32000732421875,146.43531799316406,273.07562255859375,20.449880599975582,407.3511657714844,121.46484375,50.57831573486328
2021-09-30,138.13404846191406,164.22000122070312,144.44110107421875,271.0757141113281,20.648231506347656,402.3724060058594,121.4480209350586,49.68297576904297
2021-10-01,139.25665283203125,164.58999633789062,147.47659301757812,277.9794921875,20.674148559570312,407.15423583984375,122.47000885009766,51.4652099609375
2021-10-04,135.83021545410156,165.36000061035156,147.31771850585938,272.2198486328125,19.667451858520508,401.9036254882813,122.15831756591795,52.13249588012695
2021-10-05,137.75332641601562,164.58999633789062,149.72348022460938,277.6525573730469,20.38410186767578,406.08538818359375,120.97862243652344,52.04803085327149
2021-10-06,138.62216186523438,165.02999877929688,150.04306030273438,281.835205078125,20.63228416442871,407.7731323242187,121.66114044189452,51.09356689453125
2021-10-07,139.88145446777344,164.16000366210938,150.992919921875,283.50830078125,21.006059646606445,411.2986145019531,120.3888168334961,51.237159729003906
2021-10-08,139.50074768066406,164.22999572753906,151.1083221435547,283.50830078125,20.762855529785156,410.5484619140625,119.54624938964844,52.52103805541992
2021-10-11,139.412841796875,163.9199981689453,147.9302520751953,282.91217041015625,20.627296447753903,407.5762634277344,119.24288940429688,51.997344970703125
2021-10-12,138.143798828125,164.66000366210938,146.79400634765625,281.61407470703125,20.603376388549805,406.5729370117187,121.28192901611328,51.72705841064453
2021-10-13,137.55809020996094,167.58999633789062,142.92352294921875,284.9121398925781,20.87049865722656,408.0356140136719,122.46158599853516,51.583457946777344
2021-10-14,140.34030151367188,168.0,145.11618041992188,291.10443115234375,21.674863815307617,414.8990173339844,122.91661071777344,52.36901092529297
2021-10-15,141.39459228515625,165.3300018310547,147.9036407470703,292.5082702636719,21.79047966003418,418.0588073730469,122.20038604736328,52.86734771728515
2021-10-18,143.06390380859375,164.9199981689453,147.85037231445312,295.46978759765625,22.14930534362793,419.2965087890625,122.77334594726562,52.842018127441406
2021-10-19,145.22132873535156,165.4499969482422,149.6436004638672,296.3736877441406,22.217084884643555,422.53131103515625,121.07969665527344,53.635982513427734
2021-10-20,145.70945739746094,166.89999389648438,151.65870666503906,295.5851745605469,22.030696868896484,424.19091796875,120.2624053955078,53.93162536621094
2021-10-21,145.92417907714844,166.75,150.4691925048828,298.8062744140625,22.617765426635746,425.29730224609375,120.11917877197266,52.95182037353515
2021-10-22,145.1529998779297,167.77000427246094,152.49319458007812,297.267822265625,22.65165901184082,424.8565979003906,121.44208526611328,53.31501770019531
2021-10-25,145.1042022705078,168.92999267578125,151.74749755859375,296.2774658203125,23.09022331237793,427.1350708007813,121.2566909790039,54.35395431518555
2021-10-26,145.76805114746094,167.67999267578125,152.15585327148438,298.18133544921875,24.636146545410156,427.5195007324219,122.25935363769533,55.61249542236328
2021-10-27,145.30923461914062,168.1199951171875,148.9866485595703,310.73895263671875,24.371015548706055,425.6255187988281,124.48381042480467,54.16812515258789
2021-10-28,148.94068908691406,168.0800018310547,151.23260498046875,311.8735046386719,24.85940933227539,429.7322692871094,124.06250762939452,54.320167541503906
2021-10-29,146.23663330078125,166.64999389648438,150.8153533935547,318.8638916015625,25.483362197875977,430.6043090820313,124.44164276123048,54.455322265625
2021-11-01,145.41659545898438,167.52000427246094,150.73548889160156,316.700439453125,25.742517471313477,431.3450317382813,123.54569244384766,55.435115814208984
2021-11-02,146.4513702392578,167.16000366210938,151.3302459716797,320.31585693359375,26.314634323120117,433.0889892578125,124.09412384033205,54.75094985961914
2021-11-03,147.88638305664062,165.77000427246094,151.38351440429688,321.1523132324219,26.510990142822266,435.7331237792969,122.811767578125,53.99919509887695
2021-11-04,147.36903381347656,167.64999389648438,149.39500427246094,323.49853515625,29.703516006469727,437.7864685058594,124.1025161743164,54.40463638305664
2021-11-05,147.89695739746094,169.83999633789062,149.18197631835938,323.1332092285156,29.654674530029297,439.3054809570313,125.95855712890624,54.91987991333008
2021-11-08,147.0757293701172,170.4499969482422,150.0785675048828,324.0273132324219,30.70323371887207,439.680419921875,125.72228240966795,55.511138916015625
2021-11-09,147.43746948242188,171.2899932861328,148.94229125976562,323.0273132324219,30.556711196899418,438.2271423339844,127.3590316772461,56.051727294921875
2021-11-10,144.61209106445312,173.14999389648438,148.8002166748047,318.075439453125,29.362632751464844,434.70166015625,125.03057861328124,54.947471618652344
2021-11-11,144.56320190429688,174.1199951171875,148.79136657714844,319.64276123046875,30.290590286254883,434.84228515625,124.84497833251952,55.0501823425293
2021-11-12,146.63580322265625,174.4499969482422,148.1255340576172,323.7677001953125,30.290590286254883,438.1240234375,124.29657745361328,54.6307487487793
2021-11-15,146.6455535888672,174.17999267578125,147.85922241210938,323.1427001953125,29.92677879333496,438.2740783691406,122.73580169677734,55.1015510559082
2021-11-16,147.6232147216797,172.9199981689453,146.79400634765625,326.4504089355469,30.10420036315918,440.0086364746094,122.42362213134766,55.657958984375
2021-11-17,150.0575408935547,174.5,146.00392150878906,326.6719970703125,29.16527557373047,438.9397583007813,123.3938217163086,55.0501823425293
2021-11-18,154.339599609375,173.94000244140625,144.7433319091797,328.74310302734375,31.571380615234375,440.4306335449219,123.85782623291016,54.45098114013672
2021-11-19,156.9596405029297,172.61000061035156,142.8524932861328,330.51544189453125,32.877098083496094,439.64306640625,125.16554260253906,51.934295654296875
2021-11-22,157.4191131591797,168.74000549316406,145.89739990234375,327.3558654785156,31.851465225219727,438.40533447265625,123.69754791259766,52.65334701538086
2021-11-23,157.80039978027344,167.27999877929688,149.3861541748047,325.2848205566406,31.642148971557617,438.9866638183594,121.9089813232422,54.04010009765625
2021-11-24,158.31858825683594,167.1199951171875,148.21437072753906,325.5063781738281,32.567108154296875,440.15869140625,123.86627197265624,54.339698791503906
2021-11-26,153.30328369140625,166.85000610351562,143.7490997314453,317.57843017578125,31.399946212768555,430.3417053222656,126.99626922607422,52.430789947509766
2021-11-29,156.65658569335938,166.6199951171875,143.12771606445312,324.2734680175781,33.26681900024414,435.62054443359375,125.97543334960938,52.72183990478515
2021-11-30,161.60345458984375,165.5,140.99717712402344,318.4549865722656,32.5691032409668,427.1444396972656,127.89057159423828,51.22381210327149
2021-12-01,161.0852813720703,166.16000366210938,140.16268920898438,317.9637451171875,31.33600425720215,422.4000549316406,128.6795196533203,51.1810188293457
2021-12-02,160.0978546142578,165.24000549316406,143.1099395751953,317.3954162597656,32.024818420410156,428.8696594238281,128.83999633789062,52.45647048950195
2021-12-03,158.22080993652344,166.6300048828125,140.51776123046875,311.15325927734375,30.596336364746097,425.1379089355469,130.37734985351562,52.12262725830078
2021-12-06,161.62295532226562,166.22000122070312,142.17782592773438,314.2165832519531,29.94240951538086,430.17291259765625,128.58657836914062,52.71327590942383
2021-12-07,167.3518829345703,166.80999755859375,144.31723022460938,322.6261291503906,32.32487869262695,439.0710144042969,127.5476303100586,53.30392074584961
2021-12-08,171.16470336914062,166.89999389648438,142.6660614013672,322.67425537109375,31.725772857666016,440.233642578125,125.34298706054688,53.458003997802734
2021-12-09,170.65638732910156,165.8800048828125,142.4441680908203,320.8730163574219,30.393978118896484,437.2614440917969,126.0440444946289,53.594970703125
2021-12-10,175.4369659423828,166.5800018310547,141.87599182128906,329.9664611816406,30.10290145874023,441.3775634765625,125.7399444580078,53.93737030029297
2021-12-13,171.80992126464844,167.0,140.18931579589844,326.941650390625,28.07231330871582,437.4676818847656,127.5982894897461,52.75608444213867
2021-12-14,170.43145751953125,165.44000244140625,141.26345825195312,316.28765869140625,28.24776077270508,434.4579162597656,127.29422760009766,52.67903518676758
2021-12-15,175.2903289794922,166.14999389648438,140.2070770263672,322.36602783203125,30.36307907104492,441.246337890625,126.0694580078125,52.44791412353515
2021-12-16,168.40774536132812,168.16000366210938,142.39974975585938,312.9739074707031,28.297603607177734,437.3551635742187,126.11837768554688,52.533504486083984
2021-12-17,167.31280517578125,167.8000030517578,139.15956115722656,311.914306640625,27.71344566345215,432.7005310058594,127.5475845336914,51.38644790649414
2021-12-20,165.95388793945312,167.08999633789062,136.6561737060547,308.1670227050781,27.6317081451416,428.0994262695313,126.59203338623048,50.6417236328125
2021-12-21,169.12144470214844,167.02000427246094,138.56480407714844,315.2762145996094,28.983434677124023,435.7019958496094,126.11003112792967,51.788780212402344
2021-12-22,171.7122039794922,168.58999633789062,139.10630798339844,320.9693298339844,29.307411193847656,440.0584106445313,126.6934814453125,52.208229064941406
2021-12-23,172.337890625,168.97000122070312,139.60342407226562,322.4045715332031,29.54665756225586,442.7965698242187,125.5941390991211,52.23391342163086
2021-12-27,176.29730224609375,169.3699951171875,140.4023895263672,329.8797607421875,30.84754753112793,449.0631103515625,125.89855194091795,52.9786376953125
2021-12-28,175.28054809570312,168.63999938964844,140.82847595214844,328.7237854003906,30.22651100158691,448.6960754394531,125.39965057373048,52.80743408203125
2021-12-29,175.3685302734375,168.58999633789062,140.7574920654297,329.3980712890625,29.906517028808594,449.27008056640625,124.02971649169922,52.345191955566406
2021-12-30,174.2149200439453,169.8000030517578,140.68643188476562,326.8646240234375,29.49282455444336,448.0280151367187,125.06990814208984,52.037017822265625
2021-12-31,173.59901428222656,170.9600067138672,140.57110595703125,323.9747619628906,29.31838035583496,446.8989562988281,125.31510162353516,52.379425048828125
2022-01-03,177.93972778320312,168.3300018310547,143.54490661621094,322.46234130859375,30.026147842407227,449.4865112304687,122.02555847167967,54.39105987548828
2022-01-04,175.68136596679688,169.57000732421875,148.9866485595703,316.93304443359375,29.197763442993164,449.3359069824219,121.5181884765625,56.43692779541016
2022-01-05,171.00828552246094,169.05999755859375,146.26287841796875,304.76666259765625,27.51706886291504,440.7077026367187,120.85856628417967,57.13885498046875
2022-01-06,168.15359497070312,166.99000549316406,147.81680297851562,302.3583984375,28.08926010131836,440.293701171875,121.17145538330078,58.48279571533203
2022-01-07,168.31976318359375,167.75,149.28140258789062,302.5125427246094,27.16119384765625,438.552978515625,120.30045318603516,58.962162017822266
2022-01-10,168.33932495117188,168.25999450683594,149.42425537109375,302.73406982421875,27.313711166381836,438.00726318359375,120.596435546875,58.611202239990234
2022-01-11,171.16470336914062,170.2899932861328,149.57608032226562,303.4180908203125,27.729400634765625,441.9967346191406,121.3997573852539,61.07651138305664
2022-01-12,171.60462951660156,170.74000549316406,150.4244842529297,306.58734130859375,27.910829544067383,443.1916809082031,120.9346694946289,60.89676284790039
2022-01-13,168.33932495117188,170.16000366210938,150.23695373535156,293.6117248535156,26.491310119628903,437.0851745605469,122.00861358642578,60.46018981933594
2022-01-14,169.19961547851562,169.6699981689453,141.00286865234375,298.8135986328125,26.857154846191406,437.263916015625,120.16517639160156,61.52165985107422
2022-01-18,166.0027618408203,169.38999938964844,135.09091186523438,291.5406494140625,25.82142639160156,429.5201721191406,118.47389221191406,62.55743789672851
2022-01-19,162.51258850097656,172.0800018310547,133.00115966796875,292.1956787109375,24.988056182861328,425.0601806640625,119.29417419433594,62.58309555053711
2022-01-20,160.8310546875,171.64999389648438,131.86700439453125,290.5291748046875,24.073949813842773,420.3555908203125,120.0298843383789,62.72004699707031
2022-01-21,158.778076171875,171.08999633789062,129.56295776367188,285.16363525390625,23.30038833618164,412.1037902832031,121.45897674560548,61.7784423828125
2022-01-24,158.00572204589844,172.02999877929688,129.44686889648438,285.4912414550781,23.29839515686035,413.8538513183594,120.46114349365234,62.30916595458984
2022-01-25,156.20684814453125,172.5800018310547,130.8578643798828,277.900390625,22.253692626953125,408.8011779785156,120.26663970947266,64.14105224609375
2022-01-26,156.11888122558594,169.7899932861328,132.0991973876953,285.8187255859375,22.700284957885746,407.7755432128906,118.81214141845705,63.4904670715332
2022-01-27,155.6593475341797,167.60000610351562,129.76834106445312,288.833740234375,21.87489318847656,405.7619934082031,120.99390411376952,64.3036880493164
2022-01-28,166.5209197998047,167.10000610351562,130.9293212890625,296.94476318359375,22.7680721282959,415.8391723632813,121.0361328125,64.44064331054688
2022-01-31,170.87136840820312,168.08999633789062,132.70648193359375,299.5649108886719,24.40888786315918,423.3288879394531,120.41041564941406,65.02274322509766
2022-02-01,170.70521545410156,168.22999572753906,134.98370361328125,297.42633056640625,24.560415267944336,426.1893005371094,120.01067352294922,69.19152069091797
2022-02-02,171.90769958496094,168.83999633789062,133.90316772460938,301.9538269042969,25.16250991821289,430.3293151855469,120.41716766357422,69.01175689697266
2022-02-03,169.033447265625,168.60000610351562,132.7957305908203,290.1919860839844,23.87258529663086,420.2145080566406,119.47722625732422,68.20711517333984
2022-02-04,168.7495880126953,168.86000061035156,136.242919921875,294.7098388671875,24.24241828918457,422.1904602050781,117.71578979492188,69.6880111694336
2022-02-07,168.0349884033203,170.11000061035156,136.69839477539062,289.903076171875,24.650129318237305,420.83544921875,117.79206085205078,70.52690887451172
2022-02-08,171.13804626464844,170.6300048828125,139.2703094482422,293.38055419921875,25.02893447875977,424.2980346679687,117.00447845458984,68.70360565185547
2022-02-09,172.5574493408203,171.2100067138672,139.850830078125,299.7864685058594,26.620899200439453,430.5082092285156,117.22466278076172,68.37470245361328
2022-02-10,168.48526000976562,170.55999755859375,139.2703094482422,291.2806396484375,25.74267578125,422.7738037109375,115.3617172241211,67.71693420410156
2022-02-11,165.0787811279297,173.80999755859375,137.4574432373047,284.2099609375,23.873584747314453,414.4371948242187,117.07228088378906,69.42195892333984
2022-02-14,165.31373596191406,174.74000549316406,136.180419921875,284.1715087890625,24.19057846069336,413.082275390625,115.61571502685548,68.3573989868164
2022-02-15,169.14112854003906,173.0800018310547,138.17190551757812,289.44073486328125,26.411561965942383,419.7440185546875,114.30318450927734,67.50055694580078
2022-02-16,168.90618896484375,174.86000061035156,138.42193603515625,289.102783203125,26.42751121520996,420.2145080566406,114.98064422607422,67.81211853027344
2022-02-17,165.31373596191406,177.25,135.2337646484375,280.6372985839844,24.42982292175293,411.2381591796875,115.83589935302734,67.70826721191406
2022-02-18,163.76705932617188,177.1199951171875,135.86781311035156,277.9344482421875,23.567546844482425,408.5752868652344,117.05533599853516,66.95526885986328
2022-02-22,160.8499755859375,177.49000549316406,135.62669372558594,277.7317810058594,23.31633949279785,404.1906127929687,117.36017608642578,66.17633056640625
2022-02-23,156.6897430419922,178.2899932861328,132.78684997558594,270.54034423828125,22.316499710083008,397.0208129882813,115.74273681640624,66.44463348388672
2022-02-24,159.30337524414062,177.13999938964844,129.08961486816406,284.3633117675781,23.67321395874023,402.9956359863281,115.8189468383789,65.6051025390625
2022-02-25,161.36880493164062,176.5500030517578,132.14385986328125,286.9888610839844,24.080923080444336,411.8873596191406,115.90364837646484,67.37071228027344
2022-02-28,161.63308715820312,178.3800048828125,126.63378143310548,288.41754150390625,24.308208465576172,410.83349609375,118.4441146850586,67.87271881103516
2022-03-01,159.75363159179688,181.6199951171875,121.85595703125,284.7108154296875,23.40306854248047,404.5764465332031,119.81353759765624,68.52184295654297
2022-03-02,163.04269409179688,179.72999572753906,124.38328552246094,289.76885986328125,24.147838592529297,412.0190734863281,115.7179718017578,69.69891357421875
2022-03-03,162.71963500976562,180.8000030517578,123.4991455078125,285.64715576171875,23.64334487915039,409.9678955078125,116.89659118652344,70.14032745361328
2022-03-04,159.7242889404297,183.67999267578125,120.02522277832033,279.7974548339844,22.867666244506836,406.6370239257813,118.91471099853516,72.78010559082031
2022-03-07,155.93601989746094,186.41000366210935,115.3903350830078,269.2276306152344,21.288379669189453,394.649658203125,118.00743103027344,75.402587890625
2022-03-08,154.1152801513672,191.5099945068359,114.57766723632812,266.27386474609375,21.44989967346191,391.6576232910156,116.82028198242188,75.97380828857422
2022-03-09,159.50892639160156,185.82000732421875,119.16790771484376,278.48468017578125,22.94543075561523,402.15826416015625,115.67562103271484,71.65496063232422
2022-03-10,155.1724853515625,186.3999938964844,117.75688934326172,275.6757507324219,22.590496063232425,400.3422546386719,114.01363372802734,73.87931060791016
2022-03-11,151.4625244140625,185.08999633789065,115.10455322265624,270.3472900390625,22.03415870666504,395.2518005371094,114.39519500732422,73.49847412109375
2022-03-14,147.43931579589844,182.3000030517578,116.24765014648438,266.8434143066406,21.26645278930664,392.3633117675781,111.72418212890624,70.86736297607422
2022-03-15,151.81491088867188,178.88999938964844,118.3105697631836,277.1815490722656,22.90455436706543,400.9915161132813,111.52913665771484,66.83412170410156
2022-03-16,156.2198944091797,180.00999450683594,123.5973892211914,284.1702575683594,24.423019409179688,409.8831787109375,112.6230010986328,66.58311462402344
2022-03-17,157.22813415527344,180.88999938964844,125.16023254394533,284.97137451171875,24.692214965820312,415.01116943359375,111.78353881835938,68.3573989868164
2022-03-18,160.51719665527344,179.3000030517578,125.11559295654295,290.00048828125,26.37418556213379,419.5566711425781,113.14874267578124,68.0890884399414
2022-03-21,161.8876495361328,180.6699981689453,124.71369934082033,288.7746276855469,26.654346466064453,419.4339904785156,110.52864074707033,71.1443099975586
2022-03-22,165.25498962402344,179.36000061035156,127.36602783203124,293.5044860839844,26.444976806640625,424.3419494628906,109.11254119873048,70.83272552490234
2022-03-23,166.6156005859375,181.80999755859375,124.8298110961914,289.0932312011719,25.557628631591797,418.877197265625,111.50375366210938,71.94922637939453
2022-03-24,170.39414978027344,183.1300048828125,125.6424789428711,293.54315185546875,28.066125869750977,425.1915283203125,110.63034057617188,72.1656265258789
2022-03-25,171.03038024902344,182.3800048828125,126.74092864990234,293.13775634765625,27.609495162963867,427.2679443359375,109.09561157226562,73.74082946777344
2022-03-28,171.8917999267578,179.05999755859375,125.80321502685548,299.9140930175781,28.134925842285156,430.3070983886719,110.02832794189452,71.67225646972656
2022-03-29,175.18084716796875,179.13999938964844,126.08006286621094,304.46051025390625,28.57062339782715,435.63031005859375,110.85928344726562,71.29144287109375
2022-03-30,174.0159912109375,180.5800018310547,125.508544921875,302.9643859863281,27.60750389099121,432.9403991699219,111.72418212890624,72.51179504394531
2022-03-31,170.9226837158203,180.6499938964844,121.73987579345705,297.60699462890625,27.20470428466797,426.2768859863281,111.99553680419922,71.48185729980469
2022-04-01,170.6290283203125,179.5,120.83789825439452,298.6784362792969,26.632413864135746,427.4850463867187,112.421875,71.94056701660156
2022-04-04,174.6718292236328,180.3699951171875,121.3737335205078,304.0357360839844,27.278484344482425,431.1470947265625,111.6406021118164,71.97520446777344
2022-04-05,171.36322021484375,179.24000549316406,119.96125793457033,300.0877380371094,25.85373878479004,425.7012023925781,109.11832427978516,71.60302734375
2022-04-06,168.20138549804688,179.66000366210938,118.29685974121094,289.102783203125,24.33428192138672,421.4443664550781,108.23512268066406,72.39928436279297
2022-04-07,168.50486755371094,180.33999633789065,117.93701171875,290.907958984375,24.13587760925293,423.5680847167969,107.41985321044922,73.61100769042969
2022-04-08,166.49815368652344,181.47000122070312,120.09622192382812,286.66064453125,23.050121307373047,422.4353942871094,106.2563934326172,75.16022491455078
2022-04-11,162.24978637695312,182.3699951171875,119.65536499023438,275.35711669921875,21.851703643798828,415.215087890625,104.57491302490234,72.57239532470703
2022-04-12,164.11947631835938,183.77000427246097,118.34183502197266,272.2682800292969,21.439931869506836,413.6766052246094,104.43053436279295,74.08702087402344
2022-04-13,166.8015899658203,184.6499938964844,114.52728271484376,277.6352844238281,22.13684463500977,418.4147033691406,104.64285278320312,75.13427734375
2022-04-14,161.79949951171875,184.0399932861328,113.4656753540039,270.1156921386719,21.19466781616211,413.2046203613281,102.54525756835938,76.01708984375
2022-04-18,161.58416748046875,184.61000061035156,115.57089233398438,270.7816467285156,21.718101501464844,413.37457275390625,102.03569793701172,76.64027404785156
2022-04-19,163.86495971679688,181.82000732421875,117.96398162841795,275.3958435058594,22.131864547729492,420.0474853515625,101.27136993408205,75.95650482177734
2022-04-20,163.6985626220703,182.7100067138672,118.37784576416016,276.4189758300781,21.41799545288086,419.7360229492187,103.30957794189452,76.1296157836914
2022-04-21,162.90565490722656,182.05999755859375,117.460205078125,271.0616455078125,20.12287139892578,413.45947265625,102.54525756835938,75.3246841430664
2022-04-22,158.37342834472656,180.2899932861328,114.08643341064452,264.51702880859375,19.456859588623047,402.1145629882813,101.89981842041016,73.68023681640625
2022-04-25,159.4404296875,177.0500030517578,114.05045318603516,270.97479248046875,19.84270477294922,404.4458312988281,102.91891479492188,71.19625854492188
2022-04-26,153.48883056640625,177.32000732421875,110.6767120361328,260.83935546875,18.732023239135746,392.7326965332031,103.95499420166016,71.22220611572266
2022-04-27,153.26368713378906,175.97999572753906,109.23722839355467,273.3880310058594,18.360136032104492,393.8370056152344,102.62167358398438,73.25614929199219
2022-04-28,160.18434143066406,176.92999267578125,110.96460723876952,279.5754699707031,19.723060607910156,403.78515625,102.77449035644533,75.47181701660156
2022-04-29,154.32086181640625,176.91000366210938,107.38396453857422,267.8858947753906,18.491743087768555,388.8630676269531,101.44123840332033,73.78409576416016
2022-05-02,154.6243133544922,173.6300048828125,108.36457824707033,274.5945739746094,19.47480583190918,391.2037353515625,99.68284606933594,74.78809356689453
2022-05-03,156.11221313476562,174.08999633789062,110.68570709228516,271.99798583984375,19.543596267700195,392.9969787597656,100.35490417480467,76.32867431640625
2022-05-04,162.51409912109375,175.8000030517578,114.34734344482422,279.913330078125,20.27341651916504,404.96484375,100.9078598022461,79.3665771484375
2022-05-05,153.45944213867188,175.1300048828125,111.48641204833984,267.72174072265625,18.787858963012695,390.5713195800781,98.14314270019533,78.16353607177734
2022-05-06,154.18482971191406,175.4199981689453,111.30647277832033,265.1927490234375,18.619354248046875,388.2400207519531,96.69698333740234,79.35794067382812
2022-05-09,149.0675811767578,172.8800048828125,109.63311004638672,255.3951110839844,16.899497985839844,375.80963134765625,97.5476531982422,73.10035705566406
2022-05-10,151.46937561035156,171.4199981689453,106.96109771728516,260.144287109375,17.542579650878906,376.6779479980469,98.43236541748048,73.58502960205078
2022-05-11,143.61700439453125,172.82000732421875,106.28634643554688,251.5049743652344,16.580453872680664,370.6940307617187,100.32940673828124,75.1169662475586
2022-05-12,139.75453186035156,170.1699981689453,106.1963882446289,246.4855499267578,16.126808166503906,370.30706787109375,100.14225006103516,75.45797729492188
2022-05-13,144.2150115966797,168.7899932861328,107.14102935791016,252.05514526367188,17.653249740600586,379.1603088378906,98.66207122802734,77.69635772705078
2022-05-16,142.6759033203125,170.39999389648438,106.39431762695312,252.4219665527344,17.212562561035156,377.6218566894531,98.55997467041016,79.5237808227539
2022-05-17,146.3031005859375,169.3300018310547,109.92100524902344,257.5573425292969,18.122846603393555,385.3896179199219,97.3690414428711,80.53805541992188
2022-05-18,138.0487823486328,169.4199981689453,108.04069519042967,245.83084106445312,16.88753890991211,369.8539733886719,99.4446792602539,79.26148223876953
2022-05-19,134.64706420898438,171.91000366210938,106.43929290771484,244.92135620117188,17.072982788085938,367.58880615234375,99.68284606933594,79.68991088867188
2022-05-20,134.88235473632812,172.02999877929688,105.56661987304688,244.36016845703125,16.644264221191406,367.749267578125,100.81426239013672,80.31947326660156
2022-05-23,140.29376220703125,172.8300018310547,112.0981903076172,252.18753051757812,16.84765625,374.6298522949219,99.15544891357422,82.09442901611328
2022-05-24,137.59783935546875,174.1300048828125,113.68160247802734,251.1909637451172,16.105873107910156,371.7699890136719,101.1120147705078,82.54035186767578
2022-05-25,137.75466918945312,173.0800018310547,114.4732894897461,253.9968109130859,16.92442512512207,375.0545654296875,101.51184844970705,84.20166015625
2022-05-26,140.9505157470703,172.75999450683594,116.45256042480467,257.26702880859375,17.79781150817871,382.5486450195313,101.05245971679688,84.49893951416016
2022-05-27,146.69520568847656,172.85000610351562,118.09893798828124,264.3686828613281,18.75495719909668,391.93988037109375,101.29920959472656,85.32958984375
2022-05-31,145.9109344482422,171.13999938964844,118.9626235961914,263.0432434082031,18.61637306213379,389.7406921386719,99.15544891357422,83.9393539428711
2022-06-01,145.7835235595703,172.22999572753906,116.87539672851562,263.5754699707031,18.26541519165039,386.58831787109375,99.0421371459961,85.54817962646484
2022-06-02,148.2343292236328,174.35000610351562,118.75570678710938,265.6651916503906,19.533628463745117,393.9503173828125,99.09326171875,85.39952850341797
2022-06-03,142.51904296875,172.5800018310547,117.1003189086914,261.2532958984375,18.664222717285156,387.4849853515625,98.88021850585938,86.64114379882812
2022-06-06,143.26405334472656,171.82000732421875,116.71345520019533,260.0245361328125,18.730024337768555,388.6647338867187,97.05650329589844,86.42254638671875
2022-06-07,145.7835235595703,172.94000244140625,117.01935577392578,263.6527099609375,18.869613647460938,392.39300537109375,98.1047134399414,90.3834457397461
2022-06-08,145.0482635498047,172.77999877929688,115.15703582763672,261.6306457519531,18.596372604370117,388.1267700195313,97.23544311523438,91.4501724243164
2022-06-09,139.83297729492188,172.22999572753906,112.73694610595705,256.19317626953125,17.998027801513672,378.8960266113281,97.55929565429688,89.47409057617188
2022-06-10,134.43141174316406,174.5399932861328,107.55489349365234,244.77621459960935,16.92700958251953,367.90972900390625,96.9542236328125,87.8390121459961
2022-06-13,129.2847137451172,169.92999267578125,104.35208129882812,234.3945770263672,15.603681564331056,353.94085693359375,93.9118881225586,83.80818939208984
2022-06-14,130.14735412597656,168.57000732421875,102.61573028564452,236.5522003173828,15.792157173156738,352.874267578125,92.727294921875,84.02677917480469
2022-06-15,132.7648468017578,170.77000427246094,103.83028411865234,243.586181640625,16.481245040893555,357.90496826171875,94.45730590820312,82.96879577636719
2022-06-16,127.5005340576172,172.69000244140625,102.04894256591795,237.01658630371097,15.557806015014648,346.0597229003906,95.20726013183594,79.90851593017578
2022-06-17,128.9710235595703,171.27000427246094,101.6890640258789,239.6095733642578,15.836034774780272,346.8057556152344,95.51402282714844,75.30059814453125
2022-06-21,133.1961669921875,170.6300048828125,104.20813751220705,245.5018768310547,16.520139694213867,355.53607177734375,93.8948745727539,79.98721313476562
2022-06-22,132.68641662597656,171.30999755859375,103.62334442138672,244.91168212890625,16.31471061706543,354.8916015625,96.4770050048828,76.82199096679688
2022-06-23,135.5489959716797,170.25999450683594,102.48976135253906,250.45556640625,16.18008041381836,358.37030029296875,97.26954650878906,74.50491333007812
2022-06-24,138.87225341796875,170.08999633789062,105.54861450195312,259.0086669921875,17.07858657836914,369.7643432617187,95.9230728149414,75.98259735107422
2022-06-27,138.87225341796875,169.89999389648438,104.70294189453124,256.2899475097656,16.822298049926758,368.3519592285156,95.10499572753906,77.84500122070312
2022-06-28,134.7353057861328,169.6199951171875,104.19913482666016,248.1529235839844,15.937753677368164,360.825439453125,95.54811096191406,80.00468444824219
2022-06-29,136.4900665283203,169.49000549316406,103.73130798339844,251.8102264404297,15.498969078063965,360.5316467285156,97.03944396972656,77.04934692382812
2022-06-30,134.02947998046875,168.4600067138672,101.31122589111328,248.4914703369141,15.11703109741211,357.6026306152344,97.89163970947266,74.88088989257812
2022-07-01,136.19598388671875,168.32000732421875,102.60671997070312,251.15228271484375,14.482789993286133,361.3847351074219,98.89665985107422,76.55094146728516
2022-07-05,138.7742462158203,164.75,102.21644592285156,254.31610107421875,14.92257022857666,362.0672302246094,99.67371368408205,74.1551513671875
2022-07-06,140.10748291015625,162.13999938964844,101.55389404296876,257.56695556640625,15.088112831115724,363.2900390625,98.00007629394533,72.81737518310547
2022-07-07,143.46998596191406,162.22999572753906,104.12245178222656,259.68585205078125,15.814094543457031,368.7311401367187,97.13765716552734,75.14321899414062
2022-07-08,144.14637756347656,162.3000030517578,103.79571533203124,258.9699401855469,15.79415225982666,368.4277648925781,96.061767578125,75.26561737060547
2022-07-11,142.0191192626953,161.42999267578125,102.43428802490234,255.92214965820312,15.110050201416016,364.2190246582031,97.7183074951172,74.88088989257812
2022-07-12,142.9896240234375,160.8300018310547,102.53412628173828,245.43409729003903,15.040243148803713,360.99609375,98.2989501953125,73.88410186767578
2022-07-13,142.62689208984375,161.60000610351562,101.57203674316406,244.5150146484375,15.122014999389648,359.10028076171875,99.4260711669922,74.181396484375
2022-07-14,145.54824829101562,159.3300018310547,98.02322387695312,245.83084106445312,15.329439163208008,358.2281494140625,98.61489868164062,72.69496154785156
2022-07-15,147.2147979736328,159.00999450683594,102.51595306396484,248.38507080078125,15.718361854553224,365.0721435546875,99.16991424560548,73.9190902709961
2022-07-18,144.1758270263672,159.16000366210938,101.46312713623048,245.99530029296875,16.056421279907227,362.0577697753906,98.13670349121094,75.28309631347656
2022-07-19,148.02845764160156,159.5399932861328,103.97721862792967,251.1039123535156,16.944957733154297,371.84033203125,97.60728454589844,77.18046569824219
2022-07-20,150.02828979492188,158.0399932861328,103.95907592773438,253.75491333007812,17.7576961517334,374.2100524902344,97.86345672607422,78.02861022949219
2022-07-21,152.29286193847656,160.27000427246094,104.6670150756836,256.2415466308594,18.000024795532227,378.0206909179687,99.5541763305664,76.72581481933594
2022-07-22,151.05764770507812,160.6699981689453,104.15875244140624,251.90687561035156,17.271055221557617,374.513427734375,101.22775268554688,76.13997650146484
2022-07-25,149.94009399414062,160.22999572753906,104.5762710571289,250.42657470703125,16.976863861083984,374.9684448242187,100.23725128173828,78.67565155029297
2022-07-26,148.6166229248047,160.0399932861328,102.94253540039062,243.7215881347656,16.487224578857422,370.53216552734375,100.3140869140625,78.36962127685547
2022-07-27,153.7045135498047,161.6699981689453,104.59442138671876,260.01483154296875,17.740745544433594,380.153564453125,99.75054168701172,80.06588745117188
2022-07-28,154.2534942626953,163.63999938964844,104.20413208007812,267.43585205078125,17.93421173095703,384.9215393066406,100.54466247558594,81.00145721435547
2022-07-29,159.31195068359375,164.10000610351562,104.70333099365234,271.6253356933594,18.11271095275879,390.533203125,100.27142333984376,84.75249481201172
2022-08-01,158.33163452148438,165.02999877929688,103.65956115722656,268.9839782714844,18.38994598388672,389.3768005371094,102.68631744384766,82.61030578613281
2022-08-02,156.86114501953125,164.0500030517578,102.04401397705078,265.8974914550781,18.474708557128903,386.8079528808594,100.51348114013672,82.25181579589844
2022-08-03,162.86070251464844,164.4499969482422,103.11500549316406,273.299072265625,18.8406982421875,392.86517333984375,102.09605407714844,79.58497619628906
2022-08-04,162.54701232910156,167.1699981689453,101.98047637939452,274.4407958984375,19.161800384521484,392.5997009277344,102.06183624267578,76.23616790771484
2022-08-05,162.3212432861328,165.2899932861328,105.06636810302734,273.72479248046875,18.936426162719727,391.9362182617187,99.63240814208984,77.33786010742188
2022-08-08,161.8499755859375,166.69000244140625,103.78662872314452,271.2188720703125,17.743738174438477,391.4811401367187,101.2406234741211,77.7750473022461
2022-08-09,161.8990936279297,167.1999969482422,104.72147369384766,273.1346435546875,17.0386962890625,389.9265747070313,100.84713745117188,79.20899200439453
2022-08-10,166.1399688720703,166.77999877929688,107.45342254638672,279.77191162109375,18.046894073486328,398.1166687011719,100.1884307861328,79.96096801757812
2022-08-11,165.40371704101562,166.33999633789062,109.0417709350586,277.70135498046875,17.892324447631836,398.1166687011719,97.85310363769533,82.27407836914062
2022-08-12,168.94757080078125,167.8699951171875,110.84793853759766,282.4325866699219,18.657201766967773,404.8563537597656,98.8454132080078,82.98919677734375
2022-08-15,170.01760864257812,165.7100067138672,111.14745330810548,283.9419860839844,18.97930908203125,406.5246887207031,98.75985717773438,81.50597381591797
2022-08-16,169.86053466796875,165.4199981689453,112.20936584472656,283.2065734863281,18.82672691345215,407.3209533691406,99.1704559326172,80.74671936035156
2022-08-17,171.3527069091797,164.35000610351562,111.26544952392578,282.46002197265625,18.284236907958984,404.4296875,98.1353988647461,81.40003204345703
2022-08-18,170.96005249023438,163.9199981689453,110.4031982421875,281.34503173828125,18.721025466918945,405.605224609375,98.28079986572266,83.3246841430664
2022-08-19,168.37820434570312,162.72000122070312,107.6712417602539,277.447265625,17.799585342407227,400.1547546386719,96.69825744628906,83.05982971191406
2022-08-22,164.50054931640625,161.63999938964844,105.8923110961914,269.302734375,16.98684310913086,391.8224487304687,96.37321472167967,82.99803161621094
2022-08-23,164.1667938232422,162.77000427246094,104.84854125976562,268.0325622558594,17.13343048095703,390.87457275390625,95.84281158447266,86.52066040039062
2022-08-24,164.46128845214844,163.25,105.10269165039062,267.4023742675781,17.174312591552734,392.1257629394531,95.1413803100586,87.03271484375
2022-08-25,166.91549682617188,163.75,107.59864807128906,270.3692626953125,17.863407135009766,397.6615905761719,96.46727752685548,87.48297119140625
2022-08-26,160.62294006347656,161.75999450683594,104.07708740234376,259.9365539550781,16.214981079101562,384.2011413574219,97.19440460205078,86.40584564208984
2022-08-29,158.42393493652344,161.86000061035156,103.82294464111328,257.1635437011719,15.75725269317627,381.66070556640625,96.39030456542967,88.39232635498047
2022-08-30,155.9991912841797,160.50999450683594,103.84109497070312,254.9722595214844,15.425176620483398,377.4708862304687,96.62982177734376,85.02860260009766
2022-08-31,154.34014892578125,159.27000427246094,103.22391510009766,253.5178985595703,15.052209854125977,374.5987548828125,95.70594024658205,84.39292907714844
2022-09-01,155.06658935546875,157.8699951171875,103.93185424804688,252.4803924560547,13.898414611816406,375.774169921875,93.95374298095705,82.8744125366211
2022-09-02,152.95596313476562,159.25999450683594,103.20575714111328,248.2723693847656,13.609216690063477,371.8118591308594,94.48523712158205,84.39292907714844
2022-09-06,151.69937133789062,158.3300018310547,103.23297882080078,245.54788208007812,13.42772102355957,370.408935546875,92.14495849609376,83.82791900634766
2022-09-07,153.10321044921875,159.94000244140625,105.19343566894533,250.24066162109375,13.680095672607422,377.0633544921875,93.602294921875,83.11279296875
2022-09-08,151.6306915283203,158.97999572753906,107.64403533935548,250.65760803222656,13.955410957336426,379.52789306640625,92.64217376708984,83.79258728027344
2022-09-09,154.4873809814453,159.82000732421875,108.161376953125,256.4169006347656,14.351431846618652,385.4240417480469,92.84788513183594,85.19634246826172
2022-09-12,160.43637084960938,160.6300048828125,109.44113159179688,258.5403137207031,14.469141006469728,389.56640625,92.08496856689452,86.17633819580078
2022-09-13,151.02206420898438,158.5399932861328,105.63819122314452,244.32620239257812,13.09853744506836,372.6270751953125,92.2992935180664,84.16340637207031
2022-09-14,152.4651336669922,157.92999267578125,105.39314270019533,244.54920959472656,13.095542907714844,374.0489501953125,92.616455078125,86.22928619384766
2022-09-15,149.57896423339844,154.97999572753906,106.98146057128906,237.9172210693359,12.897038459777832,369.8022766113281,92.55647277832033,83.72196197509766
2022-09-16,147.93954467773438,155.83999633789062,106.2644500732422,237.2966766357422,13.165369987487791,366.9811096191406,91.78494262695312,82.2917251586914
2022-09-19,151.65032958984375,155.9600067138672,107.24468231201172,237.08338928222656,13.348916053771973,369.8270568847656,91.99925994873048,82.28289031982422
2022-09-20,154.02601623535156,155.07000732421875,105.12989807128906,235.0763397216797,13.143425941467283,365.5819091796875,91.08201599121094,81.61193084716797
2022-09-21,150.90426635742188,155.7899932861328,102.09845733642578,231.68276977539065,13.228216171264648,359.2048034667969,92.60787963867188,80.29644775390625
2022-09-22,149.94219970703125,155.6999969482422,100.93669128417967,233.65103149414065,12.529945373535156,356.1875,90.24187469482422,79.9609603881836
2022-09-23,147.67449951171875,153.00999450683594,99.05792236328124,230.68409729003903,12.48505687713623,350.21966552734375,90.61052703857422,75.70556640625
2022-09-26,148.00830078125,151.22999572753906,96.9250030517578,230.22840881347656,12.197768211364746,346.7549743652344,88.87889862060547,74.14289855957031
2022-09-27,148.98016357421875,151.5399932861328,96.07184600830078,229.22006225585935,12.38231086730957,345.869873046875,86.5385971069336,75.69673919677734
2022-09-28,147.0952911376953,154.69000244140625,98.01415252685548,233.73829650878903,12.704513549804688,352.6753234863281,89.43608093261719,78.4512710571289
2022-09-29,139.8701171875,154.66000366210938,96.35321044921876,230.27688598632812,12.189788818359377,345.3083190917969,88.97319030761719,78.29235076904297
2022-09-30,135.6685028076172,154.6699981689453,94.84656524658205,225.8167724609375,12.108990669250488,339.96856689453125,87.82447814941406,77.08282470703125
2022-10-03,139.84068298339844,158.42999267578125,97.77816772460938,233.41835021972656,12.48106861114502,348.9442443847656,89.219970703125,81.15283203125
2022-10-04,143.42384338378906,160.6999969482422,102.35259246826172,241.310791015625,13.134448051452637,359.7568054199219,88.97076416015625,84.11044311523438
2022-10-05,143.71835327148438,159.80999755859375,101.0888671875,241.6210174560547,13.17634391784668,358.9191589355469,88.12007141113281,87.50946044921875
2022-10-06,142.76608276367188,159.6300048828125,99.0284423828125,239.2843475341797,13.097539901733398,355.2166442871094,87.63026428222656,90.10506439208984
2022-10-07,137.52391052246094,157.8800048828125,97.05044555664062,227.11602783203125,12.046144485473633,345.3083190917969,86.779541015625,89.19571685791016
2022-10-10,137.8478546142578,155.47999572753906,96.14385223388672,222.27780151367188,11.641148567199709,342.67181396484375,85.43048095703125,87.26224517822266
2022-10-11,136.4342498779297,155.16000366210938,93.36915588378906,218.55458068847656,11.557355880737305,340.5016784667969,85.80859375,86.52066040039062
2022-10-12,135.8059539794922,155.99000549316406,94.88013458251952,218.8842315673828,11.471570014953612,339.3785095214844,86.22966003417969,86.90027618408203
2022-10-13,140.3708038330078,154.91000366210938,100.15480041503906,227.11602783203125,11.93043041229248,348.3350830078125,85.4046859741211,89.93733978271484
2022-10-14,135.84523010253906,152.97999572753906,101.82147216796876,221.60874938964844,11.19924259185791,340.39691162109375,84.70010375976562,87.57125091552734
2022-10-17,139.8014373779297,153.4199981689453,106.09798431396484,230.30596923828125,11.85861110687256,349.1441345214844,84.28762817382812,88.83374786376953
2022-10-18,141.1168670654297,153.75,108.82689666748048,231.24647521972656,11.93741512298584,353.2464294433594,84.48526763916016,88.99266815185547
2022-10-19,141.224853515625,151.69000244140625,106.69322204589844,229.2879180908203,12.021207809448242,350.7431335449219,82.94715881347656,91.63243103027344
2022-10-20,140.7634735107422,151.4499969482422,106.34523010253906,228.96791076660156,12.163854598999023,347.80206298828125,81.52932739257812,91.75601959228516
2022-10-21,144.57240295410156,154.14999389648438,111.9312515258789,234.75637817382812,12.4351806640625,356.254150390625,80.05992126464844,93.45995330810548
2022-10-24,146.7124786376953,153.64999389648438,112.06861114501952,239.7303771972656,12.567851066589355,360.6134338378906,79.39826965332031,94.11326599121094
2022-10-25,149.54953002929688,154.0,112.36167907714844,243.03665161132812,13.228216171264648,366.3719482421875,81.70978546142578,93.47763061523438
2022-10-26,146.6143341064453,154.97999572753906,113.65287017822266,224.2848358154297,12.864117622375488,363.6116943359375,82.8869857788086,94.59002685546876
2022-10-27,142.14764404296875,154.74000549316406,114.10157775878906,219.8538055419922,13.143425941467283,361.6699523925781,83.75485229492188,94.95199584960938
2022-10-28,152.88726806640625,153.16000366210938,115.45687866210938,228.69642639160156,13.799797058105469,370.2743225097656,83.17916870117188,97.7330093383789
2022-10-31,150.5312042236328,151.91000366210938,115.2737045288086,225.07020568847656,13.46363353729248,367.5997619628906,82.58624267578125,97.83013153076172
2022-11-01,147.89047241210938,153.4600067138672,117.35247039794922,221.23062133789065,13.509516716003418,365.9911804199219,83.3580551147461,98.80128479003906
2022-11-02,142.3734130859375,152.38999938964844,116.27189636230467,213.4060821533203,13.186319351196287,356.8062438964844,82.99628448486328,96.77068328857422
2022-11-03,136.33609008789062,151.80999755859375,116.48250579833984,207.73402404785156,13.387818336486816,353.1322326660156,82.54833984375,98.0861587524414
2022-11-04,136.07057189941406,156.47000122070312,119.66928100585938,214.6568145751953,14.12100315093994,358.21490478515625,81.1614990234375,99.15442657470705
2022-11-07,136.6015625,155.85000610351562,120.3011703491211,220.93975830078125,14.265643119812012,361.6414489746094,80.35176849365234,100.3286361694336
2022-11-08,137.17190551757812,159.4499969482422,120.37440490722656,221.90933227539065,14.565898895263672,363.5926513671875,81.23041534423828,100.64647674560548
2022-11-09,132.61917114257812,158.64999389648438,118.80851745605467,217.68194580078125,13.741942405700684,356.10186767578125,81.4974136352539,96.14385986328124
2022-11-10,144.4188690185547,163.47999572753906,123.69855499267578,235.59022521972656,15.71106243133545,375.671142578125,84.63296508789062,97.5564422607422
2022-11-11,147.20167541503906,164.55999755859375,123.90003204345705,239.59461975097656,16.286630630493164,379.30712890625,84.32286834716797,100.60232543945312
2022-11-14,145.80535888671875,164.9199981689453,122.62712860107422,234.2037048339844,16.25471305847168,376.0803833007813,84.1160888671875,100.8960189819336
2022-11-15,147.5360107421875,165.5,121.7388916015625,234.61097717285156,16.624797821044922,379.2880859375,85.47713470458984,101.57238006591795
2022-11-16,146.30686950683594,165.1199951171875,121.9036865234375,235.03872680664065,15.870667457580566,376.3945007324219,87.34635925292969,100.48662567138672
2022-11-17,148.20465087890625,163.9199981689453,121.37257385253906,234.99012756347656,15.638242721557615,375.2428283691406,86.42466735839844,100.6201171875
2022-11-18,148.76512145996094,162.7899932861328,122.5630340576172,234.54286193847656,15.370904922485352,376.9465942382813,85.8302993774414,99.7479476928711
2022-11-21,145.53988647460938,161.8800048828125,121.839599609375,235.3498992919922,15.279133796691896,375.575927734375,86.19207000732422,98.76008605957033
2022-11-22,147.6736297607422,162.07000732421875,123.66192626953124,238.2473907470703,15.998348236083984,380.6300659179687,87.41529846191406,101.61687469482422
2022-11-23,148.54879760742188,163.0800018310547,124.98059844970705,240.7267913818359,16.478160858154297,383.0286254882813,88.93997192382812,101.10960388183594
2022-11-25,145.63821411132812,163.22000122070312,125.2187042236328,240.63931274414065,16.229774475097656,382.9430236816406,88.63850402832031,100.7536163330078
2022-11-28,141.81314086914062,161.92999267578125,123.03008270263672,235.0679168701172,15.787871360778809,376.8323059082031,88.88826751708984,97.72771453857422
2022-11-29,138.8140106201172,162.72999572753906,125.0538558959961,233.6775054931641,15.60033893585205,376.1851501464844,87.84596252441406,98.37738037109376
2022-11-30,145.5595245361328,164.80999755859375,126.53736114501952,248.0775451660156,16.885480880737305,388.03515625,88.49202728271484,99.08936309814452
2022-12-01,145.83486938476562,167.83999633789062,124.7608413696289,247.64002990722656,17.09701156616211,387.7496948242187,91.31900024414062,98.6087875366211
2022-12-02,145.34320068359375,167.25999450683594,123.7718276977539,247.9608917236328,16.838586807250977,387.30230712890625,92.4673843383789,97.772216796875
2022-12-05,144.18287658691406,164.38999938964844,120.3011703491211,243.27430725097656,16.57317352294922,380.33502197265625,91.17220306396484,95.09339904785156
2022-12-06,140.52499389648438,164.83999633789062,120.50263214111328,238.33489990234375,15.951558113098145,374.8525695800781,92.34648895263672,92.4501953125
2022-12-07,138.58786010742188,166.3300018310547,120.42020416259766,237.60568237304688,16.08426284790039,374.21490478515625,94.52239990234376,92.24549865722656
2022-12-08,140.26931762695312,166.47000122070312,121.68392944335938,240.55178833007812,17.130943298339844,377.1464538574219,94.26334381103516,92.9307632446289
2022-12-09,139.78749084472656,167.05999755859375,121.02458953857422,238.62661743164065,16.96331024169922,374.32916259765625,91.81118774414062,92.14759826660156
2022-12-12,142.07861328125,165.67999267578125,122.90187072753906,245.52035522460935,17.496126174926758,379.7258605957031,92.10472106933594,94.41702270507812
2022-12-13,143.042236328125,168.50999450683594,122.78280639648438,249.8082733154297,18.031932830810547,382.6003723144531,92.9940948486328,95.44939422607422
2022-12-14,140.82000732421875,168.10000610351562,122.1692886352539,250.0999755859375,17.634817123413086,380.1541748046875,93.39128112792967,94.74632263183594
2022-12-15,134.22195434570312,165.35000610351562,119.13818359375,242.1172332763672,16.914417266845703,370.8549499511719,93.7556610107422,93.83854675292967
2022-12-16,132.26515197753906,166.7899932861328,118.39639282226562,237.9168243408203,16.534257888793945,366.4765625,92.70838928222656,93.1799545288086
2022-12-19,130.160888671875,166.32000732421875,119.10153198242188,233.79415893554688,16.21796417236328,363.3690185546875,91.15039825439452,93.5982437133789
2022-12-20,130.092041015625,169.0800018310547,119.67843627929688,235.10679626464844,16.049339294433594,363.86627197265625,89.53180694580078,94.95100402832033
2022-12-21,133.1894989013672,168.8000030517578,121.02458953857422,237.6640167236328,16.464414596557617,369.3069458007813,89.7568588256836,96.17027282714844
2022-12-22,130.02322387695312,166.75999450683594,119.65098571777344,231.5967712402344,15.304993629455566,364.0382995605469,89.73955535888672,94.23014831542967
2022-12-23,129.65939331054688,167.25999450683594,120.21873474121094,232.1218109130859,15.172287940979004,366.1324157714844,88.42393493652344,96.7220458984375
2022-12-27,127.85991668701172,168.6699981689453,120.63998413085938,230.40077209472656,14.089693069458008,364.6885681152344,86.67554473876953,98.06591796875
2022-12-28,123.9365234375,167.91000366210938,121.29932403564452,228.0380401611328,14.0048828125,360.15625,86.16487121582031,96.4550552368164
2022-12-29,127.44695281982422,168.85000610351562,121.99530029296876,234.33868408203125,14.570623397827148,366.63922119140625,87.14292907714844,97.1848373413086
2022-12-30,127.76160430908205,169.63999938964844,122.80116271972656,233.181640625,14.5816011428833,365.67333984375,86.17353057861328,98.1637954711914
2023-01-03,122.98271942138672,171.05999755859375,123.73519134521484,232.9482879638672,14.283263206481934,364.1339416503906,87.81805419921875,94.79082489013672
2023-01-04,124.2511978149414,172.6699981689453,124.88904571533205,222.75836181640625,14.716300964355469,366.9451904296875,89.02115631103516,95.06671142578124
2023-01-05,122.9335479736328,170.52000427246094,124.86138153076172,216.1562957763672,14.233373641967772,362.757080078125,89.39332580566406,97.1937255859375
2023-01-06,127.45677185058594,173.7100067138672,127.2506332397461,218.70376586914065,14.826057434082031,371.0758666992187,91.03784942626952,98.36848449707033
2023-01-09,127.97793579101562,174.10000610351562,126.72481536865234,220.83319091796875,15.59335231781006,370.8655090332031,91.5225830078125,96.53516387939452
2023-01-10,128.5482635498047,174.74000549316406,127.85948181152344,222.5152587890625,15.873727798461914,373.46624755859375,90.00788879394531,97.97692108154295
2023-01-11,131.26219177246094,174.6199951171875,128.80967712402344,229.24368286132812,15.96552562713623,378.1898498535156,91.47063446044922,99.11607360839844
2023-01-12,131.1835174560547,176.63999938964844,128.68052673339844,231.90785217285156,16.47439193725586,379.5668029785156,93.27098846435548,100.76252746582033
2023-01-13,132.510986328125,178.75999450683594,131.92776489257812,232.60792541503903,16.861539840698242,381.0393676757813,92.39678955078124,100.70022583007812
2023-01-17,133.67129516601562,177.58999633789062,129.88902282714844,233.69691467285156,17.662757873535156,380.3412780761719,91.79950714111328,100.5044174194336
2023-01-18,132.95350646972656,177.0800018310547,125.98680114746094,229.2826232910156,17.338476181030273,374.33642578125,94.02400207519533,98.43970489501952
2023-01-19,133.0124969482422,179.88999938964844,124.30782318115234,225.510009765625,16.727832794189453,371.611328125,93.43541717529295,99.07156372070312
2023-01-20,135.569091796875,179.2899932861328,124.6122817993164,233.570556640625,17.799453735351562,378.53411865234375,91.92072296142578,100.87822723388672
2023-01-23,138.75503540039062,179.6300048828125,126.63257598876952,235.86520385742188,19.15045166015625,383.0759887695313,91.48795318603516,100.3531265258789
2023-01-24,140.15130615234375,180.27999877929688,127.72115325927734,235.3401641845703,19.2222900390625,382.664794921875,92.8035888671875,101.28760528564452
2023-01-25,139.4924774169922,181.11000061035156,128.3391876220703,233.94976806640625,19.28015899658203,382.8082885742187,93.02860260009766,100.7536163330078
2023-01-26,141.55747985839844,179.47000122070312,129.13255310058594,241.1351623535156,19.75809669494629,387.0154113769531,92.59585571289062,104.80299377441406
2023-01-27,143.4945831298828,179.22000122070312,129.44622802734375,241.29074096679688,20.319847106933594,387.9046325683594,92.36217498779295,102.88956451416016
2023-01-30,140.61351013183594,178.75999450683594,128.348388671875,235.9916229248047,19.11952018737793,383.0376892089844,92.02455139160156,101.06511688232422
2023-01-31,141.88194274902344,179.41000366210938,129.11412048339844,240.9504547119141,19.49369239807129,388.6696472167969,92.7602996826172,103.24554443359376
2023-02-01,143.00291442871094,181.6699981689453,128.77279663085938,245.7536773681641,20.896570205688477,392.8003234863281,93.87537384033205,102.11527252197266
2023-02-02,148.30300903320312,177.89999389648438,128.17315673828125,257.2756652832031,21.660869598388672,398.518310546875,93.99686431884766,98.92028045654295
2023-02-03,151.9215545654297,173.4600067138672,130.1565399169922,251.19869995117188,21.05322265625,394.282470703125,92.59107208251952,99.60555267333984
2023-02-06,149.19778442382812,173.82000732421875,130.92222595214844,249.6623992919922,21.04224395751953,391.8728637695313,91.90557098388672,99.4364776611328
2023-02-07,152.06906127929688,173.97999572753906,132.51817321777344,260.1537170410156,22.123842239379883,396.9980163574219,91.16796112060548,102.27545928955078
2023-02-08,149.38458251953125,174.41000366210938,131.58642578125,259.3467102050781,22.15576934814453,392.6569213867187,91.60181427001952,101.385498046875
2023-02-09,148.35215759277344,173.02999877929688,129.5384521484375,256.3227844238281,22.287477493286133,389.2528991699219,90.73405456542967,101.7681884765625
2023-02-10,148.71652221679688,173.36000061035156,130.1103973388672,255.81719970703125,21.217851638793945,390.1612854003906,89.71875762939453,106.0578384399414
2023-02-13,151.51339721679688,172.47999572753906,131.52186584472656,263.8096618652344,21.73969459533691,394.7413635253906,90.47370910644533,105.64530181884766
2023-02-14,150.873291015625,172.61000061035156,132.10304260253906,264.6361999511719,22.920072555541992,394.5597534179687,90.26547241210938,104.4076919555664
2023-02-15,152.97093200683594,170.88999938964844,132.65652465820312,262.5209045410156,22.713529586791992,395.8410339355469,89.42373657226562,104.0937957763672
2023-02-16,151.37551879882812,170.75,130.82998657226562,255.5319366455078,21.95322036743164,390.3908081054687,88.15679168701172,103.78887939453124
2023-02-17,150.233154296875,171.25999450683594,131.21742248535156,251.5451812744141,21.3405818939209,389.4154357910156,88.8423080444336,99.79804229736328
2023-02-21,146.22496032714844,170.6199951171875,128.80967712402344,246.291259765625,20.609209060668945,381.60345458984375,87.11544036865234,99.69940185546876
2023-02-22,146.64842224121094,169.66000366210938,127.82259368896484,245.1605529785156,20.707984924316406,381.07757568359375,87.91378784179688,98.40797424316406
2023-02-23,147.1309814453125,169.57000732421875,128.84658813476562,248.33824157714844,23.61153793334961,383.1046752929687,88.77290344238281,99.31377410888672
2023-02-24,144.48182678222656,168.35000610351562,130.00892639160156,242.92835998535156,23.234375,379.01220703125,87.6187744140625,99.32272338867188
2023-02-27,145.67343139648438,169.00999450683594,131.1436309814453,243.8446350097656,23.448896408081055,380.3030395507813,87.86174774169922,99.1433563232422
2023-02-28,145.17120361328125,169.77999877929688,132.24143981933594,243.123291015625,23.164527893066406,378.8974609375,88.26090240478516,98.56939697265624
2023-03-01,143.1030731201172,170.75999450683594,131.50340270996094,240.05284118652344,22.647674560546875,377.4440307617187,87.31272888183594,99.4482879638672
2023-03-02,143.6939697265625,170.66000366210938,130.1381378173828,244.7706298828125,23.262311935424805,380.3795166015625,86.53845977783203,99.9056625366211
2023-03-03,148.73622131347656,172.49000549316406,132.5273895263672,248.8451232910156,23.8370361328125,386.47998046875,88.63500213623047,101.17018127441406
2023-03-06,151.4937286376953,171.6199951171875,131.75247192382812,250.38523864746097,23.501781463623047,386.7477111816406,87.94775390625,102.06700897216795
2023-03-07,149.2975616455078,168.6199951171875,127.87793731689452,247.73387145996097,23.240314483642575,380.8193664550781,88.48711395263672,100.09398651123048
2023-03-08,150.5482940673828,168.5399932861328,127.12150573730467,247.29525756835935,24.131486892700195,381.44091796875,88.5740737915039,98.63217163085938
2023-03-09,148.3029022216797,170.1999969482422,120.23958587646484,245.9501037597656,23.388015747070312,374.4033203125,88.79154205322266,97.869873046875
2023-03-10,146.24465942382812,173.8699951171875,123.29308319091795,242.31427001953125,22.91797637939453,369.0009460449219,91.8536148071289,96.6591796875
2023-03-13,148.18472290039062,177.86000061035156,121.0790557861328,247.5097198486328,22.918975830078125,368.4750061035156,92.06241607666016,95.54712677001952
2023-03-14,150.2725372314453,176.8300018310547,124.18791198730467,254.20623779296875,24.01372718811035,374.56591796875,90.54875946044922,95.90585327148438
2023-03-15,150.6664581298828,178.2100067138672,118.32077026367188,258.73895263671875,24.178390502929688,372.2232666015625,92.2973175048828,91.134765625
2023-03-16,153.48300170898438,178.57000732421875,120.6177978515625,269.22723388671875,25.488704681396484,378.75396728515625,91.5752410888672,90.60564422607422
2023-03-17,152.64590454101562,183.77000427246097,116.06063842773438,272.3757019042969,25.672325134277344,374.3253784179687,92.94970703125,89.5384292602539
2023-03-20,155.00949096679688,183.83999633789065,117.2875747680664,265.357421875,25.846969604492188,377.9247131347656,92.13198852539062,91.8791275024414
2023-03-21,156.86093139648438,180.3699951171875,120.43333435058594,266.8683166503906,26.145357131958008,382.8870544433594,91.3403778076172,95.99552917480467
2023-03-22,155.4329833984375,183.44000244140625,117.32447814941406,265.41595458984375,26.413803100585938,376.3601684570313,92.55825805664062,93.79833221435548
2023-03-23,156.51622009277344,185.7400054931641,117.01081085205078,270.6503601074219,27.13532829284668,377.3776245117187,92.55825805664062,92.74007415771484
2023-03-24,157.81619262695312,183.6499938964844,115.23038482666016,273.4869384765625,26.72416877746582,379.85400390625,92.94970703125,92.8477020263672
2023-03-27,155.8760986328125,181.9499969482422,118.53295135498048,269.4027099609375,26.4766788482666,380.5643615722656,90.7662582397461,94.88349151611328
2023-03-28,155.25567626953125,183.44000244140625,118.89273834228516,268.2817687988281,26.35592269897461,379.7100524902344,90.9315185546875,96.0672836303711
2023-03-29,158.3282928466797,182.52999877929688,119.13257598876952,273.42840576171875,26.928749084472656,385.22900390625,90.74886322021484,97.7174301147461
2023-03-30,159.89413452148438,184.17999267578125,118.77278900146484,276.8790283203125,27.326929092407227,387.4847106933594,91.16642761230467,98.19274139404295
2023-03-31,162.39553833007812,183.22000122070312,120.21192169189452,281.02178955078125,27.720121383666992,392.9460754394531,92.53217315673828,98.3451919555664
2023-04-03,163.64627075195312,184.5399932861328,120.07353973388672,279.9787902832031,27.907739639282227,394.4434509277344,92.9673309326172,104.14762878417967
2023-04-04,163.11448669433594,187.97999572753903,118.46836853027344,279.92999267578125,27.396785736083984,392.2550964355469,93.42957305908205,103.15216064453124
2023-04-05,161.2729034423828,187.8300018310547,118.64503479003906,277.16168212890625,26.82596015930176,391.2280578613281,94.40631866455078,104.91889190673828
2023-04-06,162.15921020507812,186.4900054931641,118.51486206054688,284.2384948730469,26.98163604736328,392.754150390625,94.65052795410156,103.1790542602539
2023-04-10,159.56915283203125,185.11000061035156,118.90534973144533,282.0842590332031,27.52252769470215,393.1572570800781,93.1243133544922,102.72167205810548
2023-04-11,158.3578338623047,186.27999877929688,119.49109649658205,275.68988037109375,27.11336898803711,393.2628479003906,93.31619262695312,103.44808959960938
2023-04-12,157.66847229003906,187.19000244140625,119.4725112915039,276.3332214355469,26.440750122070312,391.6599426269531,93.22026824951172,103.34049987792967
2023-04-13,163.0455322265625,189.72000122070312,119.92807006835938,282.5229187011719,26.408811569213867,396.8622131347656,92.4876708984375,103.82476806640624
2023-04-14,162.7008514404297,186.36000061035156,128.98382568359375,278.9163818359375,26.70320701599121,395.8928527832031,91.64175415039062,104.07588958740234
2023-04-17,162.72056579589844,185.52999877929688,130.00653076171875,281.5091247558594,26.94671058654785,397.31341552734375,90.55159759521484,102.86516571044922
2023-04-18,163.9417266845703,186.25,131.46621704101562,281.09002685546875,27.610349655151367,397.5724792480469,90.874267578125,104.8740463256836
2023-04-19,165.08412170410156,185.36000061035156,131.29888916015625,281.1679992675781,27.873807907104492,397.50537109375,90.7870635986328,104.54222869873048
2023-04-20,164.11898803710938,186.08999633789065,130.91769409179688,278.8870544433594,27.048500061035156,395.3360900878906,91.56322479248048,103.70817565917967
2023-04-21,162.5137481689453,184.25,130.66664123535156,278.5458984375,27.0634708404541,395.6432800292969,91.0487060546875,104.04000091552734
2023-04-24,162.81903076171875,184.80999755859375,130.8433074951172,274.6566162109375,26.986629486083984,396.0559387207031,91.92955017089844,106.00403594970705
2023-04-25,161.28274536132812,185.75,127.99827575683594,268.46697998046875,26.187267303466797,389.7690124511719,93.28130340576172,104.49736785888672
2023-04-26,161.2729034423828,184.7400054931641,125.7296905517578,287.9132385253906,26.900808334350582,388.1181335449219,92.287109375,103.5377960205078
2023-04-27,165.85227966308594,184.75,127.42182159423828,297.1344909667969,27.17025375366211,395.8448181152344,91.37137603759766,104.775390625
2023-04-28,167.10296630859375,184.8000030517578,128.5282440185547,299.5031433105469,27.692182540893555,399.2234497070313,92.84524536132812,106.1295928955078
2023-05-01,167.0143280029297,183.97000122070312,131.28030395507812,297.84600830078125,28.850805282592773,398.8203125,90.16809844970705,102.8382568359375
2023-05-02,165.9803009033203,187.52000427246097,129.1604766845703,297.6998291015625,28.152238845825195,394.3378601074219,92.41507720947266,98.73979949951172
2023-05-03,164.90682983398438,189.11000061035156,126.427001953125,296.71539306640625,27.745073318481445,391.6311645507813,92.93093872070312,96.793701171875
2023-05-04,163.2720489501953,190.44000244140625,124.69764709472656,297.6998291015625,27.505565643310547,388.8572387695313,92.0129165649414,95.09872436523438
2023-05-05,170.9339141845703,187.4600067138672,127.13362121582033,302.8074951171875,28.621274948120117,396.0559387207031,91.7068862915039,97.46631622314452
2023-05-08,170.86495971679688,187.69000244140625,127.44044494628906,300.8580322265625,29.091306686401367,396.1615295410156,90.4216537475586,97.8519515991211
2023-05-09,169.16123962402344,189.02000427246097,126.82679748535156,299.24969482421875,28.512496948242188,394.4242858886719,90.0981674194336,97.87884521484376
2023-05-10,170.92404174804688,188.75,126.8918685913086,304.4256591796875,28.825855255126953,396.26708984375,90.97247314453124,96.6233139038086
2023-05-11,171.11117553710938,187.1300048828125,126.4920883178711,302.28118896484375,28.51948356628418,395.5760498046875,91.93423461914062,94.87451171875
2023-05-12,170.1841583251953,186.80999755859375,124.67908477783205,301.1698913574219,28.281970977783203,395.0577697753906,91.16481018066406,94.86554718017578
2023-05-15,169.6910858154297,187.2100067138672,125.7296905517578,301.64764404296875,28.89371681213379,396.4207153320313,90.22057342529295,95.04645538330078
2023-05-16,169.6910858154297,184.8699951171875,124.88362121582033,303.8699951171875,29.15318298339844,393.77154541015625,89.94951629638672,92.7397232055664
2023-05-17,170.30247497558594,184.22999572753903,128.72352600097656,306.7420654296875,30.116207122802734,398.551513671875,89.68724822998047,94.82030487060548
2023-05-18,172.62985229492188,181.83999633789065,129.69973754882812,311.1576232910156,31.61313819885254,402.390869140625,89.02274322509766,95.67967224121094
2023-05-19,172.7383575439453,183.63999938964844,129.40220642089844,310.98175048828125,31.199987411499023,401.8053588867187,88.39324188232422,96.1229476928711
2023-05-22,171.7916259765625,183.2100067138672,128.33299255371094,313.7560729980469,31.112165451049805,401.9685363769531,88.07850646972656,94.95600128173828
2023-05-23,169.1881103515625,183.42999267578125,126.99414825439452,307.9729309082031,30.625164031982425,397.4573364257813,88.33203887939453,96.24958038330078
2023-05-24,169.4642333984375,181.9499969482422,125.83197784423828,306.5955505371094,30.4754695892334,394.5777587890625,87.8948745727539,97.32605743408205
2023-05-25,170.59835815429688,180.1999969482422,126.1388168334961,318.38653564453125,37.90223693847656,397.9948425292969,87.67630004882812,95.58019256591795
2023-05-26,173.00460815429688,180.9199981689453,127.3195571899414,325.1954345703125,38.866249084472656,403.1491394042969,88.38450622558594,94.95600128173828
2023-05-30,174.8487548828125,182.0399932861328,127.80304718017578,323.55426025390625,40.028865814208984,403.3027038574219,89.26754760742188,94.11470794677734
2023-05-31,174.79946899414062,182.32000732421875,126.17595672607422,320.7994689941406,37.75652694702149,401.06634521484375,90.0456771850586,92.43215942382812
2023-06-01,177.60018920898438,183.7599945068359,127.91458892822266,324.892578125,39.68857192993164,404.8768005371094,90.39900207519533,93.49959564208984
2023-06-02,178.4482879638672,181.0500030517578,130.60159301757812,327.64739990234375,39.24647521972656,410.73187255859375,89.40837097167969,95.67063903808594
2023-06-05,177.0972442626953,182.13999938964844,129.31851196289062,328.1749267578125,39.090789794921875,409.9447937011719,89.2418441772461,95.24547576904295
2023-06-06,176.7323455810547,182.33999633789065,129.5509796142578,325.9671936035156,38.574859619140625,410.83734130859375,89.76780700683594,96.02342987060548
2023-06-07,175.36160278320312,180.1499938964844,130.80613708496094,315.90533447265625,37.40213394165039,409.4168090820313,88.43533325195312,98.17638397216795
2023-06-08,178.07354736328125,182.52999877929688,130.8433074951172,317.7417907714844,38.43512344360352,411.8931884765625,89.4697265625,97.86881256103516
2023-06-09,178.45819091796875,182.0399932861328,131.10362243652344,319.2364196777344,38.694618225097656,412.63226318359375,89.3470230102539,97.1451416015625
2023-06-12,181.2490234375,181.8800048828125,131.09432983398438,324.1794128417969,39.40523147583008,416.3757019042969,89.6100082397461,96.26766204833984
2023-06-13,180.7756500244141,180.5399932861328,132.04269409179688,326.5631103515625,40.942237854003906,419.1207275390625,88.72457885742188,96.28575897216795
2023-06-14,181.40684509277344,180.63999938964844,131.54994201660156,329.5426025390625,42.91340255737305,419.6198425292969,89.43470001220703,95.12787628173828
2023-06-15,183.43833923339844,181.91000366210935,133.03750610351562,340.05389404296875,42.570072174072266,424.8222351074219,90.29378509521484,95.78823852539062
2023-06-16,182.36338806152344,181.6300048828125,133.19557189941406,334.4172058105469,42.60899353027344,423.3751525878906,89.94313049316406,95.10073852539062
2023-06-20,182.45216369628903,179.75,132.516845703125,330.2361755371094,43.72282791137695,421.1785583496094,90.56553649902344,92.92064666748048
2023-06-21,181.41671752929688,179.49000549316406,132.3215789794922,325.8499755859375,42.961307525634766,419.02056884765625,90.78469848632812,93.9609375
2023-06-22,184.4146423339844,177.7100067138672,129.7740936279297,331.8577575683594,42.941349029541016,420.5331726074219,89.68891906738281,93.4453125
2023-06-23,184.0990753173828,178.1999969482422,129.0953826904297,327.27618408203125,42.126930236816406,417.3538818359375,90.58308410644533,92.63117218017578
2023-06-26,182.7085723876953,178.50999450683594,129.41151428222656,321.00457763671875,40.553001403808594,415.6487121582031,90.67951202392578,94.34085845947266
2023-06-27,185.45999145507812,177.69000244140625,129.4208221435547,326.8365783691406,41.79458236694336,420.2055969238281,90.44281005859376,94.57606506347656
2023-06-28,186.63357543945312,177.27999877929688,128.85365295410156,328.0870666503906,41.03705596923828,420.41754150390625,90.82855224609376,95.3449935913086
2023-06-29,186.9688262939453,177.08999633789062,133.3535919189453,327.3054504394531,40.74262619018555,422.0745239257813,89.18920135498047,96.5209503173828
2023-06-30,191.28826904296875,178.27000427246094,135.22242736816406,332.66864013671875,42.21975326538086,427.0553283691406,90.2412109375,97.01848602294922
2023-07-03,189.79916381835935,178.47000122070312,136.31021118164062,330.17755126953125,42.330535888671875,427.5467224121094,89.7296142578125,97.20845794677734
2023-07-05,188.68478393554688,177.83999633789062,135.4021759033203,330.3338317871094,42.2347297668457,426.9107971191406,88.87696075439453,96.71092224121094
2023-07-06,189.15817260742188,177.30999755859375,134.06350708007812,333.3816833496094,42.02114486694336,423.56787109375,87.61998748779297,93.10155487060548
2023-07-07,188.0437774658203,178.63999938964844,135.12130737304688,329.42535400390625,42.42036056518555,422.4984436035156,87.09255981445312,93.31867218017578
2023-07-10,186.0023956298828,178.77999877929688,135.8795928955078,324.1598815917969,42.09798812866211,423.56787109375,87.20684051513672,94.70271301269533
2023-07-11,185.4797210693359,179.4499969482422,138.00460815429688,324.7851257324219,42.32254409790039,426.2653503417969,87.65514373779297,95.86058807373048
2023-07-12,187.14634704589844,181.8800048828125,138.68800354003906,329.4057922363281,43.81663131713867,429.6950378417969,88.6308364868164,96.33099365234376
2023-07-13,187.9056854248047,182.0099945068359,139.36199951171875,334.7396240234375,45.88761138916016,433.1054992675781,89.5625991821289,94.5670394897461
2023-07-14,188.0536193847656,181.42999267578125,140.20452880859375,337.25994873046875,45.38059616088867,432.835693359375,89.03515625,91.3104476928711
2023-07-17,191.3080139160156,181.55999755859375,143.583984375,337.7386779785156,46.370662689208984,434.338623046875,89.0791244506836,91.70848083496094
2023-07-18,191.0516357421875,183.63999938964844,143.84608459472656,351.1805725097656,47.40165710449219,437.5660095214844,89.48347473144531,91.2923583984375
2023-07-19,192.40269470214844,183.6699981689453,144.3983917236328,346.8725280761719,46.9854621887207,438.5390625,90.49435424804688,91.9255828857422
2023-07-20,190.45989990234375,182.7400054931641,146.1770477294922,338.8522644042969,45.431495666503906,435.6295776367187,89.39558410644531,93.5448226928711
2023-07-21,189.286376953125,182.17999267578125,145.0537109375,335.8239440917969,44.22284698486328,435.6295776367187,89.42194366455078,93.97904205322266
2023-07-24,190.0851593017578,181.3999938964844,147.90890502929688,337.13299560546875,44.5252571105957,437.57568359375,89.09671020507812,95.45352172851562
2023-07-25,190.9430999755859,182.41000366210935,146.8042755126953,342.8673400878906,45.59018325805664,438.770263671875,88.9296875,95.5982666015625
2023-07-26,191.81097412109375,183.3000030517578,147.68423461914062,329.962646484375,45.36362838745117,438.8377380371094,89.01761627197266,95.06452941894533
2023-07-27,190.5486602783203,180.4199981689453,146.0553436279297,323.0755920410156,45.810760498046875,435.92822265625,87.28595733642578,95.3630599975586
2023-07-28,193.12258911132812,181.86000061035156,146.88851928710938,330.5487976074219,46.65910339355469,440.1961364746094,87.73426818847656,94.22328186035156
2023-07-31,193.73399353027344,182.3500061035156,147.8714599609375,328.1553649902344,46.638145446777344,441.0342712402344,87.9452133178711,97.00944519042967
2023-08-01,192.90560913085935,180.4600067138672,147.14126586914062,328.5656433105469,46.41656875610352,439.7721862792969,86.5040512084961,96.44860076904295
2023-08-02,189.91751098632812,179.60000610351562,145.4749298095703,319.9300231933594,44.18292617797851,433.6545715332031,85.57855987548828,95.24547576904295
2023-08-03,188.52700805664065,179.5399932861328,146.36428833007812,319.10943603515625,44.42844772338867,432.4118347167969,83.60411834716797,96.90089416503906
2023-08-04,179.47393798828125,180.19000244140625,146.0553436279297,320.20355224609375,44.5931282043457,430.45611572265625,85.08494567871094,97.17227935791016
2023-08-07,176.37734985351562,179.77999877929688,146.74807739257812,322.4796447753906,45.32869720458984,434.2134094238281,84.2475814819336,96.97325897216795
2023-08-08,177.31417846679688,178.63999938964844,145.92431640625,318.51348876953125,44.5771598815918,432.3251037597656,85.22598266601562,97.45269012451172
2023-08-09,175.7264404296875,177.7899932861328,143.96780395507812,314.78179931640625,42.47126007080078,429.4348754882813,85.66668701171875,99.10812377929688
2023-08-10,175.50950622558594,177.60000610351562,143.75245666503906,315.4656982421875,42.30558013916016,429.5890502929687,84.25637817382812,99.61468505859376
2023-08-11,175.56875610351562,177.60000610351562,144.58563232421875,313.5900573730469,40.77556228637695,429.3385620117187,84.06248474121094,101.16156005859376
2023-08-14,177.2178955078125,177.05999755859375,144.88519287109375,316.54998779296875,43.66793441772461,431.7085266113281,83.87738037109375,101.24297332763672
2023-08-15,175.23297119140625,176.58999633789062,141.1968231201172,314.4203186035156,43.85456466674805,426.67962646484375,83.36615753173828,98.64373016357422
2023-08-16,174.364013671875,175.57000732421875,140.59771728515625,313.6567687988281,43.40144729614258,423.548583984375,82.71388244628906,96.98385620117188
2023-08-17,171.8260955810547,175.3000030517578,139.1373291015625,310.2109069824219,43.259727478027344,420.3211669921875,82.36131286621094,98.86262512207033
2023-08-18,172.3100128173828,175.3300018310547,139.45562744140625,309.8193664550781,43.214813232421875,420.52349853515625,82.65220642089844,100.35832214355467
2023-08-21,173.64309692382812,175.80999755859375,139.93304443359375,315.10565185546875,46.87567901611328,423.2595520019531,81.55038452148438,99.14533996582033
2023-08-22,175.01576232910156,176.10000610351562,137.03102111816406,315.6734619140625,45.57920455932617,422.113037109375,82.17621612548828,98.5890121459961
2023-08-23,178.8571319580078,177.88999938964844,137.9578094482422,320.117919921875,47.02439880371094,426.81451416015625,84.21234130859375,97.72260284423828
2023-08-24,174.17636108398438,177.85000610351562,137.82675170898438,313.23583984375,47.07129669189453,420.8992309570313,83.65702056884766,96.99297332763672
2023-08-25,176.37850952148438,177.6199951171875,137.65826416015625,316.18255615234375,45.92853164672851,423.8664855957031,83.93025970458984,98.72582244873048
2023-08-28,177.93878173828125,178.1300048828125,138.13565063476562,316.8873596191406,46.74393844604492,426.5543823242187,84.01840209960938,99.55574798583984
2023-08-29,181.81967163085935,179.8699951171875,139.25901794433594,321.498291015625,48.68914031982422,432.72015380859375,84.89104461669922,100.14854431152344
2023-08-30,185.30555725097656,180.32000732421875,138.69737243652344,321.8702087402344,49.168212890625,434.5024108886719,84.80288696289062,101.12439727783205
2023-08-31,185.52279663085935,180.02000427246094,136.98423767089844,320.8619079589844,49.25904083251953,433.8665771484375,85.18192291259766,101.40713500976562
2023-09-01,187.0929412841797,180.11000061035156,137.4429473876953,321.742919921875,48.414676666259766,434.67584228515625,83.85490417480469,103.53214263916016
2023-09-05,187.3299560546875,178.63999938964844,135.92637634277344,326.530029296875,48.45360565185547,432.7971801757813,82.67909240722656,103.54124450683594
2023-09-06,180.6247711181641,177.8300018310547,135.70175170898438,325.8741455078125,46.97336959838867,429.8877868652344,82.88243103027344,104.43504333496094
2023-09-07,175.3416290283203,178.02000427246094,134.5409393310547,322.9666442871094,46.154903411865234,428.56787109375,83.11228942871094,103.92430877685548
2023-09-08,175.95388793945312,178.0800018310547,134.6439208984375,327.2348937988281,45.48714828491211,429.2132873535156,83.43054962158203,105.4382553100586
2023-09-11,177.119140625,178.41000366210938,135.23365783691406,330.8276672363281,45.0938720703125,432.0361328125,82.82939147949219,104.11583709716795
2023-09-12,174.09735107421875,177.49000549316406,136.9936065673828,324.7874755859375,44.78644943237305,429.6661987304687,83.30677032470703,107.15283966064452
2023-09-13,172.0334930419922,177.0800018310547,137.05914306640625,328.9872131347656,45.40030670166016,430.1671142578125,83.2890853881836,106.19522857666016
2023-09-14,173.5443572998047,177.1699981689453,139.71774291992188,331.5716552734375,45.49612808227539,433.8761596679687,82.68791961669922,108.09221649169922
2023-09-15,172.82345581054688,178.33999633789062,139.3058624267578,323.2701721191406,43.8182487487793,428.6487121582031,82.18399047851562,106.4323501586914
2023-09-18,175.74649047851562,179.38999938964844,139.5960235595703,322.1345520019531,43.88412857055664,428.9000854492187,82.65254974365234,107.28964233398438
2023-09-19,176.832763671875,179.22000122070312,139.4181671142578,321.7331848144531,43.43896484375,428.0105895996094,82.04254913330078,107.00692749023438
2023-09-20,173.2974853515625,179.35000610351562,138.8284149169922,314.0190734863281,42.16034698486328,424.07574462890625,82.29893493652344,106.15874481201172
2023-09-21,171.7569580078125,178.0500030517578,137.7425079345703,312.8051452636719,40.940616607666016,417.0665588378906,80.18596649169922,104.6630401611328
2023-09-22,172.60623168945312,178.6199951171875,136.42254638671875,310.33819580078125,41.53252029418945,416.1287231445313,80.83135223388672,104.82720184326172
2023-09-25,173.88011169433594,177.6999969482422,137.09657287597656,310.85699462890625,42.14337921142578,417.8786010742187,78.84217071533203,106.0037078857422
2023-09-26,169.81158447265625,176.27999877929688,135.67367553710938,305.5706481933594,41.83295822143555,411.7394409179687,78.568115234375,106.1678695678711
2023-09-27,168.3007049560547,174.10000610351562,136.46934509277344,306.20697021484375,42.388919830322266,411.9037780761719,78.16144561767578,109.62440490722656
2023-09-28,168.5574493408203,173.22999572753906,138.1637725830078,307.03912353515625,43.00876235961914,414.291748046875,78.4001235961914,108.95863342285156
2023-09-29,169.0709686279297,171.4499969482422,135.7578887939453,309.1046447753906,43.417999267578125,413.2862854003906,78.40898895263672,107.23492431640624
2023-10-02,171.5792236328125,169.64999389648438,134.58773803710938,315.0273132324219,44.698612213134766,413.1219787597656,77.09640502929688,105.45648956298828
2023-10-03,170.24607849121094,169.16000366210938,133.59544372558594,306.7943420410156,43.43596649169922,407.5918884277344,75.43792724609375,105.6388931274414
2023-10-04,171.49034118652344,169.13999938964844,134.19456481933594,312.2471008300781,43.95899200439453,410.55999755859375,76.50218963623047,101.68986511230467
2023-10-05,172.7247314453125,168.8300018310547,134.76034545898438,312.638671875,44.60478591918945,410.4052734375,76.120849609375,99.40071105957033
2023-10-06,175.2725067138672,169.6999969482422,136.83505249023438,320.3724670410156,45.67679214477539,415.2779235839844,75.19847869873047,97.74083709716795
2023-10-09,176.75376892089844,172.82000732421875,136.52386474609375,322.8785400390625,45.18869400024414,417.9366149902344,76.96336364746094,101.16090393066406
2023-10-10,176.16127014160156,172.52999877929688,137.35372924804688,321.4786682128906,45.71272277832031,420.1119689941406,76.85694122314453,100.73223114013672
2023-10-11,177.55364990234375,173.7899932861328,137.8252716064453,325.4238586425781,46.71883773803711,421.8327941894531,78.46218872070312,97.1206512451172
2023-10-12,178.45228576660156,173.25999450683594,137.50460815429688,324.1903991699219,46.85758209228515,419.2611083984375,76.33368682861328,97.10240936279295
2023-10-13,176.61553955078125,178.8300018310547,139.5698699951172,320.83251953125,45.376346588134766,417.1728515625,77.69947814941406,100.20328521728516
2023-10-16,176.4871368408203,177.9600067138672,139.42843627929688,325.6392517089844,46.0091667175293,421.5621032714844,76.448974609375,100.2762451171875
2023-10-17,174.93673706054688,178.2899932861328,139.12664794921875,325.0714111328125,43.85618209838867,421.5427551269531,75.6064453125,101.58953857421876
2023-10-18,173.64309692382812,180.8699951171875,137.59893798828125,323.16241455078125,42.11742401123047,415.9256591796875,74.9412841796875,103.01228332519533
2023-10-19,173.26788330078125,183.08999633789065,137.01425170898438,324.3470153808594,42.022613525390625,412.2711486816406,73.40697479248047,103.07611846923828
2023-10-20,170.7200927734375,183.58999633789065,134.80751037597656,319.79486083984375,41.3099365234375,407.2051696777344,73.82382202148438,101.30682373046876
2023-10-23,170.83859252929688,182.97000122070312,132.96859741210938,322.38909912109375,42.89497375488281,406.4993591308594,74.71070098876953,99.82022857666016
2023-10-24,171.2731170654297,182.9499969482422,133.12893676757812,323.5736083984375,43.581695556640625,409.5641784667969,75.69512176513672,98.85347747802734
2023-10-25,168.9623260498047,183.72000122070312,132.40277099609375,333.5002136230469,41.701202392578125,403.68597412109375,74.01007080078125,99.035888671875
2023-10-26,164.80494689941406,184.0099945068359,132.74227905273438,320.98919677734375,40.25091171264648,398.85205078125,75.14525604248047,98.13300323486328
2023-10-27,166.1183319091797,186.1499938964844,127.9610595703125,322.86871337890625,40.424583435058594,397.0440979003906,74.82598876953125,96.26335906982422
2023-10-30,168.16246032714844,185.1000061035156,129.59251403808594,330.2109375,41.08435821533203,401.79107666015625,74.48896026611328,96.5643310546875
2023-10-31,168.63644409179688,184.08999633789065,131.1391143798828,330.99407958984375,40.70405578613281,404.314453125,74.12535858154297,96.53697967529295
2023-11-01,171.7964630126953,183.5099945068359,131.0259246826172,338.7865905761719,42.24619674682617,408.6263732910156,75.73255920410156,96.3454360961914
2023-11-02,175.35150146484375,184.1199951171875,133.3647003173828,340.9891357421875,43.42498397827149,416.4573974609375,77.45901489257812,99.5101547241211
2023-11-03,174.44297790527344,184.7899932861328,134.85470581054688,345.3748474121094,44.921199798583984,420.2569580078125,77.98404693603516,98.29715728759766
2023-11-06,176.99073791503906,183.3500061035156,135.87315368652344,349.0263977050781,45.66580581665039,421.2236328125,77.2276382446289,96.55520629882812
2023-11-07,179.54840087890625,182.58999633789065,135.80715942382812,352.9422607421875,45.86943054199219,422.4225463867187,78.36673736572266,95.041259765625
2023-11-08,180.60504150390625,180.77000427246097,136.47671508789062,355.5560607910156,46.48727035522461,422.73193359375,79.70159912109375,93.8738784790039
2023-11-09,180.1310272216797,181.4900054931641,136.0712127685547,353.0988464355469,46.86257553100586,419.4351501464844,77.86834716796875,93.9012451171875
2023-11-10,184.31369018554688,179.50999450683594,138.08929443359375,361.8898620605469,48.2449951171875,425.9803466796875,78.30442810058594,94.62173461914062
2023-11-13,182.73159790039065,180.5099945068359,137.47633361816406,358.96282958984375,48.52946472167969,425.5743408203125,78.12646484375,95.6158218383789
2023-11-14,185.34207153320312,182.1199951171875,139.98483276367188,362.4772033691406,49.56352615356445,433.8307800292969,79.89741516113281,95.98396301269533
2023-11-15,185.90565490722656,181.63999938964844,141.21080017089844,362.6244201660156,48.796974182128906,434.7491760253906,78.77606201171875,95.40414428710938
2023-11-16,187.5866546630859,183.69000244140625,142.8233642578125,369.00048828125,49.38786315917969,435.2809753417969,79.7550277709961,94.29973602294922
2023-11-17,187.5668487548828,183.6699981689453,144.11532592773438,362.8009948730469,49.206207275390625,435.8222961425781,80.12879943847656,96.60061645507812
2023-11-20,189.30715942382812,183.3699951171875,144.55853271484375,370.2462768554687,50.31513595581055,439.1771240234375,80.61822509765625,96.17725372314452
2023-11-21,188.5062255859375,185.3500061035156,144.2567901611328,365.9595947265625,49.85099792480469,438.2200317382813,80.58263397216797,96.14044189453124
2023-11-22,189.1687164306641,184.55999755859375,144.5962677001953,370.6484375,48.625282287597656,439.9118957519531,80.86741638183594,95.72628021240234
2023-11-24,187.84373474121097,185.52000427246097,144.79432678222656,370.2365112304687,47.687042236328125,440.1826171875,79.91520690917969,96.2416763305664
2023-11-27,187.66574096679688,186.77000427246097,144.46426391601562,371.39398193359375,48.15217208862305,439.389892578125,81.25008392333984,95.68025970458984
2023-11-28,188.2689208984375,189.2599945068359,144.79432678222656,375.4060363769531,47.73195266723633,439.8248596191406,81.41027069091797,95.62503814697266
2023-11-29,187.2504425048828,189.5399932861328,145.5299072265625,371.62939453125,48.05036163330078,439.5154724121094,82.43367767333984,94.18929290771484
2023-11-30,187.8239288330078,188.75,147.1896514892578,371.6883239746094,46.68291091918945,441.24609375,81.48146057128906,94.55741119384766
2023-12-01,189.09950256347656,192.0099945068359,147.90635681152344,367.3721008300781,46.67791748046875,443.8564758300781,83.01611328125,94.78752136230467
2023-12-04,187.3097686767578,187.86000061035156,148.9908447265625,362.1044616699219,45.42525100708008,441.5264892578125,82.68579864501953,94.2721176147461
2023-12-05,191.25509643554688,187.1499938964844,148.97201538085938,365.4200744628906,46.48337936401367,441.4394226074219,84.46232604980469,92.44061279296876
2023-12-06,190.16744995117188,187.83999633789065,147.40652465820312,361.7709655761719,45.42226028442383,439.6605224609375,85.58718872070312,91.2165298461914
2023-12-07,192.09559631347656,188.1499938964844,147.85922241210938,363.8800354003906,46.51332092285156,443.0153198242187,85.09616088867188,90.58148193359376
2023-12-08,193.5194854736328,185.63999938964844,149.49066162109375,367.0974426269531,47.42170715332031,444.9199523925781,84.39982604980469,91.62149810791016
2023-12-11,191.0178070068359,183.58999633789065,150.03762817382812,364.2232666015625,46.54426956176758,446.65045166015625,84.2212905883789,91.6859130859375
2023-12-12,192.5306854248047,183.4900054931641,151.37677001953125,367.2445983886719,47.57244491577149,448.69049072265625,84.47125244140625,90.24095153808594
2023-12-13,195.7443084716797,187.6300048828125,151.885986328125,367.23480224609375,48.0026741027832,454.8778991699219,86.45316314697266,91.04166412353516
2023-12-14,195.89260864257812,188.72999572753903,154.64910888671875,358.9556579589844,48.26420974731445,456.3377380371094,88.70205688476562,93.48981475830078
2023-12-15,195.35867309570312,187.0,155.8184356689453,363.6642150878906,48.80325698852539,455.5864562988281,88.80057525634766,92.8639678955078
2023-12-18,193.6974639892578,187.8500061035156,156.76150512695312,365.5475769042969,49.9881477355957,458.1490783691406,88.09300994873047,93.5542449951172
2023-12-19,194.73570251464844,189.1300048828125,158.85504150390625,366.14599609375,49.5159797668457,460.93511962890625,88.5677261352539,94.78752136230467
2023-12-20,192.64935302734375,188.1000061035156,157.0632781982422,363.55621337890625,48.025634765625,454.54779052734375,89.16776275634766,93.20449829101562
2023-12-21,192.50099182128903,189.42999267578125,157.9591522216797,366.420654296875,48.903072357177734,458.8577575683594,88.60353088378906,93.62787628173828
2023-12-22,191.43309020996097,190.27000427246097,157.86485290527344,367.4407348632813,48.74335479736328,459.7799072265625,88.20053100585938,93.79353332519533
2023-12-26,190.8892517089844,191.72000122070312,158.7984619140625,367.5192260742187,49.191558837890625,461.7213745117187,88.4512710571289,94.00521850585938
2023-12-27,190.98814392089844,192.58999633789065,159.75094604492188,366.9405212402344,49.32931900024414,462.55621337890625,90.01860046386719,93.5634536743164
2023-12-28,191.413330078125,191.47000122070312,160.59970092773438,368.12744140625,49.43413162231445,462.7309265136719,89.36480712890625,92.21051788330078
2023-12-29,190.37506103515625,191.1699981689453,160.41107177734375,368.87298583984375,49.43413162231445,461.3912963867187,88.55874633789062,92.01725006103516
2024-01-02,183.56219482421875,190.72000122070312,162.27830505371094,363.801513671875,48.0825309753418,458.8092346191406,88.0482406616211,94.20769500732422
2024-01-03,182.1877288818359,189.1300048828125,161.5709991455078,363.5367126464844,47.484596252441406,455.062255859375,88.41544342041016,94.99919128417967
2024-01-04,179.8739471435547,189.32000732421875,162.64321899414062,360.92730712890625,47.912837982177734,453.596435546875,87.07202911376953,94.17086029052734
2024-01-05,179.15208435058594,189.3500061035156,163.45924377441406,360.7410278320313,49.009891510009766,454.21771240234375,86.23909759521484,94.45619201660156
2024-01-08,183.4830780029297,187.8699951171875,163.2220001220703,367.5486450195313,52.160282135009766,460.7021179199219,87.08993530273438,92.8823699951172
2024-01-09,183.0677947998047,187.92999267578125,161.9315643310547,368.6277770996094,53.045711517333984,460.0032043457031,86.53466033935547,91.73193359375
2024-01-10,184.10601806640625,187.5,162.27317810058594,375.4746398925781,54.253562927246094,462.6047058105469,86.13162231445312,90.82998657226562
2024-01-11,183.5127410888672,187.8699951171875,161.58999633789062,377.29925537109375,54.724727630615234,462.40087890625,86.6152572631836,90.81157684326172
2024-01-12,183.83905029296875,189.7100067138672,160.4039306640625,381.0660705566406,54.6129264831543,462.7212219238281,86.445068359375,91.9896240234375
2024-01-16,181.57469177246097,187.91000366210935,159.3981475830078,382.8317565917969,56.28195571899414,461.0224304199219,84.92256164550781,89.90962219238281
2024-01-17,180.63531494140625,185.83999633789065,158.54415893554688,382.0469970703125,55.95354461669922,458.4598388671875,84.7881851196289,89.25617218017578
2024-01-18,186.5187225341797,187.3699951171875,158.85726928710938,386.36322021484375,57.00567626953125,462.5367431640625,84.00006103515625,89.09051513671875
2024-01-19,189.4159240722656,187.92999267578125,161.59947204589844,391.0716552734375,59.38544845581055,468.3028259277344,84.26873779296875,89.22856140136719
2024-01-22,191.7198181152344,187.22000122070312,161.4097137451172,388.9528198242187,59.54815673828125,469.29296875,84.77029418945312,89.10892486572266
2024-01-23,192.99539184570312,187.9499969482422,160.34698486328125,391.29730224609375,59.76676940917969,470.6616516113281,84.09856414794922,90.1121063232422
2024-01-24,192.3230438232422,186.3999938964844,161.77975463867188,394.8875122070313,61.25312805175781,471.1761474609375,83.60596466064453,91.6675033569336
2024-01-25,191.99671936035156,187.13999938964844,164.094970703125,397.1535034179687,61.50767135620117,473.7388610839844,84.1523208618164,93.99600219726562
2024-01-26,190.26629638671875,187.0099945068359,163.46871948242188,396.2314147949219,60.92271423339844,473.1369934082031,83.9910888671875,94.79672241210938
2024-01-29,189.58401489257812,188.3300018310547,163.8957061767578,401.9110412597656,62.35416793823242,476.8839416503906,84.95835876464844,94.9163589477539
2024-01-30,185.9353179931641,188.58999633789065,167.25466918945312,400.8025512695313,62.662620544433594,476.5150146484375,85.72860717773438,96.49937438964844
2024-01-31,182.3360595703125,188.4499969482422,165.44232177734375,390.00244140625,61.41783905029297,468.7396240234375,86.57049560546875,94.62184143066406
2024-02-01,184.76852416992188,190.41000366210935,164.8445587158203,396.0842590332031,62.91516876220703,474.8746032714844,88.26864624023438,94.23529052734376
2024-02-02,183.7698516845703,188.61000061035156,165.79342651367188,403.3824462890625,66.04261779785156,479.873779296875,86.31889343261719,93.8487548828125
2024-02-05,185.579345703125,187.57000732421875,165.57518005371094,397.9186401367187,69.20897674560547,478.12646484375,84.57579040527344,93.46221160888672
2024-02-06,187.1812286376953,188.5500030517578,166.14450073242188,397.7616271972656,68.1019515991211,479.5146179199219,85.40243530273438,94.10645294189452
2024-02-07,187.2899932861328,188.5,166.45761108398438,406.1585388183594,69.97462463378906,483.5139465332031,84.9891357421875,94.07884216308594
2024-02-08,186.2122039794922,188.3300018310547,165.85986328125,406.21734619140625,69.51744079589844,483.7274475097656,84.49494171142578,95.68946838378906
2024-02-09,186.97454833984375,187.6000061035156,166.05909729003906,412.53460693359375,72.00501251220703,486.5231628417969,84.32421875,93.66468048095705
2024-02-12,185.29144287109375,187.11000061035156,166.7991943359375,407.3454895019531,72.11980438232422,486.3096008300781,84.42306518554688,94.95317840576172
2024-02-13,183.2023773193359,184.52999877929688,165.34744262695312,398.575927734375,72.00000762939453,479.6116333007813,82.97650146484375,94.13573455810548
2024-02-14,182.3212127685547,184.4199981689453,167.0269317626953,402.4282531738281,73.76887512207031,483.97015380859375,83.39876556396484,93.67127227783205
2024-02-15,182.0341033935547,185.66000366210935,170.67051696777344,399.5487976074219,72.52908325195312,487.3094787597656,83.83006286621094,96.3558349609375
2024-02-16,180.49951171875,186.33999633789065,169.87350463867188,397.0919189453125,72.4841537475586,484.8826599121094,83.34488677978516,96.3558349609375
2024-02-20,179.75692749023438,187.47000122070312,170.5376739501953,395.8437805175781,69.32878875732422,482.2131652832031,83.41675567626953,95.44550323486328
2024-02-21,180.5093994140625,187.47999572753903,171.64784240722656,395.244384765625,67.35227966308594,482.6500549316406,82.82373046875,97.39620971679688
2024-02-22,182.5390167236328,187.55999755859375,173.70689392089844,404.551025390625,78.39865112304688,492.6386413574219,83.22805786132812,97.31260681152344
2024-02-23,180.70741271972656,188.6199951171875,174.57981872558594,403.2636413574219,78.67715454101562,492.97845458984375,84.34219360351562,96.4580078125
2024-02-26,179.3609161376953,188.1999969482422,173.98202514648438,400.5119323730469,78.95167541503906,491.17291259765625,84.09062194824219,96.8388671875
2024-02-27,180.8163146972656,188.0,174.06741333007812,400.4529418945313,78.56136322021484,492.08538818359375,83.49761199951172,96.6344985961914
2024-02-28,179.6183319091797,188.33999633789065,174.9498748779297,400.688720703125,77.52519989013672,491.43499755859375,84.02771759033203,96.90390014648438
2024-02-29,178.9549560546875,189.30999755859375,176.54393005371094,406.5067138671875,78.97162628173828,493.2016906738281,84.62071990966797,97.08966827392578
2024-03-01,177.8758087158203,192.88999938964844,175.8133087158203,408.3346557617187,82.13300323486328,497.8320617675781,85.14799499511719,98.3158187866211
2024-03-04,173.36111450195312,196.0099945068359,177.13223266601562,407.7646179199219,85.08575439453125,497.298095703125,84.80550384521484,96.94104766845705
2024-03-05,168.4305419921875,197.19000244140625,178.90660095214844,395.7061767578125,85.81550598144531,492.328125,86.01325988769531,98.13004302978516
2024-03-06,167.44049072265625,198.80999755859375,179.83648681640625,395.1558837890625,88.5467758178711,494.8227844238281,86.51801300048828,99.1797103881836
2024-03-07,167.32164001464844,199.94000244140625,178.26136779785156,402.0842590332031,92.50891876220705,499.734619140625,86.43690490722656,99.737060546875
2024-03-08,169.03445434570312,201.6300048828125,178.59347534179688,399.2146606445313,87.37677764892578,496.735107421875,86.28368377685547,100.6752471923828
2024-03-11,171.034423828125,202.0,178.65988159179688,397.5439758300781,85.62582397460938,496.3079833984375,86.23860931396484,101.26976013183594
2024-03-12,171.50965881347656,199.7899932861328,180.13058471679688,408.118408203125,91.75421905517578,501.6469421386719,85.51753997802734,100.6195297241211
2024-03-13,169.43052673339844,201.19000244140625,181.5918731689453,407.9415588378906,90.73099517822266,500.8606262207031,85.1029281616211,101.74352264404295
2024-03-14,171.28195190429688,200.3500061035156,178.3562469482422,417.8869934082031,87.79207611083984,499.8705139160156,83.7960205078125,103.54560089111328
2024-03-15,170.90570068359375,199.7100067138672,180.5670928955078,409.2388000488281,87.68526458740234,496.4382019042969,83.76896667480469,103.35980987548828
2024-03-18,171.9947967529297,200.02999877929688,182.80636596679688,410.1232299804687,88.30220031738281,499.3884887695313,83.51661682128906,104.31658935546876
2024-03-19,174.33135986328125,199.8000030517578,183.87857055664065,414.1427307128906,89.24356842041016,502.1636047363281,83.75093841552734,105.05042266845705
2024-03-20,176.8956298828125,202.17999267578125,186.2886962890625,417.8968505859375,90.21588897705078,506.808349609375,83.72390747070312,104.9575424194336
2024-03-21,169.6681365966797,201.97000122070312,188.87901306152344,421.9654235839844,91.27703094482422,508.4832458496094,83.9041976928711,105.42198944091795
2024-03-22,170.56910705566406,200.3500061035156,186.56385803222656,421.3462829589844,94.1261215209961,507.5191650390625,84.70636749267578,105.42198944091795
2024-03-25,169.15330505371094,200.9900054931641,184.85592651367188,415.5676574707031,94.83788299560548,506.1170959472656,84.28271484375,106.49952697753906
2024-03-26,168.02462768554688,201.63999938964844,185.7193603515625,414.3785705566406,92.4011001586914,505.1822509765625,84.51708984375,105.70066833496094
2024-03-27,171.58889770507812,203.1000061035156,189.3155517578125,414.162353515625,90.0940933227539,509.42779541015625,85.3553237915039,106.7967758178711
2024-03-28,169.77703857421875,205.72000122070312,190.05564880371097,413.4645690917969,90.19991302490234,509.3303833007813,85.28321075439453,107.97648620605467
2024-04-01,168.3414306640625,207.82000732421875,188.76519775390625,417.2481689453125,90.20689392089844,508.4443054199219,83.69345092773438,108.67317199707033
2024-04-02,167.1632537841797,210.88999938964844,188.68930053710935,414.1721496582031,89.29747009277344,505.2115478515625,83.23223114013672,110.80037689208984
2024-04-03,167.9652099609375,212.7400054931641,188.1579437255859,413.1992492675781,88.81031036376953,505.7664794921875,83.21414947509766,110.81895446777344
2024-04-04,167.1434783935547,211.52000427246097,186.7263641357422,410.673583984375,85.756591796875,499.5930786132813,83.81099700927734,111.20911407470705
2024-04-05,167.8959197998047,215.13999938964844,188.4442443847656,418.1818237304687,87.85597229003906,504.8121948242187,82.64445495605469,112.7417984008789
2024-04-08,166.7771453857422,216.47999572753903,189.42727661132812,417.2678527832031,86.98248291015625,505.0945434570313,82.63542175292969,111.9801025390625
2024-04-09,167.98500061035156,217.6699981689453,188.1579437255859,418.9287109375,85.20653533935547,505.6788635253906,83.404052734375,112.56531524658205
2024-04-10,166.11378479003906,215.61000061035156,186.5545654296875,415.9608459472656,86.8886489868164,500.6153869628906,81.5864028930664,113.51280975341795
2024-04-11,173.3016815185547,219.8000030517578,186.5163726806641,420.55023193359375,90.45945739746094,504.3935546875,81.21563720703125,113.1319351196289
2024-04-12,174.79669189453125,216.88999938964844,174.45289611816406,414.6242065429687,88.03364562988281,497.4313659667969,81.64970397949219,111.81289672851562
2024-04-15,170.9750213623047,220.9499969482422,174.54832458496094,406.5067138671875,85.8524169921875,491.199462890625,80.38367462158203,111.17195129394533
2024-04-16,167.69789123535156,221.22000122070312,172.55364990234375,407.4304504394531,87.26399993896484,490.3035888671875,79.85016632080078,110.25233459472656
2024-04-17,166.33160400390625,219.58999633789065,171.8665008544922,404.7377014160156,83.88982391357422,487.40185546875,80.73638153076172,110.19658660888672
2024-04-18,165.38113403320312,220.33999633789065,172.98313903808594,397.2982482910156,84.52471923828125,486.39898681640625,80.32941436767578,110.09440612792967
2024-04-19,163.36138916015625,221.02999877929688,177.3256072998047,392.2370910644531,76.06836700439453,482.1535034179687,80.61882781982422,111.35771942138672
2024-04-22,164.19305419921875,215.57000732421875,180.7709503173828,394.04541015625,79.3806381225586,486.5937194824219,80.48316192626953,111.98937225341795
2024-04-23,165.24252319335938,215.0399932861328,183.37643432617188,400.5413513183594,82.28060913085938,492.367919921875,80.51026916503906,112.42596435546876
2024-04-24,167.3414764404297,214.63999938964844,184.27359008789065,402.0056457519531,79.53935241699219,492.13421630859375,79.94056701660156,112.44454956054688
2024-04-25,168.20286560058594,215.9199981689453,184.55032348632812,392.1584777832031,82.4892578125,490.2646789550781,79.37989044189453,112.70465087890624
2024-04-26,167.61868286132812,216.6199951171875,184.6648406982422,399.31298828125,87.58345794677734,494.9093627929687,79.7958984375,109.57421875
2024-04-29,171.7769775390625,216.17999267578125,184.4644317626953,395.3131408691406,87.60540771484375,496.6620788574219,80.46505737304688,111.1347885131836
2024-04-30,168.63844299316406,211.8699951171875,182.99465942382812,382.6159057617187,86.25274658203125,488.7943420410156,79.7778091430664,109.86217498779295
2024-05-01,167.61868286132812,213.7899932861328,183.1091766357422,388.1292114257813,82.89753723144531,487.2071533203125,80.36582946777344,107.78142547607422
2024-05-02,171.3116455078125,213.1300048828125,182.91831970214844,390.9791564941406,85.66875457763672,491.76422119140625,80.71066284179688,107.97648620605467
2024-05-03,181.55886840820312,212.9600067138672,181.82077026367188,399.6470642089844,88.63561248779297,497.85980224609375,81.52738189697266,107.75354766845705
2024-05-06,179.90548706054688,215.1999969482422,183.24281311035156,406.4084167480469,91.9808349609375,503.0010986328125,81.84502410888672,108.4502410888672
2024-05-07,180.5885772705078,214.2100067138672,183.0041961669922,402.2807922363281,90.39756774902344,503.5561218261719,82.34413146972656,107.91146087646484
2024-05-08,180.92523193359375,213.5800018310547,186.7263641357422,403.4601440429687,90.2558135986328,503.6047668457031,81.84502410888672,107.89289855957033
2024-05-09,182.7370452880859,216.9499969482422,188.4919586181641,405.2095031738281,88.59368896484375,506.506591796875,82.24430847167969,110.02011108398438
2024-05-10,181.4779815673828,218.7100067138672,189.7040252685547,407.5877075195313,89.72273254394531,507.158935546875,81.78148651123047,109.57421875
2024-05-13,184.68020629882812,216.2599945068359,189.6658477783203,406.5852661132813,90.24283599853516,507.2270812988281,81.9902114868164,109.52776336669922
2024-05-14,185.82034301757812,218.08999633789065,192.31906127929688,409.3763122558594,91.19818115234376,509.5543518066406,82.45304870605469,110.1926727294922
2024-05-15,188.09066772460935,220.88999938964844,192.8916931152344,416.5338439941406,94.4665298461914,515.8641357421875,83.57828521728516,111.0448226928711
2024-05-16,188.20962524414065,220.02999877929688,193.2352752685547,414.47613525390625,94.19599151611328,514.8026733398438,83.49662017822266,110.37994384765624
2024-05-17,188.2393798828125,223.66000366210935,195.4494476318359,413.708251953125,92.31924438476562,515.5427856445312,82.9339828491211,112.0374755859375
2024-05-20,189.3993377685547,224.55999755859375,186.65953063964844,418.7588806152344,94.61627197265624,516.13671875,82.68897247314453,111.12911224365234
2024-05-21,190.6980743408203,224.22999572753903,190.4198455810547,422.4016418457031,95.2212142944336,517.402587890625,83.11548614501953,110.36121368408205
2024-05-22,189.26052856445312,220.11000061035156,189.2650146484375,423.8587036132813,94.78597259521484,515.912841796875,83.21530151367188,108.1418228149414
2024-05-23,185.27505493164065,215.72000122070312,187.9384002685547,420.3931884765625,103.61969757080078,512.14453125,82.67988586425781,106.29700469970705
2024-05-24,188.34844970703125,215.9199981689453,191.5555725097656,423.5043029785156,106.28506469726562,515.5330200195312,82.92491912841797,106.21272277832033
2024-05-28,188.3583526611328,218.19000244140625,190.40074157714844,423.661865234375,113.70423889160156,515.893310546875,81.73613739013672,107.56121826171876
2024-05-29,188.65579223632812,216.16000366210935,189.07415771484375,422.5296020507813,114.62663269042967,512.28076171875,80.74698638916016,106.4093780517578
2024-05-30,189.6472015380859,216.57000732421875,190.2384796142578,408.25396728515625,110.30911254882812,508.8824157714844,81.52738189697266,106.74649810791016
2024-05-31,190.59893798828125,215.3000030517578,193.38796997070312,408.7068481445313,109.44361877441406,513.5173950195312,82.08097076416016,109.80870056152344
2024-06-03,192.36366271972656,217.22000122070312,192.6149444580078,407.1217651367187,114.80134582519533,513.9360961914062,83.4085693359375,107.17727661132812
2024-06-04,192.680908203125,215.27000427246097,190.0762634277344,409.6322937011719,116.23585510253906,514.5106811523438,84.38288116455078,105.51036834716795
2024-06-05,194.18785095214844,217.82000732421875,188.2628631591797,417.4494934082031,122.22848510742188,520.6255493164062,85.00209045410156,105.93179321289062
2024-06-06,192.8097991943359,219.42999267578125,187.92886352539065,417.9515380859375,120.78897094726562,520.615966796875,84.87461853027344,106.727783203125
2024-06-07,195.1990966796875,211.6000061035156,190.83021545410156,417.29193115234375,120.67916870117188,519.9830322265625,83.31751251220703,105.58529663085938
2024-06-10,191.46145629882812,213.5399932861328,190.50572204589844,421.2497253417969,121.57960510253906,521.5896606445312,82.76207733154297,105.89432525634766
2024-06-11,205.37095642089844,214.1499938964844,185.49517822265625,425.9852600097656,120.71104431152344,522.8457641601562,83.61801147460938,105.04214477539062
2024-06-12,211.2401428222656,214.72000122070312,182.79428100585935,434.2356262207031,124.99398040771484,527.1400146484375,84.24630737304688,103.8809585571289
2024-06-13,212.40008544921875,212.97000122070312,184.8271026611328,434.74761962890625,129.39674377441406,528.2012939453125,85.48468780517578,103.0475082397461
2024-06-14,210.6651306152344,215.72999572753903,184.94161987304688,435.7223205566406,131.66299438476562,528.5225830078125,86.20402526855469,102.1766128540039
2024-06-17,214.8092041015625,214.61000061035156,186.08688354492188,441.4325256347656,130.7644805908203,532.7291259765625,85.3481216430664,101.4742660522461
2024-06-18,212.44964599609375,215.47000122070312,188.0147705078125,439.4339294433594,135.35690307617188,534.0825805664062,86.13119506835938,102.42945098876952
2024-06-20,207.87925720214844,218.16000366210935,189.6085968017578,438.8038635253906,130.56480407714844,532.6317138671875,85.55754089355469,104.63948822021484
2024-06-21,205.70806884765625,214.77999877929688,187.34669494628903,442.82073974609375,126.36173248291016,531.917724609375,85.55754089355469,103.72175598144533
2024-06-24,206.3524627685547,215.6300048828125,189.8090362548828,440.743408203125,117.91564178466795,530.1886596679688,85.90354919433594,106.80269622802734
2024-06-25,207.2745056152344,214.55999755859375,189.0359649658203,443.9726257324219,125.88251495361328,532.2302856445312,86.04922485351562,107.10234832763672
2024-06-26,211.41859436035156,212.5800018310547,188.42515563964844,445.1639404296875,126.19200897216795,532.8945922851562,84.81996154785156,107.13981628417967
2024-06-27,212.26129150390625,214.9900054931641,190.0857696533203,445.84326171875,123.78598022460938,533.734619140625,85.1568832397461,107.59867095947266
2024-06-28,208.81117248535156,215.0099945068359,193.0348663330078,440.0345458984375,123.33672332763672,531.6343994140625,83.57247924804688,107.8047103881836
2024-07-01,214.8885040283203,215.57000732421875,196.0793304443359,449.6631774902344,124.09547424316406,532.728515625,82.13011169433594,107.65485382080078
2024-07-02,218.3782958984375,215.55999755859375,199.3052215576172,452.1737365722656,122.4681396484375,536.3135986328125,82.76954650878906,106.92443084716795
2024-07-03,219.6472930908203,217.9900054931641,199.1715850830078,453.6406555175781,128.0689239501953,538.7069702148438,83.85658264160156,107.4675750732422
2024-07-05,224.39614868164065,220.92999267578125,196.5324554443359,460.3256530761719,125.6229476928711,541.8134155273438,84.55079650878906,106.16590881347656
2024-07-08,225.8634796142578,218.19000244140625,196.8971405029297,459.0260314941406,127.98902893066406,542.4385986328125,84.7334976196289,105.05152130126952
2024-07-09,226.7160797119141,218.55999755859375,199.25794982910156,452.4296875,131.163818359375,542.9661254882812,84.35899353027344,103.89032745361328
2024-07-10,230.97914123535156,219.36000061035156,199.4210968017578,459.035888671875,134.68800354003906,548.3389282226562,84.62387084960938,104.80805206298828
2024-07-11,225.61561584472656,223.25,199.0851898193359,447.66461181640625,127.19037628173828,543.61083984375,85.44599151611328,106.05352783203124
2024-07-12,228.56008911132812,223.11000061035156,196.6764373779297,446.5324096679687,129.02734375,547.0397338867188,85.81139373779297,106.07225799560548
2024-07-15,232.3869781494141,223.8300018310547,201.5803680419922,446.93603515625,128.22865295410156,548.5441284179688,84.8248519897461,107.88898468017578
2024-07-16,232.8033447265625,228.2899932861328,205.0064239501953,442.5647277832031,126.15206909179688,551.7969970703125,86.02146911621094,108.66622924804688
2024-07-17,226.91436767578125,227.22999572753903,208.12538146972656,436.6575927734375,117.79583740234376,544.0602416992188,86.03975677490234,110.16456604003906
2024-07-18,222.25474548339844,225.77999877929688,201.51318359375,433.5563354492187,120.89073181152344,539.8792114257812,85.3820571899414,111.2508544921875
2024-07-19,222.38360595703125,221.72999572753903,201.3212432861328,430.3467712402344,117.73595428466795,536.2940673828125,84.87964630126953,108.6943359375
2024-07-22,222.03662109375,221.8000030517578,201.8011016845703,436.0865478515625,123.33672332763672,541.8232421875,84.6330337524414,107.94515991210938
2024-07-23,223.07760620117188,222.5800018310547,201.8490753173828,437.9670715332031,122.38827514648438,540.9734497070312,84.51426696777344,106.203369140625
2024-07-24,216.6631622314453,221.8000030517578,200.17926025390625,422.2638244628906,114.06199645996094,528.7135620117188,83.60079193115234,107.70169067382812
2024-07-25,215.62217712402344,218.3300018310547,200.25599670410156,411.92626953125,112.0952377319336,525.9588012695312,84.28590393066406,109.96791076660156
2024-07-26,216.08816528320312,220.6300048828125,203.6820526123047,418.6899719238281,112.87395477294922,531.849365234375,84.94358825683594,109.87425994873048
2024-07-29,216.36575317382812,220.32000732421875,202.34812927246097,420.12744140625,111.40637969970705,532.1619262695312,85.40032958984375,108.72242736816406
2024-07-30,216.92092895507812,222.52000427246097,206.5131072998047,416.3763122558594,103.55931091308594,529.4656982421875,85.72918701171875,110.66088104248048
2024-07-31,220.1727600097656,226.5500030517578,204.2194976806641,411.8770446777344,116.82743072509766,538.072021484375,86.60610961914062,111.05419921875
2024-08-01,216.48472595214844,225.77000427246097,199.5746612548828,410.6562194824219,109.03028106689452,530.452392578125,87.35308837890625,109.5184097290039
2024-08-02,217.97183227539065,225.33999633789065,191.1102752685547,402.1695861816406,107.09346771240234,520.5762329101562,90.07511138916016,109.4528579711914
2024-08-05,207.4727783203125,222.47999572753903,187.0412445068359,389.0359802246094,100.2847137451172,505.4151306152344,90.5517349243164,107.4769287109375
2024-08-06,205.45030212402344,220.6999969482422,192.26190185546875,393.427001953125,104.07846069335938,510.0747985839844,88.5262222290039,106.90570068359376
2024-08-07,208.01805114746097,220.5500030517578,192.3194580078125,392.2652587890625,98.74724578857422,506.6654968261719,87.90299987792969,108.32910919189452
2024-08-08,211.4780731201172,224.0099945068359,195.8319091796875,396.4593505859375,104.79727172851562,518.3782348632812,87.36225128173828,110.398681640625
2024-08-09,214.38291931152344,224.55999755859375,197.50173950195312,399.7378234863281,104.57763671875,520.6640625,88.22377014160156,111.29768371582033
2024-08-12,215.91146850585935,228.41000366210935,197.87603759765625,400.515625,108.84061431884766,520.9376831054688,88.54452514648438,111.4381332397461
2024-08-13,219.62364196777344,228.05999755859375,199.5554656982422,407.6041870117187,115.94889068603516,529.5048217773438,89.15860748291016,110.37059020996094
2024-08-14,220.07029724121097,226.1999969482422,201.76271057128903,410.41009521484375,117.88571166992188,531.1751708984375,89.71768951416016,111.3913116455078
2024-08-15,223.04798889160156,226.91000366210935,203.01988220214844,415.2626953125,122.6578369140625,540.2797241210938,88.99363708496094,112.08043670654295
2024-08-16,224.3680725097656,231.9900054931641,205.34231567382812,412.73773193359375,124.37500762939452,541.4910888671875,89.30526733398438,111.55179595947266
2024-08-19,224.20925903320312,231.61000061035156,206.76263427734375,415.755859375,129.78607177734375,546.6685180664062,89.71768951416016,111.89163208007812
2024-08-20,224.8246307373047,232.4600067138672,205.8701171875,418.9810485839844,127.04060363769533,545.7794799804688,90.43256378173828,108.1628646850586
2024-08-21,224.71546936035156,232.1499938964844,205.94691467285156,418.330078125,128.28854370117188,547.6550903320312,90.487548828125,107.47374725341795
2024-08-22,222.859375,229.3699951171875,207.89503479003903,409.8577575683594,123.53638458251952,543.3568115234375,89.58935546875,108.3044662475586
2024-08-23,225.1521759033203,232.02000427246097,209.50733947753903,411.0807800292969,129.15711975097656,549.1302490234375,90.17594146728516,109.8053970336914
2024-08-26,225.4896545410156,232.7599945068359,210.33262634277344,407.8259582519531,126.2519073486328,547.8212280273438,89.94683074951172,112.15596771240234
2024-08-27,226.3333282470703,233.38999938964844,211.3019256591797,408.1711730957031,128.0889129638672,548.5734252929688,89.79100036621094,111.0892333984375
2024-08-28,224.80479431152344,231.75,212.3671417236328,404.9755859375,125.40331268310548,545.3887939453125,89.6810073852539,109.99420166015624
2024-08-29,228.0802459716797,232.9499969482422,213.2500457763672,407.4610290527344,117.39649200439452,545.4376220703125,89.38774108886719,111.5140380859375
2024-08-30,227.296142578125,231.2899932861328,215.73562622070312,411.4259643554687,119.173583984375,550.6443481445312,88.43455505371094,111.3346939086914
2024-09-03,221.1124725341797,230.2899932861328,211.4170837402344,403.8314208984375,107.8222885131836,539.3126831054688,89.88092803955078,109.00301361083984
2024-09-04,219.20675659179688,230.42999267578125,210.48617553710935,403.2988586425781,106.03523254394533,538.2088012695312,91.03952026367188,107.6719741821289
2024-09-05,220.72537231445312,232.3500061035156,208.854736328125,402.79583740234375,107.0335922241211,536.8997802734375,91.55441284179688,106.83182525634766
2024-09-06,219.1769866943359,230.6300048828125,203.89320373535156,396.197509765625,102.66079711914062,527.8637084960938,91.54521942138672,106.33151245117188
2024-09-09,219.26632690429688,231.6000061035156,208.0677947998047,400.1624450683594,106.2947998046875,533.773681640625,91.94061279296876,108.56877899169922
2024-09-10,218.47227478027344,232.6199951171875,197.2714080810547,408.5262756347656,107.92210388183594,536.0987548828125,92.58426666259766,104.61343383789062
2024-09-11,221.0032958984375,232.25,198.87408447265625,417.2451477050781,116.71761322021484,541.5985107421875,92.5106964111328,103.57505798339844
2024-09-12,221.1124725341797,236.3300018310547,198.26950073242188,421.15087890625,118.95413208007812,546.1605224609375,92.07853698730467,105.00048828125
2024-09-13,220.8444671630859,238.67999267578125,196.0814208984375,424.6917419433594,118.9141845703125,549.012939453125,92.3268051147461,104.92495727539062
2024-09-16,214.71047973632812,238.66000366210935,199.47866821289065,425.4314575195313,116.59781646728516,549.8239135742188,93.17272186279295,106.3975830078125
2024-09-17,215.1769866943359,237.33999633789065,200.8126220703125,429.1893005371094,115.40966033935548,550.0484619140625,92.7221908569336,107.7852554321289
2024-09-18,219.0479736328125,235.5099945068359,199.16200256347656,424.90875244140625,113.19313049316406,548.4171752929688,91.57280731201172,108.1628646850586
2024-09-19,227.1670837402344,239.1699981689453,201.99301147460935,432.6808166503906,117.68611907958984,557.7755126953125,91.26936340332033,109.50333404541016
2024-09-20,226.5020751953125,242.2100067138672,202.57843017578125,429.3076477050781,115.81903076171876,556.8113403320312,90.9199676513672,108.814208984375
2024-09-23,224.7849578857422,242.67999267578125,202.914306640625,427.5717468261719,116.07861328125,558.2026977539062,90.72686767578124,110.78716278076172
2024-09-24,225.67822265625,246.07000732421875,203.0582733154297,423.2911987304687,120.68143463134766,559.7998657226562,90.70846557617188,110.4945297241211
2024-09-25,224.68568420410156,245.72999572753903,201.71470642089844,426.19091796875,123.31731414794922,558.5652465820312,89.9544906616211,108.34220886230467
2024-09-26,225.82711791992188,246.97999572753903,201.3212432861328,425.40185546875,123.84648895263672,560.77978515625,90.16596221923828,106.4825439453125
2024-09-27,226.09510803222656,245.02000427246097,202.01223754882812,422.1569213867187,121.21060180664062,559.9664916992188,90.63493347167967,109.33341217041016
2024-09-30,231.2663726806641,243.05999755859375,202.35772705078125,424.4057312011719,121.25054931640624,562.2105102539062,90.2027359008789,110.65501403808594
2024-10-01,224.52688598632812,245.61000061035156,198.6917266845703,414.9273376464844,116.81746673583984,557.1738891601562,90.85401153564452,113.21322631835938
2024-10-02,225.09263610839844,245.66000366210935,198.931640625,411.4161376953125,118.66458129882812,557.4089965820312,90.08837127685548,114.71417236328124
2024-10-03,223.99087524414065,245.4900054931641,196.95472717285156,410.8341979980469,122.65834045410156,556.3900756835938,89.23970794677734,115.71480560302734
2024-10-04,225.1125030517578,245.0,203.9453582763672,410.36077880859375,124.72511291503906,561.446044921875,88.14196014404297,117.83879852294922
2024-10-07,220.04051208496097,244.1699981689453,203.66534423828125,403.9300842285156,127.52073669433594,556.3704223632812,87.477783203125,118.34856414794922
2024-10-08,224.0901641845703,242.3699951171875,203.49156188964844,409.0292663574219,132.68267822265625,561.6322631835938,87.6253662109375,115.20507049560548
2024-10-09,227.8321075439453,241.0500030517578,206.069580078125,411.7415771484375,132.44305419921875,565.5223999023438,87.12723541259766,115.2522430419922
2024-10-10,227.33583068847656,242.82000732421875,205.50958251953125,410.1438293457031,134.5996856689453,564.5327758789062,86.78592681884766,116.24344635009766
2024-10-11,225.85691833496097,245.47000122070312,214.63412475585935,410.6172180175781,134.5897216796875,567.913330078125,86.43539428710938,116.6871337890625
2024-10-14,229.5790100097656,245.07000732421875,213.8520050048828,413.3985900878906,137.8546142578125,572.5579833984375,86.49996948242188,117.13080596923828
2024-10-15,232.11004638671875,245.9199981689453,214.7306671142578,413.0040588378906,131.3946990966797,568.1093139648438,87.55159759521484,113.60971069335938
2024-10-16,230.055419921875,247.1499938964844,215.9376220703125,410.4199523925781,135.50827026367188,570.5784912109375,87.92057800292969,113.90233612060548
2024-10-17,230.4226837158203,248.6300048828125,216.6907501220703,411.0117492675781,136.71636962890625,570.6275024414062,86.52764892578125,113.60971069335938
2024-10-18,233.25146484375,251.27000427246097,217.6080017089844,412.4320373535156,137.7847137451172,572.822509765625,86.59222412109375,113.28874206542967
2024-10-21,234.7204742431641,251.22000122070312,215.3196563720703,413.0435791015625,143.48580932617188,571.8817749023438,85.07935333251953,113.35482025146484
2024-10-22,234.1051025390625,253.92999267578125,216.40106201171875,421.6539306640625,143.365966796875,571.5780029296875,85.16239166259766,113.94010162353516
2024-10-23,229.04302978515625,250.8699951171875,215.71554565429688,418.7837829589844,139.34230041503906,566.355224609375,84.9317626953125,113.53419494628906
2024-10-24,228.85446166992188,252.8000030517578,217.2314453125,418.9120178222656,140.1909637451172,567.5801391601562,85.47603607177734,112.89226531982422
2024-10-25,229.68820190429688,253.32000732421875,214.65342712402344,422.2851867675781,141.31918334960938,567.3842163085938,84.99634552001953,112.7978744506836
2024-10-28,231.6633758544922,253.3300018310547,217.73355102539065,420.7465515136719,140.30076599121094,569.1381225585938,84.76573181152344,112.24091339111328
2024-10-29,231.93136596679688,256.0899963378906,215.22308349609375,426.0331726074219,141.02964782714844,570.0592041015625,84.89485931396484,110.71163940429688
2024-10-30,228.387939453125,257.5,216.6810760498047,426.6051940917969,139.1226043701172,568.334716796875,85.14393615722656,110.15469360351562
2024-10-31,224.2291259765625,253.5099945068359,214.27685546875,400.7838134765625,132.55287170410156,557.1934814453125,85.28230285644531,110.23965454101562
2024-11-01,221.2514190673828,252.47000122070312,215.26173400878903,404.7487182617187,135.18875122070312,559.545166015625,84.07997131347656,108.51213836669922
2024-11-04,220.3581085205078,252.8300018310547,212.2105407714844,402.8648681640625,135.83773803710938,558.3399047851562,85.38504791259766,111.96715545654295
2024-11-05,221.7873992919922,253.3999938964844,213.86166381835935,405.82379150390625,139.6917266845703,565.09130859375,85.83857727050781,112.29755401611328
2024-11-06,221.06285095214844,245.6999969482422,238.55099487304688,414.42431640625,145.3828125,579.1425170898438,83.48760223388672,114.22331237792967
2024-11-07,225.78744506835935,249.6499938964844,228.2388458251953,419.6024169921875,148.6477508544922,583.6205444335938,84.53350830078125,114.36490631103516
2024-11-08,225.51914978027344,247.9600067138672,228.81817626953125,416.7520446777344,147.39967346191406,586.148681640625,85.607177734375,114.32714080810548
2024-11-11,222.80645751953125,242.13999938964844,231.0485992431641,412.2840576171875,145.0334014892578,586.7071533203125,85.19065856933594,113.72298431396484
2024-11-12,222.80645751953125,240.0500030517578,231.309326171875,417.23529052734375,148.05865478515625,584.8847045898438,83.91338348388672,113.60971069335938
2024-11-13,223.6908264160156,237.6300048828125,232.85418701171875,419.3755798339844,146.0417938232422,585.1688232421875,83.11737823486328,114.6669692993164
2024-11-14,226.77113342285156,237.0099945068359,233.53973388671875,421.0424499511719,146.53102111816406,581.4061279296875,83.59866333007812,114.74311065673828
2024-11-15,223.57159423828125,236.58999633789065,236.8612823486328,409.3153076171875,141.7584991455078,573.9591064453125,83.37654113769531,113.5534439086914
2024-11-18,226.57241821289065,241.08999633789065,236.5909118652344,410.06494140625,139.9313507080078,576.3108520507812,83.52462768554688,114.5051727294922
2024-11-19,226.83074951171875,243.25,234.7177276611328,412.0670776367187,146.7806396484375,578.41748046875,83.95038604736328,112.90623474121094
2024-11-20,227.5461883544922,244.6199951171875,232.4873046875,409.7985534667969,145.6623992919922,578.613525390625,83.68199157714844,114.5146942138672
2024-11-21,227.0692443847656,246.66000366210935,236.33021545410156,408.029541015625,146.44117736816406,581.7196044921875,83.6171875,116.0470199584961
2024-11-22,228.41065979003903,249.83999633789065,239.9896697998047,412.1111450195313,141.72853088378906,583.5226440429688,83.6634750366211,115.9137725830078
2024-11-25,231.39161682128903,242.47999572753903,241.6697540283203,413.8801574707031,135.8077850341797,585.5020141601562,85.82933044433594,114.1815948486328
2024-11-26,233.56771850585935,242.9499969482422,241.36077880859375,422.9722900390625,136.70639038085938,588.5591430664062,85.49610900878906,112.278076171875
2024-11-27,233.4385528564453,243.4900054931641,241.18695068359375,418.0309143066406,135.12887573242188,586.7758178710938,86.08848571777344,111.98304748535156
2024-11-29,235.8233184814453,245.58999633789065,241.1193695068359,418.4954223632813,138.0343017578125,590.4208984375,86.97706604003906,112.26856994628906
2024-12-02,238.0689697265625,243.44000244140625,237.76890563964844,425.92724609375,138.41372680664062,591.4791870117188,87.18602752685547,112.16387176513672
2024-12-03,241.1095428466797,243.92999267578125,236.38816833496097,426.1447143554687,140.04116821289062,591.7535400390625,86.43370056152344,111.99256134033205
2024-12-04,241.4672393798828,244.6699981689453,235.01702880859375,432.291748046875,144.91354370117188,595.427978515625,87.36251068115234,108.76612854003906
2024-12-05,241.4970703125,242.86000061035156,237.02540588378903,437.4308166503906,144.8436737060547,594.4481811523438,87.53897094726562,109.24199676513672
2024-12-06,241.29832458496097,242.9499969482422,238.84068298339844,438.3696594238281,142.22756958007812,595.5750122070312,87.66899108886719,108.0903778076172
2024-12-09,245.1835174560547,245.36000061035156,235.4129180908203,440.79095458984375,138.6029815673828,592.5079345703125,86.8609619140625,107.45270538330078
2024-12-10,246.19705200195312,248.58999633789065,234.49563598632812,438.1324462890625,134.86859130859375,590.6658325195312,86.45227813720703,107.23380279541016
2024-12-11,244.9251708984375,250.9600067138672,235.14256286621097,443.7261047363281,139.1022491455078,595.2320556640625,85.63494110107422,106.51998138427734
2024-12-12,246.38584899902344,247.27999877929688,233.21145629882812,444.2893981933594,137.13519287109375,592.1650390625,84.59468078613281,106.4248046875
2024-12-13,246.55474853515625,244.2899932861328,231.6762237548828,442.0262756347656,134.0498046875,592.0475463867188,83.73092651367188,105.4920883178711
2024-12-16,249.44625854492188,244.8800048828125,231.32861328125,446.295654296875,131.80313110351562,594.5755615234375,83.981689453125,103.2364501953125
2024-12-17,251.8707733154297,243.94000244140625,230.1506500244141,449.1319580078125,130.19554138183594,592.1258544921875,84.18600463867188,102.79865264892578
2024-12-18,246.4752655029297,239.2599945068359,222.4358367919922,432.2621154785156,128.71774291992188,574.4784545898438,83.13333892822266,101.28536224365234
2024-12-19,248.2041931152344,239.6000061035156,224.9366149902344,431.90631103515625,130.485107421875,574.3020629882812,81.87459564208984,100.41926574707033
2024-12-20,252.87440490722656,242.1000061035156,229.41680908203125,431.4813537597656,134.49911499023438,581.2000122070312,82.3407974243164,100.76190185546876
2024-12-23,253.64942932128903,240.9600067138672,230.1796112060547,430.147216796875,139.46170043945312,584.6802978515625,81.58553314208984,101.17115020751952
2024-12-24,256.56085205078125,241.44000244140625,233.9645843505859,434.1793823242187,140.01089477539062,591.1790771484375,81.9305419921875,101.26632690429688
2024-12-26,257.3755798339844,243.07000732421875,234.7659912109375,432.9736328125,139.7213134765625,591.2184448242188,81.88390350341797,101.35198211669922
2024-12-27,253.96739196777344,241.3999938964844,232.8638610839844,425.4825134277344,136.8056640625,584.9949340820312,81.21257019042969,101.34247589111328
2024-12-30,250.59890747070312,240.6300048828125,231.0775909423828,419.849365234375,137.2849578857422,578.3192749023438,81.8652572631836,100.6572036743164
2024-12-31,248.8302001953125,242.1300048828125,231.45413208007812,416.5583801269531,134.08973693847656,576.2152709960938,81.42703247070312,102.37987518310548
2025-01-02,242.30191040039065,245.4199981689453,231.73416137695312,413.672607421875,138.10372924804688,574.7994384765625,81.65081024169922,102.1324234008789
2025-01-03,241.8150177001953,243.4900054931641,234.9011688232422,418.3866882324219,144.25454711914062,581.9864501953125,81.38973999023438,102.6558837890625
2025-01-06,243.44461059570312,243.19000244140625,233.7559509277344,422.8339538574219,149.20716857910156,585.3390502929688,81.0261001586914,102.54167175292967
2025-01-07,240.67233276367188,244.55999755859375,236.00759887695312,417.4181823730469,139.93099975585938,578.7223510742188,80.11235046386719,103.50294494628906
2025-01-08,241.1592254638672,245.86000061035156,235.9687957763672,419.58251953125,139.9010467529297,579.56787109375,80.21490478515625,101.770751953125
2025-01-10,235.3463592529297,248.2100067138672,232.80479431152344,414.0382995605469,135.7073211669922,570.7193603515625,79.68342590332031,101.39957427978516
2025-01-13,232.9119110107422,245.7400054931641,237.0169677734375,412.2989196777344,133.0312957763672,571.6043090820312,79.65544891357422,104.01687622070312
2025-01-14,231.79901123046875,247.02999877929688,240.18096923828125,410.7967529296875,131.56350708007812,572.3907470703125,79.52491760253906,104.42613983154295
2025-01-15,236.35986328125,248.8800048828125,244.91720581054688,421.3119812011719,136.03683471679688,582.8025512695312,80.89556121826172,106.12976837158205
2025-01-16,226.8109130859375,250.6000061035156,246.7806854248047,419.6022644042969,133.37081909179688,581.6817016601562,81.15662384033203,105.94893646240234
2025-01-17,228.5199737548828,249.27000427246097,251.52664184570312,424.0001220703125,137.504638671875,587.5216674804688,81.29650115966797,106.90069580078124
2025-01-21,221.22657775878903,253.1300048828125,255.2826232910156,423.4763488769531,140.61997985839844,592.899658203125,82.02376556396484,106.09170532226562
2025-01-22,222.40902709960935,254.42999267578125,255.09825134277344,440.9688415527344,146.85069274902344,596.2326049804688,81.59486389160156,104.24529266357422
2025-01-23,222.2401123046875,254.07000732421875,258.11663818359375,441.4728698730469,147.00047302246094,599.48681640625,80.96083068847656,104.83539581298828
2025-01-24,221.36566162109375,255.6499938964844,257.03936767578125,438.8539123535156,142.4073028564453,597.7367553710938,81.32444763183594,103.4172821044922
2025-01-27,228.40074157714844,252.9900054931641,258.01959228515625,429.46527099609375,118.24340057373048,589.2815551757812,82.28483581542969,104.85441589355467
2025-01-28,236.74742126464844,255.17999267578125,259.2716369628906,441.9571228027344,128.79763793945312,594.3449096679688,82.22891998291016,102.8271942138672
2025-01-29,237.8404083251953,254.1999969482422,258.72808837890625,437.1441650390625,123.51553344726562,591.6805419921875,82.06106567382812,103.4268035888672
2025-01-30,236.08164978027344,258.04998779296875,260.3294677734375,410.1247253417969,124.464111328125,594.8561401367188,82.36876678466797,104.28337097167967
2025-01-31,234.50177001953125,258.55999755859375,259.4268798828125,410.19390869140625,119.89093780517578,591.6903686523438,81.82796478271484,101.6755828857422
2025-02-03,226.56248474121097,259.94000244140625,258.9513244628906,406.10247802734375,116.48603057861328,587.70849609375,82.49420928955078,101.92303466796876
2025-02-04,231.3220672607422,262.5,260.04803466796875,407.5354309082031,118.4730453491211,591.651123046875,82.74686431884766,104.65455627441406
2025-02-05,230.99417114257812,264.1300048828125,262.4646911621094,408.4447021484375,124.6438446044922,594.0499267578125,84.11302947998047,104.5784149169922
2025-02-06,231.73941040039065,263.42999267578125,268.7441101074219,410.9450073242187,128.4880828857422,596.1146240234375,84.07559967041016,103.19837188720705
2025-02-07,226.18492126464844,263.8999938964844,267.676513671875,404.9461364746094,129.6463623046875,590.6580810546875,83.53286743164062,103.63619232177734
2025-02-10,226.45346069335935,268.3699951171875,263.0567321777344,407.38720703125,133.37081909179688,594.6693725585938,83.28022003173828,105.61582946777344
2025-02-11,231.3973388671875,267.3900146484375,266.89031982421875,406.6163635253906,132.60195922851562,595.12158203125,82.74686431884766,106.28205108642578
2025-02-12,235.62501525878903,267.6700134277344,267.3367919921875,404.2444458007813,130.94442749023438,593.2044067382812,81.62397766113281,103.08436584472656
2025-02-13,240.26052856445312,270.30999755859375,268.18121337890625,405.7268676757813,135.08824157714844,599.4671630859375,82.98077392578125,103.83338165283205
2025-02-14,243.3143768310547,266.2900085449219,268.4432678222656,403.64166259765625,138.6429443359375,599.4376831054688,83.42059326171875,103.93900299072266
2025-02-18,243.18507385253903,270.70001220703125,271.70428466796875,404.8374328613281,139.19210815429688,601.1975708007812,82.43806457519531,105.76351165771484
2025-02-19,243.5829620361328,270.8500061035156,271.02490234375,409.90728759765625,139.02236938476562,602.61328125,82.54100036621094,105.91715240478516
2025-02-20,244.5379180908203,270.989990234375,258.94158935546875,412.0759887695313,139.9010467529297,600.1062622070312,82.84977722167969,107.54959106445312
2025-02-21,244.25938415527344,270.739990234375,256.4570007324219,404.2331237792969,134.22952270507812,589.8421020507812,83.85101318359375,106.2916488647461
2025-02-24,245.80125427246097,272.2099914550781,253.6424102783203,400.0641174316406,130.08572387695312,587.1580200195312,84.09431457519531,106.84860229492188
2025-02-25,245.74154663085935,268.6199951171875,249.81846618652344,394.0235290527344,126.44114685058594,584.2379150390625,85.54468536376953,105.36980438232422
2025-02-26,239.09666442871097,269.0299987792969,251.1675567626953,395.8357543945313,131.084228515625,584.5328979492188,86.04998779296875,105.11053466796876
2025-02-27,236.05276489257812,264.92999267578125,251.4198455810547,388.7058715820313,119.97081756591795,575.2025146484375,85.44176483154297,105.77310943603516
2025-02-28,240.5688934326172,263.2699890136719,256.8549499511719,393.1224060058594,124.73370361328124,584.178955078125,86.48978424072266,106.90621948242188
2025-03-03,236.7789306640625,266.739990234375,252.94366455078125,384.7052307128906,113.88990020751952,573.9441528320312,86.89341735839844,103.47808837890624
2025-03-04,234.68995666503903,269.05999755859375,242.8790740966797,384.8240356445313,115.81702423095705,567.1504516601562,85.82333374023438,103.2668228149414
2025-03-05,234.5009765625,269.6199951171875,244.12136840820312,397.1131591796875,117.12507629394533,573.24609375,85.13809204101562,101.2502670288086
2025-03-06,234.0930938720703,268.25,239.27833557128903,393.0234069824219,110.40511322021484,563.0702514648438,84.85649871826172,103.3436508178711
2025-03-07,237.81344604492188,268.3900146484375,235.1438140869141,389.4783020019531,112.5219497680664,566.2262573242188,84.58427429199219,104.68801879882812
2025-03-10,226.28436279296875,266.0400085449219,225.3801422119141,376.4563903808594,106.8204574584961,551.14453125,85.46664428710938,107.3575439453125
2025-03-11,219.67926025390625,269.1600036621094,222.3908538818359,376.7435607910156,108.5978012084961,546.5629272460938,84.85649871826172,104.82245635986328
2025-03-12,215.83956909179688,270.3299865722656,221.18734741210935,379.5361022949219,115.57803344726562,549.4632568359375,84.349609375,104.79363250732422
2025-03-13,208.5779266357422,275.1300048828125,218.55718994140625,375.0799560546875,115.41825103759766,542.1386108398438,85.09114837646484,104.3519287109375
2025-03-14,212.3679046630859,275.239990234375,225.5936584472656,384.7745361328125,121.49972534179688,553.3369750976562,84.64060974121094,107.45357513427734
2025-03-17,212.8751983642578,276.7300109863281,227.03973388671875,384.9132080078125,119.36271667480467,557.6038818359375,85.06300354003906,109.23966979980467
2025-03-18,211.57208251953125,279.9599914550781,228.04913330078125,379.78363037109375,115.26846313476562,551.5770874023438,85.1474838256836,109.12442779541016
2025-03-19,214.10870361328125,281.1099853515625,232.0671844482422,384.0417785644531,117.35553741455078,557.584228515625,85.5886459350586,110.82411193847656
2025-03-20,212.9747009277344,280.75,231.9701232910156,383.0713195800781,118.3641128540039,555.9718627929688,85.64496612548828,111.29462432861328
2025-03-21,217.12277221679688,278.489990234375,234.5129547119141,387.44830322265625,117.5352783203125,556.1552734375,85.13809204101562,110.9105224609375
2025-03-24,219.56983947753903,277.25,240.75357055664065,389.2505187988281,121.24009704589844,566.1151123046875,84.2651138305664,111.1986083984375
2025-03-25,222.5739593505859,278.4700012207031,243.7331390380859,391.3102722167969,120.5210952758789,567.47607421875,84.2557373046875,111.95720672607422
2025-03-26,220.3656463623047,278.239990234375,243.63609313964844,386.17083740234375,113.60079956054688,560.7012939453125,83.70191955566406,113.57044982910156
2025-03-27,222.67344665527344,281.9700012207031,240.8118133544922,386.77484130859375,111.27406311035156,559.212158203125,83.45785522460938,113.20556640625
2025-03-28,216.7547149658203,284.05999755859375,235.69705200195312,375.1096496582031,109.51652526855467,547.95068359375,84.61243438720703,113.05191802978516
2025-03-31,220.9624938964844,288.1400146484375,238.07489013671875,371.73284912109375,108.22832489013672,551.6289672851562,85.44784545898438,114.20423889160156
2025-04-01,222.0169219970703,287.57000732421875,236.48318481445312,378.4666442871094,109.99585723876952,553.18701171875,86.18831634521484,114.3098602294922
2025-04-02,222.71322631835935,288.1600036621094,238.57957458496097,378.4171142578125,110.26546478271484,556.687744140625,86.13178253173828,113.95455932617188
2025-04-03,202.1220245361328,286.4200134277344,221.95411682128903,369.4750671386719,101.65754699707033,529.2537841796875,86.52745056152344,107.96250915527344
2025-04-04,187.389892578125,279.7200012207031,205.3434295654297,356.3343505859375,94.1780242919922,498.2697143554687,87.46949005126953,100.1939697265625
2025-04-07,180.50624084472656,273.7099914550781,209.40576171875,354.3736267089844,97.50334930419922,497.3821716308594,84.83175659179688,98.849609375
2025-04-08,171.5137481689453,275.20001220703125,211.7787170410156,351.1057434082031,96.1652374267578,489.591796875,83.23026275634766,96.76583099365234
2025-04-09,197.8048553466797,285.3800048828125,228.83859252929688,386.6857299804687,114.17000579833984,541.0084228515625,83.72013854980469,101.59596252441406
2025-04-10,189.4191436767578,292.3500061035156,221.7783203125,377.6347961425781,107.4194564819336,517.3019409179688,81.41209411621094,95.9592056274414
2025-04-11,197.10850524902344,297.92999267578125,230.65492248535156,384.6656494140625,110.77476501464844,526.5321044921875,81.85487365722656,99.04166412353516
2025-04-14,201.45555114746097,296.2300109863281,229.20965576171875,384.0318603515625,110.55506896972656,531.6401977539062,82.4389419555664,99.28172302246094
2025-04-15,201.0775451660156,297.7799987792969,227.65701293945312,381.9721374511719,112.04297637939452,530.151123046875,82.73097229003906,99.00325012207033
2025-04-16,193.2489318847656,307.4700012207031,224.2196502685547,367.98968505859375,104.34376525878906,518.366943359375,83.19258117675781,100.04994201660156
2025-04-17,195.9446563720703,306.1199951171875,226.5144805908203,364.1969909667969,101.34796142578124,519.1065063476562,82.45777893066406,102.67144775390624
2025-04-21,192.1447601318359,315.5899963378906,223.61419677734375,355.6213684082031,96.77438354492188,506.7503662109375,81.01642608642578,101.16383361816406
2025-04-22,198.690185546875,311.1099853515625,230.05926513671875,363.2463684082031,98.75160217285156,519.9349365234375,81.46864318847656,103.9966278076172
2025-04-23,203.52462768554688,303.6499938964844,235.22506713867188,370.74261474609375,102.56625366210938,527.991455078125,82.25995635986328,103.10358428955078
2025-04-24,207.2748107910156,308.07000732421875,238.89678955078125,383.5268249511719,106.28104400634766,539.1051635742188,83.12664794921875,104.31350708007812
2025-04-25,208.18002319335935,304.7300109863281,237.8323974609375,388.0325317382813,110.85465240478516,543.0003662109375,83.73898315429688,104.25589752197266
2025-04-28,209.0355224609375,309.07000732421875,237.51011657714844,387.3492431640625,108.57784271240234,543.2074584960938,84.26651000976562,104.31350708007812
2025-04-29,210.09988403320312,306.05999755859375,238.87725830078125,390.201171875,108.86742401123048,546.6293334960938,84.97306060791016,104.0542449951172
2025-04-30,211.38311767578125,303.7699890136719,238.87725830078125,391.4092712402344,108.76756286621094,546.8462524414062,84.28536987304688,101.4327163696289
2025-05-01,212.19879150390625,297.4599914550781,241.0939788818359,421.2556457519531,111.45380401611328,550.7216796875,83.85798645019531,101.57676696777344
2025-05-02,204.27069091796875,297.9800109863281,246.58204650878903,431.0393676757813,114.33976745605467,558.896728515625,82.9502944946289,101.98966979980467
2025-05-05,197.8446350097656,306.8800048828125,246.630859375,431.9207458496094,113.66071319580078,555.6917724609375,82.48699188232422,99.16649627685548
2025-05-06,197.4666290283203,315.4800109863281,243.39854431152344,429.0885925292969,113.38111114501952,551.0471801757812,82.76119232177734,100.5492706298828
2025-05-07,195.2185211181641,310.75,243.5352783203125,429.1282043457031,116.89617919921876,553.3645629882812,83.11102294921875,100.4532470703125
2025-05-08,196.45201110839844,304.6300048828125,247.51950073242188,433.9012145996094,117.20574951171876,557.2203369140625,82.1844253540039,101.85523223876952
2025-05-09,197.4865264892578,306.8399963378906,247.13865661621097,434.4557800292969,116.48676300048828,556.5103149414062,82.30734252929688,103.04595947265624
2025-05-12,209.95704650878903,298.19000244140625,253.94500732421875,444.8832092285156,122.82787322998048,574.9015502929688,81.54147338867188,104.82245635986328
2025-05-13,212.0886077880859,299.4599914550781,256.8355712890625,444.764404296875,129.7481689453125,578.6980590820312,81.21054077148438,105.11053466796876
2025-05-14,211.490966796875,293.1600036621094,259.40380859375,448.52734375,135.15061950683594,579.4376831054688,80.67159271240234,104.16947174072266
2025-05-15,210.61444091796875,297.8399963378906,261.2103271484375,449.5392456054687,134.64129638671875,582.267822265625,81.38072967529297,105.22579956054688
2025-05-16,210.4252014160156,294.239990234375,261.2787170410156,450.6702270507813,135.21051025390625,585.9559936523438,81.59819793701172,104.84784698486328
2025-05-19,207.95501708984375,298.0299987792969,258.66162109375,455.2337646484375,135.3802947998047,586.5969848632812,81.36182403564453,103.18098449707033
2025-05-20,206.04258728027344,303.5799865722656,259.4428405761719,454.5393676757813,134.1919403076172,584.6246948242188,80.77560424804688,101.70793151855467
2025-05-21,201.2914276123047,305.82000732421875,254.91177368164065,448.9837341308594,131.61557006835938,574.7733154296875,79.3951416015625,100.45779418945312
2025-05-22,200.56431579589844,303.1099853515625,254.5505218505859,451.2555847167969,132.64410400390625,575.0001220703125,79.81117248535156,99.7891082763672
2025-05-23,194.49838256835935,309.75,254.58950805664065,446.6126403808594,131.1062469482422,571.0753784179688,79.94355010986328,99.84725189208984
2025-05-27,199.4188690185547,304.5,259.06201171875,457.0393676757813,135.31036376953125,582.9483642578125,81.05925750732422,100.32210540771484
2025-05-28,199.62803649902344,303.80999755859375,257.30426025390625,453.7357482910156,134.621337890625,579.57568359375,80.70941162109375,98.95567321777344
2025-05-29,199.15988159179688,305.6099853515625,258.16357421875,455.0453186035156,138.99520874023438,581.863525390625,81.45638275146484,99.51775360107422
2025-05-30,200.05633544921875,303.6000061035156,257.80230712890625,456.7119445800781,134.94090270996094,581.2128295898438,81.57929992675781,99.13980865478516
2025-06-02,200.90298461914065,311.6700134277344,258.4468078613281,458.3092041015625,137.187744140625,584.4866943359375,80.82006072998047,99.86663818359376
2025-06-03,202.46678161621097,308.9100036621094,260.0190124511719,459.3013000488281,141.02236938476562,587.8197631835938,80.67771911621094,100.59346771240234
2025-06-04,202.0185546875,310.8999938964844,258.0171203613281,460.1941528320313,141.7213897705078,587.6619873046875,81.98738098144531,99.13980865478516
2025-06-05,199.8372039794922,309.3299865722656,255.80039978027344,463.9739685058594,139.79409790039062,584.8218994140625,82.04431915283203,98.68431854248048
2025-06-06,203.11419677734375,305.17999267578125,259.49169921875,466.652587890625,141.5216827392578,590.8274536132812,81.00037384033203,101.04893493652344
2025-06-09,200.65396118164065,306.6199951171875,260.4779357910156,469.0038146972656,142.43040466308594,591.3599243164062,81.0857925415039,101.7273178100586
2025-06-10,201.86912536621097,306.7099914550781,262.2942810058594,467.1883239746094,143.758544921875,594.712890625,81.50337219238281,103.9078140258789
2025-06-11,197.99452209472656,308.3699951171875,261.8548583984375,468.8748474121094,142.64002990722656,593.0166625976562,81.75011444091797,105.9332504272461
2025-06-12,198.4128570556641,312.20001220703125,261.9427185058594,475.0752868652344,144.80714416503906,595.3734741210938,82.72762298583984,106.34027862548828
2025-06-13,195.67372131347656,316.2900085449219,258.73004150390625,471.1962585449219,141.7811737060547,588.7171020507812,81.9304428100586,108.6564483642578
2025-06-16,197.6359405517578,311.7799987792969,264.0129699707031,475.3431701660156,144.49754333496094,594.318359375,81.1047592163086,109.0053253173828
2025-06-17,194.8669281005859,311.94000244140625,263.19268798828125,474.25189208984375,143.9282989501953,589.2398071289062,82.0917739868164,110.4783706665039
2025-06-18,195.80320739746097,310.260009765625,267.5284729003906,476.4344482421875,145.2864990234375,589.1510009765625,82.23413848876953,109.69339752197266
2025-06-20,200.20574951171875,310.1300048828125,268.5440673828125,473.616943359375,143.65866088867188,587.7673950195312,82.08228302001953,111.15674591064452
2025-06-23,200.70376586914065,311.0799865722656,271.7372741699219,482.1488037109375,143.97824096679688,593.5730590820312,82.3479995727539,108.28817749023438
2025-06-24,199.5084991455078,306.19000244140625,274.6570739746094,486.2261962890625,147.70326232910156,600.13037109375,82.94589233398438,104.9932098388672
2025-06-25,200.76351928710935,307.1199951171875,277.3913269042969,488.3691101074219,154.10475158691406,600.4666748046875,83.05030059814453,105.02229309082033
2025-06-26,200.20574951171875,306.7799987792969,281.97125244140625,493.5080871582031,154.81381225585938,605.1646118164062,83.4678726196289,106.59224700927734
2025-06-27,200.28543090820312,301.2200012207031,280.3697509765625,492.010009765625,157.54017639160156,608.1712646484375,82.93641662597656,106.00109100341795
2025-06-30,204.35926818847656,304.8299865722656,283.1040344238281,493.4684143066406,157.77984619140625,611.0791015625,83.7525863647461,104.46989440917967
2025-07-01,206.9987945556641,307.54998779296875,283.5923156738281,488.1508483886719,153.09608459472656,610.8812866210938,83.96025848388672,105.86540222167967
2025-07-02,211.6005401611328,309.25,285.14495849609375,487.198486328125,157.0408477783203,613.6505737304688,83.42680358886719,107.61949920654295
2025-07-03,212.70616149902344,307.1400146484375,290.443603515625,494.8870544433594,159.1280517578125,618.4869995117188,82.8457260131836,108.73397827148438
2025-07-07,209.1203765869141,307.3699951171875,286.4892578125,493.77593994140625,158.02951049804688,613.8780517578125,82.05509948730469,107.67765045166016
2025-07-08,209.18014526367188,304.1600036621094,277.47174072265625,492.68463134765625,159.7871856689453,613.5418090820312,81.95030212402344,110.6624984741211
2025-07-09,210.30564880371097,305.5199890136719,277.8446350097656,499.5200500488281,162.66334533691406,617.2210083007812,82.8076171875,110.2845458984375
2025-07-10,211.57066345214844,306.20001220703125,282.7802429199219,497.5061340332031,163.88172912597656,618.9617309570312,82.86478424072266,111.379638671875
2025-07-11,210.3255920410156,309.1400146484375,281.4751281738281,499.3315734863281,164.7006378173828,616.7858276367188,81.72168731689453,111.86418914794922
2025-07-14,207.79562377929688,308.010009765625,283.2806396484375,499.033935546875,163.85177612304688,617.9627075195312,81.55021667480469,110.40084075927734
2025-07-15,208.28370666503903,306.7300109863281,281.1710205078125,501.811767578125,170.4729461669922,615.3220825195312,80.97867584228516,109.42204284667967
2025-07-16,209.32952880859375,308.260009765625,280.4546813964844,501.61334228515625,171.14205932617188,617.3792114257812,81.09298706054688,108.76304626464844
2025-07-17,209.1901092529297,307.5899963378906,284.4581298828125,507.6451721191406,172.7698974609375,621.1574096679688,81.0739517211914,108.21066284179688
2025-07-18,210.3455047607422,308.3900146484375,285.8023376464844,506.00823974609375,172.18067932128906,620.7024536132812,81.19778442382812,104.4408187866211
2025-07-21,211.6403656005859,313.1300048828125,285.5080261230469,506.0181579589844,171.1520538330078,621.87939453125,81.92171478271484,104.7121810913086
2025-07-22,213.5527801513672,316.1000061035156,285.9593811035156,501.2660827636719,166.80783081054688,621.9683837890625,82.41707611083984,105.18704223632812
2025-07-23,213.30377197265625,312.17999267578125,291.1893615722656,501.861328125,170.5528564453125,627.2598266601562,81.95983123779297,106.53410339355467
2025-07-24,212.91531372070312,310.2699890136719,290.9832458496094,506.8316650390625,173.50892639160156,627.4674682617188,81.81694793701172,107.3675308227539
2025-07-25,213.0348663330078,307.3999938964844,293.0144348144531,509.63922119140625,173.26922607421875,630.1181030273438,82.33133697509766,106.98957824707033
2025-07-28,213.20416259765625,305.4100036621094,292.6807861328125,508.4388122558594,176.51490783691406,629.9598999023438,81.79790496826172,107.99745178222656
2025-07-29,210.43516540527344,306.25,291.464111328125,508.50823974609375,175.2765350341797,628.2982177734375,83.17913818359375,109.39295959472656
2025-07-30,208.2239227294922,300.9599914550781,294.0054931640625,509.1729431152344,179.03155517578125,627.507080078125,82.75048828125,108.44324493408205
2025-07-31,206.7497711181641,302.9599914550781,290.6790771484375,529.2723999023438,177.6334228515625,625.1531982421875,82.798095703125,108.19126892089844
2025-08-01,201.5803070068359,309.1099853515625,283.93804931640625,519.956787109375,173.4889373779297,614.9065551757812,83.97520446777344,106.2530517578125
2025-08-04,202.5464630126953,310.9100036621094,288.7362365722656,531.3955078125,179.7605743408203,624.2530517578125,84.2046890258789,104.05318450927734
2025-08-05,202.11814880371097,311.1600036621094,285.9005126953125,523.5679321289062,178.02288818359375,621.0880737304688,84.462890625,103.92719268798828
2025-08-06,212.40733337402344,310.5,285.8808898925781,520.7802734375,179.1813507080078,625.845458984375,83.97520446777344,103.2197494506836
2025-08-07,219.1605529785156,313.1199951171875,281.5536804199219,516.7127685546875,180.52957153320312,625.3212280273438,83.83177185058594,102.67704010009766
2025-08-08,228.4437255859375,313.04998779296875,283.3395080566406,517.9031372070312,182.4569854736328,630.1972045898438,83.46841430664062,103.50078582763672
2025-08-11,226.53909301757812,308.54998779296875,284.1244812011719,517.6353149414062,181.81784057617188,628.9510498046875,83.56404113769531,102.56075286865234
2025-08-12,229.00210571289065,308.2699890136719,287.35272216796875,525.046142578125,182.9163818359375,635.6469116210938,83.14330291748047,102.85147857666016
2025-08-13,232.6717529296875,309.2099914550781,285.0762939453125,516.454833984375,181.3484649658203,637.82275390625,83.83177185058594,104.2760772705078
2025-08-14,232.1233062744141,307.25,288.6381530761719,518.3397216796875,181.77789306640625,637.882080078125,83.21023559570312,104.06287384033205
2025-08-15,230.93666076660156,307.42999267578125,285.0370178222656,516.0480346679688,180.20997619628903,636.388671875,82.61737823486328,104.16068267822266
2025-08-18,230.23863220214844,306.95001220703125,286.0574645996094,513.0023803710938,181.7678985595703,636.2501220703125,82.3783187866211,104.38565063476562
2025-08-19,229.9095764160156,305.2699890136719,285.203857421875,505.73040771484375,175.40638732910156,632.7984008789062,82.85643768310547,105.0703353881836
2025-08-20,225.3723907470703,308.3599853515625,286.7541809082031,501.7125854492187,175.1667022705078,631.1170043945312,83.03811645507812,106.15605926513672
2025-08-21,224.26551818847656,307.2900085449219,285.9986267089844,501.0665893554687,174.7472381591797,628.5850830078125,82.62694549560547,106.84075164794922
2025-08-22,227.1174468994141,310.5799865722656,290.6790771484375,504.037841796875,177.7532501220703,638.2382202148438,83.23892211914062,108.84590911865234
2025-08-25,226.5191650390625,309.8299865722656,289.3642578125,501.0865173339844,179.57083129882812,635.42919921875,82.99986267089844,109.29584503173828
2025-08-26,228.6630859375,312.0799865722656,292.9653625488281,498.8804931640625,181.5282287597656,638.0897827148438,82.95204162597656,109.0513153076172
2025-08-27,229.8397674560547,312.7099914550781,293.6619873046875,503.5509033203125,181.35845947265625,639.5436401367188,82.85643768310547,110.28376007080078
2025-08-28,231.90391540527344,315.0299987792969,295.41845703125,506.43267822265625,179.9303436279297,641.8085327148438,83.4014663696289,110.87062072753906
2025-08-29,231.485107421875,318.07000732421875,295.7618713378906,503.501220703125,173.94830322265625,637.98095703125,82.80863189697266,111.79006958007812
2025-09-02,229.07192993164065,325.5899963378906,294.07415771484375,501.9410705566406,170.5528564453125,633.2533569335938,82.1923828125,112.18132019042967
2025-09-03,237.79725646972656,328.1400146484375,293.8876953125,502.1696472167969,170.39305114746094,636.685302734375,83.09465789794922,109.4621353149414
2025-09-04,239.1035614013672,326.69000244140625,298.1168212890625,504.7731628417969,171.43167114257812,642.00634765625,83.72816467285156,109.94141387939452
2025-09-05,239.0137939453125,331.04998779296875,288.85400390625,491.8847961425781,166.7978515625,640.14697265625,85.00476837158203,106.84075164794922
2025-09-08,237.2089080810547,334.82000732421875,287.4115905761719,495.0646362304687,168.0861358642578,641.7195434570312,86.13738250732422,107.44718170166016
2025-09-09,233.6888732910156,334.05999755859375,292.2588806152344,495.2733154296875,170.53286743164062,643.203125,85.64786529541016,108.2296905517578
2025-09-10,226.15020751953125,335.260009765625,294.8984069824219,497.2209777832031,177.09414672851562,645.0625610351562,86.13738250732422,110.03922271728516
2025-09-11,229.3810577392578,334.760009765625,299.82415771484375,497.8569641113281,176.94430541992188,650.4231567382812,86.71331787109375,109.68709564208984
2025-09-12,233.40966796875,335.4200134277344,301.1488037109375,506.6910095214844,177.593505859375,650.2055053710938,86.3389663696289,109.7066650390625
2025-09-15,236.03224182128903,338.9100036621094,303.1014099121094,512.1166381835938,177.52357482910156,653.6671142578125,86.54054260253906,109.89250183105467
2025-09-16,237.4781494140625,339.5899963378906,303.385986328125,505.83642578125,174.65724182128906,652.7671508789062,86.72290802001953,112.17153930664062
2025-09-17,238.3157958984375,336.9700012207031,305.8979187011719,506.8102416992187,170.0730743408203,651.9561767578125,86.50214385986328,112.76819610595705
2025-09-18,237.2089080810547,335.6199951171875,307.3501892089844,505.2501525878906,176.01551818847656,655.0023803710938,85.6094741821289,111.4379425048828
2025-09-19,244.80740356445312,339.17999267578125,308.87103271484375,514.6704711914062,176.4449462890625,658.2465209960938,85.44629669189453,110.35222625732422
2025-09-22,255.35755920410156,345.04998779296875,306.57501220703125,511.21240234375,183.37612915039065,661.3607177734375,85.1391372680664,109.5697250366211
2025-09-23,253.71221923828125,346.4599914550781,306.8693542480469,506.0252685546875,178.2027130126953,657.7606201171875,85.73426055908203,111.4574966430664
2025-09-24,251.59820556640625,343.32000732421875,307.53662109375,506.9394226074219,176.74456787109375,655.6678466796875,85.40789794921875,112.0541534423828
2025-09-25,256.1453552246094,344.75,307.5660400390625,503.8390808105469,177.4636688232422,652.6429443359375,85.40789794921875,113.0616226196289
2025-09-26,254.73931884765625,346.739990234375,310.1270446777344,508.24114990234375,177.96302795410156,656.3820190429688,85.33111572265625,114.6559829711914
2025-09-29,253.71221923828125,352.4599914550781,309.76397705078125,511.36138916015625,181.6183624267578,658.2266845703125,86.03180694580078,111.72160339355467
2025-09-30,253.9116668701172,355.4700012207031,309.50885009765625,514.6903686523438,186.3423309326172,660.7061157226562,85.7822494506836,110.28376007080078
2025-10-01,254.72935485839844,356.0299987792969,304.8774719238281,516.4392700195312,187.0015106201172,662.95751953125,86.00379180908203,109.54037475585938
2025-10-02,256.40460205078125,354.7900085449219,301.7767639160156,512.4942016601562,188.64939880371097,663.7210693359375,86.25421905517578,108.8556900024414
2025-10-03,257.2920837402344,357.6400146484375,304.2102355957031,514.0940551757812,187.38099670410156,663.7112426757812,86.09046936035156,110.78260040283205
2025-10-06,255.96585083007812,364.3800048828125,304.8511047363281,525.2435302734375,185.3036651611328,666.0914916992188,85.40660858154297,111.70203399658205
2025-10-07,255.7564392089844,366.260009765625,303.3819885253906,520.682373046875,184.8042907714844,663.6219482421875,85.89783477783203,111.76072692871094
2025-10-08,257.3320007324219,372.2999877929687,299.7732238769531,521.546875,188.86911010742188,667.5791625976562,85.96525573730469,111.52597045898438
2025-10-09,253.3233184814453,365.4299926757813,301.2522277832031,519.1123657226562,192.32470703125,665.6452026367188,85.89783477783203,110.44026184082033
2025-10-10,244.57806396484375,369.1199951171875,296.67724609375,507.7443237304687,182.92669677734375,647.6542358398438,87.28483581542969,108.30794525146484
2025-10-13,246.96131896972656,378.0899963378906,303.6580810546875,510.8149108886719,188.08013916015625,657.5919189453125,87.2366714477539,109.78490447998048
2025-10-14,247.07101440429688,380.7900085449219,297.85052490234375,510.3378601074219,179.80067443847656,656.78857421875,87.51600646972656,109.83381652832033
2025-10-15,248.63658142089844,387.3900146484375,301.40997314453125,510.19879150390625,179.60093688964844,659.7044677734375,87.32337188720703,109.16868591308594
2025-10-16,246.75192260742188,396.4500122070313,294.360107421875,508.3902282714844,181.57839965820312,655.211669921875,87.97834014892578,108.21990203857422
2025-10-17,251.5782470703125,388.989990234375,293.3938293457031,510.3478698730469,182.9866180419922,658.9308471679688,87.8434829711914,109.78490447998048
2025-10-20,261.50018310546875,403.1499938964844,298.1265869140625,513.53759765625,182.4073486328125,665.7840576171875,88.18061065673828,110.23484802246094
2025-10-21,262.0287170410156,377.239990234375,292.9303894042969,514.4021606445312,180.9292449951172,665.7740478515625,88.61405181884766,110.24462890625
2025-10-22,257.72088623046875,377.2799987792969,289.99212646484375,517.2639770507812,180.05035400390625,662.3128051757812,88.67183685302734,112.2008819580078
2025-10-23,258.8476867675781,378.7900085449219,290.4161071777344,517.283935546875,181.9279632568359,666.2402954101562,88.06502532958984,113.44309997558594
2025-10-24,262.07855224609375,377.5199890136719,296.2334899902344,520.314697265625,186.02273559570312,671.6851806640625,88.10354614257812,112.8660125732422
2025-10-27,268.0516662597656,367.010009765625,299.8915710449219,528.1749877929688,191.24609375,679.6094970703125,88.40213775634766,113.40398406982422
2025-10-28,268.2411193847656,364.3800048828125,301.0845947265625,538.6585083007812,200.77392578125,681.41455078125,88.63330841064453,112.51387786865234
2025-10-29,268.93914794921875,363.0,301.2325134277344,538.1417846679688,206.7762756347656,681.7418212890625,87.73754119873047,113.90281677246094
2025-10-30,270.63433837890625,370.1300048828125,305.10748291015625,522.451171875,202.63156127929688,674.2439575195312,87.22704315185547,112.18132019042967
2025-10-31,269.6072692871094,368.1199951171875,306.7639465332031,514.5512084960938,202.23207092285156,676.4556274414062,86.96699523925781,111.8585433959961
2025-11-03,268.29095458984375,368.7799987792969,305.01873779296875,513.776123046875,206.61648559570312,677.7251586914062,86.74948120117188,111.27166748046876
2025-11-04,269.2781982421875,362.3200073242187,304.9201354980469,511.0931701660156,198.43690490722656,669.6917114257812,86.94281768798828,111.64334106445312
2025-11-05,269.3779296875,366.510009765625,307.31610107421875,503.9682312011719,194.9613494873047,672.012451171875,85.9954833984375,111.19341278076172
2025-11-06,269.0089416503906,366.0700073242187,309.0317687988281,493.9715576171875,187.84043884277344,664.8021850585938,86.76881408691406,111.99547576904295
2025-11-07,267.7126159667969,368.30999755859375,309.8106689453125,493.6933288574219,187.91030883789065,665.4567260742188,86.58515167236328,114.6559829711914
2025-11-10,268.93035888671875,378.3800048828125,312.45318603515625,502.8155517578125,198.7964630126953,675.8407592773438,86.56581115722656,115.63410186767578
2025-11-11,274.73956298828125,379.8699951171875,311.2009582519531,505.4786682128906,192.91395568847656,677.3878784179688,86.96215057373047,117.15998840332033
2025-11-12,272.9628601074219,385.989990234375,315.92388916015625,507.9232177734375,193.5531311035156,677.7647705078125,87.11682891845703,115.53629302978516
2025-11-13,272.44384765625,382.8699951171875,305.1469421386719,500.1225891113281,186.6219787597656,666.5179443359375,86.40147399902344,116.19163513183594
2025-11-14,271.9048156738281,375.9599914550781,299.3591003417969,506.9692687988281,189.92774963378903,666.408935546875,85.90847778320312,117.70126342773438
2025-11-17,266.9639892578125,371.6499938964844,296.1644592285156,504.2961730957031,186.36231994628903,660.2003173828125,86.12113952636719,116.11270141601562
2025-11-18,266.9440612792969,374.3500061035156,295.2178955078125,490.6824035644531,181.1289978027344,654.6563110351562,86.0921401977539,117.44471740722656
2025-11-19,268.06195068359375,374.9599914550781,299.02386474609375,484.0543823242187,186.28240966796875,657.1853637695312,85.91814422607422,115.78709411621094
2025-11-20,265.7562561035156,374.8500061035156,294.20233154296875,476.3088684082031,180.4098968505859,647.1683349609375,86.25647735595703,115.46148681640624
2025-11-21,270.98651123046875,374.2699890136719,293.84735107421875,470.0268249511719,178.6521453857422,653.6149291992188,86.51747131347656,115.52069091796876
2025-11-24,275.4083251953125,380.2000122070313,293.8276672363281,471.8985290527344,182.3174743652344,663.235107421875,87.01049041748047,114.42547607421876
2025-11-25,276.4563903808594,380.0799865722656,298.7576599121094,474.8752136230469,177.593505859375,669.4734497070312,87.2328109741211,112.98491668701172
2025-11-26,277.0352783203125,383.1199951171875,303.33270263671875,483.3475036621094,180.03036499023438,674.09521484375,87.61949157714844,113.241455078125
2025-11-28,278.3328857421875,387.8800048828125,308.6965026855469,489.82867431640625,176.7745361328125,677.7747192382812,87.20381927490234,114.37613677978516
2025-12-01,282.57501220703125,389.75,304.59478759765625,484.5820007324219,179.69081115722656,674.6803588867188,86.11824035644531,115.0766830444336
2025-12-02,285.6592712402344,387.239990234375,303.5693359375,487.82757568359375,181.22886657714844,675.9300537109375,86.15704345703125,113.84333038330078
2025-12-03,283.623046875,386.8800048828125,307.7598571777344,475.6119689941406,179.3612518310547,678.2706298828125,86.39958190917969,116.2311019897461
2025-12-04,280.179443359375,387.1300048828125,311.6742248535156,478.7081604003906,183.15660095214844,678.7664794921875,85.93392944335938,115.57988739013672
2025-12-05,278.26300048828125,386.44000244140625,310.6290588378906,481.0178833007813,182.1877899169922,680.0557861328125,85.53617095947266,114.9878921508789
2025-12-08,277.3746643066406,385.4200134277344,310.79669189453125,488.8430480957031,185.323974609375,678.0127563476562,85.25482940673828,114.43534088134766
2025-12-09,276.66595458984375,387.3999938964844,296.30255126953125,489.8385925292969,184.7446746826172,677.427490234375,85.3421401977539,116.67510986328124
2025-12-10,278.26300048828125,389.0499877929687,305.7680969238281,476.4382629394531,183.55612182617188,681.92041015625,85.67198181152344,117.94792938232422
2025-12-11,277.514404296875,393.239990234375,312.9363098144531,481.3265075683594,180.70957946777344,683.5072021484375,85.55558776855469,117.94792938232422
2025-12-12,277.7639465332031,395.44000244140625,314.0603332519531,476.4084167480469,174.80679321289062,676.1580810546875,84.73096466064453,117.23751831054688
2025-12-15,273.6016540527344,395.7999877929687,315.5393371582031,472.7148742675781,176.07522583007812,675.1365356445312,84.78916931152344,116.19164276123048
2025-12-16,274.1007385253906,395.8900146484375,311.1319274902344,474.2779235839844,177.5034942626953,673.2918701171875,85.25482940673828,113.15265655517578
2025-12-17,271.33587646484375,399.2900085449219,310.5699157714844,474.0090942382813,170.73175048828125,665.8832397460938,85.17720794677734,115.84630584716795
2025-12-18,271.68524169921875,398.5700073242187,308.6176452636719,481.8342590332031,173.9278564453125,670.9114990234375,85.58468627929688,114.9878921508789
2025-12-19,273.1625061035156,399.0199890136719,312.7686767578125,483.7656555175781,180.76953125,676.9923095703125,85.26522827148438,115.1358871459961
2025-12-22,270.4674987792969,408.2300109863281,318.56634521484375,482.7701110839844,183.4662322998047,681.2098999023438,85.08019256591797,116.57644653320312
2025-12-23,271.85491943359375,413.6400146484375,321.3665771484375,484.6915588378906,188.97952270507812,684.3233032226562,85.21653747558594,117.82952880859376
2025-12-24,273.3022155761719,411.9299926757813,324.5612487792969,485.8563232421875,188.38023376464844,686.7305297851562,85.73271179199219,117.63218688964844
2025-12-26,272.8929748535156,416.739990234375,323.31890869140625,485.5477294921875,190.2978973388672,686.660888671875,85.45027160644531,117.5236587524414
2025-12-29,273.2523498535156,398.6000061035156,319.2171325683594,484.9404296875,187.99070739746097,684.2138671875,85.77166748046875,118.92474365234376
2025-12-30,272.5735778808594,398.8900146484375,318.8917541503906,485.3187561035156,187.31153869628903,683.3783569335938,85.56714630126953,119.3786163330078
2025-12-31,271.3558349609375,396.30999755859375,317.70855712890625,481.4758605957031,186.27279663085935,678.3152465820312,84.88542938232422,118.73727416992188
2026-01-02,270.5074157714844,398.2799987792969,320.92291259765625,470.84320068359375,188.6199493408203,679.55859375,84.75879669189453,121.01651763916016
2026-01-05,266.7643737792969,408.760009765625,329.363037109375,470.7536010742187,187.89083862304688,684.0845336914062,85.1775894165039,123.69042205810548
2026-01-06,261.8734436035156,413.1799926757813,331.41326904296875,476.3885192871094,187.0119171142578,688.1529541015625,85.00228118896484,119.43782043457033
2026-01-07,259.8471984863281,409.2300109863281,323.8660583496094,481.3265075683594,188.8796234130859,685.9347534179688,85.49897003173828,116.9119110107422
2026-01-08,258.55963134765625,411.489990234375,326.63934326171875,475.9902648925781,184.8145751953125,685.8651123046875,85.07044982910156,121.27305603027344
2026-01-09,258.8890075683594,414.4700012207031,326.0450744628906,477.1550903320313,184.63479614257812,690.4010009765625,85.63532257080078,122.95040893554688
2026-01-12,259.76739501953125,422.2300109863281,321.3899841308594,475.06439208984375,184.71470642089844,691.4852294921875,85.3821029663086,122.3781280517578
2026-01-13,260.5658874511719,421.6300048828125,307.9298095703125,468.5832824707031,185.58364868164065,690.1026000976562,85.52819061279297,124.85469818115234
2026-01-14,259.4779052734375,425.94000244140625,304.9287414550781,457.3433532714844,182.9169006347656,686.7106323242188,86.02489471435547,128.4659423828125
2026-01-15,257.73114013671875,423.3299865722656,306.30548095703125,454.6354064941406,186.82212829589844,688.5806884765625,86.0053939819336,127.41020965576172
2026-01-16,255.05613708496097,421.2900085449219,309.48480224609375,457.8211975097656,186.0031280517578,688.0037231445312,85.50870513916016,128.1600799560547
2026-01-20,246.2425079345703,437.2300109863281,299.8477478027344,452.5048522949219,177.85308837890625,673.9981689453125,84.38872528076172,128.72250366210938
2026-01-21,247.1907501220703,443.6000061035156,299.15447998046875,442.1409912109375,183.09669494628903,681.77685546875,85.031494140625,131.83055114746094
2026-01-22,247.8894500732422,451.7900085449219,300.729248046875,449.1398620605469,184.6148223876953,685.3379516601562,85.4015884399414,131.8601531982422
2026-01-23,247.58001708984375,458.0,294.875732421875,463.8841857910156,187.44137573242188,685.5865478515625,85.63532257080078,133.17242431640625
2026-01-26,254.9363555908203,464.7000122070313,298.1640319824219,468.1949768066406,186.2428436279297,689.0680541992188,86.04435729980469,133.0441436767578
2026-01-27,257.791015625,476.1000061035156,297.44097900390625,478.4493408203125,188.29034423828125,691.8134765625,85.50870513916016,135.00765991210938
2026-01-28,255.96446228027344,494.55999755859375,297.89654541015625,479.4946594238281,191.28668212890625,691.7438354492188,85.31392669677734,135.74766540527344
2026-01-29,257.801025390625,495.8999938964844,303.49261474609375,431.57806396484375,192.2754821777344,690.3711547851562,85.33340454101562,138.63864135742188
2026-01-30,258.9988098144531,444.9500122070313,302.9676818847656,428.3822937011719,190.8971710205078,688.3120727539062,84.85619354248047,139.51678466796875
2026-02-02,269.5093078613281,427.1300048828125,305.1961669921875,421.4929809570313,185.3838806152344,691.7339477539062,84.6137466430664,136.55674743652344
2026-02-03,268.98028564453125,454.2900085449219,311.8420715332031,409.3868713378906,180.12030029296875,685.885009765625,84.81904602050781,141.81576538085938
2026-02-04,275.97723388671875,453.9700012207031,314.23895263671875,412.3536987304687,173.97781372070312,682.5626831054688,84.60397338867188,145.6243438720703
2026-02-05,275.3983459472656,441.8800048828125,307.1968688964844,391.9246520996094,171.67062377929688,674.0379638671875,85.52294921875,144.13446044921875
2026-02-06,277.6042175292969,455.4599914550781,319.3199462890625,399.3615417480469,185.18414306640625,686.96923828125,85.58159637451172,147.06491088867188
2026-02-09,274.3672180175781,467.0299987792969,319.0228271484375,411.7662963867187,189.80848693847656,690.2816772460938,85.56204223632812,149.19615173339844
2026-02-10,273.4280700683594,462.3999938964844,315.2392883300781,411.437744140625,188.3103179931641,688.4613037109375,86.54945373535156,149.57107543945312
2026-02-11,275.24639892578125,467.6300048828125,307.8505554199219,402.5771789550781,189.81849670410156,688.3021850585938,86.0899658203125,153.4882049560547
2026-02-12,261.4891052246094,451.3900146484375,299.7487487792969,400.0584106445313,186.7122802734375,677.668701171875,87.2337875366211,148.91920471191406
2026-02-13,255.5445556640625,462.6199951171875,299.6595764160156,399.5407409667969,182.58729553222656,678.1461181640625,87.71283721923828,147.44918823242188
2026-02-17,263.6371154785156,448.2000122070313,304.1958312988281,395.1004943847656,184.7446746826172,679.2402954101562,87.85948181152344,145.20443725585938
2026-02-18,264.106689453125,458.2799987792969,305.8300476074219,397.8283386230469,187.75099182128903,682.662109375,87.5270767211914,149.66415405273438
2026-02-19,260.3401184082031,459.55999755859375,305.10699462890625,397.5988464355469,187.6710968017578,680.8616333007812,87.61506652832031,149.95220947265625
2026-02-20,264.3364562988281,468.6199951171875,307.82086181640625,396.37152099609375,189.5887756347656,685.7855834960938,87.4097671508789,146.28707885742188
2026-02-23,265.9349670410156,481.2799987792969,294.8262023925781,383.6390686035156,191.316650390625,678.7827758789062,87.73236846923828,149.74362182617188
2026-02-24,271.8895263671875,474.6099853515625,294.459716796875,388.1593017578125,192.61508178710935,683.7164916992188,87.88880157470703,148.25372314453125
2026-02-25,273.97760009765625,473.4200134277344,300.40240478515625,399.7342224121094,195.32176208496097,689.4859008789062,87.8985824584961,148.05508422851562
2026-02-26,272.6987609863281,477.4800109863281,303.20538330078125,400.851806640625,184.66476440429688,685.6561889648438,88.25052642822266,147.53857421875
2026-02-27,263.93682861328125,483.75,297.4310607910156,391.8912048339844,176.97415161132812,682.3637084960938,88.78821563720703,151.47189331054688
2026-03-02,264.476318359375,490.0,294.7172546386719,397.6886291503906,182.25770568847656,682.751708984375,87.89659881591797,153.1802978515625
2026-03-03,263.5072326660156,468.1400146484375,297.3914489746094,403.0570068359375,179.83065795898438,676.7337036132812,87.72004699707031,150.80641174316406
2026-03-04,262.2783508300781,471.7999877929687,296.52978515625,404.32427978515625,182.8170166015625,681.5082397460938,87.44539642333984,148.80996704101562
2026-03-05,260.0504150390625,466.1300048828125,290.74554443359375,409.79241943359375,183.11663818359375,677.70849609375,87.09228515625,149.74362182617188
2026-03-06,257.2229919433594,473.510009765625,286.7144470214844,408.0761413574219,177.6033935546875,668.82568359375,86.76858520507812,150.1905975341797
2026-03-09,259.6407775878906,472.5299987792969,287.1502685546875,408.5251770019531,182.427490234375,674.6845703125,87.52386474609375,149.42578125
2026-03-10,260.58990478515625,477.8599853515625,285.97161865234375,404.8830871582031,184.54490661621097,673.6002807617188,86.592041015625,147.13136291503906
2026-03-11,260.5699157714844,476.239990234375,284.77313232421875,404.0049743652344,185.8134307861328,672.7548217773438,85.47383117675781,150.55809020996094
2026-03-12,255.52456665039065,466.8800048828125,280.1874084472656,400.9914855957031,182.9268035888672,662.5390625,85.30707550048828,152.4949493408203
2026-03-13,249.8897705078125,460.8399963378906,280.7321472167969,394.6951293945313,180.0401611328125,658.7890014648438,84.88530731201172,155.06747436523438
2026-03-16,252.58729553222656,460.4299926757813,283.4261474609375,399.0856323242187,183.0067138671875,665.493408203125,85.54249572753906,156.1699981689453
2026-03-17,253.99598693847656,459.2699890136719,284.1492004394531,398.5467834472656,181.71820068359375,667.2440185546875,85.77790832519531,157.73934936523438
2026-03-18,249.70994567871097,444.739990234375,284.9910583496094,390.9432678222656,180.1899871826172,657.9335327148438,85.2972640991211,156.52757263183594
2026-03-19,248.73085021972656,426.4100036621094,285.2188415527344,388.1792297363281,178.3521270751953,656.3121948242188,85.81714630126953,157.09373474121094
2026-03-20,247.76173400878903,413.3800048828125,283.8223571777344,381.0447082519531,172.4989471435547,646.9034423828125,84.18888092041016,158.5935516357422
2026-03-23,251.25851440429688,404.0400085449219,287.14031982421875,382.1722717285156,175.43553161621094,653.6959228515625,84.73817443847656,160.04371643066406
2026-03-24,251.4083709716797,404.1300048828125,289.6065368652344,371.9344177246094,174.99603271484375,651.5015869140625,84.36544036865234,164.2650604248047
2026-03-25,252.3874664306641,416.2900085449219,292.59771728515625,370.2381286621094,178.47198486328125,655.1322021484375,85.17955780029297,162.1593475341797
2026-03-26,252.6572265625,400.6400146484375,288.8736267089844,365.1790771484375,171.04066467285156,643.432373046875,84.4635238647461,164.31471252441406
2026-03-27,248.57098388671875,414.7000122070313,280.13787841796875,355.9989318847656,167.32498168945312,632.4606323242188,84.00250244140625,169.8372344970703
2026-03-30,246.40298461914065,414.5799865722656,281.0589904785156,358.1842041015625,164.97772216796875,630.3460693359375,85.12071228027344,170.31399536132812
2026-03-31,253.5563812255859,430.2900085449219,291.3497314453125,369.3699951171875,174.1969757080078,648.6688842773438,85.03243255615234,168.51620483398438
2026-04-01,255.3946990966797,437.8200073242187,292.5580749511719,368.57171630859375,175.54541015625,653.5562744140625,84.94872283935547,159.69607543945312
2026-04-02,255.68443298339844,429.4100036621094,291.7855224609375,372.6528625488281,177.18348693847656,654.144775390625,85.47067260742188,159.60667419433594
2026-04-06,258.6217041015625,427.6499938964844,294.125,372.0741271972656,177.43319702148438,657.23681640625,85.33279418945312,162.2686004638672
2026-04-07,253.26666259765625,431.80999755859375,296.0662536621094,371.48541259765625,177.89266967773438,657.5260009765625,85.32295227050781,162.8049774169922
2026-04-08,258.66168212890625,434.5299987792969,306.5888366699219,373.52099609375,181.8680419921875,674.27294921875,85.59868621826172,155.16680908203125
2026-04-09,260.2502136230469,437.9100036621094,308.938232421875,372.26373291015625,183.69590759277344,678.162841796875,85.38203430175781,153.99476623535156
2026-04-10,260.240234375,437.1300048828125,308.4803161621094,370.0684814453125,188.4104156494141,677.7140502929688,85.17522430419922,151.4818115234375
2026-04-13,258.96142578125,435.3599853515625,312.2732238769531,383.539306640625,189.0896148681641,684.3369750976562,85.4312744140625,151.61094665527344
2026-04-14,258.59173583984375,445.0899963378906,309.7247009277344,392.2604064941406,196.28123474121097,692.675537109375,85.88428497314453,148.23387145996094
2026-04-15,266.18475341796875,440.4599914550781,304.5579833984375,410.3312683105469,198.63848876953125,698.1414184570312,85.51006317138672,148.0054168701172
2026-04-16,263.15753173828125,440.0799865722656,308.5599670410156,419.3517456054687,198.1190948486328,699.8569946289062,84.96842193603516,150.9553985595703
2026-04-17,269.98126220703125,445.9299926757813,308.8984375,421.8762817382813,201.44520568847656,708.3152465820312,85.74640655517578,145.45274353027344
2026-04-20,272.79864501953125,442.0899963378906,315.5683898925781,417.1664733886719,201.82476806640625,706.8988037109375,85.72671508789062,146.6843719482422
2026-04-21,265.9250183105469,429.5700073242187,311.5962829589844,423.2433166503906,199.64732360839844,702.2708129882812,85.2540054321289,147.35980224609375
2026-04-22,272.9185791015625,435.260009765625,311.6161804199219,431.984375,202.26426696777344,709.3825073242188,85.42142486572266,148.4921112060547
2026-04-23,273.1783142089844,431.0400085449219,310.29217529296875,414.8514709472656,199.4075927734375,706.6295776367188,85.23432159423828,149.51516723632812
2026-04-24,270.81048583984375,433.25,306.8974609375,423.7023010253906,208.0275421142578,712.10546875,85.39188385009766,147.90609741210938
2026-04-27,267.3636474609375,429.8900146484375,310.232421875,423.9018859863281,216.3578338623047,713.332275390625,84.96842193603516,147.19094848632812
2026-04-28,270.4608154296875,421.9100036621094,310.0532531738281,428.3222961425781,212.92184448242188,709.8612060546875,85.05705261230469,149.5449676513672
2026-04-29,269.92132568359375,417.4100036621094,307.86309814453125,423.5426330566406,209.00640869140625,709.7515258789062,84.39723205566406,153.62725830078125
2026-04-30,271.1002502441406,423.6600036621094,311.82525634765625,406.8987121582031,199.33767700195312,716.8132934570312,84.3184585571289,153.28955078125
2026-05-01,279.88214111328125,423.1799926757813,311.06866455078125,413.5443115234375,198.2189788818359,718.7982177734375,84.61992645263672,151.72019958496094
2026-05-04,276.5751647949219,414.7099914550781,306.270263671875,412.72607421875,198.2489318847656,716.1649780273438,83.9774398803711,152.65386962890625
2026-05-05,283.9184265136719,418.2699890136719,308.0124206542969,410.4909362792969,196.271240234375,721.9102172851562,84.44200897216797,153.83584594726562
2026-05-06,287.245361328125,430.9599914550781,313.4877624511719,413.0653381347656,207.5880584716797,731.9443359375,85.0844955444336,147.6875762939453
2026-05-07,287.1754150390625,431.6799926757813,304.8964538574219,419.8606262207031,211.2537841796875,729.7001342773438,84.65946197509766,145.591796875
2026-05-08,293.0500183105469,433.7699890136719,300.74517822265625,414.2228393554687,214.9494781494141,735.724609375,85.0844955444336,143.59535217285156
2026-05-11,292.67999267578125,434.6499938964844,298.6545715332031,411.7681579589844,219.18453979492188,737.4002685546875,84.57050323486328,148.6708984375
2026-05-12,294.79998779296875,432.9299926757813,303.5126953125,406.8887023925781,220.52297973632812,736.2831420898438,84.00708770751953,149.614501953125
2026-05-13,298.8699951171875,430.5,298.9034729003906,404.3342590332031,225.56710815429688,740.4025268554688,83.81929779052734,150.5481719970703
2026-05-14,298.2099914550781,427.2099914550781,298.56500244140625,408.5451354980469,235.465576171875,746.2474975585938,83.93790435791016,151.75
2026-05-15,300.2300109863281,417.2900085449219,296.4743957519531,421.0081481933594,225.0577087402344,737.2706298828125,82.6924819946289,157.9199981689453
2026-05-18,297.8399963378906,418.4299926757813,299.3813171386719,422.6246643066406,222.0612030029297,736.751953125,82.5936279296875,160.49000549316406
2026-05-19,298.9700012207031,411.5,294.3738708496094,416.5178833007813,220.35317993164065,731.8446044921875,82.05987548828125,162.5500030517578
2026-05-20,302.25,417.3999938964844,300.625732421875,420.1499938964844,223.20985412597656,739.3452758789062,82.93958282470703,156.27999877929688
2026-05-21,304.989990234375,416.989990234375,301.6411437988281,419.0899963378906,219.25445556640625,740.8114624023438,83.2459945678711,155.2899932861328
2026-05-22,308.82000732421875,413.8200073242187,305.0059814453125,418.5700073242187,215.0793304443359,743.7239990234375,83.70067596435547,154.9199981689453
2026-05-26,308.3299865722656,414.0,305.3643493652344,416.0299987792969,214.60987854003903,748.6613159179688,84.1158218383789,149.80999755859375
2026-05-27,310.8500061035156,408.489990234375,297.93780517578125,412.6700134277344,212.35250854492188,748.5316162109375,84.31350708007812,147.89999389648438
2026-05-28,312.510009765625,412.7699890136719,295.3992614746094,426.989990234375,214.0005798339844,752.6609497070312,84.74842071533203,146.9600067138672
2026-05-29,312.05999755859375,417.1199951171875,297.9676818847656,450.239990234375,210.8942108154297,754.5361328125,84.76819610595703,145.25999450683594
2026-06-01,306.30999755859375,411.260009765625,295.2499084472656,460.5199890136719,224.09881591796875,756.5908203125,84.8138427734375,149.3800048828125
2026-06-02,315.20001220703125,411.9500122070313,299.6102600097656,441.30999755859375,222.56060791015625,757.6182250976562,84.9924545288086,149.55999755859375
2026-06-03,310.260009765625,407.8699951171875,299.50079345703125,427.3399963378906,214.5,752.3018798828125,84.65506744384766,152.52999877929688
2026-06-04,311.2300109863281,411.2699890136719,309.4957580566406,428.0499877929687,218.66000366210935,755.1445922851562,84.8436050415039,152.0399932861328
2026-06-05,307.3399963378906,396.239990234375,310.9691162109375,416.6700134277344,205.1000061035156,735.65478515625,84.406982421875,149.9199981689453
2026-06-08,301.5400085449219,397.2699890136719,309.7147521972656,411.739990234375,208.63999938964844,737.3204345703125,83.97036743164062,151.75
2026-06-09,290.54998779296875,390.7799987792969,311.2976379394531,403.4100036621094,208.19000244140625,735.1560668945312,84.4665298461914,148.91000366210938
2026-06-10,291.5799865722656,374.5799865722656,307.75360107421875,397.3599853515625,200.4199981689453,723.56591796875,84.22836303710938,150.6199951171875
2026-06-11,295.6300048828125,386.3200073242187,312.0840759277344,390.3399963378906,204.8699951171875,735.8642578125,85.31993103027344,146.60000610351562
2026-06-12,291.1300048828125,386.5400085449219,319.28167724609375,390.739990234375,205.19000244140625,739.843994140625,85.11153411865234,147.00999450683594
2026-06-15,296.4200134277344,396.5499877929687,317.96759033203125,399.760009765625,212.4499969482422,752.890380859375,85.06192016601562,140.9199981689453
2026-06-16,299.239990234375,397.6300048828125,329.6549377441406,393.8299865722656,207.41000366210935,748.4019775390625,85.52831268310547,141.86000061035156
2026-06-17,295.95001220703125,388.6000061035156,331.9645080566406,378.9100036621094,204.6499938964844,739.0560302734375,85.66724395751953,140.74000549316406
2026-06-18,298.010009765625,387.1199951171875,323.761474609375,379.3999938964844,210.69000244140625,746.739990234375,86.08401489257812,137.80999755859375
2026-06-22,297.010009765625,384.5899963378906,329.993408203125,367.3399963378906,208.6499938964844,744.3900146484375,85.4290771484375,138.47000122070312
2026-06-23,294.29998779296875,377.3200073242187,332.6414794921875,373.94000244140625,200.0399932861328,733.5800170898438,85.5382308959961,139.72999572753906
2026-06-24,293.0799865722656,365.9200134277344,331.95458984375,365.4599914550781,199.0,733.239990234375,86.70916748046875,136.89999389648438
2026-06-25,275.1499938964844,369.4599914550781,333.6170654296875,352.8299865722656,195.7400054931641,734.2999877929688,86.67940521240234,137.5500030517578
2026-06-26,283.7799987792969,373.6300048828125,327.57427978515625,372.9700012207031,192.52999877929688,728.989990234375,86.6893310546875,136.5399932861328
2026-06-29,281.739990234375,368.5799865722656,327.91278076171875,368.5700073242187,194.97000122070312,741.0,86.77864074707031,136.05999755859375
2026-06-30,289.3599853515625,368.3800048828125,325.86199951171875,373.0199890136719,200.08999633789065,746.77001953125,85.75653839111328,136.72000122070312
2026-07-01,294.3800048828125,370.6000061035156,332.5718078613281,384.2799987792969,197.5800018310547,745.760009765625,85.1768798828125,136.27999877929688
2026-07-02,308.6300048828125,378.1300048828125,332.9700012207031,390.489990234375,194.8300018310547,744.780029296875,85.16692352294922,137.08999633789062
2026-07-06,312.6600036621094,382.1300048828125,337.7200012207031,386.739990234375,195.5500030517578,751.280029296875,85.1071548461914,136.44000244140625
2026-07-07,310.6600036621094,377.489990234375,339.2200012207031,388.8399963378906,196.92999267578125,747.7100219726562,84.21077728271484,141.69000244140625
2026-07-08,313.3900146484375,374.4500122070313,330.6199951171875,383.3399963378906,204.1199951171875,745.4000244140625,84.02153778076172,141.1300048828125
2026-07-09,316.2200012207031,378.1799926757813,335.4700012207031,384.3599853515625,202.77999877929688,751.7100219726562,84.15100860595703,137.4600067138672
2026-07-10,315.32000732421875,377.010009765625,336.4700012207031,385.1000061035156,210.9600067138672,754.9500122070312,84.13109588623047,138.8800048828125
2026-07-13,317.30999755859375,367.1300048828125,334.5299987792969,390.989990234375,203.52999877929688,749.1699829101562,83.63310241699219,144.50999450683594
2026-07-14,314.8599853515625,372.1499938964844,342.8900146484375,384.9299926757813,211.8000030517578,751.8300170898438,83.74266052246094,145.08999633789062
2026-07-15,327.5,372.3500061035156,346.9100036621094,395.6300048828125,212.5,754.8099975585938,83.90201568603516,144.50999450683594
2026-07-16,333.260009765625,364.9599914550781,343.1499938964844,401.1000061035156,207.3999938964844,750.719970703125,83.87213134765625,145.9499969482422
2026-07-17,333.739990234375,368.4100036621094,341.1000061035156,393.8200073242187,202.80999755859375,743.2899780273438,84.1808853149414,147.36000061035156
2026-07-20,326.5899963378906,367.6000061035156,338.8699951171875,402.2900085449219,203.27999877929688,742.0900268554688,83.55342102050781,148.36000061035156
2026-07-21,327.739990234375,374.80999755859375,345.2300109863281,397.75,207.2899932861328,748.280029296875,83.32434844970703,151.7100067138672
2026-07-22,325.8900146484375,379.1199951171875,348.2099914550781,390.3399963378906,212.05999755859375,747.4099731445312,83.105224609375,154.4499969482422
2026-07-23,321.6600036621094,371.5199890136719,349.8999938964844,381.5799865722656,208.7599945068359,738.1799926757812,82.8363037109375,156.88999938964844
2026-07-24,333.0199890136719,371.8999938964844,353.2099914550781,381.7000122070313,206.83999633789065,738.9299926757812,82.91598510742188,156.94000244140625
2026-07-27,336.9100036621094,374.6300048828125,356.20001220703125,389.1000061035156,196.5099945068359,739.0900268554688,83.41397857666016,154.77000427246094
2026-07-28,340.0799865722656,369.3699951171875,357.30999755859375,393.3500061035156,197.0099945068359,740.8599853515625,83.90201568603516,153.0399932861328
2026-07-29,338.19000244140625,371.0799865722656,344.7099914550781,390.5400085449219,190.0099945068359,729.4600219726562,82.51759338378906,156.75
2026-07-30,333.42999267578125,377.1600036621094,350.8500061035156,451.1000061035156,195.0399932861328,741.6900024414062,82.4677963256836,156.97000122070312
2026-07-31,308.9100036621094,371.5400085449219,351.7900085449219,464.7200012207031,200.75,747.030029296875,81.91999816894531,155.44000244140625
2026-08-03,303.4200134277344,371.7099914550781,352.6400146484375,487.6499938964844,206.63999938964844,757.6699829101562,82.19000244140625,155.05999755859375
2026-08-04,309.3800048828125,374.1600036621094,357.5199890136719,492.80999755859375,211.94000244140625,771.3300170898438,82.81999969482422,153.9600067138672
2026-08-05,311.0,389.6400146484375,359.239990234375,487.4599914550781,219.22000122070312,769.7899780273438,83.0,151.6300048828125
2026-08-06,312.4100036621094,389.6700134277344,356.29998779296875,499.8599853515625,218.9900054931641,768.5599975585938,82.5199966430664,154.83999633789062
2026-08-07,313.3299865722656,398.4700012207031,357.5199890136719,499.989990234375,223.9600067138672,773.260009765625,82.76000213623047,153.0399932861328
