Date,AAPL,GLD,JPM,MSFT,NVDA,SPY,TLT,XOM
2015-01-05,-0.028576235831369718,0.014964618775983719,-0.03153714634244783,-0.009238271760493242,-0.017034719806796654,-0.01822469007029471,0.01558583299615792,-0.027743193212050616
2015-01-06,9.466911104471147e-05,0.011334482171420189,-0.02627106808993535,-0.014785870240730135,-0.03078734071770693,-0.009463559808330625,0.017857203960812234,-0.005330343423734771
2015-01-07,0.013924486786684617,-0.005908836993974954,0.0015246541480306605,0.01262512963176269,-0.002608974170932661,0.012384153638177185,-0.0019767372548039532,0.01008154695568249
2015-01-08,0.0377025157132944,-0.0042173997009502945,0.022100630391831758,0.02899357372284612,0.036927457300153295,0.01758884782874882,-0.013331936217766412,0.016507348403790697
2015-01-09,0.0010720789246529076,0.011320872784881022,-0.01754021713236256,-0.008440568850163022,0.004020070180850968,-0.008045303817810922,0.010893170605822868,-0.0014103365683253457
2015-01-12,-0.024949655862556215,0.011025431201653892,-0.008631510689434458,-0.012581401156975928,-0.012616925030658536,-0.007864403828637075,0.00570611496476962,-0.0194055686291583
2015-01-13,0.00883982563279774,-0.0033794717396937453,0.00017018756337624106,-0.0051633369762321924,-0.0015250095819425082,-0.002816681101828149,0.0,-0.0036592407209740034
2015-01-14,-0.0038179024980320633,-0.0016093040146014643,-0.03510938005599422,-0.008665382116037927,0.004061199471637786,-0.006055604389651428,0.007557459105902045,-0.0028933942834466968
2015-01-15,-0.027515036228747083,0.02486420983066415,-0.03256145059815194,-0.01049899467704166,-0.007117325126055395,-0.009202751757798862,0.015612828820607673,-0.008729640401225171
2015-01-16,-0.007800972271783531,0.01297967953352017,0.01694982796743565,0.01657223879017106,0.01820063560554016,0.013028951186743716,-0.012831265325374534,0.023990197834259628
2015-01-20,0.025431084724283317,0.013618890362551296,-0.003941728046289017,0.0032387606194753857,0.0030013985646454118,0.00213030793201882,0.013202020218322608,-0.0003294111579233029
2015-01-21,0.00760567210114519,0.00024156831944978564,0.0032260113242250105,-0.010183049384633032,0.013888775878760163,0.00503537477759823,-0.011626448552339031,0.008526652188924278
2015-01-22,0.025682327470461057,0.008017360134577187,0.029963617189163898,0.026009160279990423,0.017095004417680405,0.01476163808865315,-0.0036047349191562768,0.010826254336617096
2015-01-23,0.005147139196342431,-0.008017360134577146,-0.015927468373688903,0.001060132059550102,0.0029010144784506445,-0.005497864288727308,0.013822160937834725,-0.021550758403444448
2015-01-26,0.0010615888715326143,-0.010031679362329654,0.001586473303937774,-0.003609770572505324,-0.004355075794360269,0.0023389671493396482,-0.003046862547448781,0.009526655838652547
2015-01-27,-0.03564073441588997,0.011399158685807192,-0.010091632933695624,-0.097098390653864,-0.04920264953566043,-0.013278140589041662,0.0015617058664402542,-0.008866970066827264
2015-01-28,0.054992686456591,-0.00790903451402992,-0.026139104323060207,-0.03506648632765097,-0.01643602575302499,-0.012907307439360145,0.01621573365039449,-0.0335412656730059
2015-01-29,0.030658433216132975,-0.02178803552843412,0.016663838204981615,0.019712610741386485,0.024048490087690375,0.009200872617214802,-0.006601486738034917,-0.00421606186776782
2015-01-30,-0.014742087581189982,0.022031068542067805,-0.023444659365339626,-0.03907788024405032,-0.029761056067333876,-0.012654213873499125,0.01758242971820022,-0.0018282275486068316
2015-02-02,0.01246883331201641,-0.008378450604819716,0.01984594545227786,0.021547926721478698,0.02163912915143313,0.012307817084912163,-0.003782798772036597,0.02440818443830476
2015-02-03,0.00016848312805561224,-0.011254031870982307,0.022284336779111128,0.007722274771419004,0.0246680076513737,0.01435750762717899,-0.021393801827995607,0.029369858286570814
2015-02-04,0.007640252581137508,0.004368788786280421,-0.006012519129703675,0.0057523382374432015,0.0024829780191055724,-0.003815190603916121,0.0017072344934600588,-0.008600457936892996
2015-02-05,0.007112343946961261,0.0017257602352123193,0.0068937953154286965,0.014474316251135351,0.016236476600101322,0.01004434841874788,-0.011039800364262015,0.009792350310634934
2015-02-06,-0.008456652417173072,-0.026204564931172653,0.019536558243685328,-0.000942995663141373,-0.004402122002338717,-0.002768927747921468,-0.017860546831844164,-0.0018564616511551962
2015-02-09,0.006620644248294662,0.004457337052542182,-0.0012100618613367523,-0.0011794393330596185,-0.0009804526858616304,-0.00448603169570869,-0.001604441822227317,0.0006554336041340303
2015-02-10,0.01902928235130567,-0.0058912554670822355,0.011008079921779285,0.005649530171125811,0.027584527439004226,0.010597185966815595,-0.00798622031155081,-0.006024913187282578
2015-02-11,0.02316819583347753,-0.01188773038576783,-0.0015406640569227028,-0.0051773117196796,-0.00670505008915621,0.0005798931030389363,0.0018489103236600487,-0.004515013669265377
2015-02-12,0.012572796495346605,0.0023036284035265445,0.020350221978709563,0.01661438195068208,0.06915333985016225,0.009570934611807276,-0.0033146402209497873,0.019348087582746754
2015-02-13,0.004890688397323715,0.005439474740014081,0.0016772981186127635,0.017939608580456495,0.000448137713225545,0.004107704569778872,-0.01032193713324724,0.010767787953109344
2015-02-17,0.0058846856141497195,-0.016838734326833322,0.0071804520132129224,0.0004589385794347924,0.003132464705247397,0.00157192138763437,-0.015170142307639772,-0.003432950864991437
2015-02-18,0.006938137668836423,0.0028404943034607286,-0.01222081002339976,-0.0011478441473373867,-0.011685549038658585,9.530048187576521e-05,0.005922846834833129,-0.022167911001599244
2015-02-19,-0.002099872441666678,-0.0034440700358847392,-0.0023608896336395407,-0.0006893804859765295,0.002708879584227692,-0.0007140073743465335,-0.006636254670697377,-0.017401075952818718
2015-02-20,0.008141142589665267,-0.005708895866845093,0.009577494451610916,0.008241873252634377,0.007187636843200293,0.005982523616355541,0.0029284506327743346,0.005352058356627261
2015-02-23,0.026668435510664966,0.0013003471683988895,-0.007553708082465421,0.0065900670140023095,-0.00808993125957925,-0.0001420279760768396,0.011393930335200758,-0.010171882965939278
2015-02-24,-0.006260462598612125,-0.0014738237281033374,0.024466471768126517,-0.0013599559521109302,0.010589617195727239,0.0028367339136381614,0.013040324858334918,0.004595895561422772
2015-02-25,-0.025905713668560794,0.003810143280624359,0.005247830650115023,-0.002270812764160879,-0.007649585011984319,-0.0008502628408848891,0.004309956914367055,0.0020106754902922204
2015-02-26,0.012576951433486904,0.003192846928133444,0.007170777681782871,0.0015900899524566295,0.0027062251946699473,-0.0011815337660076542,-0.013763074167598713,-0.01065884803191642
2015-02-27,-0.015142620348823101,0.000775127851616969,-0.004883557303898756,-0.004777162664125954,-0.006325506381950394,-0.0034124232998061304,0.00837318559797505,-0.001241759928996883
2015-03-02,0.0048924148497422534,-0.004140821554351363,0.007964198137270166,0.0006835745290653586,0.024183438836814064,0.006293586134706548,-0.018802381388064875,-0.005662722890948778
2015-03-03,0.0020894061565988847,-0.0018169945131893267,0.003232770629054958,-0.013768185408806493,-0.018758747212679804,-0.00411239264082668,-0.0036321815848684162,-0.004782371969566798
2015-03-04,-0.00635903959480754,-0.0031225683060647487,0.002578496393662329,-0.00509583494223492,0.011208462874756572,-0.004224532498893838,0.0003159335514372348,-0.005034047468553809
2015-03-05,-0.016709502982031298,-0.0009560698660537595,-0.002094464227713635,0.001160468979537825,0.018989435803127022,0.0010934660680287209,-0.0012661598409986173,-0.005059871908727288
2015-03-06,0.0015017275536330335,-0.027684033513420175,-0.018065473178841704,-0.017550675681891295,-0.01365398936399774,-0.014164146347824369,-0.02233914411055023,-0.012879475353764566
2015-03-09,0.004256385885859381,0.0009828943243309087,0.009967887026037901,0.011500998311761582,0.0026569763523240156,0.004135757187013091,0.009188284485675583,-0.005504010520715913
2015-03-10,-0.020902605470473706,-0.004924161015297537,-0.025359204053537806,-0.01932198073564995,0.017102259852433,-0.016354444842403903,0.013072325167467416,-0.010624806142475763
2015-03-11,-0.018399789393387475,-0.006031419233618187,0.004658761320327593,-0.0011902001224687031,-0.0052309998886527695,-0.0023444262159670478,0.007258654741941697,-0.0028521484225907407
2015-03-12,0.01791787787762193,-0.0002709060307489861,0.018584499749966253,-0.023133614209248355,-0.009220777987933327,0.012633492307603461,-0.000708075478370694,0.002377281878615921
2015-03-13,-0.006934847321755786,0.0014440077763351806,-0.006046986262787691,0.008737885699645837,0.0013223929503470803,-0.006151124128937469,-0.0030725068725336703,-0.004164362761524481
2015-03-16,0.010944385377073986,-0.0006315097549611378,0.013838175619764264,0.004340584543702625,0.011824036239784721,0.013271953565631609,0.009581930136897244,0.010556185197958413
2015-03-17,0.016588084890910824,-0.005429372519536307,-0.0038880068687303275,0.0033633536294254284,0.012116252049517749,-0.002976656482814706,0.008250517991160658,-0.008055413939651826
2015-03-18,0.011193563199274273,0.019409393965783985,0.002269540410851938,0.01900291186685922,-0.016479472854196032,0.011949594957699407,0.01911822746347338,0.023392425873047275
2015-03-19,-0.007579289835554589,-0.000712203624430316,-0.008946706228859439,-0.004953895536926541,0.015188275925009964,-0.004571674416017638,-0.005108325992824804,-0.019475369660352005
2015-03-20,-0.012628210192416457,0.011334565478751316,0.008946706228859479,0.013855101492964017,0.010709232672634645,0.008788103620968579,0.005260521230029619,0.0015393869003342724
2015-03-23,0.010351315500127977,0.006319701703631724,-0.009927415073207846,-0.0004669529375992547,-0.03291780560626664,-0.0019504910231394653,-0.0012170935401035557,0.010472093322151488
2015-03-24,-0.0040959198992138075,0.002446901321801825,-0.011184126509387004,0.0009329596412104787,-0.013744469435309414,-0.0056346494326149545,0.009621690448426345,-0.010708784682199098
2015-03-25,-0.026474454465716876,0.001395583828601838,-0.014159103103211109,-0.03414269528737112,-0.06263535819054344,-0.014762530568483319,-0.008480811219175153,0.00401441432835349
2015-03-26,0.006946540232415306,0.006515812793653495,-0.0011747785417184442,-0.006048018238607719,-0.003333200185165963,-0.0023842676905661397,-0.01571240538147566,-0.006383538991158487
2015-03-27,-0.008000720681493394,-0.003643673647529427,0.0001678976120509257,-0.005840540155446961,0.019363488349988838,0.0022872862230228987,0.012360411512297559,-0.008814625371455467
2015-03-30,0.024999469519007448,-0.011450652385538468,0.02340152094058172,-0.00024460620294017017,0.004201070998140457,0.012125881625265284,-0.004971571874555429,0.024231272991663
2015-03-31,-0.01547081211793345,-0.000791489742224147,-0.006252796584582013,-0.007350778837253697,-0.02547377184006395,-0.008778094320706939,0.00214495456373465,-0.0073848680600882635
2015-04-01,-0.0014475698735631573,0.016924374949796855,-0.0038293001244912197,0.0014742656161363717,0.0038153764546500772,-0.0035428513272092207,0.013048867726280533,-0.006373138121288817
2015-04-02,0.008574684427477346,-0.002772001936393702,0.009463083771212596,-0.010616241088325828,0.002376753817900558,0.003591403884181301,-0.010651824050037458,-0.0018961693290477648
2015-04-06,0.016068574182229418,0.012156925637931672,-0.0008266271611705319,0.0307947546487682,0.028553488809546616,0.00671083989264196,-0.005599624995871507,0.009797872904218278
2015-04-07,-0.010577778077434296,-0.004982843844589032,0.006264552300438888,-0.00048179598655984215,0.008729680327910938,-0.0026500451630062836,0.008349495774467008,0.007256723779609059
2015-04-08,-0.003258962335703512,-0.005527256360212914,0.0032813217600741428,-0.002651987791686875,0.007292617972594853,0.0033712380063089975,0.0003052965625505814,-0.01990553608519135
2015-04-09,0.007614269861653093,-0.006952344453191511,0.006856044033735043,0.0014474497179694393,0.022896796641087677,0.004413729222048551,-0.013048956296654585,0.006994395085265435
2015-04-10,0.0042577949946706875,0.011273125412459931,0.0037346210203650565,0.005768938301716414,0.010156667974974356,0.0054425168840980245,0.0014671368163113872,0.010692787056841404
2015-04-13,-0.001969016894135966,-0.007182773547924921,0.0059788167763434735,0.0009584405112363331,-0.009269511400713637,-0.00453334191617682,0.0013876945558517612,-0.00257471135900161
2015-04-14,-0.004345124991853403,-0.006098084431298335,0.01550670674317592,-0.002637469542489467,-0.00846143048654195,0.0019110407311987176,0.007062608741769837,0.015002928008590127
2015-04-15,0.003793077697563253,0.008613598755224123,0.01838958046501765,0.014539469160869248,0.012002645128200491,0.004477251469416408,-0.0008416640174290078,0.01659933063442688
2015-04-16,-0.004822941104192561,-0.0034713349747602833,-0.0062488500986084125,-0.002368734336501831,-0.006205489655261589,-0.00028512620392832244,-0.004989240848344046,-0.003981499863273521
2015-04-17,-0.011318667077566175,0.004942989742755055,-0.015318059815904015,-0.012891243875166493,-0.012978819542466406,-0.01157003721244301,0.011399692973975443,-0.009160572407796193
2015-04-20,0.022588642104233215,-0.007641555546604684,0.006345001871183535,0.030524027378869976,-0.004966684333249417,0.009095064660790688,-0.008863899276132074,0.0035597056061467524
2015-04-21,-0.005422258293494388,0.005736617532052148,-0.014815318723044545,-0.0063118848385996015,-0.0013588220487009905,-0.0011923175553166059,-0.004538416341778184,-0.0041356522697898876
2015-04-22,0.01338413773779571,-0.013524881601083907,0.010060039321228521,0.008174451329514665,0.011268866199264814,0.0049025704209821365,-0.015383294331691244,0.006654077678718527
2015-04-23,0.00813049227622674,0.007265135996097461,-0.002226843626418737,0.008108583054520882,-0.004042798285990735,0.002512849847447739,0.004296684243734356,0.0009141377887514421
2015-04-24,0.004693200012293456,-0.014141033700353366,-0.0031895738623479303,0.09941269154202023,-0.008587188726555266,0.002317926149906675,0.006217509886520064,-0.0065324856718895945
2015-04-27,0.01802822599807115,0.01996737439576267,-0.004162027029293212,0.003337161411485735,0.00768662719523175,-0.004166457913391645,0.0,0.0004598545769751144
2015-04-28,-0.015881270952793597,0.008633395454348151,0.006714646903684013,0.023254265488319284,0.00494335981731437,0.003173830640336185,-0.013887572656987411,0.009038293715531666
2015-04-29,-0.014815059284581678,-0.007073870774361329,0.013295367848684358,-0.0020361066614631284,-0.007649585011984319,-0.004122916766673709,-0.012330224961585303,0.0007969337276111353
2015-04-30,-0.027504691922019403,-0.017818629233654435,-0.005360221037847457,-0.008597889307407661,0.0027062251946699473,-0.010071336847000087,0.001747787745617935,-0.005706376585887005
2015-05-01,0.029911518428584274,-0.0034429465428856974,0.005517414317814888,0.0004112000226749587,0.02447305544100306,0.010783323150714948,-0.01355266183556689,0.016797549129504635
2015-05-04,-0.0019403409740869574,0.00897969447690872,0.017299806941884342,-0.008668966220614567,-0.0061729845326095765,0.002843408938917949,-0.00948075588133155,0.002922138766400155
2015-05-05,-0.022791069527819202,0.0028006293425995657,-0.0049567410694276,-0.013355886038638349,-0.025986698103625187,-0.01151824847887916,-0.001384584552869414,-0.005627300495408662
2015-05-06,-0.006299517636693803,-0.0005245000462394876,-0.007481324858972605,-0.02812278556656865,0.0031725109130205987,-0.004125238535144986,-0.01726905552510453,-0.00475049302351133
2015-05-07,0.00616621866194639,-0.008253646349355593,0.009032807884219273,0.009034738162397261,0.017492935824677563,0.003981817537351859,0.013348355455231702,-0.006712760377472788
2015-05-08,0.018665486759311786,0.0048375401365222245,0.015232223380480744,0.022234559580728005,-0.07667699207502023,0.01307982638983469,0.0026967269618376932,0.01574304176172881
2015-05-11,-0.010238400430127066,-0.003868158154194018,-0.0006107045913111767,-0.007990023357403897,-0.009647141340575316,-0.004784047069156299,-0.024625244897224546,-0.01691091115830489
2015-05-12,-0.0035691072204434675,0.008507714570103646,-0.0013760403621621217,-0.0004220233679615802,0.009647141340575326,-0.0029956722705658722,0.002590395131195362,0.002761722299576343
2015-05-13,0.0011116897568118653,0.017745568671579635,0.0024448033659301345,0.00589583568656688,0.005745049679897706,0.00019038783214788365,-0.008043338639205375,-0.00529998944070104
2015-05-14,0.02306354326295503,0.005390825055101934,0.008056454785980103,0.022626771197404593,0.016098369546002526,0.010373695783840176,0.002688716402526909,0.0047254316885040944
2015-05-15,-0.001397021589229514,0.0029823930374759115,-0.002576915709076692,-0.008657689918330196,0.00047003542535716187,0.0010832189618595134,0.019851386995049368,0.004359471456509788
2015-05-18,0.010967059244250175,-8.510645761585739e-05,0.008163148238847255,-0.006022408518046239,-0.0014093718093099107,0.0031017149284425956,-0.01691973074447735,-0.005740348421068052
2015-05-19,-0.0009219515380155534,-0.013967043221181913,0.00884358808055732,-0.0025191566821593328,-0.006254222108512127,-0.000328256381968949,-0.008906080978599885,0.0016106976069348749
2015-05-20,-7.704298002897553e-05,0.0016381642703537944,-0.007940344884291132,0.0,0.0,-0.0007045224099463985,0.0016866474690778537,0.0016083874742651681
2015-05-21,0.01017414207931656,-0.0033654032062089196,0.002553379137525002,-0.0033685908301957375,-0.0071550109289500174,0.002908409556210885,0.01388868447060561,0.0009175586950213742
2015-05-22,0.008714488219050647,-0.000778278105166292,-0.0027038630254775427,-0.011026245309303264,-0.0014372842885884602,-0.0023915846219996345,0.0004157994480700743,-0.007943599721250803
2015-05-26,-0.022277155303459646,-0.014727247977664972,-0.011195603063362024,-0.0066318045413213626,-0.006251341938837283,-0.010809870573520971,0.016964895868854826,-0.013615202052385889
2015-05-27,0.018497741209412454,-0.00017563013383993815,0.011195603063361896,0.021656768908023066,0.05216105839988544,0.009447101380558905,0.0022836305804805647,-0.0028159791915863606
2015-05-28,-0.0019716011137767995,0.0011407772346871212,-0.00407056150935405,-0.0033658110756726164,0.013643044472636328,-0.0011290688735354688,-0.0024476776667959267,0.0
2015-05-29,-0.01144758304403652,0.0007014013330434771,-0.006364304967048178,-0.01251220122950696,-0.00045189719038531075,-0.006232377269640251,0.0022036898221010764,0.001057038025423891
2015-06-01,0.0019938197622833454,-0.0008767951003625541,0.004550050345048504,0.007864895791176729,0.011233639645643601,0.002034897449830796,-0.01080635493403772,-0.0008219087589632673
2015-06-02,-0.00445302929639753,0.0040269605877943865,-0.0009085577827651529,-0.0065853130725875685,-0.019856355318424838,-0.0009932637433299404,-0.014049821539482947,0.00011757972784265941
2015-06-03,0.0012304921479048404,-0.0071898573672245485,0.010247399709204501,-0.0014932897441076478,-0.010999275314965362,0.0026460801646420364,-0.016205940039432872,-0.002234156307683838
2015-06-04,-0.005857758576466529,-0.0070646979352704175,-0.005562638965499785,-0.010513735874880904,0.017813138833148653,-0.00848248831472195,0.012935185087834809,-0.008630821296389913
2015-06-05,-0.005503677373381439,-0.005331436918291616,0.01629931082472192,-0.004757120524088542,0.007666095854104427,-0.0017145996270162061,-0.012254147543168505,0.0007122376694243543
2015-06-08,-0.006629179651538063,0.0029358308942225293,-0.007892019902072377,-0.008925662511959663,-0.023177333269162693,-0.0061686631264148625,-0.001106289765272621,0.006740681235969395
2015-06-09,-0.002977659918076998,0.002218377951124773,0.004326049950096842,-0.0017507259772191895,0.005044525412537124,-0.00014388639651289416,-0.007948501913166952,-0.003187298676843663
2015-06-10,0.011392933462256215,0.008473122987024092,0.01594826986233009,0.020811853003017158,-0.018001570925642155,0.011922015610617448,-0.008791073794743587,0.007420740010777697
2015-06-11,-0.0022526143762857925,-0.004580669046919169,0.003801601892725738,-0.0036543118324730965,0.010655144095014571,0.003218401546319757,0.02081697131393732,-0.0014089177489206065
2015-06-12,-0.011104343511135964,-0.0002649015739744977,-0.003948236719738995,-0.010171988062110653,-0.027565245468752855,-0.0076845913890202944,0.0,-0.012654657627043228
2015-06-15,-0.0019680241397648825,0.004406069740065375,-0.003816669923208171,-0.010716370885363211,-0.001896803874550597,-0.004294482031919601,0.0016091540870693175,-0.0035766709040764805
2015-06-16,0.0053435256009585555,-0.0036115754437751487,0.005573366594076617,0.007666375503734808,0.012264530034280687,0.0054368900426920875,0.007841717600289299,0.011401094719326021
2015-06-17,-0.0023536145345259495,0.004666106837939518,-0.0033698934362570267,0.0030499953816284877,0.011652291689598651,0.001615678389117303,-0.007756711772841842,0.0005905230585414249
2015-06-18,0.004545597766029851,0.012829091016651683,0.00934893687043713,0.016183322961751755,0.016544502934389617,0.010345674800741644,-0.004920700172589007,0.00881261392892658
2015-06-19,-0.010059701633677587,-0.0017357836863242562,-0.010229411354049492,-0.013359592848139768,-0.0031958221477410243,-0.004449050308518543,0.012761928791718386,-0.0031639854267536695
2015-06-22,0.007946045630121662,-0.012939534822473215,0.012842955951172455,0.0028160668798685117,-0.004123153827290081,0.0051098540367974414,-0.020618348531321887,-0.0004691561097721591
2015-06-23,-0.004555372310199762,-0.006621663748214055,0.011391129550190868,-0.006946226725876768,-0.026048245570783585,0.0007077540459527409,-0.006018306473490028,-0.0011750014448444121
2015-06-24,0.008466067617795087,-0.002661018577875129,-0.010521066513160314,-0.005898495574104337,-0.0099458959593341,-0.007289268465504875,0.008587144913837658,-0.0045949940060978954
2015-06-25,-0.004772900668762989,-0.0013331015376762336,-0.005375304100622006,0.0002193721980672224,0.007587015303659168,-0.00304488750188025,-0.003511775961865863,-0.008896169723035169
2015-06-26,-0.005899833627306517,0.0010666233650126517,0.004360243910537512,-0.008579816120662916,-0.020520979123431985,-0.0001905700452944363,-0.011304231216975635,-0.0008340597877804241
2015-06-29,-0.017670112690294303,0.004520702131842444,-0.02570831050221688,-0.019859949033091823,-0.030349975887222897,-0.021193729969296627,0.026124831850875864,-0.012479679396938845
2015-06-30,0.0072012383811080735,-0.006210070886037271,0.008299048738466699,-0.004970706910166684,-0.0004968486991364596,0.0020911667339327472,-0.006957241825501375,0.004578154233607946
2015-07-01,0.009284867667538743,-0.0034767084633964165,0.011079161532283234,0.006771892436686991,0.014317363099741192,0.007984074171465062,-0.013590349332417533,-0.010026209449050947
2015-07-02,-0.001264726432721813,-0.001966579835569142,-0.008112756295726222,-0.0011253856786223248,0.0009800599501849244,-0.0009164749308436335,0.003281023331474813,0.00930442989858543
2015-07-06,-0.0034859117016180696,0.002680686287387427,-0.0028181792075219017,-0.0002253490747599504,-0.01231849864255961,-0.0028501756128746034,0.018365285282847,-0.007364108829922896
2015-07-07,-0.0024633946343168424,-0.011668702760757443,-0.007902621608310107,-0.0020298295205123194,-0.019019626826601237,0.006269217378091794,0.00935112746246485,0.004111736225509414
2015-07-08,-0.025136230527758152,0.002974933038600357,-0.020722459134268293,-0.0013551113494216364,-0.007099556538197737,-0.016919687500234603,0.00859955823706654,-0.010919990705550733
2015-07-09,-0.020607473799650056,0.002427551438613741,0.010339279398761133,0.006309230345210043,-0.012288524079859786,0.0018071505623343629,-0.01989920362645918,-0.004524331149085323
2015-07-10,0.02638323220406229,0.001166679551747385,0.014118690163441687,0.002019808495460906,0.017364693633809353,0.01251329718656311,-0.01598519168996209,0.007569333519698114
2015-07-13,0.019122154004540624,-0.004494793701909413,0.015391736220338554,0.020632684787075216,0.006560954405657831,0.010976920153813756,-0.0031070713121709387,0.002430009700007532
2015-07-14,-0.00039832144753992524,-0.00225499581251802,0.013855781243547216,0.0017552426691533226,0.0005027195608871537,0.004328688484741067,0.0032789508756259577,0.008336816486012623
2015-07-15,0.009586718045307727,-0.005251204440368342,0.0021697985296995556,0.0030643050001159084,-0.007063673966544997,-0.0003326792583445676,0.010541733180936852,-0.004220343015073236
2015-07-16,0.013238237392890519,-0.003637704223631776,0.00533335971715259,0.019476606072812284,0.02203436595840708,0.007992190606625366,0.006881305474559165,0.0018105319760750704
2015-07-17,0.008600394117022242,-0.010164462693893218,-0.005043833063161135,-0.0008575326453725921,-0.005961495279521502,0.0008477432812546737,0.005151205418245852,-0.0036244956074096926
2015-07-20,0.018724869172132966,-0.027526856742112225,0.0007219384733238298,0.006414445158351423,-0.018607797115048546,0.0005176161168492869,-0.00422002494894303,-0.010342717787224521
2015-07-21,-0.010045109715816528,-0.003126872326802464,-0.002312675727610728,0.007643489403277952,0.004558313420411076,-0.003959149165629668,0.005398944377382238,-0.0012238882932482293
2015-07-22,-0.04321478331664197,-0.005424190670740563,0.01408294331918395,-0.037496555658338454,-0.019388080618057524,-0.0017962596720005168,0.0062066095214156,0.0015906733828208706
2015-07-23,-0.0004795073534665284,-0.00449483097628429,-0.006298756340515958,0.012438805920115816,0.012288524079859689,-0.00564599708220064,0.012380736054729351,-0.007978715546042622
2015-07-24,-0.0052869277692641535,0.009729155735814213,-0.010537542281564245,-0.0036936261808174645,-0.011773825205121732,-0.010426001024201291,0.002474814779702525,-0.014900058572228883
2015-07-27,-0.013993287439197524,-0.004661992801277996,-0.01314674045523972,-0.012926233681871525,-0.005680397496355448,-0.005834111588035753,0.005340015425066242,-0.008542470668879113
2015-07-28,0.004956472549809569,0.0015246432799856059,0.0005878859850709864,-0.00022053016616860872,0.021517380145862616,0.012207913501975544,-0.0073192740646134445,0.03982193631519521
2015-07-29,-0.003166038145952763,0.0014272948765042632,0.012993950934034349,0.02073637911952416,0.012090728654948486,0.006855607537452727,-0.0037211206080390116,0.007970082569346401
2015-07-30,-0.005053694075430716,-0.008594414514633502,0.001449670909626373,0.012665587237965155,0.0025007576015097263,0.0002372853010024908,0.00767555722837597,-0.0015645306606273206
2015-07-31,-0.008782689480086658,0.006309807471318708,-0.007414698394984272,-0.003847145717975152,-0.003502604185334099,-0.0015191476652654907,0.0073719402769366876,-0.04685877809553287
2015-08-03,-0.02386024006398851,-0.007941503115089978,0.0,0.0023526759095325827,0.01689892755232972,-0.0033786052038777535,0.010471656893052959,-0.014624508926329332
2015-08-04,-0.03260967598733801,0.002015250319480653,-0.0010217974635900581,0.015474510609346407,0.0039347012027952126,-0.001956309948536928,-0.007963435994566847,-0.011467224043075609
2015-08-05,0.006607724576674818,-0.0036496127458960333,0.003936052097953314,0.0008409445647968804,0.010256667562589333,0.0032900774617953743,-0.007534492048040957,0.0
2015-08-06,0.002173587694043462,0.004416281036678492,-0.00700832252147662,-0.020382746517739383,-0.006336784601982467,-0.008221598338724165,0.00883864791935686,0.011850922466919848
2015-08-07,0.003381785945222423,0.0024875838994236877,-0.0029348555615630917,0.00257058475192325,0.11664151231067178,-0.0019214377871334596,0.013033033776962435,-0.0162661631259699
2015-08-10,0.03571223862729091,0.010172637809864738,0.012268808511083541,0.012544407586772471,0.034220516849628985,0.012520639937906688,-0.012462213379525081,0.02468280998583724
2015-08-11,-0.05344076039727425,0.005094839843947603,-0.009626879048321792,-0.01962993137197247,-0.005058965736580197,-0.009064214530931218,0.015754490028842483,-0.006816561596899267
2015-08-12,0.015301666999192545,0.013924787857253592,-0.014616122203539998,0.007085523785199906,0.0025323700976879666,0.001197265182602447,-0.005466161047615515,0.016637600636943608
2015-08-13,-0.0007809908562204606,-0.008294156742538458,0.004599563491130044,-0.00021397109896679778,-0.008467061566525385,-0.0012452417532050825,-0.0032289083428540502,-0.001778728717045385
2015-08-14,0.00700969872632896,-9.36047567321894e-05,0.00502063266872746,0.005761115755318399,0.0008501071740220303,0.003635829918101962,0.0023422484009643497,-0.003693916343010561
2015-08-17,0.010295272611533776,0.002617057152037559,0.0026481476443191905,0.006785584631355522,-0.006393014915421367,0.005571094086256428,0.00450751280744799,0.005218416729120166
2015-08-18,-0.005649509040753614,-0.00018667516172380682,0.0020544669756926673,0.0055155942962846665,-0.009143271036995136,-0.0029009813543397606,-0.007901489189880009,-0.01110636487281689
2015-08-19,-0.012872052223025156,0.013354574963244315,-0.008983271774455648,-0.014060605629693199,-0.003906832802579477,-0.007937111443393804,0.009826781075923847,-0.021670425322658327
2015-08-20,-0.020733570312942987,0.017261484729986225,-0.024862727875729306,-0.020592465950216646,-0.036770505722391114,-0.021102012239347594,0.01004883351585323,-0.022016965172523238
2015-08-21,-0.06311314146881984,0.006228253314387141,-0.036131799081670773,-0.05839593112589012,-0.031632084090163125,-0.030564948053607877,0.003010590203960657,-0.033268269702832524
2015-08-24,-0.02527887543215824,-0.005413696203742748,-0.05411093256124783,-0.032805305817432115,-0.03604039401963999,-0.04301916010106601,-0.0003163956626760714,-0.04842968120078616
2015-08-25,0.0059940903663780465,-0.012472236890549283,-0.005659333905554228,-0.02946065233092088,-0.020981104715869534,-0.01183744584934832,-0.0161958760159282,-0.00014590907779560273
2015-08-26,0.05577069777017398,-0.013743752566773794,0.04886196359207673,0.053872328033411944,0.07273276061444935,0.03767490896987408,-0.019492172118238657,0.05369244275535634
2015-08-27,0.02902132367168482,0.0005571512452685862,0.02465006074237889,0.027481509807154397,0.03690824828349215,0.024434291781557323,0.0005744795430883666,0.03189925566364302
2015-08-28,0.0032713177769327336,0.00896363798539394,-0.005442845552040044,0.0006827713074748265,0.0044092345562756615,4.996175263551928e-05,0.0029462974207384806,0.002934752584242831
2015-08-31,-0.004689242456124469,0.0011033722012556138,-0.00046797701880160785,-0.00937723415801913,-0.011059426887021204,-0.008111811272780966,-0.007711563516747261,0.002262357258799959
2015-09-01,-0.04572646094812309,0.0034858971109339417,-0.04222051572681072,-0.039845571938242445,-0.04178658726224167,-0.030301920926912765,0.007178893185107211,-0.042906703820944574
2015-09-02,0.041994644211514616,-0.005325457471451406,0.0180619667493983,0.036162848358559326,0.02970304741656635,0.018803213977980304,-0.008641528981046368,0.01582859651409717
2015-09-03,-0.017691600130954395,-0.0072069646875859315,0.0017564432154096598,0.0032235419102875844,0.002697767347085212,0.0007160395977715722,0.004865112777528802,0.007618230700675915
2015-09-04,-0.01001644518864349,-0.003250813094055246,-0.01900500873036492,-0.020672308756153047,-0.02362657791791925,-0.015253039076301279,0.009089128742464625,-0.01818889073055865
2015-09-08,0.027441164439407452,0.0002790454421465056,0.026633993590792753,0.029597723866608618,0.04186937362883983,0.024820873196704986,-0.01486398543237025,0.014251040344015534
2015-09-09,-0.019419967122213132,-0.013012113659039995,-0.015637959533218837,-0.018859650282729287,-0.020040351074394898,-0.013461674357395877,0.004787295417306045,-0.020619354009958756
2015-09-10,0.021732235348366703,0.002352831601258748,0.007690258271661864,0.005094711903488252,0.015621590913118148,0.00542671344125382,-0.006774850286200053,0.00719626034265409
2015-09-11,0.014463519877842801,-0.0020701389754934985,-0.0015973116491622243,0.004379522718722365,0.0030955497205911865,0.00453406043297045,0.006280788942816964,0.002341565003358086
2015-09-14,0.009585414796386199,0.0005650019663848919,-0.002881229690679384,-0.010170950910726936,0.0017641443334579705,-0.003717195246938768,0.0015637760647943472,-0.002755327599888268
2015-09-15,0.008376857552276752,-0.003017159470430642,0.019053840973616416,0.021604852174353418,0.010957632110711346,0.012421581674620616,-0.019349700741501063,0.005091422482730466
2015-09-16,0.0011173293825249627,0.013226552172031262,0.00876917781778962,0.007249562991330107,0.006950489976911892,0.008629364853275787,-0.0037809802597404975,0.019570818600088406
2015-09-17,-0.02162211241567126,0.01019855026531129,-0.02350448514010006,-0.0011293633551952413,0.009050164036276166,-0.0022502441995870485,0.012130737088953559,0.0021509713681418896
2015-09-18,-0.004134266488238763,0.007352256373074212,-0.027673703801423595,-0.017554100899761397,-0.0008583800985738433,-0.016476779747372668,0.015268159396050042,-0.024195824469907017
2015-09-21,0.015394503536938086,-0.006246004616141289,0.008334017926280461,0.014385580521374978,0.010252040240593457,0.005154069390492137,-0.016433036664926917,0.009721700993847802
2015-09-22,-0.015834991319361617,-0.006841722923155944,-0.008826414128566632,-0.0047719354513721755,-0.027575783980029356,-0.013064563894699047,0.013808514174247347,-0.00889625946233205
2015-09-23,0.00808003352413793,0.00398130520726097,-0.004442510395459833,-0.0006840411779618762,0.00479414199940787,-0.0015996421295964825,-8.21035159209923e-05,-0.006067169784435875
2015-09-24,0.005930505786463164,0.02075879629651267,-0.006950379532720918,0.0009114158672422465,0.018949459430143065,-0.0036223819812848876,0.0067931904699884416,0.005929823542112481
2015-09-25,-0.0025246516597200197,-0.006173422414314158,0.02054479379931941,0.0006829169191457346,0.007226478423589177,-0.0002594062142145502,-0.008683945190987747,0.006850992679455914
2015-09-28,-0.019987532665891025,-0.012739020432957309,-0.024538042068157292,-0.014903459397151158,-0.013217159362676515,-0.025417040690890316,0.016969165846367585,-0.008640293665428326
2015-09-29,-0.030521612567666046,-0.004066501065043694,-0.0023369507841173947,0.003458886329981648,0.01744376186428396,0.0005846507706027965,0.0028272365741484956,0.005083562738234541
2015-09-30,0.011305675982104725,-0.010426483637297347,0.018707471521957345,0.01870091109368186,0.03888038266126054,0.01848623027524235,-0.0034744710430160814,0.018735186993637576
2015-10-01,-0.006548837127877918,-0.0012172598628681067,0.007353722969661968,0.00787662058068682,-0.01966545716603375,0.002605996706148308,0.004257702862620584,-0.003907970368767082
2015-10-02,0.007273862517976325,0.02095380292252649,-0.002791857129881716,0.021291374941820335,0.025731689815017163,0.014827119372803019,0.006039323283428279,0.024277507852483594
2015-10-05,0.0036171860902398907,-0.0020205850578976945,0.019703115027696692,0.022994725516379044,0.02469253771759288,0.017638532886378882,-0.013660874245460235,0.012181716407877356
2015-10-06,0.004772778977427996,0.009971303227116472,0.0004831456364460668,0.0025701816345949087,0.012898239901167148,-0.0034319852363945444,0.004304327453087641,0.013962669099574691
2015-10-07,-0.004772778977427874,-0.0014574940081346366,0.0012886629187998826,0.001068813386527658,0.01043135809469321,0.008157003906809951,-0.003328684011491103,0.01667892624948927
2015-10-08,-0.011621446623669941,-0.00511788329634804,0.0,0.013793558114221168,0.0057477518187135125,0.008986148952294968,-0.008409085616378162,0.010425114222992995
2015-10-09,0.023645253286714678,0.015726912391542704,-0.003224448878674026,-0.007191225485534089,-0.0038283498684346363,0.0005963176657330076,0.0026200440717453846,-0.009667981475708525
2015-10-12,-0.00464897763784096,0.0039607110144831365,-0.0033966274812227515,-0.0023379037991889937,0.010682903577168305,0.0009433225337445919,0.007576957219409992,0.0005046401077953799
2015-10-13,0.0017007705573159138,0.004929015278091019,-0.0027581730892799277,-0.0023431005417627704,0.001896131795576049,-0.0063222080646159005,0.0017027151605102304,-0.0017672029573093018
2015-10-14,-0.014233871415860015,0.017282274992371418,-0.025672247550138496,-0.004488194556765687,0.0357178949226029,-0.004805368062779815,0.008712880339653709,0.012553860917417071
2015-10-15,0.014860367389530782,-0.004579458875531807,0.03118133484304903,0.007044049291385218,0.002555155191333173,0.01523801793126434,-0.00491178426583428,0.01633228003946452
2015-10-16,-0.0073576992190205175,-0.0070866011523386205,0.00868718072548739,0.01057994403359858,0.015554596559411401,0.004535834274878309,0.00032300338242378593,0.012198513705333444
2015-10-19,0.006194742974562694,-0.00418691299991518,-0.0033696217383544034,0.0023127436685474456,-0.001796058322458363,0.0004914435815036929,-0.0027474811156460565,-0.018229816687965472
2015-10-20,0.018093499460031595,0.006318212020552837,0.004809743793765045,0.0031448694468271155,-0.0014392966819825534,-0.0012787221474383809,-0.0061685990371383535,-0.001977671273951354
2015-10-21,-8.775944640122921e-05,-0.008910332230671142,-0.007384588980512967,-0.012003710660671659,-0.013048466339512914,-0.006222859116055721,0.009883299121502622,-0.007699851303427069
2015-10-22,0.015179486172347956,-0.0003580781927906322,0.018044234569095954,0.017431516389670464,0.035480896974488606,0.01675260994562887,0.0016918607765410145,0.032866098994663334
2015-10-23,0.030524939659605867,-0.0017026075113334975,0.010704019316348273,0.09601060703286901,0.006668119163874464,0.010901753688334069,-0.008567212077918433,0.0010851093306117883
2015-10-26,-0.032431408938608346,-0.0006279971024889811,0.0004696307833609031,0.025766591014644562,-0.004557558033258581,-0.002460551204064699,0.0066338632743043165,-0.021437892429629072
2015-10-27,-0.006352569920798013,0.002241047948969033,-0.004077346715700283,-0.010376023114292567,-0.0007025650125989458,-0.0019340151127417483,0.0024965007575468478,-0.0016020394070591021
2015-10-28,0.04037835759205598,-0.008091400160860905,0.028807934865503846,0.005386790453775471,0.008054175105422568,0.011309829426892995,-0.004029894155716006,0.014568323438059973
2015-10-29,0.010508744688580748,-0.009614564390769178,-0.004437299293562779,-0.011552220726806343,-0.03514099070246707,-0.0005738676991540158,-0.016036952100278792,-0.000607544525326904
2015-10-30,-0.008582300913550424,-0.0038352540915995007,-0.014831023785301357,-0.01358505925616657,0.02462199598070089,-0.004319265599611109,0.007521714817088636,0.0061827125729045475
2015-11-02,0.013960622161511064,-0.006517134598801483,0.01987876871383381,0.011333701668202646,0.01156519338790563,0.011761423018290546,-0.004606225078474905,0.030236919995863063
2015-11-03,0.011405180102334449,-0.014937356022442439,0.0036552543441481173,0.01694810430971122,-0.006992951423312353,0.002895397500540952,-0.00823376295266824,0.018242399194189934
2015-11-04,-0.004660940329238252,-0.009485885776108033,0.0010636456417504137,0.004606252126175113,-0.016629282060475686,-0.0030379382511446897,0.0011565676093474905,-0.010067523575470078
2015-11-05,-0.004620455196067372,-0.0031189650547963797,0.0089199716521359,-0.00036813839957082223,-0.011481448049568313,-0.0009984411985588095,-0.002646209655768331,-0.013701467853275483
2015-11-06,0.001156644216352161,-0.014685120688170974,0.029950276721477966,0.00988148468973257,0.12978003859027407,-0.0005238658262438116,-0.01476432047244045,-0.004016665822808717
2015-11-09,-0.0040553162949979946,0.0028777291011320622,-0.015753066615958627,-0.013935015213266597,-0.0044474101745759186,-0.009375313339462002,-0.0056459235898679095,-0.021607687351356215
2015-11-10,-0.032024560348384544,-0.002109514817878502,0.004294289457876069,-0.012073953849002355,-0.019286852106609548,0.0023038500375469934,0.0029531759863100026,0.004869372002692269
2015-11-11,-0.005667926491444494,-0.0033652112958740313,-0.004887896738283931,0.0026128029638587415,-0.009784858005889342,-0.0039393409319147185,-0.002108782189562676,-0.008904106902164987
2015-11-12,-0.0033645618471843386,0.00019257167853267603,-0.020248235089675402,-0.0061700409896266704,-0.0036118555510462474,-0.014058114653891212,0.004801529793120656,-0.027450024062976433
2015-11-13,-0.029643861700994152,-0.0027964043204795914,-0.006688769530981875,-0.009042895129198411,-0.01993405821283226,-0.011291726400143401,0.00569819088264162,-0.016634321025879265
2015-11-16,0.016246297454637813,0.001447402465342363,0.014386410562871658,0.017447271484911868,0.019934058212832315,0.0150922078461618,-0.0009202090069001121,0.035223777839092515
2015-11-17,-0.004300644858440455,-0.013297966180688193,-0.005729982002251115,-0.008272599781341209,0.0,-0.0007296284883212612,0.0016721337565435061,-0.011687587656054632
2015-11-18,0.03117418747527531,0.0008790738346113607,0.01976397167789861,0.016476755931375403,0.0243016944263811,0.015741641838739048,0.0020846113968575114,0.009707774543358765
2015-11-19,0.012623523621649726,0.010971489880734538,0.0031086761171855363,0.0016699421309292275,0.002896481350076194,-0.0008627055296443086,0.006643392283757131,-0.005464392212459824
2015-11-20,0.004368389375472446,-0.004548773723664427,-0.0017750634230585954,0.00462410435335421,0.008638586741339509,0.003637231166641517,-0.0030670295049388756,-0.006371732382525968
2015-11-23,-0.013077613432143304,-0.00808374704283305,-0.009819990368958647,0.0,-0.015086203699124591,-0.0011469598946740613,0.0030670295049387473,0.006122426321034261
2015-11-24,0.009550752126937167,0.006627707399357417,-0.0014964269469595502,0.001106433134310708,0.008052928749917386,0.0013385718409734345,-8.266076211358907e-05,0.01973431995269484
2015-11-25,-0.007175771032140773,-0.004673848365801831,0.001197062797811651,-0.010375879038582251,-0.0012840589236300492,-0.00014333584456525003,0.0023150715774226277,-0.0077240682294221225
2015-11-27,-0.0018658076142377285,-0.011879763588946619,0.004626329038589904,0.004459785826203687,0.00831733387283714,0.0011456774926068072,-0.0009917850920758363,-0.0002463170452050482
2015-11-30,0.00415069975573036,0.006595467871597537,-0.007321833304820621,0.007757888598951042,0.010458061344528416,-0.004160398689960666,0.00396048843248668,0.005279703798353467
2015-12-01,-0.008148227864970768,0.0035259646298245358,0.013850651577635901,0.015880592351555815,0.031955843356344264,0.009490816543634425,0.013417048490500986,0.0028125772141564483
2015-12-02,-0.009074489091197027,-0.015667624313787723,-0.014150837696042659,-0.00018085783886138157,-0.0076634531336296635,-0.010257465937727835,0.00032548238526058286,-0.028990740954579628
2015-12-03,-0.009331345878169231,0.010570606410359756,-0.012984905107751103,-0.01846329754384743,-0.0021558774677412035,-0.014101969479930677,-0.02755936045761763,-0.014434639856347372
2015-12-04,0.03270608550594396,0.02196603548828159,0.0312686666575881,0.03106207122210355,0.03989648425824278,0.01931525367876407,0.008746047927732405,0.005722775698360307
2015-12-07,-0.006321254250308243,-0.013063212596420312,-0.013196066630957626,-0.0017901246190919532,-0.01914504627400742,-0.00607707960545665,0.009656141479309575,-0.02646953294996406
2015-12-08,-0.00042255913070151323,0.0016544033114078468,-0.015643929310813178,-0.00035847254067424667,0.013499495758396313,-0.006742114316966093,0.0004930199522123,-0.028661948413446964
2015-12-09,-0.022322878261424383,-0.0019466324270582696,-0.0076095450819793865,-0.014625088943371367,-0.02565427368209943,-0.007809962501782671,-0.0010679256396635857,0.01331038513249025
2015-12-10,0.004745297200294785,-0.0008772000837341195,0.0022889574576029125,0.0052609942948226955,0.008221139322294924,0.002577706154329639,0.001314006860793028,0.0007926577348512877
2015-12-11,-0.026074990582958972,0.0054458711721541595,-0.023751856693752283,-0.022135780973138754,-0.014969254248030481,-0.01957154024162763,0.015635528014786727,-0.0179965394532167
2015-12-14,-0.006204043598763763,-0.012884508990749449,0.0031166796612967502,0.019780714127097265,0.0024592480363516854,0.005040031946238828,-0.01301259863142882,0.02247893251764092
2015-12-15,-0.017850259754339307,-0.0026560861191144095,0.028075745640175644,0.0010873809411218517,0.012206331511794793,0.010442825714021843,-0.005911824769063916,0.043748149282041654
2015-12-16,0.007663508054269805,0.012043063036934096,0.021403315378128958,0.016707938232323482,0.006047633058442615,0.01452622376742744,-0.002142578772529801,-0.003531360871226967
2015-12-17,-0.0214240636258328,-0.022141125877213518,-0.018683961456379874,-0.0076906012597309035,-0.015188366338734926,-0.015355533161957877,0.011241958555805337,-0.01514900257791964
2015-12-18,-0.027442402248600947,0.015207174746719882,-0.0287744503974006,-0.028591516341281004,-0.01635595885328607,-0.017975615076503648,0.005533004071351326,-0.008760394597101756
2015-12-21,0.01218582121047343,0.010819352064225785,0.017546912011851077,0.012849257418434332,0.023371208985469225,0.008215013769848137,-0.00024330523646538463,-0.00025920494630312204
2015-12-22,-0.0009318129696618869,-0.0052488544876924,0.002133861522163047,0.009438884554630057,0.0009114958173830833,0.009033601640002515,-0.007250049026014964,0.005035125875137888
2015-12-23,0.012787408559488575,-0.0029280037943663147,0.01586041584038331,0.008455439385596477,0.003939971329470351,0.012307011853981779,-0.00755009826338546,0.032187334825660746
2015-12-24,-0.005354671811999536,0.007206940922790797,-0.0019501775525168458,-0.0026906877954100757,0.003321649059698387,-0.0016515810402857726,0.005712432321102456,-0.010782488112922673
2015-12-28,-0.01126366223039116,-0.007597994957113322,-0.0033091597247154425,0.00501702040979477,-0.0009046763971399238,-0.0022877347960620813,0.0029502375051383626,-0.007464865836865767
2015-12-29,0.017814570194395453,-0.0006846940847351141,0.010341404876263753,0.01066668689423439,0.01616316571462831,0.010615630917209122,-0.016752739375264773,0.005319897947097292
2015-12-30,-0.013144855519265445,-0.007661355596264362,-0.007182240735715991,-0.00425295342559574,-0.008647889314923052,-0.0071133001195620325,-0.0009994502830432698,-0.013352997440836826
2015-12-31,-0.019381276652499748,0.0003943308023186173,-0.00844546365102453,-0.014849442448514608,-0.012961480414982655,-0.010053562069431634,0.004488404150881187,-0.0020510635297624363
2016-01-04,0.00085464171438873,0.013995827340626326,-0.0304951734275533,-0.012332518193910433,-0.018062921492644428,-0.014078095976400234,0.007189476700189804,-0.006305857396723901
2016-01-05,-0.02537895028335594,0.00281458831856644,0.00172740522649916,0.004551700764777947,0.015936867399297852,0.0016898351250531586,-0.004042729764550703,0.008484852990746604
2016-01-06,-0.019763535400127773,0.01433748759898985,-0.01454098990073324,-0.018332285110171355,-0.04222927480712383,-0.012694306464804702,0.013385397199434067,-0.008355538051922101
2016-01-07,-0.04312109379355822,0.014040676150810918,-0.04128010586512293,-0.035402292475617984,-0.04045210151751929,-0.024284159310731374,0.0017932758151670814,-0.016135499703508357
2016-01-08,0.005273815105383327,-0.0044375394222030354,-0.022654043891057452,0.0030623760305876994,-0.021700094961449253,-0.011037154453663958,0.004468504953142582,-0.02040892834885626
2016-01-11,0.016062843871969122,-0.00893459464601846,-0.001528177622774298,-0.0005734031684411631,0.0016862998599818779,0.000989258730056425,-0.011004254275853059,-0.013479441226582026
2016-01-12,0.014408797486899962,-0.0050729832368575836,0.002206951001217323,0.00913589126627569,0.0167059091824581,0.008035872392551435,0.014322180157779807,0.02028461239786332
2016-01-13,-0.026046655475932132,0.004882048039545079,-0.02786078519112035,-0.021835853979867956,-0.030958077030406077,-0.02525646219569733,0.009808836457257615,0.00596625077275412
2016-01-14,0.021634943158030093,-0.016367021706295802,0.014886976417151586,0.028069081581248587,-0.020370353180625713,0.01628348128627356,-0.009404856289651486,0.04484797905940864
2016-01-15,-0.02430829873763478,0.01023674024483405,-0.02013237580976184,-0.040735774991876736,-0.0559481759887692,-0.021699741335754183,0.015466709064604138,-0.019655928007789803
2016-01-19,-0.004850448335527335,-0.0009612465570263375,-0.0005262419338053599,-0.008469137746572599,0.008081884511917735,0.0013297018172143383,-0.003106191010619426,-0.01532691002175451
2016-01-20,0.001344114135556638,0.013279386437522923,-0.026663672072480243,0.004538974365695927,0.005473810926245371,-0.012897387832152763,0.010474818427894878,-0.04306053746012491
2016-01-21,-0.005075556803843356,0.0011381497656593284,-0.00469479007616991,-0.006122291994367136,0.011577452399394984,0.005585851215832783,-0.0068119375851537056,0.012492957150999236
2016-01-22,0.051802063673647245,-0.004655791285644161,0.030305412084767298,0.035228071396821346,0.023112081566687006,0.020307881333910736,-0.003822451964374748,0.032790028869441885
2016-01-25,-0.019715943771640012,0.010233193541102218,-0.022912151276624496,-0.00960830284524931,-0.0010551041389446382,-0.015232146040200257,0.005410532624437309,-0.03441067889688075
2016-01-26,0.005515794167704005,0.011341913483232153,0.02519213924110756,0.007310370085745833,0.00980412985407658,0.013551045038245517,0.00047589212452367615,0.03610693161950559
2016-01-27,-0.06796474812461094,0.0037212948296180895,-0.0007006959667948368,-0.01837707263068005,-0.011917079880505357,-0.010943143777829014,-0.00023763278779981325,-0.01855407141651036
2016-01-28,0.0071465625286520375,-0.010736241929349487,0.004198412823818634,0.016266440718396495,-0.01099126443445527,0.005195965871733077,0.0014270642922214823,0.02232791676318763
2016-01-29,0.03395794926152644,0.0038408969118531094,0.03802492036378848,0.05657149928830426,0.043257030174142494,0.024084911212498124,0.00844095859716281,0.01110831646557444
2016-02-01,-0.009392630023391546,0.010232704202855976,-0.010814647206603583,-0.006921783844639275,0.0003415715296511804,-0.00036136055303211476,-0.0030666127652715426,-0.020242076540893824
2016-02-02,-0.020429068315324674,0.00037006835108891606,-0.03158406919067449,-0.031754640492730905,-0.043242369216516266,-0.018186506971664698,0.018382931582024288,-0.022535435854664675
2016-02-03,0.019599222300935675,0.010674654427775114,0.006641190156680401,-0.015975875376754056,0.004976665322819695,0.0059770765398489065,-0.008328376109768288,0.050837565021689866
2016-02-04,0.008002742517580307,0.012009967818587527,0.017097349359643303,-0.0030722036835175793,0.00035494520927736547,0.0015666868842540086,0.004833794104893014,0.017055455895122876
2016-02-05,-0.027070791845107557,0.015703135766193033,-0.011192581053619997,-0.03602574696095744,-0.06517687685620878,-0.019233619899304243,0.0011654753588881091,0.0031269505679471037
2016-02-08,0.010474321079951141,0.013354185862515874,-0.02117531919244259,-0.015065168347053032,-0.04686223581251063,-0.0135523330488972,0.021291759404957155,0.013396106203392521
2016-02-09,-0.00021047007041574963,-0.002198672852432284,-0.006031518741793101,-0.0026343900578213253,0.010648878070551872,5.378309668839645e-05,0.0010641262978245015,-0.004360981885714367
2016-02-10,-0.007608812192006182,0.007717958411726319,-0.012173466076740932,0.008687543576756452,-0.0023567864533323526,-0.000863123759698299,0.00877422856580094,-0.009157455766698646
2016-02-11,-0.006064811239479583,0.039402138237274204,-0.04513153243589873,-0.00040238214290246055,-0.005125634617339062,-0.013093476264194421,0.006978572620525354,0.0031454810466262743
2016-02-12,0.0030905464525387504,-0.005896714530816731,0.07999956026311786,0.016169814124048148,0.0168536514147021,0.02040721497850041,-0.016740663901123807,0.01780562150700708
2016-02-16,0.027804249162190656,-0.030800736245396157,0.014848070724365172,0.0187697589314745,0.04780882680624642,0.016737594349565805,-0.010626584249809197,0.0023417936660660955
2016-02-17,0.015198319927358003,0.006167287420776475,0.0071723226782147735,0.0256993568463273,0.024520854539106338,0.016202626498488363,-0.006168008651619413,0.009557554766912505
2016-02-18,-0.019138273604002887,0.024041860433202913,-0.01646990888296124,-0.0043977412852227275,0.0825424468353355,-0.004104219387883675,0.012221520540976928,0.005472790851773317
2016-02-19,-0.0022880948925999597,-0.006020275750380557,0.00017284286657615476,-0.007114240049685446,0.013227753935738001,-0.00046858740606118193,0.0008397773331582141,0.0006065150118773885
2016-02-22,0.00870862164288968,-0.01793504091705753,0.012887835325140694,0.01588997200540348,0.03486478523782903,0.014375265211907611,-0.0005345568438043199,-0.0013342424224201692
2016-02-23,-0.02286474677096325,0.014868593832169272,-0.04273020268370286,-0.02831775220892063,0.0025347561728365922,-0.012710005969750655,0.004039666985817558,-0.014179521537262799
2016-02-24,0.014780678373023923,0.003321549590506587,0.00035642197939543167,0.0035109443861242808,0.0069375930178022195,0.004564653471847657,-0.0019795002184956395,0.003563883405168123
2016-02-25,0.006844289664985624,0.002632341860518264,0.015378076989890745,0.014305312012166994,0.002197698850653663,0.012039366331569693,0.003575390900177391,0.005993079719008719
2016-02-26,0.0015491354717595475,-0.00689274364726045,0.00925343820903156,-0.015474003622530087,-0.0066067899901896395,-0.0023038052520315496,-0.00969145268027401,-0.0031755652019092736
2016-02-29,-0.002272643346826955,0.012980023419282503,-0.021785687555438953,-0.00822084682778773,-0.006515779354832734,-0.00787340114410475,0.004361491605674268,-0.019766023285552662
2016-03-01,0.038946057941934,-0.007360151335800538,0.050227328779697336,0.032865938565380684,0.043369995069935004,0.023234934929282365,-0.017765688289181375,0.014000319818248232
2016-03-02,0.002186180065461132,0.007697256644730053,0.009414841872225512,0.0070124263130434735,0.005784559211091426,0.004482293532308039,0.004118363479632885,0.0173190217471398
2016-03-03,0.007416532534926919,0.017125877155555313,0.0033411190280215044,-0.011396341161839359,-0.008842962272992588,0.003911980457576807,0.00363797267401146,-0.0036336297955111133
2016-03-04,0.01476711908674643,-0.0015750194994792542,0.0014999028492234416,-0.00613163529538665,-0.0030675609252841345,0.0032481232652841296,-0.006433258578588863,-0.0013362232502951636
2016-03-07,-0.011128404677880175,0.004965240864288737,-0.001833613696746543,-0.019406601382963486,-0.00647271631850482,0.0007980460617448029,-0.0003116180480133163,0.026028751483107303
2016-03-08,-0.008280018704156906,-0.00463344826775062,-0.019542289677579143,0.01207652843100086,-0.018411920392936123,-0.010977834852634394,0.01098535250663793,-0.02190542148406707
2016-03-09,0.0008906069087345087,-0.00832782948151173,0.0057677118598941585,0.02277800565048459,-0.0006297661794232799,0.004927570786021317,-0.006096229208720804,-0.002787106748744994
2016-03-10,0.0004939576957797687,0.015928644015462578,-0.00866413385462153,-0.015063461184940749,-0.0015772300322438523,0.0008019747991991522,-0.004111174025394574,-0.0026738008923549907
2016-03-11,0.010716275704667108,-0.01735128256694606,0.012378388949450056,0.019407221340341577,0.016901864106120382,0.016008107416347905,-0.010155556565279675,0.0001216587903009637
2016-03-14,0.0025392924984893447,-0.0129806346733887,-0.003714255094828619,0.0018820470344744552,0.0024798965620497753,-0.001282843905162727,0.0031358103623247285,0.0026732599151413207
2016-03-15,0.019894810607446488,0.000763230645469892,0.0013523277649611495,0.007868171284558474,-0.004965806613396053,-0.0016309841333371237,0.0009388128255607136,0.004962776858792486
2016-03-16,0.013203779043127062,0.02205075556149502,-0.0047414262941968535,0.014082138100853677,0.029431404128381262,0.005770235926681939,0.0029667738621748166,0.0006035195022831962
2016-03-17,-0.0016056437648233036,-0.003821864877364753,-0.002889273566801059,0.005687939349496557,-0.008494720742397453,0.006324251552015544,0.004123811658623827,0.0147336274693504
2016-03-18,0.0011331903439755744,-0.002750755714748547,0.029021701675522104,-0.02163736054092084,0.029718248199094414,0.003921738088807859,0.0020945226061841447,0.0011885316888969235
2016-03-21,-9.423094898337502e-05,-0.00703641669931435,-0.0003306745574479792,0.0068930522487046725,0.00295348240317543,0.001418154977835198,-0.007700022243115541,-0.006912449214476373
2016-03-22,0.007618773664890776,0.002937832969190689,-0.0036454077957621743,0.003891543421466168,-0.0017708264287342082,-0.0005377782285957023,-0.00023473151453407272,0.005961878063019451
2016-03-23,-0.005543928736603293,-0.022890088658627544,-0.004992669408590321,-0.0018514151551190501,0.016989028172552382,-0.006621308406482437,0.011261005791064422,-0.004408094942010914
2016-03-24,-0.0043434430733690545,-0.0024040431975177324,-0.007703876271136622,0.00443728256179038,0.001451486163655021,-0.0004430601141255189,0.0003857040112959077,0.002742241319841864
2016-03-28,-0.004552934932458744,0.0023182652611009025,-0.0013459577209660597,-0.012436385688352807,0.010099667466360677,0.0005905850774553401,0.001311905705091883,0.0028535387026916003
2016-03-29,0.02339579363026679,0.01835540705340158,-0.006248515057879255,0.021617455209938047,0.015950213677572683,0.009207806740586383,0.010430076778694411,0.003674240512451279
2016-03-30,0.017308510194406018,-0.01407641031024469,0.011453745256245734,0.006195504720044545,0.010400369834860673,0.004378159815556406,-0.010584579740216482,-0.0001187122378819702
2016-03-31,-0.005216049495028549,0.004600850924385841,-0.008240360182034369,0.0032644483102696486,-0.0036417025725442253,-0.002429739739003585,0.007068767776748817,-0.011064223880951454
2016-04-01,0.00913280277263754,-0.006053640735366039,0.010916855397957179,0.006137115962265398,0.014488852140762867,0.006788814796955923,0.002605479842448314,-0.00756485881255075
2016-04-04,0.01022149068252015,-0.006692995408569699,-0.003877904707959436,-0.002522345059640781,-0.009729152390172526,-0.0032434055703046616,0.0006119999237231478,0.002408043927807423
2016-04-05,-0.011858982978979395,0.012916668207256437,-0.014290731696571225,-0.01581991033103355,-0.001397453229810445,-0.010037970501411468,0.010876022380199971,-0.011489901241452828
2016-04-06,0.010418141813047656,-0.0061381369358648324,0.007680773799738656,0.010211443500544868,0.0013974532298104937,0.010861781332628058,-0.007288368516044058,0.013291548462578445
2016-04-07,-0.022051185638737196,0.014179801562103168,-0.025662141043730918,-0.012046454845625757,-0.010389100986644716,-0.01203779986939518,0.0122700878510858,-0.011347130452402834
2016-04-08,0.0011048327733931542,-0.0015187338768047718,0.007300615295154568,-0.000734485347602748,0.006470903648842578,0.002692881032388776,-0.0063440840618743935,0.01014603626629578
2016-04-11,0.0033078117759261197,0.013419630057020864,0.00793518707871633,-0.002023400779308336,0.006150448913426751,-0.002349673899633305,-0.0012881478046652282,0.0013212454400043365
2016-04-12,0.01294111260602295,0.00016664672071527165,0.01838641026798603,0.006240992973540504,-0.0011155029195545755,0.009269391688198278,-0.006926807506683377,0.0122862232489486
2016-04-13,0.014383585429360997,-0.010719526565990614,0.041469820266864806,0.01272701879430476,0.024801546699418236,0.010050328857983636,0.0035076074561574697,0.005674520693816048
2016-04-14,0.000535236690661005,-0.014075152256168354,0.012863856373857363,0.00018115516923769494,0.0027180640266242576,4.83046329172315e-05,-0.0048063097981762455,0.007047871603596763
2016-04-15,-0.020275356794569745,0.006892743647260424,-0.011569731924970518,0.005224831497320094,0.007840941679343417,-0.0011065709576154564,0.008528902944135951,-0.005399185264331278
2016-04-18,-0.02181108380874955,-0.001527627456597003,0.006444174205875883,0.0144500403993923,-0.004318177298348542,0.007002349261443424,-0.004331890873853279,0.009487620810993441
2016-04-19,-0.005317340901912485,0.015506833308651099,0.016721366335079826,-0.0012404201400420774,-0.01801385762220385,0.0031490067779505935,-0.0031269710814858386,0.005000531350710757
2016-04-20,0.002055614618147036,-0.0051142480161098115,0.014424690570820383,-0.014288716619777011,0.0038483919367120795,0.0009525419392991416,-0.011061571147512654,0.0068202604756430205
2016-04-21,-0.010886715921041254,0.003775305036917616,-0.010012612312873937,0.0034121907466092205,-0.0010978484259311168,-0.005392712819676119,-0.005965617672978683,-0.00011478658498093863
2016-04-22,-0.0027405982694509155,-0.012894694659209335,0.005800991483924351,-0.07441135384190448,-0.003852627361280715,0.0,-0.0025676849168457068,0.008489749973562517
2016-04-25,-0.005693693817848489,0.0028799271415296556,-0.005800991483924333,0.0063527672605364635,0.004950475787211784,-0.0017244084592442602,-0.004137303520562289,-0.0022874121783475077
2016-04-26,-0.0069714007048254775,0.00396736763751519,0.005175458140860488,-0.012940904997845693,0.00082271302115415,0.0014851783997081385,-0.004548497559808046,0.003429464056824353
2016-04-27,-0.06462166932522206,0.00286030286991974,0.002811550796394753,-0.009767733309933318,0.02249728259809342,0.002056061087077355,0.009931608319816251,0.009427227767675357
2016-04-28,-0.031042997980444756,0.018724801093336303,-0.007987008937255152,-0.020627079095762148,-0.030202567463242253,-0.009117344907358051,0.00411537461846209,-0.004873097715682061
2016-04-29,-0.011561041525566194,0.019270626438691787,-0.006308752250398478,-0.0006019255090999931,-0.01868142242511642,-0.005413265089598814,0.002553500284619402,0.004194224943335459
2016-05-02,-0.0010669746390936184,-0.003321349913169904,0.00929171792761693,0.014729763153506952,0.013141378971252516,0.007916711473163505,-0.010118959662731384,0.008223935132430693
2016-05-03,0.016312293947588284,-0.0022745646099544734,-0.019470091786028907,-0.016535709172801352,-0.012016217375008863,-0.008740881491601644,0.012516807467674633,-0.011509790644189477
2016-05-04,-0.010456226520807375,-0.006118222826125519,-0.01595146950166628,0.0018059460192945665,-0.023035462293304235,-0.0055945115699450685,0.005471192829102336,-0.001931187912784495
2016-05-05,-0.004067355600013565,-0.0011462207767798868,-0.005373798127598438,0.0014028276590791996,0.006023366990218773,-0.0001947428142696801,0.00666255780408135,0.001136460374547308
2016-05-06,-0.00559251953988169,0.009052054554673597,0.005860822517710954,0.008970665561997732,0.010241436216646638,0.0036520684602803217,-0.004283014042840791,0.005323970416025065
2016-05-09,0.0007546061000984493,-0.02075289801818274,-0.006351282124769709,-0.006370809686642205,-0.0014158502025475748,0.0008266322322333202,0.003137513157609919,0.0006782305885807239
2016-05-10,0.0067666698295359385,0.002731465708414251,0.013468854659148188,0.01879575778848751,0.019090944032835462,0.01235679252768142,7.601853657694485e-05,0.01590513525910877
2016-05-11,-0.00978887911144494,0.009378919930915332,-0.0037142181846039238,0.0005879362399029139,0.0027768719942082966,-0.009398577496000338,0.00563918276346081,-0.004830223557025652
2016-05-12,-0.0237361315093874,-0.007892173973086957,-0.0006474002809165958,0.00897040103954825,-0.013681306738057267,0.00029024115546919866,-0.0045697004148068454,0.009637162500560218
2016-05-13,0.001990053911239582,0.004529141979827091,-0.009270286029729924,-0.008382980383789197,0.14158128908023584,-0.008752179940578333,0.009647038248179057,-0.011327453651058946
2016-05-16,0.036446709583036495,0.0007392219670166908,0.007488075167489713,0.014576154947984464,0.029099173700636007,0.009816606228715573,-0.00865525346441038,0.010211370374790373
2016-05-17,-0.004162619729576817,0.003442329123242993,0.0,-0.018827929804953205,0.0021308937324071115,-0.009377269871867648,0.0016761912824046323,-0.00044657187794365223
2016-05-18,0.011379918719164939,-0.017497993073654197,0.037872425558255894,0.005921706375362884,0.025223727789754215,0.0002931059180523373,-0.014337519379275972,-0.002012176826421002
2016-05-19,-0.00381433403762444,-0.0019168712488534102,-0.010201849636254085,-0.009690336316111062,0.0043720233888141615,-0.0034711024402475908,0.004315090854779509,0.008469795378980611
2016-05-20,0.01076999379320897,-0.0013357015166127583,0.0018913099255526626,0.005944339824340375,0.01775207907313455,0.0062972935934157434,0.0007688031457321218,-0.004115141071801361
2016-05-23,0.01262732418621342,-0.0028442074994739935,-0.0007874666965121812,-0.011724213128888964,0.0015773749247324522,-0.001363616028346853,0.002225747550331898,-0.0015609760932747262
2016-05-24,0.015128990921597476,-0.017493154439807618,0.016875354789253123,0.030705151503655697,0.023984825840076832,0.012879322625258071,-0.004456695336513694,0.0007811537667289527
2016-05-25,0.0174165817285491,-0.0027317729645951225,0.01507029049589162,0.010220685702446955,-0.004197394719058491,0.006760163696267381,-0.0037804745407406183,0.006557816832565542
2016-05-26,0.007898718711359169,-0.0034252603876992805,-0.007506948518323281,-0.0044224218076034634,0.010570359225153345,0.0002866443209252365,0.005165260028444236,-0.005108991244075816
2016-05-27,-0.0005974582910544098,-0.008268772914245494,0.006132298817619434,0.008252559480378814,0.00546119928116472,0.004290005419903399,-0.0014616305072549267,0.002335769053254596
2016-05-31,-0.0048950832395976895,0.003798302317157037,-0.0024484547279184626,0.012912889483229334,0.017707212247138285,-0.0019042924419500013,0.0023844606941686446,-0.01105964973598583
2016-06-01,-0.014119037880986477,-0.00103444075765323,0.006414309070956051,-0.0028340924090031324,0.0019249021890621924,0.0020470560711412355,0.0040488545064020255,0.002468116150706907
2016-06-02,-0.007543963010442447,-0.0023315434917615587,0.0018251498047366255,-0.007025197923050518,0.007024861031750282,0.0030388436729652936,0.007181765840769744,-0.007987850311020256
2016-06-03,0.002044418863384179,0.02737326438830703,-0.01793857763335949,-0.013235263443134653,-0.014099733919911579,-0.0029912317818008563,0.014135274179385706,-0.0018088353463965193
2016-06-06,0.0072247151503112535,0.00033642486690222653,0.009852461754002978,0.006543647169169964,-0.0051767354142900415,0.005075710569525461,-0.007458669751695712,0.010916366302767159
2016-06-07,0.004047479393747119,-0.0008412423733234738,-0.0033758388649519013,-0.0005759755283951106,0.0019446537464976015,0.0015599384091606445,0.0024168045061377023,0.015218407215716484
2016-06-08,-0.0009092407907677825,0.014703707887444253,0.002916122437000733,-0.0011517865148733247,-0.0032434042895982383,0.0032542865557104385,0.005342095690119988,0.0008814634134099724
2016-06-09,0.007150245780397647,0.005541081570940353,-0.007692472541320093,-0.00810354377370988,0.0256536801636724,-0.0013662765038421536,0.0064317705945017255,-0.0013225515956068665
2016-06-10,-0.008262569762311087,0.004033075700703472,-0.01415369062679811,-0.0027160076325891506,-0.025220154860344703,-0.009522785071222237,0.00483493698073662,-0.007639131372449098
2016-06-13,-0.015191505046409799,0.007365624068488681,-0.008968583199490544,-0.026374341214365597,0.012689270572388774,-0.007741886660654329,0.004441325704115819,0.006756695876533024
2016-06-14,0.001232250217440688,0.0010594292626908233,-0.018987588329624685,-0.006201674917375955,0.0019217137017209806,-0.0019686965719390276,-0.0007383266841022563,-0.0017677313889644375
2016-06-15,-0.003288690900540833,0.0073849284570991006,-0.0017733841202709642,-0.0028135362675514794,0.010187163143669077,-0.0013951664102773893,0.003835933757741249,-0.002990142771539946
2016-06-16,0.004211818692627133,-0.010566651715243233,0.004026120636691132,0.01398875525171043,0.004003688096810736,0.002980164072545539,0.004848822064248423,0.011688187207744675
2016-06-17,-0.023020348732947216,0.012747298268990306,0.0009639644951858465,-0.005172774041440894,-0.01760990416142742,-0.0037313004476046694,-0.006248462887917304,-0.0054964503641055625
2016-06-20,-0.0024159023187165893,-0.0059880246543699035,0.0014439661899833046,-0.0011977652107249914,0.017819933674720432,0.0064196220021921335,-0.010750387893599002,0.004399277274669556
2016-06-21,0.00848130743119537,-0.01942288299292089,0.009256194269828908,0.022122322551186516,-0.006116243953420432,0.0028342704268215944,-0.004632000121016634,0.004489821197002353
2016-06-22,-0.0037607188779137544,0.000496444028716167,-0.00381971139788148,-0.003914766979671343,-0.0008464673924164971,-0.0016324704506208917,0.0016462880228216813,-0.003940922725268961
2016-06-23,0.005739760988630419,-0.0065557755937431204,0.021143389637889472,0.017881793722397007,0.026328494524415956,0.012938758925704943,-0.011504260575179913,0.006886183402695925
2016-06-24,-0.02849772813680405,0.047873912303474195,-0.0720086329838983,-0.04089402902590527,-0.05860328480029734,-0.036569706816389685,0.026492881160372888,-0.02660301028727649
2016-06-27,-0.014668131839952903,0.0053823171279899626,-0.03395946797552447,-0.028497970370626624,-0.010772630574830149,-0.01807227633873895,0.024659688906162408,-0.005947225300119403
2016-06-28,0.01670003503925817,-0.01079376043064916,0.03261618847637671,0.020640301377233605,0.014482986274689684,0.017875443339619823,0.002082477434502161,0.02280832373816509
2016-06-29,0.008617736532870358,0.004140765999889028,0.02783504572541397,0.02200555984226469,0.01620825306639315,0.016883993279866904,-0.007701688162106032,0.016905758629591473
2016-06-30,0.01263194149765473,0.0049939058952932335,0.015242544956526856,0.012388197180210607,0.007687190841304396,0.01355377619635481,0.003677614250972706,0.013748962994562469
2016-07-01,0.003028823281371028,0.015223162818061162,-0.006508313724578186,-0.0001953879428749641,-0.007473213960309479,0.0020979156211388453,0.013789349611938978,0.0010661471389427394
2016-07-05,-0.009430290001259745,0.008220905136956962,-0.028310987685910234,0.00019538794287506868,0.014679871098974446,-0.007219479349849831,0.012442445242974451,-0.008776740797408117
2016-07-06,0.0056687862783701085,0.005852881673551483,0.010689985621352403,0.004095696263367114,0.006315879327644501,0.005980174745515125,0.001614719480178301,0.011437302736231695
2016-07-07,0.004282562843003877,-0.0037695950478742334,0.006458710750733133,0.0,0.02568972645047814,-0.0006204852102677073,-7.036755667205493e-05,-0.012082380306571945
2016-07-08,0.0076835650727043615,0.005994014334570738,0.020423744713886475,0.017747175119271815,0.039307589237779494,0.014780846588562326,0.007339369970495892,0.006219646145039207
2016-07-11,0.0030983720793467486,-0.00946861312154938,0.007091022471345788,0.005529534895225587,0.022748245727867968,0.003520774050667048,-0.008813815646375274,0.0037348511990020605
2016-07-12,0.004526691697690645,-0.016690387468968386,0.014824614624552592,0.011720463479840975,0.014883092258536627,0.00723703147687736,-0.016575049253728928,0.011226756342710913
2016-07-13,-0.005661768199498708,0.009159697327218079,-0.0006330561352610014,0.005622148404203243,-0.0003792322448674797,-0.00013968269548308133,0.011715886282340379,-0.0007374509000124783
2016-07-14,0.01962645895619325,-0.0077450452302362865,0.015085292461489227,0.0042890624023432,0.010179368333915416,0.005568249159102644,-0.014649065145183804,0.0007374509000124079
2016-07-15,-0.00010126899215724267,-0.0038557351674657764,0.0009351483253412542,-0.0007444604445543973,-0.011696353055614605,-0.0013429069259506532,-0.008633814328330712,0.0017888239577075707
2016-07-18,0.010573613089504703,0.0015755839071671933,-0.003433988365917262,0.004829955165624643,0.005110546890758151,0.002683598996996915,-0.0009405525271345804,-0.003158888602401419
2016-07-19,0.00040075539907301957,0.0013372522657107563,-0.0015642526774020727,-0.016254445240995185,0.010329858427654551,-0.0010169921365649987,0.005626443725565957,-0.0036978393088799013
2016-07-20,0.000900693777857921,-0.01441038163632243,0.001095334626590701,0.05175455557155139,0.012994119416077381,0.004154364342691234,-0.005480833757635338,-0.0057328256543598905
2016-07-21,-0.005316260264216391,0.015117654201499475,-0.00376115080289445,-0.001969263283763591,-0.018615604742101933,-0.0037843841621510396,0.0020225546353616394,-0.0008522977828765039
2016-07-22,-0.00777423604906053,-0.007490707778721288,0.005480346867940344,0.013704932368052014,0.026881098535720425,0.0044751308649953955,0.001730597984688322,0.0017037445120207308
2016-07-25,-0.013469828561724097,-0.006989125856947095,-0.002658080710722238,0.002824207330919793,0.018305882432257413,-0.0027196332721894597,-0.0007212182628637224,-0.019441156211082885
2016-07-26,-0.006906615514081268,0.004215211050825792,0.004062381026031493,0.0005287518234878448,0.016918090165176983,0.00046159614381632077,0.00158510338824751,-0.0072932138204246846
2016-07-27,0.06294007460604446,0.01598269497210111,0.0031140790004006444,-0.010093024480769791,-0.010116573197855501,-0.0010618078363205886,0.012376303280918174,-0.006796651171803667
2016-07-28,0.013411605946843017,-0.00289409340924044,-0.003581985820811902,0.0003559963249518402,0.0021381261735448033,0.0011539527548064558,-0.001850205659642084,-0.007840797438830163
2016-07-29,-0.0012466218187617542,0.010286811942904156,-0.002029923168969198,0.00832678214688846,0.016243132849781187,0.001613184515864894,0.008299708594034453,-0.01395538351385502
2016-08-01,0.017502639438542415,0.0018590671194806466,-0.002661070623961055,-0.0017655516691932876,-0.006500890065753354,-0.0008292631724970935,-0.010901396585818396,-0.03535591250222547
2016-08-02,-0.014915114147583734,0.008092864929715934,-0.002354242482113917,0.0,-0.0122372838976184,-0.00642791985131327,-0.010355812866004073,0.013649747839068175
2016-08-03,0.0124599579748851,-0.004770787598632875,0.01574380456164099,0.0068690256734773815,0.002672896723259672,0.002918460376312553,0.0005786164511768945,0.00515664048355698
2016-08-04,0.0061587404190561554,0.0016954476164976306,-0.0015479194006439378,0.007345034549594701,0.018339719919936992,0.0010633114325497104,0.007485533934845928,-0.00011454739087771422
2016-08-05,0.015093023964068754,-0.018025444010511645,0.026594962592839274,0.009882948476257156,0.01680700785876712,0.008145962764137113,-0.01045298450456178,0.0009142636042200334
2016-08-08,0.008246553515966912,-0.0008627837547004024,-0.0030213346312603236,0.0017239977459876932,0.009235837987483283,-0.000596494203797813,0.0018819404194121373,0.011694942747302223
2016-08-09,0.004052001956717631,0.004072023167431717,-0.0034856014533981537,0.0024084217292663474,0.002550027022219281,0.0005964942037978407,0.009788851326711923,0.0012407429921708034
2016-08-10,-0.007472211281144219,0.004677994512329687,-0.00899739660020773,-0.0030976939543986177,-0.006473523068192815,-0.0024784836845149366,0.0038604795465368496,-0.01766489072949605
2016-08-11,-0.0006482009640615585,-0.006946906948684661,0.0027536959927300453,0.00481436619552568,0.020134356468395512,0.004629983664341169,-0.008958677653137351,0.0035810274365957275
2016-08-12,0.0023134728367189897,-0.002117040375034645,-0.0021408125439053615,-0.006194039704169043,0.05443731351634593,-0.0008692939407434552,0.008387359698441545,0.01294579905664136
2016-08-15,0.01194509632540178,0.003447698256792746,0.006104866277233997,0.003101518663239557,-0.0009522404588237785,0.0028798046790175294,-0.009468012843574656,-0.0004552561675555076
2016-08-16,-0.0009135938664284879,0.004915970173444719,-0.0001524231259861334,-0.005555099609376147,-0.00605200505772731,-0.005171158893410397,-0.002669697916724394,0.0012521367108642165
2016-08-17,-0.001463778423072333,0.00023348078990268189,0.0027357009222163664,0.0020869106940640094,-0.023435084806439688,0.001879474927746263,0.005979721021058006,0.002158601649886754
2016-08-18,-0.0012826329689924283,0.004735854578729188,0.000910189556703201,0.000694496497123036,0.015415862185800353,0.00224122266948187,0.001578706871220035,0.009038660333936542
2016-08-19,0.002563851499569772,-0.008868887925520175,-0.001365745846888758,0.00034729071171509516,0.0025730484431134393,-0.0014632068885382108,-0.00524945065749156,-0.012563162011592731
2016-08-22,-0.007802897572760119,-0.0014858453674488508,-0.0009111324732555381,0.000867253357371239,0.004167465089665959,-4.573923831526774e-05,0.008400130856695677,0.0021615489120155357
2016-08-23,0.003128285300440192,-0.00015650499362582264,-0.0004561794616230121,0.0038077009798288025,0.008059773819064637,0.002011449880122643,0.0010715709897944673,-0.003073186523390599
2016-08-24,-0.007561864204932211,-0.011176864142998311,0.0027330577817672196,0.0010356296661714205,-0.015538967793591195,-0.00512803424620274,-0.0023592926062150268,0.003414231562054764
2016-08-25,-0.004267226221273565,-0.0008709901258544955,0.0018177473647237143,0.0037890435718446764,-0.0066410817378545805,-0.0006885651372221637,-0.0038014848935538498,-0.006382606326624813
2016-08-26,-0.005873531209870355,-0.0014269885139347306,0.0022681093879051814,-0.0024093530464693665,0.008092936486225956,-0.001885347093529941,-0.005836692091424817,-0.0021743942356048014
2016-08-29,-0.0011230613190277342,0.001981375674593548,0.010963358243887342,0.001205549750533234,-0.0006449737592471694,0.004912281144086319,0.013281869791608848,0.006509648098824688
2016-08-30,-0.0077060464004568,-0.01010635477558824,0.008181508176443341,-0.0036208699420799406,-0.00582419030300076,-0.0016501132295617612,-0.0038580877848975793,-0.003649815876426205
2016-08-31,0.0009428687424833994,-0.0020015218438290436,0.0,-0.007455842141504781,-0.00471646818880217,-0.002848076981196223,0.0014303867542799463,-0.004350939198362668
2016-09-01,0.005920287421910484,0.004078880664929754,-0.004305431277291331,0.0022600554090389554,0.029080198774614558,4.598120935019952e-05,0.0011027390575997398,-0.003448703360508683
2016-09-02,0.009326006729545932,0.010164454828507231,0.004157027886909215,0.001388085752637231,-0.009866056852402598,0.004498147911525236,-0.00819029050434476,0.006656717632220992
2016-09-06,-0.0002786662010864615,0.016766351430797802,-0.0007406555272066272,-0.00104118135719965,0.009391253626198786,0.003017824511093075,0.007259882586268433,0.013069116260019593
2016-09-07,0.0061096364318823536,-0.0034244132039321193,-0.004160483718762623,0.0008678503379826957,-0.014843473811402748,-9.143947412469338e-05,-0.0007165887555770057,-0.0037328087112113908
2016-09-08,-0.026558540496393383,-0.005315481388614766,0.0013390315464664687,-0.003996794655334945,0.007209912595238277,-0.002285675227021353,-0.012621067291908816,0.009137714526104625
2016-09-09,-0.022910476119182933,-0.006605326760192751,-0.008962073797607033,-0.021472175545892317,-0.05109187486983541,-0.024225777490075436,-0.016610798041186717,-0.025130739707133844
2016-09-12,0.02215196296603361,-0.0012631537514554386,0.00613249054321887,0.014833222109598717,0.02045470635433609,0.014245324513600204,0.0005156786897096722,0.005168772391878991
2016-09-13,0.023525979623001517,-0.006657679739988439,-0.007934405055944315,-0.009156301508028179,-0.014591660418403197,-0.014479850995881649,-0.011422347676073372,-0.024117288381967493
2016-09-14,0.03477495296998556,0.0034136523813896856,-0.0019560065751764496,-0.004787846078673601,0.008813710388139152,-0.0003754240474623995,0.0014906931634805435,-0.0071841128211342425
2016-09-15,0.03343329027009628,-0.006440074325495563,0.003608220505535568,0.016395212646153075,0.037212908693993026,0.009943445304190692,-0.004329509779877658,0.005657272489600834
2016-09-16,-0.005640147590203542,-0.002475784418470438,-0.012381663697094045,0.0010486736409715965,0.0023898676826329406,-0.003872896558082036,0.008047224580642111,-0.012418108668211376
2016-09-19,-0.011728893359095176,0.002076861031546589,0.00560587222797702,-0.005605325533823711,0.013121668194853654,0.00018726171064780483,-0.0032706689535100075,-0.002382958468259139
2016-09-20,-8.819390984965683e-05,0.0009571124160197729,0.004070548786597948,-0.002110256120389016,-0.009151409049556122,4.70187306255591e-05,0.0034930125011520146,-0.015507962452141399
2016-09-21,-0.00017597082481398164,0.014483211562644741,0.005701684803084906,0.01658421888732927,0.0276690328717497,0.01118247210151961,0.00805492848875764,0.009165570768026972
2016-09-22,0.009379362984492696,0.0023544435304930274,0.00819499098406365,0.0010382562295654359,0.002463644348059026,0.006281962855404446,0.007917290995727546,0.002877410423916835
2016-09-23,-0.016804302593702518,0.0006269244831308528,-0.0020796587246561687,-0.006767678726811403,-0.0010771817124791032,-0.00549442187743081,-0.0009498711529607357,-0.0010781900626407694
2016-09-26,0.0015070785625593485,-0.0007836871273147406,-0.022101287480627597,-0.009271460884503856,-0.009436125749757626,-0.008135208590933455,0.006338960657442381,-0.004684301584250931
2016-09-27,0.0018587933509703516,-0.007317971706278326,0.00877875439788951,0.018284917205055852,0.03362176993499958,0.006188921373354748,0.0073080947917180065,0.0021646960918247954
2016-09-28,0.007575612509922559,-0.003164070980187106,0.005260349153068354,0.0013796905253750992,0.003600479797787412,0.00495115230715848,-0.0021650293837715768,0.04302993339524872
2016-09-29,-0.01565488693984271,-0.001189120004834333,-0.016017131939693355,-0.010915553373647524,0.009241486883693785,-0.009088725958034649,0.002525339502053945,-0.0050760181554157175
2016-09-30,0.007725512913227969,-0.0034166360099868506,0.014216690677327396,0.003477988133185916,0.016480801163017225,0.007518084278125835,-0.008976522486024112,0.009439482616706392
2016-10-03,-0.004699341349223523,-0.002550206163687112,-0.0012020727191429266,-0.003130010390838999,-0.0010224143204798889,-0.0024069348139291397,-0.003306150972981762,-0.002638850275524527
2016-10-04,0.0042568159004755645,-0.03532787258610445,0.008595259477510388,-0.0031396133912404015,-0.0021939979374635946,-0.00511114946419671,-0.011763192778614616,-0.009232413886713852
2016-10-05,0.0004425254487479701,-0.0015718922897908132,0.016233812537884532,0.006964084636542136,-0.0010252829829275987,0.004415669588326254,-0.00467100065623555,0.008657895273420908
2016-10-06,0.0074026178016500825,-0.009316280206747919,0.0026556570838793753,0.001733153955654882,-0.013130026951717345,0.000695479875870428,-0.005588157723306944,0.00045982909981293383
2016-10-07,0.0014917680807159728,0.0006682890904549356,0.0035302302717515215,0.001038615576543892,-0.007302814777944365,-0.00343516747915086,0.0006719920415582779,-0.003452469832374469
2016-10-10,0.017296356256103776,0.003501510836135797,0.0077512304899518,0.00414356082016055,0.0037325463616890197,0.0051944703123413035,-0.0059163254085073105,0.019408902468890998
2016-10-11,0.0021519888873624536,-0.005089499061391544,-0.004819078448567015,-0.014753261189130002,-0.014561697102846846,-0.012709755005929376,-0.0022557577790202183,-0.007946523765321078
2016-10-12,0.008902319889894265,0.0015879882252557648,-0.002638889422537373,-0.001399744169036589,0.004526698538130813,0.0013108957426979043,0.000977998454433334,-0.0069764343576685355
2016-10-13,-0.0030727105880596164,0.0024189937106391113,-0.005740444672432823,-0.003332491970299568,-0.016391478325918644,-0.0032806344354931348,0.0037531844820014224,-0.006563472402416571
2016-10-14,0.005541455949122672,-0.005597559798283797,-0.003253415437161805,0.00874569573080502,0.009745841573131036,0.0005159643737679507,-0.014110432168601379,-0.00023116306930595398
2016-10-17,-0.0006802560091312174,0.0026773752071126027,-0.005196725630764395,-0.0034887604943563723,-0.005775450250418892,-0.0034778663314544976,0.006363406424826453,0.0
2016-10-18,-0.0006808609519305091,0.006164100054633751,0.007859278689155818,0.007659983935064496,0.015126690892072078,0.00624253639317977,0.0032414502902339977,0.0026540443750862302
2016-10-19,-0.002983989206849735,0.005713611741873303,0.009555567766025636,-0.002257457630960881,-0.0021040177314539856,0.0026636437668000903,0.0008275003182652741,0.004599734201934063
2016-10-20,-0.0005122816758752719,-0.0030597728971404627,-0.0013178381836123913,-0.00487855176024464,0.018778451541533892,-0.0018681637053484012,0.0010524546440764675,0.0004588654466822596
2016-10-21,-0.003937474629892305,0.0007451585177257722,0.003363691772727227,0.04123409479669496,-0.0028089779112682855,0.0004672224543722893,0.0015017715522068907,-0.0067888513835586565
2016-10-24,0.008964942735183966,-0.0022370801255002003,0.005533097534027296,0.022212148122466704,0.045866738669932454,0.0042438954672727215,-0.004360613448100658,0.0033426538092164756
2016-10-25,0.005086747894148595,0.0075197946939096144,-0.0010169024764498347,-0.0001638680512250733,0.01627199856628645,-0.003356291085205659,0.0026331275769547326,-0.002188505909500288
2016-10-26,-0.02275147789723474,-0.0056138205649168835,0.004784981744703526,-0.005920317193966219,0.004027096611477294,-0.002009622101278366,-0.006786223552826014,0.004257407952569947
2016-10-27,-0.00964926801969363,0.0018196962666163264,0.001445768098767252,-0.008780039145115824,-0.02072305506206171,-0.002670966781772751,-0.010953494474184061,-0.001953705151471592
2016-10-28,-0.0066606712591230155,0.00469929291776931,-0.00173478787198339,-0.0038343610742328704,-0.0016994277543603605,-0.0029595093130837897,-0.002220249699963863,-0.024928780502033815
2016-10-31,-0.0015843750699379763,0.0029566431199742503,0.0021679616798930975,0.0008348892237948435,0.008467381498256824,4.712733723527875e-05,0.006113828819835928,-0.01737081137522159
2016-11-01,-0.018220289385924866,0.006457707460557924,-0.004195798989154334,-0.0020048490407219293,-0.0300998909863674,-0.007271738997886021,7.647213376487905e-05,0.0039526532291283886
2016-11-02,0.0008963860436164104,0.0073872643657927,-0.004213908204698592,-0.006206080507704705,-0.004208576194807502,-0.0060367596480912465,0.004341161998686979,-0.00239379630974434
2016-11-03,-0.01077643908833681,0.005323910740822454,-0.004377587445541793,-0.003709211216512587,-0.011702856247875598,-0.004587588310603938,-0.007705542701299633,0.0025134125998110216
2016-11-04,-0.00905476482836944,0.0007237632468996816,-0.009108373474520667,-0.008480178293429433,-0.005755671384719466,-0.0011022045460786095,0.008920945171223183,-0.0010762237444638674
2016-11-07,0.014321633923331176,-0.01817197611952108,0.030807299158188806,0.028710103126373062,0.053311549819212115,0.021817108800936923,-0.008538309162218458,0.02224641483776586
2016-11-08,0.005870049497732255,-0.004183952404118774,0.0021440997142540648,0.0008274341997230969,-0.0015445550054423243,0.004493911875097477,-0.004065747687804054,0.007176197614467341
2016-11-09,-0.001622210037236414,-0.0006579098268443167,0.044955062092627465,-0.004973837221398232,-0.017007002872937015,0.010546336756345347,-0.043358687608505406,0.010958372607852864
2016-11-10,-0.02826361362071002,-0.015001711673607077,0.04537107933868212,-0.024734033504984158,-0.031804278972411955,0.0024922976509823983,-0.01488075900190075,0.009233123161285429
2016-11-11,0.005920093235876653,-0.022377978717915834,0.000521631732381484,0.005436474702535976,0.26087661957611874,-0.002307228878709093,-0.005638533779701274,-0.015980263239129093
2016-11-14,-0.02540559560441846,-0.008490234677527317,0.03611179045830488,-0.015366302656638861,-0.05047421254756046,0.0007849466172178537,-0.005999294181271659,-0.004562806413604522
2016-11-15,0.013157058335945737,0.00866105076842777,-0.0018883397858424076,0.019554622072924202,0.03003250617566839,0.007772406528985649,0.004933539252790044,0.017896830250789267
2016-11-16,0.026533111157038658,-0.002992914324639686,-0.02500782668106089,0.013162711074369535,0.061204167579492486,-0.0018800358627509954,0.008983178481713481,-0.01240101030785016
2016-11-17,-0.000363911544184923,-0.005151539575840869,0.00797845767350863,0.016460443250550953,0.008260319675733664,0.005127577394111308,-0.014824056524600221,-0.006082209657338319
2016-11-18,0.0010000427786629978,-0.008818980245606385,-0.003981240194195128,-0.004793948671753238,0.0104442438070054,-0.0022402845774984093,-0.0028921658360534655,0.0005863897143992264
2016-11-21,0.015059664125254906,0.0037273072140238833,0.004365873013455721,0.008415171494968085,-0.004078772203646624,0.007523232047132021,0.0024797841256157804,0.014088537976193678
2016-11-22,0.0006262276996990004,-0.000346148454927052,0.0061307655742029185,0.004263131057307157,0.007179811277945776,0.0019513279196666069,-0.00033041027905649346,0.002194509022992172
2016-11-23,-0.005111618345817347,-0.020019033913875547,0.004193418323955029,-0.011850106187418776,0.004907501663800165,0.0005438908882024304,-0.0038879958403074226,0.0027652926480392164
2016-11-25,0.0050219587618391855,-0.005667237234161627,-0.0003804940352663953,0.002150317069875725,0.002019793960027025,0.0037085439960351727,0.0014905633719827917,0.002297852858088598
2016-11-28,-0.0019697172735810317,0.01051202138010083,-0.006491025427821333,0.0013206369144955349,-0.0005313190563019566,-0.004705916845007234,0.007339430232045898,-0.00748884781774229
2016-11-29,-0.0009861295122269135,-0.004668228933024721,0.00763201107285223,0.007888380099121644,-0.009180033961782155,0.001948490843433607,0.004181399013524019,-0.006613633552950124
2016-11-30,-0.008469606310427626,-0.013510086082379656,0.015714624402134742,-0.013679661197163384,-0.01132403720618042,-0.0024022594185772613,-0.016332755222930224,0.016166799765826998
2016-12-01,-0.009362965781400426,-0.0018809543242076046,0.02000606513570338,-0.01774703820751787,-0.05072238120054671,-0.00368190008384958,-0.010614492152476935,-0.0006876990829406729
2016-12-02,0.0037374264512936802,0.005364806083291903,-0.0023260097245883377,0.0008443495337568982,0.009200261848503758,0.0005007963057914027,0.007300880923613778,-0.0022950870462635936
2016-12-05,-0.007214453958856182,-0.005364806083291772,0.020139052929514206,0.016238717672344468,0.03804522129599616,0.005990639303962543,-0.0010877489949574681,0.005042256535572774
2016-12-06,0.007669171365560013,-0.0009866853717861235,0.005151478375650527,-0.004493781086246009,0.016301205756379153,0.003162616270485542,-0.0007535435242702727,0.0009143790719890767
2016-12-07,0.009774645961454914,0.003583283615967486,0.004530021997714882,0.023410001255972618,0.017828827604756816,0.012995555391685266,0.008507730156847847,0.005807630934635301
2016-12-08,0.00976965189863341,-0.0023276835438489365,0.012411971606670813,-0.005883190433024337,-0.016865910720267174,0.002445841750778737,-0.011864084345600217,0.0028344105079434545
2016-12-09,0.016189847105255704,-0.010542046205441346,0.00433783448972331,0.01561278980076124,-0.0179171448810769,0.006022111309328723,-0.012517194282379374,0.007669745976348424
2016-12-12,-0.005720600757955287,0.003797113021044969,-0.008929731844400615,0.0032221848606951244,-0.024586464815455542,-0.0011481438521803388,0.0018710674606879103,0.02200355074206179
2016-12-13,0.016543809693121254,-0.0033443584495007656,0.00035382940491535814,0.012944572911738589,0.017482107365278055,0.006651648263540027,0.0035606367039946606,0.017433333470007452
2016-12-14,0.0,-0.014775853703028299,-0.0003538294049153904,-0.004774818641446571,0.056298768489391325,-0.00828839500420451,-0.011235524503130638,-0.021839332358954397
2016-12-15,0.005454359368423938,-0.013785715901107687,0.014877455015904964,-0.0015967541686471322,0.023161648520185915,0.004108700916965508,0.005037552410979344,0.003415993332415964
2016-12-16,0.0012943110395634099,0.006592778565065466,-0.012402114542371152,-0.0044845235072948925,0.017075654366561242,-0.0019577521599773947,-0.002302247313547592,0.0031857465098331277
2016-12-19,0.005760648707701424,0.004985177307786946,0.005751846232551894,0.020966635899810154,0.012076824854776857,0.002175008856217833,0.010698563339340003,-0.008370024595345396
2016-12-20,0.0026542842226858366,-0.007394390217464912,0.01279394802332821,-0.0012581825887633244,0.03423921143385111,0.003850057440214694,-0.004995327224753969,0.00011058545345378168
2016-12-21,0.0009401427147068228,0.0005564603998491446,0.0025392867262659133,0.0,0.0062564402760325955,-0.002786613028161427,0.004404054954754918,-0.0016600672360750678
2016-12-22,-0.006599564909340573,-0.0024136861188265224,0.001612610500197886,0.00015737617751264676,0.012021899931221465,-0.0017288782915042256,-0.001789102947836891,0.006514078323982624
2016-12-23,0.0019759439621064865,0.003155199096609045,0.0018397562435772087,-0.004890080568231033,0.02462216049602156,0.0014631035672195416,0.0020349075339200088,-0.0017626368106608771
2016-12-27,0.006330735876899653,0.005820121372820581,0.0009183277715725519,0.0006324081396945748,0.06642708275827354,0.0024781607579340576,-0.0032241146187622608,0.00044123751061161135
2016-12-28,-0.004273335001980227,0.0027596655752010505,-0.007256343980909134,-0.004593420573908033,-0.07126680552179412,-0.008298770186207949,0.007282479189756091,-0.004971177435823829
2016-12-29,-0.0002567928139962095,0.01305061000633585,-0.007077685422057271,-0.001429616315652754,0.019757732535790058,-0.00022285259467156777,0.0035369868785705724,0.0005536034642269219
2016-12-30,-0.007826373798346945,-0.006184651823121631,0.004646584944123473,-0.012156489294223884,-0.04300063399905452,-0.003661347326971245,0.0015119701193600005,-0.000996719827467522
2017-01-03,0.0028451620001939894,0.00781538513824579,0.010834649454965069,0.007055892631056326,-0.045324881566989626,0.007620591022987422,0.004272142689550865,0.006955374643264679
2017-01-04,-0.0011200003341925405,0.0035241475629946054,0.001843187682044211,-0.0044845235072948925,0.02306305218946604,0.005931368217323895,0.0038370711002316212,-0.011063069483878467
2017-01-05,0.005072669963470194,0.015395946803090798,-0.009248166819832452,0.0,-0.025713432225752415,-0.000794762137948356,0.015532821302418925,-0.015019258900385088
2017-01-06,0.011086190001972567,-0.007399862806677905,0.00011660362215923923,0.008630454066107978,0.013278860942953151,0.0035715049112246076,-0.00922413862132344,-0.0005647292520492217
2017-01-09,0.009117977665765454,0.008198942430912352,0.0006961534902670539,-0.003187708123348549,0.039743077064352934,-0.0033065400902883985,0.007992939408138075,-0.016634910575706947
2017-01-10,0.001008119429550642,0.004251209640407789,0.002896756672868511,-0.0003194188277462353,-0.007579005948508367,0.0,-0.0006564202964645444,-0.012834774776764517
2017-01-11,0.005358962749393778,0.003088451356458922,0.007492530078379413,0.009061500454624024,-0.012380481158793828,0.002822295729004001,0.003362551782586143,0.010188896334767815
2017-01-12,-0.0041842223474084644,0.0036058581395100996,-0.00969304957977495,-0.009221078070834917,-0.01649133793216,-0.0025132066658279406,-0.002213420550788832,-0.0054291319815049765
2017-01-13,-0.0017624543977740443,0.002630155985373185,0.005319665572878751,0.0014365053549043874,-9.652203924262943e-05,0.002293003861433225,-0.0047697676213489595,0.00011587791118928466
2017-01-17,0.008031826250196128,0.014257386660884261,-0.03700870278835357,-0.0027149974449813016,-0.022686138274198773,-0.003529620482973138,0.010414761409069741,0.011628747670459039
2017-01-18,-8.304893798168516e-05,-0.00849515963956113,0.004656827824033594,-0.00047977107079128065,0.018034840178751864,0.00220761883692937,-0.012890481726039777,-0.012439839818462958
2017-01-19,-0.0017518522817006983,-0.0008709816243126054,-0.007653468873219142,-0.003205486337933919,0.02123915806684941,-0.0037114627858133692,-0.006882909064318089,-0.018127459842598625
2017-01-20,0.00183490121968233,0.0024367465635147297,0.004431714205565207,0.007038243560163979,-0.010995699018659402,0.003667233102781201,-0.0019993070733495505,0.013597388012633825
2017-01-23,0.0006668360191428069,0.006411370524106662,0.00047805646846198977,0.0035001586577140696,0.010330076847371805,-0.002605576704001908,0.00995580846297888,-0.01076929446892456
2017-01-24,-0.0009164181672720254,-0.00450104004040464,0.011993258872786508,0.008855224416865117,0.021090765556347705,0.006391376075006607,-0.006875664746266816,0.001411359162358396
2017-01-25,0.015794912184976948,-0.00827564253844338,0.015344207319738836,0.002515641877301856,0.004276771943899475,0.008618280885340678,-0.01262944129481755,0.0029336668509288982
2017-01-26,0.0004924384346609438,-0.009315451405169057,0.008334426251996905,0.009222584405495865,0.017108523980707693,-0.0010460638115256224,0.0033610739568542473,0.003041978866112127
2017-01-27,8.185687846069957e-05,0.0020286289430193087,0.002072995284277373,0.02322266192658442,0.019149778798889957,-0.001571150301137737,0.0036009197552986523,-0.0010515840185550936
2017-01-30,-0.002627588905753061,0.00422055808840963,-0.010407421536274164,-0.009930384038244476,-0.015781262483522757,-0.006220941485464348,-0.003013981842538482,-0.007630862127294678
2017-01-31,-0.0023047407293871227,0.013768096552717091,-0.016407090544944807,-0.007397251943627164,-0.007663938779034238,-8.768307448937374e-05,0.006934656759911127,-0.011496409844770293
2017-02-01,0.05919372843835484,-0.0030336413602642647,0.003773916377294777,-0.016688868424005205,0.042761911780039054,0.0003952917434136033,-0.0062021192230350885,-0.011388816591651757
2017-02-02,-0.001710092116825806,0.005540175253055062,-0.004246774733768989,-0.0064696861937797575,0.012557743697441467,0.0006589652228102107,-0.00041991919188351254,0.006130074458056636
2017-02-03,0.004269952173249857,0.0025003325828475273,0.03015883326654833,0.008040944267576278,-0.008791435825444479,0.006869170809392314,-0.00042068385565399664,0.0010777370258933578
2017-02-06,0.009330230955142314,0.013428758731217077,-0.004713436284268435,-0.0006282337685765284,0.02529376594789391,-0.0017894763473042942,0.006032252261812152,-0.0027570229038465306
2017-02-07,0.00947243947546197,-0.0020411460379591725,-0.000576863911465796,-0.0033052888521064444,0.015395168944608857,4.357439948219078e-05,0.007324128013494367,-0.006502502587986637
2017-02-08,0.0038699759396418868,0.006195677380773737,-0.008802303222869769,-0.0014198939840565975,-0.004374523199061857,0.0013096734970712918,0.01350689061217999,-0.006605374360068431
2017-02-09,0.0071996496371980355,-0.007644011341685387,0.014321924199211944,0.011303098703845722,-0.01897987982517144,0.005915158038517982,-0.011601669891735446,0.004408193666175539
2017-02-10,-0.002268034533581515,0.0026395141502793757,-0.0022959155167792335,-0.0009370382781636288,-0.024001107589770802,0.0039384781631375265,-0.0005791847813467458,0.008274556438269938
2017-02-13,0.008816771947395741,-0.006825925967175972,0.013131352553485206,0.01118731648374353,-0.04721614288896693,0.005427941951738004,-0.003151899688371293,0.005799916612956495
2017-02-14,0.01289586258063818,0.0011123712399388251,0.015869078822045763,0.003723363519857528,0.0036839214396834287,0.003987056368117329,-0.007253211197795259,-0.002171141079818242
2017-02-15,0.0036221321166679736,0.004437217359329355,0.01143519916629618,-0.0006192487521059709,0.0020204002513987433,0.00520654199825022,-0.004613172856367321,0.004097225142081879
2017-02-16,-0.0011811581256458716,0.005349691237603728,-0.0006624693211991161,-0.0001552986209591637,-0.01618512148662204,-0.000851156163603853,0.005449353486135091,-0.010395315625397415
2017-02-17,0.002729640882389904,-0.003393297472611437,-0.003319162767176626,0.0015490193943496061,-0.00018664656421363954,0.0015752002834354354,0.005918216580772407,-0.006583107576918928
2017-02-21,0.0071952400865165815,0.0005946540100771037,0.008607100216270253,-0.0020141409780131724,0.03518435603184278,0.005937280271422369,-0.0017467702343957159,0.001588678467241053
2017-02-22,0.0029944037058028308,0.0013579197505681978,0.0005492490577873938,-0.002017548149517393,-0.0015335319941579629,-0.0008884716171425362,0.0016639013002118814,-0.011791938656172231
2017-02-23,-0.004238853203917253,0.00869753215772013,0.00076848521974626,0.00403168912753052,-0.09730717985074355,0.0006770130497948854,0.002987665506059225,0.010447798841545447
2017-02-24,0.0009512868002009056,0.006369402264058893,-0.008817150059292895,0.0,0.009605947719106934,0.0012680063576703063,0.011043465814891292,-0.008596615042213299
2017-02-27,0.0019740776719627097,-0.004857175635850916,0.001106133832913906,-0.006053645564088167,0.028661438814912996,0.0015616957763161985,-0.005918860079978816,0.0056577750930935766
2017-02-28,0.0004376999162655047,0.0009230175401251751,0.0020991001881731745,-0.003899916416638026,-0.028464045747958768,-0.0027029115445857278,0.0037032266479254954,-0.0027018622387790553
2017-03-01,0.020233971842798314,-0.0014268817535847192,0.03235533059646407,0.014893370115321478,0.012826422480691229,0.013900349101645913,-0.01689781929149792,0.020689802890206735
2017-03-02,-0.005955181222056892,-0.012508578672614061,-0.015721204892531714,-0.014424343493067985,-0.03756845362031871,-0.0063172748942832545,-0.0036062091724271823,0.0033669404934602693
2017-03-03,0.005883252791876844,-0.0005955140219627113,0.00713730962094864,0.003742271859099388,-0.00577404458358637,0.0006294463403371404,0.002601490588800783,-0.010135509177837886
2017-03-06,-0.0031524477253807616,-0.006745539852068463,-0.009528133407155734,0.0003112851361055254,-0.0077508574334272445,-0.0029823545295698905,-0.004788012012726644,0.004477081623891265
2017-03-07,0.0012907853219857356,-0.008086086565359004,-0.005563658625650981,0.0020205018815673543,0.010895225851524557,-0.0029911260544650603,-0.0030349128899935284,-0.0037497297673398837
2017-03-08,-0.0037339920918231257,-0.00623811789096147,-0.002190273031011983,0.009119824283005173,-0.0018244759939264824,-0.0018584650137134582,-0.005419585573226752,-0.018221344624830937
2017-03-09,-0.0023046533176625077,-0.005140919622256687,0.003939364894342907,-0.004008363319590116,-0.00020304525714734696,0.001267513199919689,-0.008012874839100964,0.00786723093369804
2017-03-10,0.0033112491034746026,0.0021815968976861885,-0.0031723576749591842,0.003084701189630845,0.005868708432747707,0.003497993540573775,0.0035029800204833907,-0.0007346437819223086
2017-03-13,0.00043098655124285264,0.00017429306368691534,0.0008761203290000547,-0.0033940354970201526,0.027169910990433453,0.0005045489629446439,-0.006331153782478096,-0.0023307723363034227
2017-03-14,-0.0015092068918597969,-0.005418130142924943,0.0016405391615086945,-0.0046465387066329765,-0.0006872509425684051,-0.00383394129845083,0.004794791740606045,-0.005295480522647907
2017-03-15,0.010520453215726502,0.018492494054675904,0.0024012020856627675,0.005264523226328425,0.007536739416766303,0.008616282002471694,0.012141251129663688,0.012393881527709807
2017-03-16,0.0016362486914659098,0.004120559955210867,-0.0009815111078664198,-0.0017001316411108496,0.012211333599028026,-0.0019687683086420213,-0.005076381072059471,0.0008530855102922523
2017-03-17,-0.004988148793969416,0.0022248383768926597,-0.010530916415516013,0.003551731808889158,0.021537230722121596,-0.001757824659205359,0.006256576687130688,-0.0008530855102922745
2017-03-20,0.010446281121893159,0.004435011725418118,-0.007194112999894751,0.0009244508095462579,0.03136843957488037,-0.0010975478082233495,0.004289482033054037,0.0
2017-03-21,-0.011518541501975295,0.008727009558066982,-0.029761818484882397,-0.011150744357381542,-0.03287804877622733,-0.012922585438504408,0.00827478347560781,-0.0020754947389388734
2017-03-22,0.011235244849208398,0.0024434516279076965,0.001600625806576178,0.012689599107057636,0.02018938214261517,0.0023504193790218285,0.003987409195959594,-0.0008557989838605982
2017-03-23,-0.003541728551708592,-0.0013473994637167544,-0.0016006258065761757,-0.0024633055592223536,-0.009109580485078525,-0.0010677698790745823,-0.0014105365109172508,0.0012221657614559468
2017-03-24,-0.00198873880123233,0.0015998188263154015,-0.0011449709517703046,0.0016942393440802072,0.0035421230744205304,-0.0007267383265274903,0.0035635736987898264,-0.007725702358259381
2017-03-27,0.001704942257778563,0.005621040603803889,-0.0005733143388454602,0.001845052359437071,0.007231605595169114,-0.0010267946427675232,0.004540071290422897,0.0002463457375340593
2017-03-28,0.02051500561295877,-0.0041077969016607725,0.015469212801212323,0.0029141832636982367,-0.005186301074370675,0.007250690305702149,-0.006693108478295556,0.007235056948095785
2017-03-29,0.0022228024180731983,0.002433200950322697,-0.0037316908933918164,0.002753575355521732,-0.003255432353800863,0.0009344467242056978,0.0059512542857941796,0.0021971107789865575
2017-03-30,-0.0013189563748341496,-0.00723300545545795,0.00857304569477819,0.003658905737647321,0.019009661950210463,0.003178965496241083,-0.008109102901675044,0.020275604935685605
2017-03-31,-0.0018776911782152218,0.002108015430704589,-0.013456520589840733,0.002279843462327313,-0.004305596779904855,-0.00233040242473216,0.0029038812217230866,-0.02039747404722206
2017-04-03,0.0002779607534787471,0.005292550298656713,-0.003649189518980364,-0.0047178841755584336,-0.005061566486596066,-0.0017405773330448264,0.010036293842176552,0.0007312714768153444
2017-04-04,0.007418635700644671,0.002259734577374107,0.0033269399936681136,0.0027422816754487946,-0.07270409060756904,0.0006370950898706125,-0.0054393063985446796,0.0036490536362840977
2017-04-05,-0.005194287650408738,0.0,-0.012910785314757792,-0.0025898105827457697,-0.007469750748100593,-0.002977165289495721,0.0030525770187095316,0.0019401751297318589
2017-04-06,-0.0025023088037146556,-0.0036851166978419136,0.0033588117718107166,0.002589810582745902,0.0072714668446743295,0.0028072330207322607,-0.0014837047738892515,0.005799561229289929
2017-04-07,-0.0022301576036476713,0.002346621760815808,-0.003474881095050652,-0.0007610660833124146,-0.004276886861493171,-0.001019675413859968,-0.0040512262512833585,-0.0030165488767418015
2017-04-10,-0.0011864801675708287,0.0,-0.003486998010751643,-0.0022865505559074135,-0.02584674522275348,0.0005948682907381778,0.004628776187203475,0.0044604056409892085
2017-04-11,-0.010815120154892187,0.014378002485395934,-0.001748410166747066,-0.0007630020278274394,0.003573316838012934,-0.0011904659280551188,0.009437713869079614,-0.0034942802064009525
2017-04-12,0.001199723291881556,0.006825356086693186,-0.0038566808660558272,-0.0038252599451694454,-0.008289540106783686,-0.0043914795690070275,0.005458557846749468,0.0015681904099204991
2017-04-13,-0.005303487847479106,0.0047420728437496,-0.011778845682526943,-0.004301711604973536,-0.018879829291305678,-0.006515879280486721,0.003082387569307885,-0.015547398001950529
2017-04-17,0.005515136560302826,-0.002940703113613842,0.017150379300802612,0.008126971550142987,0.03841858341229448,0.008820721227265052,-0.0030823875693077826,-0.0013475029563436082
2017-04-18,-0.004451835668659009,0.004733558474010278,-0.008185733153692651,-0.0013754680683998243,0.0006045835889278841,-0.002988581155761618,0.012995096120998558,-0.00651842809665442
2017-04-19,-0.0036896004016432303,-0.008914361418128501,-0.008253984742961396,-0.005366984326520036,0.0039197919440851926,-0.0018403555009032391,-0.005468761189377338,-0.006932664780649947
2017-04-20,0.012433070544671129,0.001887609614885789,0.01282311688583784,0.0070478264834573645,0.01572694215245115,0.008106040206948776,-0.0038775770873945067,0.006439403937929801
2017-04-21,-0.00119432952451226,0.002865670925194773,-0.012112844918434472,0.013646775424787403,0.00413886717477994,-0.003191818686377736,0.0,-0.0039577840820730435
2017-04-24,0.009583669328680346,-0.00680911772728566,0.03465038954091966,0.016874762422340532,0.012412977994746222,0.010938080246287937,-0.004949858181678152,0.0051916821782438645
2017-04-25,0.006176801693852101,-0.010176758825308857,0.008648301137660987,0.00575879684344259,0.01723774289315416,0.005801595441485419,-0.012112650674383746,0.007614870547918195
2017-04-26,-0.005898112748270918,0.004894417227160271,0.0019241643729516092,-0.0013256477571268416,-0.006898140715734937,-0.0006291153665035197,0.0055021983122651615,-0.004045912658815064
2017-04-27,0.0007648748802070233,-0.003730858335881937,-0.009316125308749798,0.006465702199433573,0.015454045484483411,0.0008386093335959317,-0.0003275156442467029,-0.0017214547342512068
2017-04-28,-0.0009737981092652652,0.003151414614046289,-0.006986975245323443,0.0027788700417290635,-0.012765814109124186,-0.0021815375531839013,0.0022085500365924726,0.004787482471312138
2017-05-01,0.02019139801626725,-0.009149943206636653,0.0006896543506960906,0.013781637087318607,0.02218714887613566,0.0025166514238796254,-0.00834772110683329,0.005009144707445998
2017-05-02,0.006324738055288533,-0.0001671121773228451,-0.006453206337071153,-0.0015863872298679984,-0.030080323465328105,0.0003769705132281969,0.0051073055523516726,-0.00012173983429761525
2017-05-03,-0.0030552573625221356,-0.014055680078894413,0.005763551986375001,-0.003179547665040899,0.007413755839026276,-0.0012153727236978943,0.0006573955519160763,0.007890535655320956
2017-05-04,-0.0036105943804330457,-0.010137688898777003,0.0011487125020957928,-0.003916333609037277,-0.0038444858402108314,0.0011735515984081782,-0.004938900636495302,-0.012900221502134126
2017-05-05,0.01644767212026763,0.001881961358121959,-0.0011487125020957646,0.0027574616143366732,9.619695775210588e-05,0.0039294488123467865,0.0009067413144087698,0.004644027820646779
2017-05-08,0.026825607751740095,-0.002224522938679479,0.0011487125020957928,-0.0008694681560524057,-0.010550209341658802,-0.0001668666629194713,-0.005455952745214376,0.01055107178105614
2017-05-09,0.006384342572772635,-0.006013737531639031,-0.00402628004370478,0.0014496545588143282,0.0016526599707759654,-0.0009184489001467984,-8.281040899432317e-05,-0.007021501373874287
2017-05-10,-0.004751952123717207,-8.619187440794861e-05,0.007807941416242482,0.003902759767675412,0.1640383175098943,0.0017942067916386546,-0.001161716297916206,0.004527250745799442
2017-05-11,0.008610953461235802,0.003956305862795571,-0.003093022016147751,-0.012339776368146075,0.04205759238396951,-0.002045120722071615,0.0,0.008509682860654674
2017-05-12,0.013869421542657719,0.0028286293961139724,-0.0027571832263692526,-0.0011691876852034586,0.010928296104962792,-0.0016720080688981448,0.007524932892982271,-0.0007265037238225769
2017-05-15,-0.0025661786605190254,0.00264989304932151,0.0048203720376345,0.0007309643487576393,0.04898006720932548,0.005508195586178721,-0.0027224178068986963,0.0030236801300543457
2017-05-16,-0.0014780219097307696,0.004344332691827055,0.003086434575572646,0.019935492917701806,0.018442653102578446,-0.0009160017003791655,0.0037102929504630095,-0.0030236801300542824
2017-05-17,-0.034152277795795216,0.018026089242991115,-0.03886966512195875,-0.02819949474918607,-0.0687526733361956,-0.017903544088543017,0.014462213002722697,-0.006806806546222617
2017-05-18,0.015126244732240354,-0.008214659464641018,-0.0036846175236622154,0.0034018581970829713,0.04103485437090054,0.004020515167166921,0.001134620295311012,-0.002931426427475973
2017-05-19,0.0034034348554863245,0.0049536558166890015,0.009718815845024731,-0.0002950898158287023,0.022832342564577567,0.006483195550434265,0.0023469378951811496,0.0021990803631158676
2017-05-22,0.006057617440866229,0.004178861021674379,-0.0009439289475976782,0.011165190167311573,0.02109928851455305,0.005064573551499386,-0.002752178545888285,0.004384741325289215
2017-05-23,-0.0012349539321923758,-0.006358807682167539,0.012437367581031778,0.003354406763161669,-0.013554349219780194,0.0022104023829194928,-0.0067501545756114105,0.0035176259363801196
2017-05-24,-0.0029951529856625,0.003937188086656905,-0.0005837336395411229,0.0013098138767525856,0.01117586394891206,0.0023300363364924972,0.005614590192332065,-0.00351762593638014
2017-05-25,0.003449824178799721,-0.0010874337201151904,-0.0042090225557323635,0.012283949637204765,-0.002239709565231497,0.004768203089136281,0.00032450945850012676,-0.006583821688404964
2017-05-26,-0.0016909380476667537,0.008832634206008617,0.0001174262562463076,0.0048719751832188105,0.025563789232658365,-0.00020697438050725988,0.0017022710935274484,-0.0024497270554865256
2017-05-30,0.0003909312351670054,-0.0033239313084347183,-0.017251935499603282,0.006411476721232573,0.02113692829226523,-0.0008691614694849885,0.004927951880367098,-0.00553326122235361
2017-05-31,-0.005939487917848566,0.003987406451696997,-0.021078617139608905,-0.008128579035971004,-0.0035956535177013847,-0.0002486272453690469,0.0024949686407874793,-0.007425891294765047
2017-06-01,0.0027452817927679555,0.0008286937780719529,0.011016051273895246,0.003716288640022759,6.893430151792772e-05,0.00792085842469448,0.00010498046006940284,0.0024813588462713762
2017-06-02,0.01471097366548906,0.007345383440385594,-0.005069745873831426,0.023404294141999914,-0.00500002905280964,0.0033227357457930574,0.011770810857495704,-0.014981573538380156
2017-06-05,-0.009826596660680352,0.0009862969865506888,0.00181372673782548,0.007220218433121026,0.029969757326095903,-0.0007371108221816224,-0.006228596609192756,0.007768630676471101
2017-06-06,0.003372647435092351,0.011191515796581182,0.0020511653591984195,0.0033148084431893904,-0.004536971542462467,-0.003202012021449282,0.00543233675293899,0.013512657995295102
2017-06-07,0.0059391379698771965,-0.005294262319270385,0.011386526909319784,-0.0017943558320066195,0.012008529506722978,0.0018486743047179735,-0.0047914756627988764,-0.0037007786658262735
2017-06-08,-0.0024491384503349273,-0.006554676702975165,0.012317901677749843,-0.006096432552361679,0.070047326982794,0.0004922294800786064,-0.0026455962050186627,-0.003591206331416497
2017-06-09,-0.039548423249849696,-0.009166426122606205,0.023385499493193417,-0.022915349011885962,-0.0668334284389992,-0.0015190179235228898,-0.0015262847258284717,0.0185571116343488
2017-06-12,-0.024185792754924825,-0.0014943988172197275,0.00022981940462342572,-0.007708647766379092,0.002469986818499258,-0.00020549876343560006,-0.00032088137393091506,0.0096935328715196
2017-06-13,0.008013559104487354,0.0009965350816834196,0.003328468698566619,0.012390569810742063,0.009490233480334408,0.004878222843218357,0.00016037381567775963,0.00036168762151846085
2017-06-14,-0.00980318014499797,-0.005493177805750778,-0.0020645104613798786,-0.005392951661808334,0.00211136898029403,-0.0012684659040366041,0.015318978029265715,-0.010785902548714177
2017-06-15,-0.00601150666568711,-0.00418165701990386,-0.005988995705021467,-0.0052794024930565555,0.004275165829749918,-0.0019260571311371477,-0.0015849626880595927,0.0023122735598024033
2017-06-16,-0.014098618583618355,0.00016757431865917162,-0.004514725156990767,0.001429795061403439,-0.00493470515168566,0.00021817726406657588,0.001980202790179012,0.014841921875605388
2017-06-19,0.02820607034836937,-0.00765446009733337,0.021693560482301852,0.012351271069755799,0.036904531977433326,0.008290750332233377,-0.0014253726478520698,-0.008781903980030963
2017-06-20,-0.009130051958973635,-0.0021131828104241023,-0.0062644371374473125,-0.013638235439780258,-0.0014629036100798126,-0.006766935996479145,0.00891623535122288,-0.005452554108545789
2017-06-21,0.00591333161688791,0.002872805881766109,-0.004580984015476952,0.00513657180167771,0.015036887799330606,-0.00024689460792916344,0.002040478380243463,-0.010626050538277114
2017-06-22,-0.0016465705570684178,0.0033692883509406405,-0.0011481127516806322,-0.00014257814864263756,-0.00692191846545215,-0.00045290693876470827,0.0021925114458127355,-0.004430048488040214
2017-06-23,0.004452999029342383,0.004279445503072874,-0.0018406461404924654,0.013430847081873566,-0.029085797654540453,0.0011935523873475291,-0.00046925858587914274,0.006515335253486572
2017-06-26,-0.0031489210231958947,-0.00899959554685728,0.004365247745100771,-0.009595456558511099,-0.010981217600989333,0.0006579073457107958,0.00374923201862778,-0.004543931612674398
2017-06-27,-0.01443662373498746,0.003794725232620678,0.009241736346160231,-0.01889281996140979,-0.03729534974314631,-0.00808894499596529,-0.010738763445133985,-0.0016014649223595912
2017-06-28,0.014504951233449498,0.000757258608664271,0.019902992963333685,0.008488943708472706,0.03466294342304257,0.008910468598684428,-0.003315288016090834,0.00516496285524498
2017-06-29,-0.014852887301619735,-0.004890000706728738,0.014698932272298067,-0.018946633435388778,-0.03398113002632098,-0.008827538404254959,-0.008417055688398418,-0.010232699609026872
2017-06-30,0.002363147626771689,-0.002538742638049931,0.0027390644966918763,0.006404226460790606,-0.014558634510346828,0.0018628791414818668,-0.0023148640521015087,0.000371821115889442
2017-07-03,-0.003616537473674074,-0.01648835238074312,0.020147336589304156,-0.01108725400705651,-0.03684960620252533,0.0016939468643079503,-0.0032250737901512515,0.01682746959026434
2017-07-05,0.004102875477437146,0.0036971824767883434,0.009976981244360215,0.01326058641055853,0.02634924253264748,0.0023091523213804475,0.00024077673354282165,-0.015342338990447199
2017-07-06,-0.009483607196392903,-0.0004291636859008885,-0.0032072369338785774,-0.007409959753768512,0.003001309718140614,-0.00918615373585537,-0.008307612249338705,-0.009069894577615707
2017-07-07,0.0101078184683655,-0.010269798493159019,0.005020590390857854,0.0128964089810416,0.022602910101062516,0.006464189507798016,-0.006011656774534655,0.0012470500743957055
2017-07-10,0.00608499608303097,0.0016468254331296226,-0.007057090552443252,0.0074581058241916295,0.04620407712343795,0.0010732899102318578,0.0014650521102777647,-0.0007476607260892779
2017-07-11,0.0032351050614128876,0.0012982088742116993,-0.0038709103530911743,0.00014260728177177768,0.014083871782789213,-0.0007428237796036233,0.0017079126596114306,0.005473714214081743
2017-07-12,0.001441378833836298,0.0035397924292919544,-0.003453177609747522,0.016438073931014843,0.041652665353710934,0.0074864131758451075,0.0068804835111332665,0.004456722896817432
2017-07-13,0.01383322471822935,-0.0018115086761426493,0.006357400034187041,0.008676405743884634,-0.01163551613601242,0.0016789772214070903,-0.006312469712745938,0.00012348748890979162
2017-07-14,0.008557476589954347,0.008168900176639902,-0.009171795619364553,0.013974860444579726,0.026538613185307577,0.0046532355518068705,0.001217084526483602,0.003820847695882569
2017-07-17,0.003482781335568525,0.004443348999716993,-0.009366186716813734,0.007801033559104126,-0.004252587718385783,-0.000122193504398284,0.0027527248980859145,-0.005180190012264328
2017-07-18,0.0034713509862568568,0.006966890452323186,-0.0035076835084384412,-0.0006821071599776451,0.01035718216199001,0.0005294212047401529,0.00869511519828719,-0.003220868069345265
2017-07-19,0.006243506411525125,-0.0002540224323478422,0.001426474022085841,0.00761085013647967,-0.005195581677101089,0.005399272812114942,0.00040091132900508777,0.003096791015227701
2017-07-20,-0.0045131595810344585,0.00135406277392805,0.0,0.004862480253266416,0.014432014326857407,0.00044522770827801406,0.0028801025880836116,0.00012407705411738375
2017-07-21,-0.0004653493157338652,0.008589562474350484,-0.0034047932328139224,-0.00581046084806648,0.0035754624693782417,-0.0008905826192035344,0.004226348390881226,-0.00919397163173321
2017-07-24,0.01203876878913314,0.0004191258176561492,0.004281776348383996,-0.0025781033038919906,-0.011667419325618614,-0.0002432372759603334,-0.003906988973023948,-0.003125050477791972
2017-07-25,0.004264476531570985,-0.0032741446924645485,0.01651475043950077,0.00798399452921016,-0.0048271819394860175,0.0024278695463505985,-0.013104562795095327,0.004995644450893165
2017-07-26,0.004702682846168982,0.008040236804835914,-0.009419052986575926,-0.0018887565909283628,0.011485019705954449,4.044534153245593e-05,0.0016173345123692887,0.0012452157598021143
2017-07-27,-0.01907822815811065,-0.0007510021513584453,-0.004141809254729968,-0.012091715761478154,-0.03355913485951511,-0.000930088799586843,-0.0049403149311950945,0.0057067279085185295
2017-07-28,-0.007065175188495316,0.00748507747253413,-0.00295388819819501,-0.0016414743691509676,0.016251581141195882,-0.0011734634621154657,0.005909477534331367,-0.015333970553227032
2017-07-31,-0.005163452439844215,0.0004969976741389874,0.005680559055724757,-0.00466570363541516,-0.011502451334564538,-0.0005672921256997702,0.0012101139395676223,0.005512189319700163
2017-08-01,0.008835862743028115,-0.0008284878144892227,0.01330959746323786,-0.0016521007249647407,0.012110419690478878,0.0022262815558800587,0.006996205067096894,0.0016230693097228008
2017-08-02,0.04616840132121245,-0.002074259170059369,0.0008593231569095471,-0.004418604216516844,-0.0006079683559144694,0.0004850774897275284,0.0005617279186378721,0.005349277844770298
2017-08-03,-0.010041432585115308,0.0015767861990997622,-0.006572742453511678,-0.0015231895804970934,0.01263366038046104,-0.0019415811792456435,0.0102908927369945,-0.0013656575105536687
2017-08-04,0.0052568614263851475,-0.007825504639997654,0.012462545237760997,0.007318598737969521,0.004375163112563269,0.0018203161241630045,-0.008528304108734192,-0.0034849672856972947
2017-08-07,0.015355955009476339,-0.0011707593535362649,0.00383636375342558,-0.003860026882894021,0.03027668716736422,0.0018574529699626281,0.0011202975336561752,-0.0006230894178306424
2017-08-08,0.007964950272992988,0.0029243323685437307,-0.003623012482470286,0.005372349251057919,-0.011965396343066662,-0.0024639279176205797,-0.0036046109808072157,-0.0024983787024121934
2017-08-09,0.006103440011559991,0.012024832535234552,-0.0016023326713966246,-0.004405828606862591,0.01057188670014726,-4.0544153672040306e-05,0.005441664465277147,0.0031214681202428457
2017-08-10,-0.03236982264980498,0.00739163630100404,-0.014430740842335707,-0.014734747518291173,-0.04376496379381711,-0.014215684789934516,0.00850338325508866,-0.005933907977757061
2017-08-11,0.01381078393508521,0.004734717669981235,-0.00838689990596581,0.015148568734502217,-0.054769102886396116,0.00147575412849615,0.000474050695421081,-0.009670497046393299
2017-08-14,0.014937409690554201,-0.007110509708619871,0.011635889042485706,0.014922624210590282,0.07674272386120223,0.00986456321542238,-0.00515400990496214,0.0002557775089130853
2017-08-15,0.010888510238389226,-0.007739806493235919,0.002591507909540304,0.00027292130164594474,-0.008468441602987861,-0.00012185017578131573,-0.004222736508120745,-0.0024316666816805504
2017-08-16,-0.0040303749929474775,0.007329654945785988,-0.006925387595513452,0.0058556622412722316,-0.011019542201708659,0.0017426610575438414,0.00366586708942337,-0.007330462771038545
2017-08-17,-0.019385787701209804,0.005074451187161032,-0.01576048587987698,-0.017117724711894284,-0.02253512969516566,-0.01571347647527032,0.007450056415690037,-0.015742379853120027
2017-08-18,-0.002282783031437145,-0.0015523089133794997,0.000992481172043309,0.0012427328008234686,0.00018606339701292138,-0.0015642533003455612,-0.000237326387951607,0.004970531158708929
2017-08-21,-0.00184327878031855,0.003754179507042763,-0.0012130713649891626,-0.004701745930594938,-0.014658203564536409,0.0007823602326097207,0.0024453553748039593,-0.003398471022660059
2017-08-22,0.01621551361729133,-0.0044903781947355755,0.010209169971991302,0.01390128689748481,0.0220185820823696,0.01040268029194536,-0.0038676857131909196,0.004702432759117467
2017-08-23,0.0012510686497279884,0.0037569391595083405,0.0012008629849335135,-0.006032253587301286,0.019796757817383354,-0.003591985786805896,0.006778429288673757,-0.0016956876819218143
2017-08-24,-0.00444786656910475,-0.0031025274301848694,-0.0016380233123212257,-0.0004125710050364344,-0.0036860594113625,-0.002333317106799094,-0.003698409817452685,-0.003661365397957569
2017-08-25,0.003697392725601921,0.0036729988686282277,0.0040350100210777605,0.0017865796537475695,-0.008389301585870264,0.002333317106799104,0.003855426537340975,0.005096308720720156
2017-08-28,0.010020893263797891,0.015762397031869272,-0.003161197656955017,0.00013741206871004696,0.007056934807453704,4.099010118338907e-05,-0.0006278267589104586,-0.0032640974721114767
2017-08-29,0.008878892456888273,-0.0021677522181517517,-0.0054736039321859635,0.0030165786472719407,-0.0016383326766401638,0.0011443164991473674,0.003216442176490204,-0.00026151799645251247
2017-08-30,0.0026971557985897444,-0.00048233427165646377,0.0023026996783567684,0.013055807738146623,0.005932833257710886,0.004726370266853895,-0.0003132460464178542,-0.004588779687138495
2017-08-31,0.003970977744119662,0.011671721617894353,-0.004610287698349576,0.010216607764536707,0.022440829916293936,0.00599803287410561,0.0029735807883588435,0.0030180864349824052
2017-09-01,0.00030493823439818076,0.0019056530015576626,0.008872305531526395,-0.011162859677709953,0.006001012129431562,0.0014129392460338266,-0.007678485769667379,0.003139364165946807
2017-09-05,-0.012081166150409106,0.011044617985341777,-0.024171870575058343,-0.00447280706339008,-0.027054962443645806,-0.007207888371942504,0.015733491326514235,0.007935254284002451
2017-09-06,-0.001049418290975586,-0.0051126987089539664,0.006680723386701428,-0.0028573643517065144,-0.0006028156121409993,0.003408299926742483,-0.006154227042466078,0.02051860306064528
2017-09-07,-0.004022745577896924,0.010355527635418995,-0.017690159051322752,0.012725223877243834,0.004633400935803504,-0.00012181472379601884,0.010184746024694437,0.0031679678748064368
2017-09-08,-0.01644339702990974,-0.0012495406412696415,-0.001243154136118751,-0.00485440532437431,-0.017501151588818122,-0.0011751039868216685,-0.0021686602753620294,-0.0026606065554133367
2017-09-11,0.017930664425098216,-0.01400714397659853,0.015375607160223313,0.01048859009058429,0.03192406187316145,0.010609192645751334,-0.012009690524688815,0.005440387667137889
2017-09-12,-0.0039710742617224525,0.002927757716954255,0.012176547684048456,-0.0010707441887477295,0.003602994652822006,0.003365221180241562,-0.005270003603037262,0.003149777233640079
2017-09-13,-0.007550098836973874,-0.007534611170577382,0.0028564473859313986,0.00707193759758838,0.004470620810783428,0.0004795019336705299,-0.003951785878149018,0.0033908672884293313
2017-09-14,-0.008618370268789586,0.004369098124020519,-0.001977006987824964,-0.005867570959487843,-0.005709722047035906,-0.00031999341054343754,0.0041091878581399855,0.004003062507156961
2017-09-15,0.010058242189991828,-0.005006207576558888,0.007120006093871966,0.007196342174214975,0.06130513628865026,0.0013455421901956528,0.00039436774988595705,-0.00024969613641714564
2017-09-18,-0.007597168400095757,-0.009364174007229185,0.01408929299924817,-0.0019940423550642073,0.04047768681439882,0.0021244141035711333,-0.0057713918238106905,0.00024969613641702545
2017-09-19,0.00037801828776918986,0.002088539057238403,0.010917474618795133,0.003718520906147509,-0.0010669758712864798,0.0010008698487465485,-0.0024602868284834423,0.0016220680002039722
2017-09-20,-0.016900125928174487,-0.008056762706663206,0.007001254213805725,-0.006649843508057,-0.008092572096395375,0.000359925541014781,0.000714784447130275,0.004105478415324935
2017-09-21,-0.01732133720883816,-0.007633024715443067,0.004534986041126871,-0.009788576809607083,-0.02771570034889458,-0.0026828152461324966,-0.0005563257214781046,-0.008227599591098228
2017-09-22,-0.009826484462654026,0.0045543146609353605,-0.002107032436434551,0.0026915180516086773,-0.009784496739588092,0.00020032291279901694,0.002856875085733565,0.0003753644242187503
2017-09-25,-0.00886147237605658,0.01041298453601296,-0.0075149552358302835,-0.015576214563902709,-0.04572220009502409,-0.002046582606397243,0.006240508043606139,0.013176086626142065
2017-09-26,0.017057078579356275,-0.011224726404076811,-0.004472440696727743,0.0,0.005598126698138945,0.000602379226660957,-0.0018128210280033998,-0.0011118318702122774
2017-09-27,0.007092468654391813,-0.009464790137827282,0.015671692547064135,0.008021088486621785,0.021687058709703246,0.003886943266708443,-0.015182841182068517,0.006653767592351456
2017-09-28,-0.006178391857152755,0.0018837445698112896,0.0020990887868500433,0.0002711997863351132,-0.0002844094481380931,0.0011987251157589143,-0.0029674616372936734,0.009289655806190376
2017-09-29,0.005465070928266511,-0.0051683715774129575,0.0013622616905787778,0.008358103678476655,0.017435922235613886,0.003508934523695527,0.002246843164650518,-0.002558935918916365
2017-10-02,-0.0020136391719761566,-0.006684614889873692,0.013828960781394015,0.0016095546456232385,0.0012855018997062833,0.004329373492738672,-0.0018331442631506203,-0.004277890434917582
2017-10-03,0.004346851748251734,0.0004967317019956395,0.005252598823550119,-0.0047019166511625,0.002064791775669527,0.0021378844533307528,0.0009652649373922756,0.001591284073259584
2017-10-04,-0.006494303554736211,0.002809888938788158,-0.01022154044022631,0.005773665112530905,0.008327808469260387,0.0011856189438992817,8.017269233834428e-05,0.0003667807080894131
2017-10-05,0.012367606837084223,-0.005378816723625682,0.013375758957800793,0.016992805677881546,-0.0005528352396335462,0.005907855158583918,-0.003784923049466887,0.00280821097142759
2017-10-06,-0.0005793263729848556,0.0047183541150492775,-0.0017524290751841796,0.00039454122971653495,0.0029276268247929458,-0.0011397581755028976,-0.0028277089308694813,-0.003786660825651996
2017-10-09,0.003471039713650679,0.008142542011553811,-0.005276188540941225,0.003808565656350373,0.02230863534326399,-0.0016525352870919718,0.0031502651212279922,0.00390847983882853
2017-10-10,0.000385196886496415,0.002617800009600174,0.007440589603097071,0.0,0.01891498564488183,0.0026351176974021397,0.0016120142483104561,0.002799664384269691
2017-10-11,0.004160449457557848,0.0031812040839063376,-0.0029903012089894784,0.0017021260170761927,0.010582755321070756,0.0015696195149525899,0.0019306769885070521,0.004124915940128974
2017-10-12,-0.0035195190857796577,0.0008140547013934963,-0.008816119760333474,0.009118403458295664,0.00047120135511775235,-0.0014913372702348398,0.004250976963293119,-0.002060331105133045
2017-10-13,0.006326409736656736,0.007539254296557061,-0.0013550979002479315,0.004786036907138937,0.01846401937140712,0.0012166003804616658,0.007176910330155141,-0.0002424704142683105
2017-10-16,0.018241577588967623,-0.006888462515220647,0.020444689350402136,0.0020628090785662643,0.017018650954453353,0.00133289888632076,-0.000715401066740824,0.004841737937367418
2017-10-17,0.003683004763685242,-0.00685440441719968,-0.002251176747592473,-0.000773216727294781,-0.0009101403619598427,0.0007048653717877275,0.0012716527651631282,0.0018102268887049652
2017-10-18,-0.004434358018768231,-0.0037735819439875884,0.0037831248472700763,0.00025823694240751445,-0.0008598166583415242,0.0009781485981984136,-0.0066133546949525305,-0.002414070197995734
2017-10-19,-0.023944724286545364,0.005900215657301747,0.0012239691411350772,0.003857726759670284,0.0011132701342777304,0.00027356818222254973,0.001756920923805342,-0.0002417074552680267
2017-10-20,0.0017296169964829767,-0.006393454395473306,0.014168549808385401,0.011486065035689913,-0.00456073387322158,0.005147071664303182,-0.010670396457540705,0.004462056577939385
2017-10-23,-0.0005121634203648187,0.0015611723194451613,-0.0017100661109974182,0.00025338986099115063,-0.0014229882684652655,-0.003896715084300352,0.0017727956557999237,0.0015627663998135325
2017-10-24,0.005937435477768973,-0.0038662591759729935,0.01578011316229701,0.0003805484861557501,0.010422310439724965,0.0017557347513495057,-0.00621854366408859,0.002759293876176625
2017-10-25,-0.004401626769667347,0.0001647984431065092,0.0009904613589334277,-0.0029209620195000028,-0.02559144992296253,-0.0049626734835612266,-0.004791845625014159,-0.0036007453768352716
2017-10-26,0.006373033018055465,-0.008440935931399107,0.007102148951121649,0.0016520452481491867,0.010428119596636518,0.0012918966732703954,-0.0033427873624047484,0.0036007453768352217
2017-10-27,0.035202752774772424,0.004725786574733635,0.0002947324685332734,0.06214698021116864,0.031042498369229773,0.008142803164485589,0.006593989260287497,0.0028713440404648646
2017-10-30,0.022258639905915395,0.0019005561122996506,-0.0035435805117481315,0.0009542562472015549,0.009760828541724168,-0.0037322727044274964,0.009529082972237559,-0.002032713632955652
2017-10-31,0.01381980749308712,-0.0038047944426043163,-0.007920211941490077,-0.008499644445501227,0.014465410450075938,0.0015568804392935842,0.00032170719137319286,-0.0022771975847281456
2017-11-01,-0.012800355590634334,0.003639696661163179,0.003076449674649905,0.0,0.001884009390512924,0.0013213672433213008,0.004442634400315521,0.006219704606245589
2017-11-02,0.007283658619843326,0.0006603535530684753,0.006617264344148734,0.010405130565585756,-0.00609987978999366,0.00038841308511067507,0.004399092733863209,-0.004062460760333354
2017-11-03,0.02577885597247094,-0.004714451332297365,-0.001773502077308443,0.001070074543281741,0.013265198318389895,0.0033330174058817993,0.0027097759451732567,-0.0041989490865394705
2017-11-06,0.01009347044752163,0.008502950979343818,-0.006231809878506838,0.003914334745590344,0.004493816564504807,0.0015466472760962326,0.0037339472045994594,0.006829238902152356
2017-11-07,0.003208729318219952,-0.0036235108435323914,-0.02034883805727153,-0.0023707896135016743,0.011384147860017837,-0.0006957931934594083,0.004193654625662609,-0.002031809324050213
2017-11-08,0.00814695309099645,0.003459056119704665,-0.011304113577900435,0.0034356456006377203,-0.013628624235149496,0.0016992696934056998,-0.002213469277231245,-0.0013171571602559914
2017-11-09,-0.002044654918322705,0.004102401645100611,-0.00010248853313704513,-0.0055737343887174275,-0.01852945239655408,-0.0036341816424864185,-0.002852829068329314,0.005972356021170196
2017-11-10,-0.003314923048422903,-0.008221702339946372,-0.0012297934901933452,-0.002619420829035295,0.05135650140312118,-0.00030996613089926995,-0.015194094281634747,-0.0031299803858896046
2017-11-13,-0.004015449121644837,0.001484906303430995,0.0035830969539285343,0.0007149412489202821,-0.016372568424900154,0.0009292721755059637,0.002092813136918797,-0.000602813866702394
2017-11-14,-0.015233026564538904,0.002058715307154061,-0.006047329442900377,0.0014289486928244289,0.007262795253825415,-0.0023247677062818504,0.0067318831333148775,-0.007872811310071495
2017-11-15,-0.01327794661841948,-0.0012346702455872252,0.009413541725995811,-0.007802868039695413,-0.019804314481447746,-0.0050179522326731915,0.01080420844234323,-0.012603275252881555
2017-11-16,0.011876313189859503,-8.238652462762423e-05,0.0028478305581986193,0.002647385895381293,0.007732527361842733,0.00846508409635587,-0.008729763437329438,-0.008035918385314937
2017-11-17,-0.005568427243531185,0.011954609509226865,-0.0033571141036164752,-0.009661752426459853,-0.0011821901680145774,-0.002943222899256977,0.007385681542382104,-0.003980471240800484
2017-11-20,-0.0009993029509012031,-0.012696268046166,0.008826060693833163,0.00157652314041302,0.012787231221128861,0.0017050090145803878,-0.00039629748990928885,0.0038560442156714025
2017-11-21,0.018419834700229766,0.001647348843739489,-0.0008082645436459642,0.014316160342204114,0.009159892004659113,0.006521432944478681,0.003161654250689515,0.003965182254426009
2017-11-22,0.010457026267728185,0.009175087875407823,-0.0029358137311871098,-0.007312704552570957,-0.004502924563030322,-0.0008848661882066431,0.0032294284592157543,0.002839744510118669
2017-11-24,5.689485952750684e-05,-0.002531110250715074,-0.0032493432309136055,0.0018029734104633875,0.009400516829879656,0.002306956565983789,-0.0027564283440515143,0.003937796220783235
2017-11-27,-0.00504233353491181,0.004160741332319787,-0.003974742288277528,0.007300275209614764,-0.013082907544711404,-0.0004994048152899011,-0.0014207573210171475,-0.003814350444870838
2017-11-28,-0.00587582782137226,-0.00016287471547656875,0.03442563244262422,0.011970123763159582,-0.016147068690695952,0.010093680060910572,0.001341952406026792,0.006880290746783903
2017-11-29,-0.02096163768799578,-0.006289558392421399,0.023112941252909257,-0.018310040706663783,-0.07022772362050339,-0.000608673212940109,-0.009907819552187567,0.007319642730913747
2017-11-30,0.013887157162796286,-0.007732229391441411,0.00758716749189879,0.00991012863461745,0.021605990350860305,0.008717128692479393,-0.003351239726749157,0.012322165951543777
2017-12-01,-0.004665948223365847,0.0040380612309282235,0.00257991846781447,0.0010685530148801018,-0.015211632277932506,-0.0020780806867023403,0.013404201041860584,0.00203863445369807
2017-12-04,-0.007334668673808273,-0.003377653154607993,0.020402818793427584,-0.03847072106913948,-0.057360881343725266,-0.0012107883381136592,0.0004742924713672611,0.0013174506485743268
2017-12-05,-0.0009425847585414576,-0.007122188370048705,-0.011567036928503095,0.006270175013026572,0.005769294778610383,-0.003602686581420942,0.0049636495666498396,-0.008170125098573911
2017-12-06,-0.0037209269948110806,-0.002079954164184071,-0.007500815146221956,0.014479907516211388,0.008063823714779067,0.0001899529875388257,0.0034518287310500513,-0.007386367878227038
2017-12-07,0.0018327023658173832,-0.013246352701112138,-0.00295870632167842,-0.0035095567135169222,0.014321415498716452,0.0031477484020005046,-0.007862769204752528,0.003276001552439743
2017-12-08,0.0002953605528188456,-8.435250698713456e-05,0.01244393918942434,0.020042843613255087,-0.0026076613627441262,0.0054385426585825255,7.871260208291956e-05,0.001331761385206062
2017-12-11,0.019296503423810653,-0.003974813553107255,-0.0029309163785661225,0.012633357077848299,0.0164189902336004,0.003008447556803098,-0.0020541222583066636,0.004466186573660868
2017-12-12,-0.005633509626559887,0.0011856318079055527,0.011578287669261977,0.004098272229032811,-0.019819087060017577,0.0017632645987382726,-0.00039567464437056395,-0.003257233624404247
2017-12-13,0.0033141943060793263,0.008596013189973923,-0.012620243757881662,-0.002691003584881737,-0.024721537571492133,-0.00011237653327878216,0.007489099599617545,0.004340490607257489
2017-12-14,-0.0002901982506430822,-0.00201594243248492,-0.008088740602793382,-0.007762878883715535,0.0015564641006322005,-0.00409462761999232,0.004231828751141195,-0.002650058481024882
2017-12-15,0.010110352120733183,0.00209987057429634,0.014042100675514414,0.02518476518718344,0.026930664595072467,0.008292889842557985,0.0037474980027928234,0.0015668014981714
2017-12-18,0.013984045402497255,0.004604277886820867,0.007695869424206176,-0.005426093872004132,0.03256083980902537,0.006321398293397522,-0.009158499147664999,-0.001084767766377241
2017-12-19,-0.010713493094752917,0.0007513783425439744,-0.004215984064394487,-0.0063874094731602915,-0.009086252319916856,-0.0038477871007807575,-0.013058509941840317,-0.00604658229010154
2017-12-20,-0.0010889024341772554,0.0026671102328525206,-0.003479885359811788,-0.003618534203812937,0.003512407484508927,-0.0005245513542066195,-0.011134853350484052,0.005202500730343768
2017-12-21,0.0037781020569096703,0.0014140004111242409,0.015796796775398612,-0.0002336651460481111,-0.004634595764755292,0.002057453745639279,0.0058116289847760325,0.01175645170117411
2017-12-22,0.0,0.005222850279184027,-0.003530335896949644,0.00011674195626595212,-0.0031703026835757037,-0.0002614172232446189,0.0013630591042848635,0.001429969771445726
2017-12-26,-0.025696973926002425,0.006839416919106776,-0.004009788823882437,-0.0012872533197567676,0.011051532568738576,-0.001196934142920748,0.0029615561344242705,0.00011916040587962589
2017-12-27,0.00017583245183382313,0.003770551302149118,0.0018668344363003638,0.003623415203707747,-0.001368451318145681,0.0004866568930567255,0.012941248524412039,-0.0009528837339578415
2017-12-28,0.0028094087903494844,0.0050595432932777126,0.005302027220289599,0.00011655317003055171,0.0011656801208792826,0.0020553531225809413,-0.0008684351465774335,0.0014287862745707308
2017-12-29,-0.010872590706980163,0.006490919761210391,-0.007916608368611909,-0.002101889082227739,-0.01995416423013199,-0.0037778283039210077,0.001578020200915989,-0.004532610681066685
2018-01-02,0.017746536252736686,0.012058023762451863,0.009400388244165593,0.004781680810770219,0.02978427998884822,0.007132041822877,-0.01085807841407563,0.016481993177014615
2018-01-03,-0.00017423262486961948,-0.0026403330092135157,0.0010180599273244785,0.004642753307059125,0.06373881975284151,0.006305038948234048,0.004769952000333755,0.01944965927274648
2018-01-04,0.004633865377295531,0.005114278310262769,0.014224242179069322,0.008763078263926714,0.005257493782985618,0.004206083061698501,-0.00015846697039585548,0.0013833820333577667
2018-01-05,0.011321272519000935,-0.0010367021379345971,-0.006440123713271894,0.01232188793260337,0.008438617168906181,0.006641597800722144,-0.002859740474375145,-0.0008064082460676431
2018-01-08,-0.0037212201902739723,-0.0001596255390368383,0.0014756714655499118,0.0010199639859898107,0.030180489458727335,0.0018270085030098278,-0.0006367137634591438,0.004485373113833351
2018-01-09,-0.00011485289972441909,-0.004639219643041699,0.005055916976337436,-0.0006797974201193122,-0.0002704733626544605,0.002260986140595646,-0.013462662011362703,-0.0042551522006553395
2018-01-10,-0.00022946448604137755,0.002402270692406848,0.010944326254895834,-0.004544779933755055,0.007809429764604995,-0.001531230476128377,-0.001210604702871449,-0.007984063790715926
2018-01-11,0.005663804598703524,0.003273877321212141,0.0053370735114729355,0.0029563134988976137,0.0017869388846888015,0.007269989205169414,0.0041106565972281,0.009826362389610141
2018-01-12,0.010273715466758647,0.012044492942167013,0.016375218087404282,0.01711020714309005,-0.00492094172992769,0.006497511464692122,0.0016878211316960216,0.006764125418801073
2018-01-16,-0.005095089905970722,0.001652690627169873,-0.003556124110119434,-0.014049147002912725,-0.01295515979143291,-0.0034238167616278685,0.004167381471879094,-0.006304497244061941
2018-01-17,0.016381407414619204,-0.008132363237354166,0.006392539797342206,0.020057611170884174,0.020728045773760473,0.009486476261338899,-0.0013604265565309282,0.011774031996089061
2018-01-18,0.0008929111160400815,-0.002222213448585594,0.002386748464594941,-0.000443701897487355,-0.0012469669033709203,-0.001682318712415259,-0.009332957837725924,-0.006498367521726715
2018-01-19,-0.004472458460770329,0.0044394996120163946,-0.002209712834185954,-0.0011105334329090926,0.0249493340651079,0.0045394568625539795,-0.0052683050767407475,-0.003207485309056824
2018-01-22,-0.008215020345289684,0.0018177059354296304,0.011612577591366644,0.017730730740438294,0.015437708526442809,0.008097994529552196,0.0009746929550279066,0.012542805410369166
2018-01-23,0.00022585940983902168,0.004961985943158681,-0.0010500730834367383,0.003160632219813676,0.022091670409328478,0.002120241817921073,0.004293612121712788,0.0005663376106956971
2018-01-24,-0.016056795469415828,0.012104345577545294,0.012702226543449288,-0.0008712298038354182,-0.01310311906872336,-0.0003885065800275893,-0.005430674178924741,0.0026015461837141296
2018-01-25,-0.018012147944276257,-0.006697849027902464,0.0002596385440260465,0.0055392458481072614,0.002329800615168536,0.00042360035710691955,0.008175218034107968,-0.0018090353502860737
2018-01-26,0.002334639491056883,0.0007811756386790387,0.005344236122867424,0.01856400322861519,0.029104583611244413,0.011511409806088257,-0.003714979711236253,0.007103723623748715
2018-01-29,-0.02091529652812219,-0.005637857183470335,-0.001032181616151478,-0.0014899453625520384,0.014362685441624813,-0.006652096034136054,-0.006982247972427818,-0.011185947622555542
2018-01-30,-0.005911762018234745,-0.00432812337307631,-0.009424618262101897,-0.01264333611161155,-0.01687242266301178,-0.010309838479893807,-0.005884253403157744,-0.014074284613413786
2018-01-31,0.0027513980034405603,0.00668108957049156,0.0048529252113601075,0.024182291220157675,0.012609441014471581,0.000496457033854845,0.005884253403157804,0.00597432032698555
2018-02-01,0.0020878203325428403,0.0032848909860550284,0.010321020170564818,-0.007925155487605253,-0.021797853604949406,-0.0011358620252017587,-0.014599430717157275,0.020071941633626435
2018-02-02,-0.04435936999952957,-0.013204686797240324,-0.022410625978487198,-0.026662412940961517,-0.02945214541679391,-0.022010518018283232,-0.00932228625986068,-0.05231582137812211
2018-02-05,-0.025302001370211685,0.0025286437555192493,-0.04914022614240251,-0.04205772358873968,-0.08869472826208212,-0.04272206109419117,0.00940479526084366,-0.0585861020624423
2018-02-06,0.040942119750952424,-0.010551899645680993,0.029969527370511624,0.037142461946650024,0.05410153031025512,0.019510847499792976,-0.00623202602413436,-0.017334642720109202
2018-02-07,-0.02163999778710592,-0.004716772083453232,0.006755750321166417,-0.01901248345482129,0.014173572636493964,-0.005439842713634189,-0.009548996115947967,-0.01815987751990413
2018-02-08,-0.02790187211566698,0.001521419504394612,-0.04521703760149706,-0.05269807997375738,-0.05055744695135624,-0.03823025895069747,-0.0010944187711944425,-0.011371808170209684
2018-02-09,0.012157343636986583,-0.0016817358427458674,0.019824321371474878,0.03661129334876678,0.06479140831302845,0.01490971343105251,-0.006339415915112522,0.006353938196314809
2018-02-12,0.03948858059988668,0.0047973715177869495,0.015330603605797171,0.01071580255945406,-0.017605252957647415,0.014577818014876478,0.004399722486542974,0.008410008661418574
2018-02-13,0.009968115696076382,0.005647253596785232,0.00615632792909423,0.00782301536055656,0.01997218701207858,0.0024843741771278867,0.0044638234592283,-0.0015714940373653787
2018-02-14,0.01826959517819656,0.016908852519764518,0.022862093198164776,0.015536941588322587,0.0370889426396227,0.013405897141035607,-0.011155155361142647,0.0020950176344861062
2018-02-15,0.03302673534900403,0.0011691607653979673,0.004164109028717414,0.02016754814989171,0.020823870652761797,0.01267913302959919,0.0033932322152638215,-0.0032753695707828153
2018-02-16,-0.003242557596290366,-0.0032769459911664296,-0.007211280359342647,-0.0071482589471438185,-0.01084960467028227,0.0002932996144671577,0.005405762835045997,0.004320874291874425
2018-02-20,-0.0033692377280150417,-0.01353286775093791,0.00026146195472416376,0.0077955089714399515,0.021261455290752174,-0.006281236124731355,-0.004389118249038243,-0.010374959305367757
2018-02-21,-0.004549380253185983,-0.004604964057785635,0.0041757841544620665,-0.013354539712732913,-0.030862966738090875,-0.00498659977744172,-0.012345105341790499,-0.01141797804185409
2018-02-22,0.008324501363860572,0.005080177401414198,-0.0018246978573561064,0.002620066460011569,0.003267743151052106,0.0012954736492010674,0.0029941953145264004,0.012869218489622527
2018-02-23,0.01724209070189995,-0.0012676571223932977,0.020061649567578724,0.02508354261585833,0.015489569940229497,0.015813465032977078,0.008842221489119898,0.021775082944443688
2018-02-26,0.01957895676331549,0.0024545525850457493,0.012368791428498982,0.014355044572084209,0.0026395407898484047,0.011545186562507923,0.0003391544420298361,0.016755715362144707
2018-02-27,-0.0032460994412938406,-0.01049377405473232,-0.0119423907013869,-0.012868103924407771,-0.0021110906497566946,-0.012564734483323051,-0.001439804177668709,-0.017142414483514053
2018-02-28,-0.0015147249993623711,-0.0010394376248336417,-0.015975750395887604,-0.004575277383863419,-0.01663769932825707,-0.010181910404466938,0.006335625623383477,-0.022971706078849352
2018-03-01,-0.01767120156966105,-0.0022425027652310265,-0.018084733525483315,-0.009859406044652866,-0.0412956028311124,-0.014647161244472075,0.006803083410270125,-0.00715514722208477
2018-03-02,0.006890318892676081,0.005357640797750738,-0.0009703066007084496,0.002151614225599756,0.01847532621577799,0.005141628242761104,-0.008162066127607573,0.004643806357219088
2018-03-05,0.003455610126007201,-0.0016761714003699012,0.015238196396222018,0.006320488837483019,-0.003769830351197602,0.011491505546713637,-0.0027076827906962818,0.009484636111481409
2018-03-06,-0.0008485703460668695,0.010726720619181963,0.0008690358016434104,-0.00342306700571715,0.027251068575301882,0.002531742665212526,0.0009314746887877538,-0.0011805991340242798
2018-03-07,-0.009326115634402068,-0.006422202914569186,-0.0037413639415968805,0.0057698678335633465,-0.0013222007777896948,-0.0003668196567022454,-0.0011011444571396316,-0.02552657166716512
2018-03-08,0.01085344671829293,-0.002389131123572725,8.726278567140418e-05,0.006054391749909561,-0.002733192962788985,0.004827439214445107,0.005745547505429719,-0.0018870851281494474
2018-03-09,0.017034852155793888,0.000956349666608725,0.02835489947104916,0.02209862937925926,0.017060758827530748,0.017253053409262375,-0.0065931725782905504,0.005918929562519579
2018-03-12,0.009621514179665827,0.0,-0.003224601054662603,0.002379745214999557,0.017896212977230642,-0.001255852418158698,0.005750569833824413,0.009078605177780549
2018-03-13,-0.009677052183320024,0.001909899228192024,-0.012055901585214714,-0.02469031795005059,-0.008241616358707227,-0.006483467382484919,0.005046796403280432,-0.009481229190247803
2018-03-14,-0.008537594928080856,-0.0006362480921954514,-0.011245968918260626,-0.005949190548560316,0.004149587592797412,-0.005144830449344479,0.0087704995264964,-0.012556737191145185
2018-03-15,0.0011760942922788564,-0.006384661969759812,0.002519710047836409,0.0035100608028982043,0.002409317145930112,-0.0010904850599172328,0.0,0.011079950481475424
2018-03-16,-0.0035329884063050403,-0.002404835241203122,0.0017342739760871392,0.004449684449437323,0.004561702372322613,0.00108366651177419,-0.003582302951941372,0.009362150043464301
2018-03-19,-0.015396919217555165,0.0021646240154515875,-0.007914440086782718,-0.018241392190158814,-0.0385823277239166,-0.013622431382690372,-0.0031767837516001895,-0.012996818187944131
2018-03-20,-0.0003425442596223812,-0.0044947919586221805,0.0009602274781051251,0.0025801833923497835,0.034982698279688126,0.001698930743740317,-0.004027534296526073,-0.002160205220592266
2018-03-21,-0.022915011623922208,0.017305793278473782,0.0008718006718429443,-0.007003542268634076,-0.0040950623932033085,-0.001920910348259403,0.0010926112095696117,0.014091303999320052
2018-03-22,-0.01423034724458898,-0.0039610286020946425,-0.04264304307316995,-0.029519071870106457,-0.027366742483924934,-0.025314979835565934,0.009860775950566052,-0.02073556679203774
2018-03-23,-0.023429129310526365,0.01285555168848731,-0.027103444181291198,-0.02949880220355703,-0.03740813337632882,-0.021544961738576306,-0.0007492086773435087,-0.008333807209637233
2018-03-26,0.04637935695886617,0.005236622780197456,0.03037235019314883,0.07297669210918226,0.048223894726875355,0.02699145853232996,-0.0038350708044179544,0.015113200985648785
2018-03-27,-0.025975397282693963,-0.006177451915059426,-0.019590623317072568,-0.047048085533784506,-0.08072497584749293,-0.01715816673843184,0.010635795112805551,-0.004062268308849254
2018-03-28,-0.011110362433029253,-0.013901136089334711,-0.0015726114848909347,-0.0008945208831293893,-0.01866328682236433,-0.0029591029475824907,0.0026412870270499022,-0.012149880666757606
2018-03-29,0.00777828080471426,0.0004770798243684067,0.01807617172562354,0.020813280862938727,0.045223443241748935,0.012696839273494038,0.004851905957761804,0.02442176019131445
2018-04-02,-0.006578007198864901,0.011618397461991309,-0.019466109051567187,-0.03059356704627058,-0.04658002393170672,-0.021821213982157528,0.0019708055521034822,-0.018806104834611214
2018-04-03,0.010207217196639683,-0.007572201071777906,0.013629531821825212,0.013353671153071322,0.019266016316768483,0.012735804338244328,-0.007741722041045748,0.024286059225849466
2018-04-04,0.018941731115949483,0.0011868954626523271,0.015069236523708281,0.028786838774078068,0.003941797448891321,0.01064227319841916,-0.0020704041023955518,-0.00200134537786281
2018-04-05,0.006910461269984283,-0.005153580456721192,0.013045166472958235,0.0005415709235783954,-0.021715754626027272,0.007860785663710167,-0.007484446386037361,0.015243079147504434
2018-04-06,-0.0259120357045609,0.004678991304776214,-0.02525385250313778,-0.02354835395688436,-0.0327371388099886,-0.022537857014003924,0.010876379618466587,-0.01524307914750439
2018-04-09,0.009869401929147857,0.0033963960355940744,0.01193707806533737,0.005966506339272483,0.005399572373880336,0.004916154289590773,0.0016501800055239307,0.0
2018-04-10,0.0186430780976385,0.002362787969159305,0.01893176431514977,0.022979700495737464,0.05640789579241535,0.015775314771735098,-0.0018148745298431576,0.028961024127079488
2018-04-11,-0.00468613205144986,0.007757730797944395,-0.0169413101576301,-0.01104273664285242,-0.007354574730279756,-0.005256038836750125,0.003544761707262022,0.004659958347203816
2018-04-12,0.00981017057732794,-0.011698777825105302,0.02455612613059108,0.018551024388385243,0.03628508374696916,0.008193678924114371,-0.0073515966714435554,-0.002715973062841704
2018-04-13,0.003382397833761952,0.00653361006986455,-0.027452847836399803,-0.005357456763187898,-0.01330168983038824,-0.0029376400873643706,0.002318862929714171,0.007997016244303202
2018-04-16,0.0062185881074289726,0.0014113245973423145,-0.0008162657718497909,0.011642261196928957,-4.318334984081063e-05,0.00818826590081511,0.00033113742875307277,0.008952649561296575
2018-04-17,0.013670515234710152,0.000939797609092718,0.0,0.019975339671523065,0.025799311420140126,0.010641423295698706,0.002724463803296269,-0.0026775371272284945
2018-04-18,-0.0022465779730458193,0.0007824607184664891,-0.008108387132851844,0.003844097048096084,-0.004937997286524797,0.0007402053077001155,-0.008030698203026904,0.01129841224789665
2018-04-19,-0.02874940605095867,-0.001957330849889553,0.021716438836730474,-0.003427749892795333,-0.031501454138040404,-0.0055633639244752125,-0.008179807235346762,0.002521255306190371
2018-04-20,-0.04183561354335795,-0.007630932179695003,-0.002240179419914051,-0.011616279985982924,-0.001441785503522507,-0.008515287743051067,-0.007233450868121,-0.005302130684057548
2018-04-23,-0.002900416155775784,-0.008007927882251395,-0.0048562404959239785,0.003677454545357705,-0.021344818167315552,-0.00014993987010728971,0.0002531094783335622,0.007189342746705737
2018-04-24,-0.014017190764588808,0.004844167468111396,-0.004698698179768245,-0.023665136906240548,-0.012042454914030342,-0.013558989193377158,-0.004567695714540767,-0.015451536795776433
2018-04-25,0.004348079598866706,-0.006517267321502421,-0.0038114061117303843,-0.008736825202493496,-0.02073805535610938,0.0024686153796566104,-0.0067201306381525164,0.014570883072236671
2018-04-26,0.003477194678996427,-0.0035146807713917604,0.000999735488189235,0.020904524899999187,0.03874821641638316,0.010114533719727007,0.006974334399357138,0.016962710853140935
2018-04-27,-0.011637179111851914,0.0042320403061771,-0.006378316694239628,0.016414330357179135,0.004916254875495653,0.0009381730161449312,0.007683403128642738,-0.03870674854259243
2018-04-30,0.01794987260797498,-0.00727744165435215,-0.005683319238935142,-0.024295947446115327,-0.006338147786085829,-0.007720252822887567,0.001765248869104759,-0.0005139318535049461
2018-05-01,0.02297041867110707,-0.007088207443339079,0.0,0.01570159975231325,0.009910712956097857,0.0017755266302805356,-0.00360859721166594,-0.01034274302489574
2018-05-02,0.043227143134138786,-0.00048510316641562344,-0.007937228307824834,-0.01580864130870577,-0.003660650908787476,-0.006740462076087587,-0.0010981363745840617,-0.0019513153734627279
2018-05-03,0.0018105845946826897,0.005082068394914099,-0.00632089260131875,0.00597084482149433,0.029089360412970628,-0.0022061743020301114,0.004470992283583843,-0.003391330933283723
2018-05-04,0.038483601049402544,0.0020898820929316714,0.011035435829455886,0.011520701360861838,0.025719133045576634,0.012863430195071137,0.0015131611278026479,0.0046926547468077034
2018-05-07,0.0072087034706066104,0.00024084765259023235,0.00863210022630572,0.011077695357415126,0.03945252628256935,0.00337741159218094,-0.0015973562647674186,0.010863695714144502
2018-05-08,0.004795147499250359,0.0001605124693187213,0.014703223414348475,-0.004270551502682247,0.006892853232114232,0.0,-0.0009266146710265202,0.0044920668794795615
2018-05-09,0.007016302010615989,-0.0020889812252642393,0.02156960253225089,0.011725349847692483,0.021257971371700917,0.009619592773854064,-0.005999814701401937,0.02328940404459501
2018-05-10,0.014202594963286056,0.006813368242228986,0.007729533374552567,0.009956360885726014,0.016863901942156697,0.009307127675013446,0.008019924620472674,0.022147326192369494
2018-05-11,-0.0038101966053891464,-0.0014389666321499815,-0.003769428176222401,-0.0021469858624718965,-0.02176272939805274,0.0030463632331918394,0.0025195341424045534,0.004686379009132686
2018-05-14,-0.002335768689867077,-0.004088363068462751,0.00035106931267285914,0.0033718047593066834,0.0032554505229871757,0.0004767563607812385,-0.005298259046362297,0.006744138479603576
2018-05-15,-0.009130430203679398,-0.01627759547639607,-0.0076675460349054855,-0.007269337689487075,-0.039132914544340855,-0.0069106643318418755,-0.01144767322374045,-0.0004892593254436482
2018-05-16,0.00928978237377453,-0.0015524980696371136,0.0027388852936724353,0.0025770367394131436,0.0018308197627678023,0.004195966361664289,-0.003845669756674922,0.002808296001197016
2018-05-17,-0.006343670398121662,0.0005722435830601718,-0.0033581106052518114,-0.01003473080963362,0.006886380649025296,-0.0008451430940253119,-0.005064344534404717,-0.0017082492923216296
2018-05-18,-0.0036433281343817296,0.00040857173330558584,-0.01633346212629693,0.0018696226844225543,-0.007171104740635034,-0.0025028447009060664,0.008568543673870704,-0.007108832145919133
2018-05-21,0.007059975305609173,0.0005716827532715196,0.009136650851146372,0.012786596847582498,-0.0069364294316134716,0.007490452704871215,0.0005120795576301719,0.011981946493080924
2018-05-22,-0.0025080151614676706,-0.0005716827532715781,0.007639250594400165,-0.0010254356142633781,-0.006324832360937122,-0.0027842264785773205,-0.0015363637859196694,-0.0078087972377086255
2018-05-23,0.006391134246890887,0.0010614187645907496,-0.004612100877792069,0.011827510868075857,0.020364272207403382,0.0027474963794474052,0.007232953042019334,0.006227384011392225
2018-05-24,-0.0011154480286241406,0.00853209120176816,-0.011264384150314371,-0.003554032047747046,0.0006057519670331689,-0.0020509189219201484,0.007938904309465904,-0.023150851961856286
2018-05-25,0.002282540654167342,-0.0030793967645780895,-0.005137543367835915,0.0005083729228853332,0.006398574171471606,-0.0023851541330672786,0.006205260032614193,-0.019625799528363103
2018-05-29,-0.0036124690964912795,-0.00016231041385140818,-0.04368390245418516,-0.003564723761461161,-0.0027716702616167417,-0.011567676823174824,0.0216659429261377,-0.0036908792053097174
2018-05-30,-0.002130880499749945,0.001460093554238186,0.02258810804770985,0.009545072340953541,0.01754504366932297,0.013256253498714654,-0.006730536914037468,0.03852414020870539
2018-05-31,-0.0033655622143636144,-0.0021909715513726826,-0.012444522891626644,-0.0011121876949327304,-0.003167328846473428,-0.006144607876363632,-0.0016485964641911575,-0.0031954712054678624
2018-06-01,0.017873341207184177,-0.004967644235411668,0.012906134381283234,0.019536582821439837,0.021303085596448054,0.00976964792178044,-0.005297384265916947,0.007236373188014559
2018-06-04,0.00832264523306292,-0.0009801121170805289,0.0004609590094944028,0.00869330233347399,0.027677834538066045,0.004740323931717225,-0.007258247517460371,-0.010565411318214167
2018-06-05,0.007685845876224675,0.003914822104047846,-0.005640337636584996,0.005101460827501883,0.0008304758075600538,0.0007274645431636259,0.002341481842851308,-0.003588013600164003
2018-06-06,0.0034598838631035617,0.0005696358194504353,0.023099125093040244,0.002931355420081346,0.0003016219075156732,0.008325716543482345,-0.00813539888835251,0.016959949768247502
2018-06-07,-0.0026841274093696087,-0.00048822166232812176,0.003978650578827507,-0.015833423296694932,-0.008522028954022468,-0.00010853096792655067,0.00963806989063695,0.009943040267338941
2018-06-08,-0.009139390557731348,0.0012201695433653895,0.002794018218571539,0.007406944411279188,-0.002360922037957199,0.00295228407716429,-0.0030073607183384943,0.008650048058086477
2018-06-11,-0.0024547870460916773,0.0017868849442264543,-0.00252321855791101,-0.005723140383821104,-0.006349425333445642,0.0013292692100216883,-0.0018419651091890145,-0.005999059715162798
2018-06-12,0.005475794198849593,-0.003332688774722517,-0.005791438466377573,0.0025698780192191756,0.007492462721698318,0.001291320472459329,0.00025122592303906797,-0.008216434504177132
2018-06-13,-0.008251380031438611,0.003008032375587246,-0.001998316004444087,-0.0045512677772025,-0.0006855333342878694,-0.003196190421325825,-0.0005028392611378858,-0.011102700809009937
2018-06-14,0.0005246264533499054,0.0015411027282310494,-0.01779890611838394,0.005636516960273009,0.01704117828468924,0.0025147782594223756,0.008265571781922054,0.004651055016999857
2018-06-15,-0.010325675144985261,-0.016672509186741884,-0.0012039709534685326,-0.012801148121313962,-0.006200913410090204,-0.001276778475971424,0.0009141759092274133,-0.015133747750714514
2018-06-18,-0.000529644177432446,-0.0018972637609840908,0.0025917354128780867,0.007263781664012077,-0.0006409894600221094,-0.0020587429533702193,-0.0009141759092275452,0.0019818229718651776
2018-06-19,-0.0162917921103136,-0.0025629178089954913,-0.0058406576610040345,0.0,-0.018734345867703072,-0.003840255362578016,0.005803162363104927,-0.0014861173559993662
2018-06-20,0.004352896570942699,-0.004480227388754277,-9.315891379540816e-05,0.009964304729964957,0.00819183336530122,0.0017046390355457339,-0.008801248611518896,-0.0031025896323732677
2018-06-21,-0.005592112805834048,-0.001747735286870753,-0.0002789081535237762,-0.0071917478807178425,-0.020023021290871704,-0.00628841797174936,0.005240526244748879,-0.00949166190239871
2018-06-22,-0.0029162559573856933,0.0024126912728642744,-0.016506106877304076,-0.007243761768942304,-0.02425046503506049,0.001821242239675491,-8.295480861032615e-05,0.020985612564882503
2018-06-25,-0.014982948520911738,-0.003746388732216758,-0.00911947825897636,-0.02032276481400914,-0.04828776190075927,-0.013706296177684612,0.0022376081132295506,-0.020358428201125236
2018-06-26,0.012329458172394184,-0.0052686490212924385,0.0006676694384143421,0.006988390593596926,0.011930436183273135,0.0022117981829496494,0.0014060690621506531,0.011223382698393715
2018-06-27,-0.0014646375554496379,-0.005718147886605,-0.015569669434198144,-0.015664942066413706,-0.026251654060770797,-0.008318853536379994,0.00937967625187837,0.013181893318984537
2018-06-28,0.007249900021861862,-0.0030405479988212347,0.016237165929634034,0.011112810062076699,0.02157097032226019,0.0057013014019796325,0.0002457827563622315,0.003176585576693412
2018-06-29,-0.0021044253542142777,0.0036306900201949913,-0.006981494756774846,-0.0002028787437217993,-0.016577665554915754,0.0014385098435331807,-0.00344424352236246,0.009228668775593562
2018-07-02,0.011120038884881901,-0.010080153442110952,0.008409957035378396,0.014097586398658105,0.02229129519464866,0.0021357301084134164,-0.0007827701329057395,-0.011793904418564094
2018-07-03,-0.01756978422478882,0.010080153442110855,-0.014088256001805037,-0.009645318358454518,-0.022544277972446895,-0.003537404260027669,0.0053419374795936735,0.005853727508086606
2018-07-05,0.008014812883497457,0.0033656028250155126,0.00648093023530866,0.007142483435066698,0.024564862623311,0.008124683739175935,0.0028648457645213993,0.0008507506263893834
2018-07-06,0.013767011379942396,-0.0015972634935637394,0.0032727078763607823,0.013936199505080531,0.01877365775324287,0.00842301521254806,0.003264057378905096,0.00024274914788706504
2018-07-09,0.013789567690444406,0.002436881277559937,0.030474454919541556,0.006797437060379307,0.007733005216231292,0.00896351709123513,-0.006456525369932598,0.006899955081500436
2018-07-10,-0.0012077407029160753,-0.0018481290459546572,-0.006171105248310541,0.0026476455523930524,0.01592066210184913,0.003592321219242981,-8.219924032436616e-05,0.009125672800562052
2018-07-11,-0.013060838619956138,-0.010905978807671088,-0.0021596294402290482,-0.0013718522137296215,-0.022845264090157778,-0.007341066929153631,0.0038465424797494725,-0.01287232929385363
2018-07-12,0.016626893971797268,0.004156581212429495,0.00431460493014198,0.021439297989797615,0.014836894268952482,0.009024633973990889,-8.165392391852023e-05,0.0012101695234790193
2018-07-13,0.001569323064588887,-0.004411618657356081,-0.004596430599034904,0.011831174654273073,-0.007631445017542259,0.0007873421352018324,0.0025291199036954226,0.007469725702873102
2018-07-16,-0.002197623788736907,-0.0005102701051306204,0.03890954037935697,-0.0049444547533179515,-0.004502194017259615,-0.0008946877129848407,-0.004164310631178557,-0.009891398585943489
2018-07-17,0.002824376558762271,-0.01086273575472535,-0.0007237329564722717,0.009864270359712908,0.021877796884143236,0.004037195857842286,-0.0018837531553245151,-0.0021845443765046617
2018-07-18,-0.005499513904388937,0.00025795416772476286,0.009278066784327726,-0.007864355244240836,-0.007875034840147599,0.002101632770164812,-0.004024822948473851,-0.0010936325141751588
2018-07-19,0.007743346052240983,-0.004308123245285948,-0.014813498522685615,-0.006873071607157349,0.0013102898513811102,-0.0037789603965298632,0.006317762631074189,-0.002557891121320268
2018-07-20,-0.0022960113064000418,0.006455244826308788,0.012569541791798743,0.017753580700371457,-0.0045337745725742345,-0.001143466264411071,-0.01234446679457017,-0.007465763653811164
2018-07-23,0.0008877740778066239,-0.004815949835095169,0.018431135172425478,0.01587048393343899,-0.005916198203465879,0.00185763073144951,-0.012416081347320864,0.0
2018-07-24,0.00722807509634236,0.00034477603659500224,0.007032537865122451,-0.002875245434646687,-0.002810624540420293,0.0050197439372094465,0.003431973195565738,0.019585813613990862
2018-07-25,0.009385888561693485,0.00550018047205447,0.008983136832458752,0.02901908624360323,0.012625538238299322,0.008485830704347172,-0.0015889465484701848,0.0069627034801852195
2018-07-26,-0.0031358577632196244,-0.00782971239395345,-0.0028696770741601643,-0.010977609448769054,0.011722778989089114,-0.0023616057031822313,-0.001926675416156546,0.0077458106485428
2018-07-27,-0.016771358158758493,0.0005181795313148685,0.010222319705616467,-0.01785611083477169,-0.011127361025687193,-0.00679935357396539,0.0016754433906741777,-0.027926466265167038
2018-07-30,-0.005618621072419336,-0.00155521288098982,0.006014700213476406,-0.02168590208985942,-0.031807696327044825,-0.005236985127312385,-0.003437656978460151,-0.0021997613106964705
2018-07-31,0.001998966476981535,0.0029355602050311473,-0.015366393383116883,0.006715441761731679,0.0029858462599948476,0.004917199107431551,0.0054451032748684585,-0.0028178626742625234
2018-08-01,0.05724029287958302,-0.007355188129704966,0.006157690518956871,0.0018837165932366474,0.006553673799827424,-0.0016722571352762049,-0.008180357914010124,-0.013835776878894429
2018-08-02,0.028811361790189987,-0.0053993230298752665,0.004227538507739041,0.012064771239198004,0.01669754250635492,0.005433140866010993,0.001433971427430387,-0.005988637720838391
2018-08-03,0.0028892238590573437,0.0034867672609534624,0.008060432206714742,0.004359652672162368,0.005887948201440591,0.004275322280514613,0.004961264768576745,0.003622455957576346
2018-08-06,0.005179009201386321,-0.0051471986083892985,0.0002563265760324014,0.0008328159433753122,0.007626571000266219,0.0036607262918607842,0.0005870287642333732,-0.00024953761926114375
2018-08-07,-0.009419081694293422,0.0022714889105877236,0.003664365885092012,0.006911876086828583,0.01142891496567203,0.003296752946813434,-0.005210929433669525,0.013502937280328073
2018-08-08,0.0006757305357575668,0.002788736658924094,0.0020397201645772985,0.005587141181954888,0.005704804680470834,-0.000419929838594033,0.0010106805829269037,-0.006666928533985828
2018-08-09,0.007834182042723138,-0.001480564583197746,-0.0077555672937021924,0.0016425311326363765,-0.007613235255774181,-0.0013674873972525491,0.008382607920651012,-0.0050913678112970255
2018-08-10,-0.0029829300788966743,-0.00043582289228197795,-0.00988803243565066,-0.006128092125930352,-0.0065332712887906895,-0.006722405895722795,0.0072368103411917266,-0.0010068355561207419
2018-08-13,0.006436010311184682,-0.015199092023381669,-0.016026862683301207,-0.007273969226841471,0.00520647254406368,-0.003750698745576934,-0.0020739942639592993,-0.010887579474712654
2018-08-14,0.004204140167413247,0.000973327608104041,0.0066510586287090835,0.012398793000574991,0.020520394738772985,0.006360479083710359,-0.0022449609084825802,-0.003187377396722534
2018-08-15,0.0023336121812510013,-0.01676662157593087,-0.008320570690575037,-0.013653427173156088,-0.009029435827572057,-0.0074952447126422905,0.00580941592331339,-0.01764930466425612
2018-08-16,0.0145436409678043,-0.0008097887609235239,0.009366623210907124,-0.00018591227447078602,-0.006350259928416963,0.008058794388868966,-8.245741587015151e-05,0.013682839339353372
2018-08-17,0.019773234311437682,0.009228205066865695,0.0,-0.0005576384436037094,-0.05026365288517542,0.00351413167027608,0.0012407631611436854,0.0033280590878250462
2018-08-20,-0.009791430684894914,0.0049818196508907165,-0.0013076539950958267,-0.0066213514009521085,0.012260136550120858,0.0021379321736880613,0.006672130099080887,0.007003033926210549
2018-08-21,-0.0019511167318136435,0.0029240568705197916,0.00608854852619274,-0.008363000169080445,0.021870484755676413,0.002342245034537992,-0.003371622454472466,0.00025375268908045073
2018-08-22,4.629043497518571e-05,0.0022095550764809732,-0.003039516768722945,0.010139054986050023,0.03681562059471063,-0.0005936289699568825,0.003946978708587601,0.014232788065936332
2018-08-23,0.002044094346127845,-0.009491353686729712,-0.002089885277113997,0.004659551916906978,0.015179991249454159,-0.0013290552100400364,0.0015579075190515846,-0.011066471413124659
2018-08-24,0.0031043811711053194,0.017318039357995908,-0.00043559857676892845,0.0077792349158516865,0.01996122337115412,0.00600045587854162,0.001964130324828688,0.00680565429079093
2018-08-27,0.0082007952118144,0.0037595032326643405,0.017546301739656538,0.01100922153309941,0.013427759711911397,0.007864383938079625,-0.005740414911778299,0.009748699427206962
2018-08-28,0.008043326830908479,-0.007973022006627225,-0.004895973702176593,0.006003837626582542,-0.00552437265498731,0.00048304532111194984,-0.006021644415697694,-0.001493643510978552
2018-08-29,0.01481906640689936,0.00456378402562542,-0.003276968146736368,0.015836064092496563,0.015415155844869565,0.005366626227717816,0.0013227901573494524,0.007198753978269025
2018-08-30,0.009151659470658276,-0.004915718883921236,-0.0049360868867708895,-0.0006249534683601751,-0.0024448224318024472,-0.004056847804556977,0.0021458685778260387,-0.004337799190600019
2018-08-31,0.011487647762001632,-0.0011445940280616581,-0.0053100327665903165,0.0033886307574804665,0.010277598366633086,3.466965870915043e-05,-0.00231070399655754,-0.004232321058621402
2018-09-04,0.0032019863819226723,-0.005122797149080111,0.004962713969106098,-0.005534571848770402,0.010702413226672506,-0.0017240150186320115,-0.0057986677242919905,0.0014958264050774106
2018-09-05,-0.006546167176182948,0.003447511831347845,-0.004875420255782445,-0.02924862868211613,-0.018786824507012138,-0.002694937825268266,-0.0026696069869342463,0.013238623435861904
2018-09-06,-0.016757093509350576,0.0019395335367870974,-0.004285049159413951,0.002301932567655299,-0.02068507790379071,-0.0030147267066515547,0.0036688351138222356,-0.011123353282303253
2018-09-07,-0.008100829578939863,-0.0027340278330774677,0.0019262694268411193,-0.00488599307821499,-0.003158150689052122,-0.0019452844615018127,-0.008525556460676972,0.016883851170892087
2018-09-10,-0.013511558816967193,-0.000706792407982718,-0.005350302039509805,0.010754365781043551,0.010501428129169888,0.0017370719454547557,0.0036865034168011446,-0.0014677869675325025
2018-09-11,0.02496858755713307,0.0006184538252070439,0.006311881384870749,0.01686205598087104,-0.007049851224069261,0.0032922242513166514,-0.007639736484006744,0.013976098916759607
2018-09-12,-0.012496967944530382,0.008355710260063364,-0.011867607072605618,0.004216267430761311,-0.01700589700186678,0.00024216175808310813,0.002356742956037295,0.003253240707376699
2018-09-13,0.023868115164608635,-0.0035975648169408914,0.0038835689215279538,0.010684823405146843,0.011639542116590853,0.005896822312295135,0.0015123113890483434,-0.009791711728488656
2018-09-14,-0.011415978216957645,-0.006526220333751069,-0.0001763243510624886,0.004065591980641472,0.018585068650419395,0.00017195395492329826,-0.004796731664478194,0.00726228510921311
2018-09-17,-0.026986921816323353,0.005206771454576303,0.002991211767588175,-0.010908576857620627,-0.009085068949484777,-0.005308273714956397,0.0,0.0058920520578285545
2018-09-18,0.0016508873817464565,-0.001497451648772046,0.00403264693740466,0.009496192881102702,-0.010679903349307579,0.005411242321293882,-0.010514546968837251,0.0026336221627671352
2018-09-19,0.0005954497308601198,0.0038711539862427546,0.028632453857652427,-0.013427723603834008,0.003535684370004685,0.00106508503215049,-0.005985013575263725,0.011886910329424205
2018-09-20,0.007572890913228401,0.003418801489789763,0.008550168261161216,0.016602569648556942,-0.021179869510875,0.008071123255951636,0.0046198230772396725,0.0022424150502987237
2018-09-21,-0.010829393442128158,-0.006849331291438649,-0.006596532884614517,0.006057162861926711,-0.010685162234077039,-0.000913610760381149,-0.00042668667867406385,0.004118088482763782
2018-09-24,0.014277647479992044,-0.00017621292913996446,-0.009634835401019124,0.003581887874168231,0.008504473426669715,-0.00332743128162285,-0.002565101751079069,0.016650484675073234
2018-09-25,0.006320659487628702,0.0015850681638403528,-0.0028313540632624113,-0.001920175951928643,0.010147909331758041,-0.0009285888524112266,-0.001027737692456572,-0.0011553844512485279
2018-09-26,-0.007997551976200756,-0.005293338005935254,-0.011840663146229283,-0.0041153363235296525,-0.005566728051804277,-0.0029970123837952077,0.007003207907252597,-0.008358800788117729
2018-09-27,0.020342699984776624,-0.008884998236125718,-0.004356582937542235,0.003765470528032821,0.0017967395268233574,0.002790699540561102,0.0006808762941213865,-0.00011655716620555514
2018-09-28,0.0035059786371791552,0.006316457708228832,-0.01477852548123455,-0.00034934093714883045,0.049680071008233274,0.00010316174224073823,-0.002640695285334521,-0.00878257934318886
2018-10-01,0.006710883619448776,-0.0016864375351173554,0.005832013090095897,0.010783608963383498,0.029245941494350634,0.0034681315442088526,-0.007368187254183383,0.009248915553443919
2018-10-02,0.008849203395330157,0.011482223287118152,0.004132388506950879,-0.0039868044490504835,-0.010003078081529084,-0.0005829735994539704,0.006094222696332385,0.007546343836161809
2018-10-03,0.012095199759614332,-0.003959744500981412,0.009344701249154815,0.00017357397062602836,0.0008723253308169336,0.0005486281698215622,-0.017523773042719605,-0.0035918381414149197
2018-10-04,-0.017737353820240352,0.0005289130805077395,0.008975533999726289,-0.020881664301588786,-0.02629023648453466,-0.00784618473351049,-0.00707900686547734,-0.006638329147494873
2018-10-05,-0.01636199285185809,0.0028159089867124108,-0.005654761029702101,-0.005868989497511096,-0.03434761669688674,-0.005613056300179272,-0.008631706088869427,-0.002808697007847519
2018-10-08,-0.002320934052891682,-0.01113382636882134,0.006088546665395317,-0.011480660384195311,-0.015271792037901936,0.0,-0.003367448044616351,0.009215025200687262
2018-10-09,0.013758372914841555,0.0005329800140063239,-0.006961525799538917,0.012639587346342893,-0.0008656546039061488,-0.001460164552074427,0.0100680094665597,0.004402090537765636
2018-10-10,-0.04743345520816949,0.0024835810584159217,-0.02699400792396298,-0.05587021849616942,-0.07769533481704949,-0.03217574076515913,-0.002728106458652057,-0.023271945199394423
2018-10-11,-0.008867049665610494,0.02536654489487655,-0.030421106417495406,-0.0023574763009816084,-0.04393188809981876,-0.022271917219542556,0.012086478600213403,-0.035158748357934116
2018-10-12,0.03509606727222467,-0.0047616679491750925,-0.010972961808180828,0.03397358369914525,0.04738558215162647,0.013792307509753582,-0.003488260808779917,-0.0026996259375394877
2018-10-15,-0.021617877473260532,0.006660030947980057,-0.005719914976565377,-0.01814294192782266,-0.04632276911899064,-0.005632822605103593,-0.0004369626958827255,-0.006905152917046642
2018-10-16,0.02179778703741349,-0.0017255996137758734,0.02121415776686778,0.031109491461802023,0.043438906914757255,0.02163045499672558,0.002269655852573323,0.00469070431733456
2018-10-17,-0.004330581125102258,-8.637796161603928e-05,0.01107797623577404,-0.002615974062033998,-0.011331814652110693,0.00017791290830764176,-0.005946926839352069,0.003687784763011076
2018-10-18,-0.023651049602948754,0.001122068685606197,-0.015969384099001623,-0.02016379267680625,-0.01462965245308041,-0.014546084999444575,-0.0003507944116722372,0.0042850218397261245
2018-10-19,0.015115234977142906,0.0007761304849288288,-0.0016666576082461349,0.0014734232545306073,-0.044214553352565404,-0.0005429619798312058,-0.0021963531600516528,0.0014650806318922576
2018-10-22,0.006091577626966907,-0.0025893597255195024,-0.014467789159723046,0.008887607548748783,0.008905670927341165,-0.004498503362148713,-0.0013204011970166397,-0.01005383129225337
2018-10-23,0.009382302664257259,0.005859562733875961,-0.010491181080735797,-0.014054609656790304,-0.044935570203347125,-0.005104130859048922,0.003165668590881282,-0.0162745942418074
2018-10-24,-0.0349036314717264,0.0023171370069294235,-0.01879790837133183,-0.05495155342289108,-0.1030711776169824,-0.030766993079787978,0.007520478094153527,-0.028199929018619698
2018-10-25,0.02166153107115265,-0.002231204310531111,0.015085434784762208,0.05679993423303008,0.04140553809400027,0.017781747534375305,-0.004190884157001582,0.008850358837986327
2018-10-26,-0.016051522773804006,0.0031736109331066205,-0.013827681553312316,-0.012449961665355237,-0.04703797463149764,-0.01774398471012533,0.00601871560467206,-0.010010467866663838
2018-10-29,-0.018948746035244737,-0.003947139978932246,0.01373241206922781,-0.029507448239458917,-0.06602902811756531,-0.0055557009680556905,-0.002263279642981319,-0.006210291711777676
2018-10-30,0.004981932911025685,-0.004394427867848238,0.017490428773952064,-0.0011563247569558507,0.08950427574245547,0.014709718813525138,-0.004980445793684464,0.022205014954462907
2018-10-31,0.02573254585395419,-0.005628951974666692,0.02151017599132868,0.02926018222777577,0.03784608671766785,0.010624346010946181,-0.005094053435148354,0.011359013894675403
2018-11-01,0.015235478339645279,0.01277086763550299,-0.00036693197088784156,-0.008367564313342516,0.033947661931956044,0.010585734840462043,0.0009265603390515826,0.012348193848300387
2018-11-02,-0.0686325888075256,0.0001715043948444399,-0.005520892747990487,0.0022634245974058166,-0.014733767686918114,-0.005940823444948405,-0.01251082080521821,0.01574263346211775
2018-11-05,-0.028799081453021475,-0.0024032178261357497,0.0065296318708735895,0.012636700763119568,-0.014765208523219539,0.005501761562168465,0.003921019048397185,-0.0037901495585787367
2018-11-06,0.010755859113400407,-0.0028398265791741537,0.004664232982372926,0.0019511473476622376,-0.0033582433769823007,0.006307883705180855,-0.0006229411630936483,0.00427828404166672
2018-11-07,0.029877432982621122,-8.61993040877103e-05,0.01700774009912794,0.03860631234701678,0.012851396562337228,0.021182998336853286,0.0013342048624652332,0.012604603821601106
2018-11-08,-0.003495280354493435,-0.002156939731312277,0.008040905087378819,-0.0018774812915110556,-0.037166398750384716,-0.0018162698410051942,-8.862537503230279e-05,-0.016025633156716918
2018-11-09,-0.019469701160762503,-0.011291663536045476,-0.009746681607134204,-0.019700571768123874,-0.0015547986670494183,-0.00981630109224091,0.0074381187942917345,-0.0002470581283158248
2018-11-12,-0.05168689869728647,-0.007188596482678694,-0.021250395881162582,-0.024950156397771386,-0.08167231186460927,-0.018862311103848343,0.006506884495182762,-0.012943735355403538
2018-11-13,-0.010041793908935993,0.00035180582721631255,0.00585711142339832,0.0006545734831996145,0.05026104510945093,-0.0018726887469701534,-0.0006134262924890584,-0.023190607625011624
2018-11-14,-0.028654149021584488,0.008233404279792808,-0.020837886958117124,-0.014282578855954374,-0.010693770798780316,-0.006860175715655467,0.0006134262924891942,-0.007851412597222756
2018-11-15,0.024379424155049782,0.0011333182475063862,0.025208487767209267,0.02176766639982146,0.026028971802471847,0.010382828568874264,-0.00043811126052837804,0.010284462212750044
2018-11-16,0.011014812054988003,0.0073788789662288,-0.0007273364849010849,0.009370475160492811,-0.20771143703648426,0.0025970636954415617,0.005770721323410574,0.009799462083838405
2018-11-19,-0.040439040092629774,0.0004323180677422659,0.007608142056823746,-0.03447778864559214,-0.12782241050623433,-0.01705935653989481,0.0027859381753506753,0.0032875621231181606
2018-11-20,-0.04895685421473169,0.0,-0.02170835443253724,-0.028209287846594665,0.02982046595816423,-0.018679365198740333,0.0003475517664384373,-0.02881309092803513
2018-11-21,-0.0011307443283237162,0.001641277459165005,-0.007496868950000707,0.013670694396469629,-0.029751329678740786,0.0034014822686703077,-0.0003475517664384572,0.007636001253808758
2018-11-23,-0.025727051756521443,-0.0007771357154266267,-0.009239828164725867,-0.00038779314133460254,0.0020020780652396427,-0.006700972784490891,0.0010426252701183588,-0.02705132852862188
2018-11-26,0.013433301370329338,-0.0011235233509469095,0.024178125662988593,0.03245461175169325,0.054030578266097154,0.016015356667129808,-0.002260840797212293,0.019545157844016732
2018-11-27,-0.0021784985866825125,-0.005984687209490756,0.004201182828555205,0.006273474758184754,0.004433140034545077,0.0033588950124250993,0.0011312671442875828,0.0009088980992852672
2018-11-28,0.03773169529030918,0.0037337803634568288,0.011057652478469142,0.036474029836791926,0.040413542747301884,0.02276416213029713,-0.004880880753400216,0.018006675345740315
2018-11-29,-0.007711729174803677,0.003115272664463216,-0.007963731448353833,-0.008404413165871094,-0.01607497094841938,-0.002187541511077403,0.003923699624686947,0.0077459396832895155
2018-11-30,-0.005417024432177795,-0.0017294794115241437,0.010214842048533025,0.006332321165106609,0.03784881681482149,0.006076899167369368,0.003735537747865937,0.005549780330459785
2018-12-03,0.0343456727675035,0.007501675441848404,0.00939895973464363,0.010763617695787644,0.03964877510680399,0.013154477073591023,0.007075258465433311,0.021404359701745954
2018-12-04,-0.044985617862266916,0.006080599945141917,-0.04566331044496417,-0.03236767755771996,-0.07908740802964466,-0.03293891916018976,0.01660315977686215,-0.02228523545031832
2018-12-06,-0.01121206461562197,0.00017072178718187972,-0.019207737984615995,0.00615487868665492,0.007482349743669048,-0.001518355416089948,0.0031354322777489164,-0.013179542168457403
2018-12-07,-0.03630845349551282,0.008077219150826301,-0.018227827030941536,-0.040844888769880724,-0.06985508211591482,-0.023509797652946817,0.0018593933944789018,-0.00961387364447126
2018-12-10,0.006566615902084305,-0.003477935715567025,-0.018862064574597267,0.026083217239422588,0.028385405524763357,0.0018948805736240064,0.004130024277774317,-0.014269259531444128
2018-12-11,-0.005735930535113721,-0.0011903699128753065,-0.009815027781642527,0.009251737639933068,-0.024463762557565178,0.00022717315138428087,-0.00016848129079179982,0.0018273367615134132
2018-12-12,0.0027831840711115274,0.00212467676965701,0.0064547278082251365,0.004501877989249156,0.00477979963676915,0.0050226705174439504,-0.004468278188562458,-0.008644204588621947
2018-12-13,0.010880906259725955,-0.0022097759847801487,0.0009895838337716676,0.003386450020698879,-6.718824535431633e-05,-0.00033865122954478794,-0.0023686770684534144,0.012549125461278595
2018-12-14,-0.03252060963944049,-0.004007006751401737,-0.0082420616184624,-0.031745569824660515,-0.016523916163000224,-0.018637556538619197,0.003466909615857341,-0.018353910851781716
2018-12-17,-0.009350117295544028,0.0068957425332182515,-0.012845041631892606,-0.030061754263415133,-0.019791642533753297,-0.019813672040054988,0.005806568579553406,-0.020586425784856078
2018-12-18,0.012909172112402084,0.002372671007408459,-0.004758058983355213,0.010441872501150945,0.02313206252809849,-0.0010968706811612095,0.005970703925963715,-0.027939241688762922
2018-12-19,-0.031688254778709075,-0.0061126025718981495,-0.012766283861184809,-0.0026967849982556975,-0.059081796214293776,-0.015088988719971445,0.013124417949033752,-0.017089917571229206
2018-12-20,-0.025558848953297332,0.015295836918707156,-0.008671483301369883,-0.02124807752037461,-0.024927099317952398,-0.01641203672757441,-0.0036379240200156517,-0.030846595163531776
2018-12-21,-0.03967209657486053,-0.0043704611932126065,-0.02392310386860262,-0.03284586899233255,-0.041794214898430826,-0.020702388289135027,-0.00016481155184213682,-0.007458592717197895
2018-12-24,-0.02621506280817115,0.01089057789030817,-0.021792620567973993,-0.04263496410095774,-0.019404414172543558,-0.026778306670991573,0.004957590325672538,-0.03906790397691551
2018-12-26,0.0680529330417747,-0.003003949025405859,0.04062210427527593,0.06607805956195827,0.04628382512476162,0.04929015264856951,-0.010773460979253144,0.04667241525816558
2018-12-27,-0.006511031849215296,0.0075760760319352385,0.011191958711669059,0.0061464712315460164,-0.014606466450973127,0.0076479628287449836,0.000166882603629012,0.004361007903103741
2018-12-28,0.0005121092326115351,0.00405577569851946,-0.0021661617653228934,-0.007838607978227568,0.018730170833889254,-0.0012908808182770213,0.008378786255695781,-0.011232094100082609
2018-12-31,0.009618709473985467,0.0015682595209626012,0.008125403734417077,0.011685842367543763,-0.0011228366870054698,0.008720763519976709,0.0037927019130769403,0.00029362767703623537
2019-01-02,0.001140705953505051,0.000659591337713554,0.017163897306083562,-0.004440525985076031,0.020169665567219424,0.001039787568570437,0.00525330927578817,0.02175888350636798
2019-01-03,-0.10492432590810087,0.00902531942317321,-0.014313902816916262,-0.03748177423616602,-0.06231912580902344,-0.02415226893777504,0.011315523529536645,-0.01547289337651143
2019-01-04,0.04180311947278471,-0.008119106827353381,0.03620214848880035,0.04546001579156645,0.06209892297198476,0.03294711573573887,-0.011643238034701315,0.03620648615133251
2019-01-07,-0.002228150449295338,0.0034525160778516237,0.0006952212674652243,0.0012748022500837437,0.051586966320119776,0.007853561751439055,-0.00295208499889218,0.005186544350398952
2019-01-08,0.01888314335997578,-0.0027117139907279018,-0.0018876241475985212,0.007224229933165966,-0.025210467327387916,0.009351733747163768,-0.002632500149032539,0.0072446041660050526
2019-01-09,0.016839271346992063,0.006397649700215412,-0.0016918300504331816,0.014198474550315752,0.019475918697147064,0.004662449373277415,-0.0015658637136998486,0.0052609343094670745
2019-01-10,0.0031913480480535343,-0.005904086348646563,-9.953746714761166e-05,-0.006446156595065931,0.018415307661298567,0.003521154801332228,-0.006454363058820684,-0.005122145217323956
2019-01-11,-0.009866336467754502,0.0017256811414605045,-0.004792946174682353,-0.007752317955249747,0.0244860449596631,0.0003864210150444397,0.0038942654934903567,-0.004590763726284169
2019-01-14,-0.015151441560735559,0.002378067354322114,0.010256547859667323,-0.007322061102888654,0.01075947708354901,-0.006119547193958799,-0.0037281503384970016,-0.0012557743270194006
2019-01-15,0.02026001501744207,-0.001721516103226458,0.007304350209435048,0.028592501078724776,-0.0037959954716432058,0.011395572687706893,-0.003658386173944355,0.0005579929760268041
2019-01-16,0.012142769658910422,0.0031947551186356582,0.00803218124966882,0.0035172382234257764,-0.006896589729605353,0.002416888409609748,0.0009988897522575791,-0.00041833478268918405
2019-01-17,0.005920091375801868,-0.0013094038577051105,0.0040888085625480795,0.006997811248094305,0.019164975894885538,0.007558230310992484,0.0002495072324311533,0.006816202852397363
2019-01-18,0.0061404623642629915,-0.008966489387798326,0.016096408119909363,0.014871939350454241,0.03376314162068967,0.013222008178410972,-0.005255157663238855,0.011852763077522173
2019-01-22,-0.02270182523998054,0.0035468368649853345,-0.01590169163230624,-0.019026801161072283,-0.05339833157969212,-0.013602449650808219,0.0067521600224852854,-0.015185324187752872
2019-01-23,0.004036322705752293,-0.001400718491595256,-0.00252881913304019,0.009698738767144593,0.0034892710882586985,0.0020902507360459504,-0.00041575863383042896,-0.008240894448665069
2019-01-24,-0.00795790975188118,-0.0015678713054947328,0.0005838548085071748,-0.004790410907783531,0.05569118361242147,0.0005313622302402731,0.006544744307165631,0.0014017103698927425
2019-01-25,0.03259962872149607,0.014511460180241248,0.006307058425556416,0.009092205666928454,0.014529004147855022,0.008425691801405953,-0.004800713215175311,0.004471658470287552
2019-01-28,-0.009297730431517418,0.0034938106026215594,0.004727655880333198,-0.01969414808689327,-0.1487848345727899,-0.0076293714848617656,-0.0009963747761876306,-0.00671538421541857
2019-01-29,-0.010418776673444948,0.005580978043920208,0.0027879252929655443,-0.02057599786446368,-0.047559200260727956,-0.0013276825467844295,0.005053597711758724,0.0037829369927211923
2019-01-30,0.06610139666078234,0.00571038723811713,0.002301471431580478,0.032871435536764984,0.0430568101120764,0.015706683661923734,-0.0007443582252249541,0.01084860564251237
2019-01-31,0.007175136646630203,0.0004810580433256342,-0.00875406186811333,-0.018500669776936252,0.04525220435902318,0.008743961737329805,0.008563401333050825,0.013601813641577299
2019-02-01,0.0004806492884943259,-0.002006018726865743,0.0036646651435671912,-0.015925964571706853,0.0067940343388145,0.00048189894890186537,-0.006058011362117609,0.03539283880652352
2019-02-04,0.028009229661459994,-0.0043467903708823,0.0035557905649687476,0.028392277609414773,0.030283669331203633,0.007010798638141627,-0.0044743194650501555,-0.01459511445308728
2019-02-05,0.01696444317182866,0.0025781491687657575,-0.004422399149196025,0.013899608521411073,0.005148335668302716,0.004182782361899221,0.004557046863406594,0.010238662544927219
2019-02-06,0.00034460689176411265,-0.006781846869660204,-0.000481703901827617,-0.011160638092828471,0.02013604991883883,-0.0013191442007625287,0.000495357806092576,-0.004375158031595714
2019-02-07,-0.019121245943801147,0.0024273450059934865,-0.0131962057135525,-0.007193985053207537,-0.03715229690482731,-0.009578450686425063,0.006588729584766849,-0.007736453558343653
2019-02-08,0.0011742377452688413,0.0037911013463212333,-0.010013234978182153,0.003792603332732483,0.0050744199962203685,0.0012207821702107835,0.004259158777124649,0.0016234489472485728
2019-02-11,-0.0057670041662215895,-0.004923141507008373,-0.00474669295721206,-0.0039823081066097995,-0.011676149905671252,0.0005541795079404879,-0.003930808459452259,0.0016205318537954238
2019-02-12,0.008579674266270425,0.0021013677593768472,0.016906175426910346,0.015461707224154816,0.03172101480395277,0.012777597260284029,-0.0025470317721318823,0.017391667571898375
2019-02-13,-0.00416327537727424,-0.003963908091330056,0.004764516334919946,-0.0007487538175560242,0.011248391933012197,0.003241842728083129,-0.0037915128999276345,0.011210498627695572
2019-02-14,0.0036364668361897777,0.005577307519395154,-0.006520409762139209,0.0008423852554755943,0.010734980215326557,-0.002220690459001282,0.005681346400731349,0.00026199463873102807
2019-02-15,-0.0022271482751234166,0.005947180522780987,0.030102908758710543,0.012272429434555454,0.01802072856707121,0.010838208335235397,0.0015596450424505107,0.018704416263317675
2019-02-19,0.0029884107445326217,0.015109582852092532,-0.0035114747892602497,-0.00046222930393798907,-0.004459015689798519,0.0017290421287069941,0.0025378062673093696,0.006669212907843171
2019-02-20,0.00641463629985547,-0.0017378437981699678,0.004836681292322021,-0.005212762283317146,0.012120081534495236,0.002013250547814152,-0.002866093935574637,0.003827613866804418
2019-02-21,-0.005654514432176472,-0.011370537714508503,-0.00208343369347962,0.02087283605867542,-0.01768964480732846,-0.003562127829503489,-0.008979227624641638,-0.009082245750176653
2019-02-22,0.011103712065097403,0.0035920768439101198,-0.004466210513682201,0.014157517151632725,0.021717892190412934,0.0061812279189282695,0.0059400434361334105,0.007680395591402997
2019-02-25,0.007258120326158845,-0.0010363715360958284,0.010421546408976148,0.0055713855712448655,-0.003145707200622588,0.0013601339295009971,-0.0029653370538357264,0.0010197406337951532
2019-02-26,0.0005738363930137425,0.0016736332310031306,-0.007663496359754444,0.006876750814694213,-0.010070065775725372,-0.0007156197104533924,0.004937484445814423,0.0020356266154555654
2019-02-27,0.003092416706346306,-0.00711234367844341,-0.0012356563561648098,-0.0016924378702581056,-0.010815827887215617,-0.0004296910794965495,-0.011393587354872555,0.010245015347684265
2019-02-28,-0.009884426688957237,-0.005629776625606553,-0.007636236092003561,-0.001248952381508084,-0.006397237139453223,-0.0018642536021125774,-0.003410255866943282,-0.005552045280347641
2019-03-01,0.010456438191642948,-0.017163968380321165,0.0006704229927605363,0.004452913143265775,0.014096946166794898,0.006224169462610296,-0.009285921538502084,0.01219911899563877
2019-03-04,0.005016638076284814,-0.0026289836177431354,-0.0023011198931545836,-0.0024022437901567014,0.0021071014213441775,-0.0036438055533095553,0.00780695150332701,0.00386781553341423
2019-03-05,-0.0018211391058588196,0.0013153870929188036,-0.0007678593463184019,-0.0050006638974849785,-0.0016595030599415729,-0.0013610238802326132,0.00208822469850014,-0.0014955917276043356
2019-03-06,-0.0057702967144293476,-0.0009041270457165541,-0.003752985318732724,0.000447400371551357,-0.028974756610953972,-0.006075580592699591,0.0036650041724698053,-0.011412705759170968
2019-03-07,-0.01164256709168252,-0.0008226265106167708,-0.007257122772695196,-0.012244747796939365,-0.018519544382217284,-0.008400235943100768,0.006463771550684014,0.011038705729455667
2019-03-08,0.0023739362158818173,0.010886084259377201,0.0003882084961404467,0.0010866287632442402,0.009203103924085961,-0.0020023674750449545,0.004203998946060234,-0.014449918509619013
2019-03-11,0.034055803042777014,-0.004896357818091657,0.012924785069665426,0.020776075494638783,0.06738077700793053,0.014397302196189503,-0.0029656424018527318,0.009697982616363725
2019-03-12,0.011172822346450907,0.006035459879402026,-0.0029753698348924536,0.006977452090711031,0.008527432282763482,0.003763823325698443,0.006988275026444974,0.0027537121171607236
2019-03-13,0.004412348257311426,0.006968612448215201,0.0033586242782502555,0.00771520214212203,0.03684648809971661,0.006597492863125901,-0.0018861801815077074,0.008835913058706232
2019-03-14,0.011055361419053557,-0.011614284265949192,0.009059100401850604,0.0007855514481073235,-0.01831408114388501,-0.0006402491689708747,-0.007249173934753586,-0.003350673043781206
2019-03-15,0.012924246225668736,0.00456433710702197,0.011420806171542829,0.011453662399408322,0.025346527925155307,0.004928619513720044,0.00659236778979882,-0.0036121103154851415
2019-03-18,0.01015677556434521,0.0005690800870331783,0.005989080846777366,0.014219971785769595,-0.005076990140108947,0.0036192075251118474,-0.0005752443935299452,0.011536824850792876
2019-03-19,-0.007956541610803988,0.002759488322105534,-0.0036450368939827766,0.0006799934828424294,0.03923170086392551,0.0002481478983822953,-0.00222164829950354,-0.002593444138942584
2019-03-20,0.00870068891157275,0.006463126873943105,-0.021579722110407012,-0.0011053110845874292,-0.007483461559314699,-0.0030145376867342258,0.010406378716578301,0.005549242160301846
2019-03-21,0.03616836265580524,-0.004034541087699915,-0.01591224763438935,0.022714796405391067,0.05325847083162573,0.011231392487371634,0.0021985970704009373,0.005762540000876304
2019-03-22,-0.020925558116095117,0.0023420233902432335,-0.030698943345633375,-0.02672227599914137,-0.03563932460837314,-0.01943416034026668,0.015415207867769483,-0.016146020658050195
2019-03-25,-0.012165115651491662,0.007633907060241627,-0.008354618536745984,0.005198051950466523,-0.021180381274869223,-0.0007524228241017615,0.0016001715722748651,-0.0069824194443897855
2019-03-26,-0.010385373368249044,-0.0049754946888430985,0.009957381161224396,0.002122255843135294,0.017625113234122435,0.00742656591439128,-0.0007195139627753467,0.01292905110378134
2019-03-27,0.008953853471670922,-0.005243016760484459,-0.0034084072193322685,-0.009715513005597667,-0.002094272613479406,-0.005242648300755003,0.00916022883268692,-0.007687984140868398
2019-03-28,0.0013255736259978478,-0.014253957303041619,0.011283485931891445,0.0013694608509670992,0.004240172052771546,0.003783435357741946,0.003482376783926937,0.00496670783192781
2019-03-29,0.006496715211099222,0.0009019770912032663,0.005150091796793214,0.008600627906140143,0.012948442855394399,0.006285511137329738,-0.0009483395370574861,0.0007428175936604276
2019-04-01,0.006768161622938996,-0.0039418902576438125,0.03313098065087483,0.009115320237653334,0.015034959133672478,0.011789170792461265,-0.014305731412490974,0.011444413131126636
2019-04-02,0.014432115835981436,0.003695988550420936,0.004766628619751956,0.001427550818178917,0.0039418066538470945,0.0004898030948152659,0.0018473529851255725,-0.004291844280710757
2019-04-03,0.006831469229125544,-0.001476744057391478,0.0019953809210509097,0.006522747185899898,0.030248133798492317,0.0015723291406189695,-0.008705560027307374,-0.005915589881983594
2019-04-04,0.0017390301261880757,0.0025419025120264,0.009614041141377913,-0.005097641331884185,-0.001910137182958062,0.002650114623124828,0.002829540473122962,0.014114776536889483
2019-04-05,0.006671955046732062,-0.001065158454634802,-0.0023709197292936315,0.004430530035635324,0.014187356533675748,0.004828333345060673,0.001291162558431538,0.005348365795007362
2019-04-08,0.015613343054316333,0.0043355523546012775,0.003223378397332622,0.00033354327461848426,0.004389356905288457,0.0007623959413563348,-0.00355435294826212,0.006163296937067765
2019-04-09,-0.003003091881719874,0.005210460213684454,-0.007410432816452687,-0.005434390005127976,-0.013279149856252172,-0.005138219216495125,0.0031506862772194763,-0.012974869099765854
2019-04-10,0.005598443202204057,0.0030808947099307334,0.004471816015047477,0.007600324462496174,0.014894330577720431,0.0034052809576406878,0.002417125303296115,-0.004526608771901991
2019-04-11,-0.00835884700687145,-0.01287293202962213,0.008413490054418495,0.0011639359434253876,-0.002919068847915565,-0.00027795912200365993,-0.005891193235843055,0.0047704421910808245
2019-04-12,-0.0004023376199661559,-0.000984454241361077,0.04581357418853604,0.0051393237802994166,-0.008020501168423124,0.006743434475540579,-0.0071479960097705,-0.012648269810570675
2019-04-15,0.0018087235827747487,-0.0018896884121834196,-0.011485640665197978,0.0008264138804506963,-0.028343869602200443,-0.000654777958595105,0.002524007511082527,-0.0033418313080017365
2019-04-16,0.00010027719259897823,-0.009004202217837156,0.01049597256346826,-0.0023159657349786224,0.018825525427365798,0.0006547779585950972,-0.006281430401121361,0.006796154158944223
2019-04-17,0.019285794672606767,-0.0019104067944001747,0.028396001079162556,0.008246324327823516,-0.00490002557815948,-0.0024498866301449723,0.0004095892509766724,0.002828763561018755
2019-04-18,0.003587366230359177,0.0007480072379889946,-0.007376250505765204,0.013053904044711307,-0.00529994608860446,0.0019671582112322527,0.005220917833031396,-0.003691177320104496
2019-04-22,0.0032812221349541493,0.0,0.001233227678283443,0.0031562509721861235,0.011580707267132511,0.0008619101306068462,-0.004812191903816346,0.02158230769330129
2019-04-23,0.014320410265245847,-0.0020790892290242957,0.0012315457257789536,0.013483292970124105,0.011604927418633023,0.00895150500263378,0.002123349351107726,0.005773030150281319
2019-04-24,-0.0015436035459479467,0.0029095034311526903,-0.001671891239272891,-0.0034336029239711153,0.0026194652206243153,-0.0022217165736220256,0.008125649527670043,-0.019620388646879018
2019-04-25,-0.009116543067551814,0.0008297251865102907,0.0005283750363196232,0.0325805076135067,-0.022536107397584625,-0.0006162954353257223,-0.0014575411680205384,0.005610833754923489
2019-04-26,-0.00478535361863284,0.006613259149985799,0.007541290705537248,0.00571335925361257,-0.048338063337984384,0.004645801845337911,0.0033978596711093756,-0.02126565969049569
2019-04-29,0.0015159828027840252,-0.004459139554905714,0.01431116492269119,-0.0009241112871450923,0.006938359717918547,0.0015663541788099545,-0.0064014756652168445,-0.006481544619277037
2019-04-30,-0.01944383532304726,0.00305743426250323,-0.0006028027555684928,0.006375545797378839,0.009269749558844742,0.0005100216944876583,0.0051088580970019915,0.0038689335346504482
2019-05-01,0.04791919718171965,-0.0066225029075605455,-0.007698723165273347,-0.0210468110609179,-0.0029325921262234643,-0.007544496242358328,0.004115920076319588,-0.020258267958039273
2019-05-02,-0.006529352842992123,-0.0038279074525403786,0.002168427426745525,-0.013145218887439277,0.014959605175314243,-0.002161400664172652,-0.004773107528213257,-0.01769775294577049
2019-05-03,0.012354661724654891,0.005902166622599836,0.0061330984940963715,0.021089670826011542,-0.0009833949938381763,0.009740320354215954,0.002834831748501828,0.0023262187941474628
2019-05-06,-0.01556321082851416,0.0013252386046359393,-0.008909596810387117,-0.00583551430847788,-0.01741756451276793,-0.0041239868731933445,0.0027451128635958004,-0.004398376553285295
2019-05-07,-0.027326903784788695,0.003305527606359191,-0.016470180021635215,-0.02073641512481589,-0.0381960575876404,-0.016840478861068667,0.007632091706368218,-0.005329703034305429
2019-05-08,0.00019703502982804615,-0.002478073455137969,-0.0053138858507477595,-7.94022247463329e-05,0.004668187595963292,-0.0013901827400871459,-0.0043311598234419746,0.0015626320247505245
2019-05-09,-0.01080239140974424,0.0023955509816441485,-0.0007993386368069097,-7.973345506604115e-05,-0.02167987905926092,-0.0030303399439952816,0.004091039725995617,-0.0009116465852620971
2019-05-10,-0.013950560513934165,0.0018959191232163482,-8.879993890338588e-05,0.012904288798576139,-0.008082810994334739,0.005010856997184541,-0.001361695096213616,0.008658376034552327
2019-05-13,-0.05987634760427159,0.010159840539079742,-0.027574585965253983,-0.030184280601657763,-0.06339364609338527,-0.025451414109388018,0.00782508546001248,-0.011164409308746088
2019-05-14,0.015706376903854714,-0.001713369544315355,0.007917543600366875,0.01112546474504457,0.022404172829323162,0.009003126210605868,-0.0029473944421804393,0.0013201183418753552
2019-05-15,0.01190784757494237,-0.0005717761663673002,-0.0038144307245297176,0.01398412509372098,-0.015297899224863864,0.005840071741113991,0.006123626609132837,0.007359683459556308
2019-05-16,-0.004409325236573617,-0.007216080906090106,0.012748244914256024,0.02282894286276126,0.003815067677239105,0.009218854418167695,-0.0033355377898738182,-0.00013104820557075525
2019-05-17,-0.005698032141404427,-0.0071027767830243865,-0.004863161192800753,-0.006692501367355362,-0.023112628765622836,-0.0064861238241300636,0.002224902643693547,-0.005910739981995225
2019-05-20,-0.03176916989439321,-8.290551782707826e-05,0.005222474777854053,-0.014550697228514825,-0.031013358052670588,-0.006634141432981058,-0.002065597020772244,-0.00013184242008965714
2019-05-21,0.018989275847078355,-0.0023236423674714048,0.0034067234529049167,0.005372977892281369,0.021577586906073323,0.00897553171977462,-0.0015917945535658356,0.004600809903578121
2019-05-22,-0.02068389473832738,-0.0009975291545634036,-0.008177887441334226,0.006049506355083755,-0.0186164764249076,-0.0030759840876908983,0.005719104312503386,-0.009090570498808615
2019-05-23,-0.017216983696982813,0.007704775453647809,-0.019867514839416647,-0.01173932896343019,-0.03258829343358256,-0.012294036357302853,0.011184740617429708,-0.02370329999568015
2019-05-24,-0.003848271170486822,0.0010723379767870567,0.009800676634076619,0.0004753259843551342,-0.01483971418042616,0.0022657682711775128,0.0008610604470818927,0.004192409636248825
2019-05-28,-0.004143252556085324,-0.0038822269155751525,-0.010906003814462667,-0.0006338826067898184,-0.012617807185469817,-0.009344178363977901,0.007174303964432601,-0.020313120066623693
2019-05-29,-0.00478047208837373,0.0003309964016133878,-0.0027680326147039693,-0.009717269028979493,-0.02108175053591548,-0.0067333956924641196,0.0030258063968602224,-0.006216738029342164
2019-05-30,0.005173111952357563,0.006761236816409464,-0.010776890891546553,0.0063031114596181674,-0.007662109869267708,0.0027273822339892754,0.008561287565010171,-0.002636598410161627
2019-05-31,-0.01828167485613273,0.013386857013473643,-0.010327678221618678,-0.016439309770963324,-0.02658884625380974,-0.0135667999369798,0.012441957710456997,-0.01681424912842563
2019-06-03,-0.010161734527626844,0.014329650783140814,0.004707506984667652,-0.031540018318395494,-0.012479629293033345,-0.002546209933952877,0.006666455994246486,0.015563099048703758
2019-06-04,0.0359307977696553,0.00031967486235552026,0.03034444120628407,0.027327067145376638,0.06664800800459805,0.02147425066579682,-0.011466907425642792,0.02351100612135111
2019-06-05,0.01601450160039996,0.002553665830468566,0.003547681842325722,0.021447243846819168,-0.012100835405885677,0.00862538325371674,-0.005667506959582775,-0.008323742311929238
2019-06-06,0.014574761132753038,0.0032623544765034472,0.0021770851499279915,0.015691128257002144,0.017540579477135682,0.006481504476645826,0.0032206260934344883,0.01806013618569468
2019-06-07,0.026269371399275484,0.005624438342681366,-0.01102398042284001,0.0276232161772932,0.0118917425256543,0.009957139670667872,0.008614841385109076,0.0036267492814521514
2019-06-10,0.012698233047539604,-0.010003215486538998,0.01075177834626701,0.009091068515858357,0.019937395275175483,0.004578487213734652,-0.009457314327600112,0.004415316552636247
2019-06-11,0.011513063590708304,-0.0011975692988470156,0.0030767467979849338,-0.0037777833280510918,0.015509280133064796,-0.00024227026041831609,0.0006126534435008802,-0.0009352428421016836
2019-06-12,-0.003187715337184014,0.005179100221238763,-0.012821022850662311,-0.004628599355870689,-0.030647277393525123,-0.0017670203519547965,0.0007655955322086827,-0.010881945975378293
2019-06-13,-0.0002060693550993548,0.0061006935016299476,0.0024678728989716873,0.0062924278029388376,0.013991975634968581,0.00411753631457598,0.0034375500419913238,0.008741838910770933
2019-06-14,-0.007288541227489046,-0.0003160129284806553,0.0025526963519643805,0.0009819274713869658,-0.024719468687749276,-0.0011053471746794055,0.002513963458131194,-0.004428523872779342
2019-06-17,0.005948424476899588,-0.0006322652864022912,-0.005478622730218599,0.0030155500682827008,0.0026924659073249957,0.000380126592131069,0.0017471568968706601,0.009903650020729599
2019-06-18,0.02324613359255935,0.005047324392238259,0.013550274874687344,0.017238729968296663,0.05271287116512812,0.010416769980523386,0.004999968164784142,0.008619242469991772
2019-06-19,-0.0029268377959237647,0.006038970838080437,-0.007252331797038979,0.003913645463650571,0.0015684888852145506,0.002254732738962007,0.0014342212188760664,-0.005560867299916268
2019-06-20,0.008003655685395012,0.024866155493817887,0.0025442822611160387,0.00924257427676957,0.006380031319683876,0.009509280797993942,0.002637311095485464,0.016981895532621822
2019-06-21,-0.0034152143114103066,0.00661369341666817,-0.006829678715947864,0.00014630252433556193,-0.015301790178876193,-0.0014549798395756175,-0.011047062256135618,0.013999112745966628
2019-06-24,-0.0010065568309443017,0.014741593126273352,-0.007152883625820861,0.005896425827311795,0.005913166772730576,-0.0012251333994209373,0.007428402217915003,-0.00957068571819961
2019-06-25,-0.015273642282954563,0.0019392450876947497,-0.008317018907327662,-0.032081588246159344,-0.007759662697895125,-0.00985664200759296,0.0030920091310353997,-0.008876552285985212
2019-06-26,0.021398496997448318,-0.009207653748305768,0.006659173921952641,0.003740502372989771,0.050084532150921734,-0.000997545066015933,-0.006420365660056915,0.0043175559447388365
2019-06-27,-0.0003004790683935428,-0.0009781791081800058,0.0033130312252229906,0.0016412341950664158,0.0246223179334912,0.0035395323033668917,0.007022037498223311,-0.010234946993999952
2019-06-28,-0.00915330049287757,0.0027063662544696662,0.026832649883151413,-0.0014173866540826863,0.006107504318979711,0.005132619253952462,-0.0006775176752302869,0.01062626228632478
2019-07-01,0.018174363090232303,-0.019559428102497136,0.016675930447892773,0.012757917411755373,0.011743742714019584,0.009037363274593379,-0.0023415734108132935,-0.0009137630965077765
2019-07-02,0.0058374443968183505,0.02113481354805423,0.0010551007492523457,0.006611303773981317,-0.02399628229878565,0.002601168903651681,0.007683686668705269,-0.011032305200147285
2019-07-03,0.008252962014493968,0.0016477026920105947,-0.0015940813794268064,0.006422771799632942,0.0031995024646180687,0.007963508264479863,0.00710414998531955,0.009463801386561835
2019-07-05,-0.0008812070342781309,-0.011212861349998495,0.005921222056592288,-0.002914565985315959,-0.015604510641206966,-0.0011383956530243069,-0.013351611896881372,-0.0040638102555877915
2019-07-08,-0.020829382825016445,-0.006453396174434407,-0.005477962873492488,-0.0007292291311185884,-0.019027952462085183,-0.00551037846825722,0.0013579992131529535,0.004586941076027514
2019-07-09,0.006080894359765181,0.0034976216131429347,0.004243291232900185,-0.003657954563812961,0.0006359249795976863,0.0012462497336162667,-0.00037687560369323433,-0.0006539905378113962
2019-07-10,0.009840446677287418,0.015664164068756106,-0.002915424209077508,0.01013463885077483,0.017330268444495495,0.004765915965876379,-0.005522127077366265,0.014031717458722701
2019-07-11,-0.007309267721239509,-0.008479433149487648,0.009510460496765124,0.003982154184934561,0.038124498823500316,0.0023418886131466843,-0.013440496043935896,0.0007739017116673839
2019-07-12,0.007653223625467109,0.006235244213343071,0.010462097092984363,0.003605601126431462,0.007966507794286258,0.0044668459062512525,0.001152401822335432,0.0007731684049829143
2019-07-15,0.009351174677934202,0.0,-0.012216282602997452,0.0,-0.002030198206931181,0.00033260336624924344,0.005743320307648909,-0.00711009075918631
2019-07-16,-0.003465803218845118,-0.008498565150237166,0.010653864850977362,-0.013189025355932365,-0.0011363034147858762,-0.0032305579469800883,-0.0029825161264663467,-0.015032165208268212
2019-07-17,-0.005639402571030675,0.01633123396202252,-0.009864023849509764,-0.005926506785323974,0.015617814848253786,-0.0068282215962477055,0.010740346377746885,-0.005943966366039986
2019-07-18,0.011295801454010532,0.01401922107283276,0.0059473863392649345,0.0011001324128911024,0.0027658522051272603,0.003654155121879407,7.574049147249844e-05,-0.00851547437929959
2019-07-19,-0.015040034484110792,-0.01483691752503857,-0.009902925713471485,0.0014646458667545714,-0.010277521636956862,-0.005570074474858343,-0.0023517684727579835,0.002002513346802788
2019-07-22,0.02259663215899144,-0.0001487748968767623,0.006408715224686318,0.01316165388028751,0.016954197135401704,0.002453298999540475,0.0018968833789331978,0.001066202374866444
2019-07-23,0.0077873176073571726,-0.005668654760058427,0.018124682420084443,0.006193363052980131,0.02501695597923352,0.007124723579271094,-0.005471814945247152,0.003988095429461012
2019-07-24,-0.0008142049488342591,0.005073447292028362,0.004031211450094921,0.010214228694539878,0.016933889878556065,0.004688169673441216,0.004334444711344557,-0.00013257872054550656
2019-07-25,-0.007938652957139625,-0.007095118991376651,-0.009632958227878435,-0.0037734311099074163,-0.029998700007156136,-0.00478866294678541,-0.004791891120580264,-0.005722047692728812
2019-07-26,0.003471974582489741,0.00164757936404381,0.004397704552105271,0.008169401701507076,0.009700159399477003,0.006677692916746317,0.0023611881589577924,-0.0016031410786487212
2019-07-29,0.009295067782196796,0.006637600502192369,-0.0031885177338378382,-0.0021957425752122525,-0.0014289630007161347,-0.001822540246663199,0.00030355387646238013,0.007059631225570462
2019-07-30,-0.004301273024833396,0.0033393742390960437,-0.002246968289044789,-0.004833174982833159,0.003596842613871804,-0.0024575614000793417,0.002430607584086326,0.00013261393016572104
2019-07-31,0.02019871392170395,-0.013199706898717264,0.0035408597909449223,-0.029501076941007478,-0.03911296917428309,-0.011000962397231853,0.008008454924854448,-0.013225540163296245
2019-08-01,-0.0218769929688252,0.0237382025873749,-0.02673334730672909,0.01304998788934393,-0.02278013959580956,-0.008746009960120649,0.01966540946968608,-0.025883271351552863
2019-08-02,-0.02138492462670745,-0.003819352910475418,-8.841820529271252e-05,-0.00843789903230268,-0.022876705459590814,-0.0075577992873004105,0.009199514943110304,-0.009847098499226076
2019-08-05,-0.05376773542260136,0.013885007839557597,-0.030204960172502588,-0.03485874109320387,-0.0666956577903026,-0.03053471904205264,0.017139687402321555,-0.020700336146822096
2019-08-06,0.018753281294726042,0.008095529492025941,0.0078181908598572,0.018584313800717237,0.010292277521511784,0.013925334307183061,0.007961968475715796,0.009628733545274234
2019-08-07,0.01030223712086258,0.01507548681526026,-0.021972634012840202,0.004370891346304324,0.010057512995510685,0.0005906774923031058,0.0003569295935169114,-0.006503323892182252
2019-08-08,0.021816091503932638,0.005022054446004403,0.016797686154378218,0.026335139553125535,0.028001431808372248,0.019430177450213117,0.0021399754968664795,0.026317180081557236
2019-08-09,-0.008274548168249598,-0.003321683939870917,-0.00109273785347751,-0.008531933152552799,-0.026118768472038385,-0.00683485020233598,-0.0019974803694497558,-0.02150632155127837
2019-08-12,-0.0025404844538821575,0.009651773675578623,-0.018950040188910913,-0.014040996557862217,-0.017865030573400425,-0.01224819845597283,0.02063555904257377,-0.0048708476906713545
2019-08-13,0.04147606960436143,-0.005977346952418699,0.015298483725996357,0.020483109831281023,0.02992090423028053,0.015431986739666774,-0.0034332100775846773,0.012275285287737019
2019-08-14,-0.030217114898312192,0.00681829671908825,-0.042408367261426896,-0.0305772760511316,-0.03907451094582843,-0.030013283115454727,0.022279635776241754,-0.04112343238186008
2019-08-15,-0.004993551639877122,0.006632923311853109,0.0038093551197468083,-0.00224149663899884,-0.008700523916108736,0.0026383592568055125,0.011058350030023987,-0.005930570676779189
2019-08-16,0.023320444743664043,-0.00642279632319684,0.023671990509522928,0.01816140777167229,0.07001843525845783,0.014647186418376477,-0.008043017621394921,0.015492979447927149
2019-08-19,0.018472537297389527,-0.011765243129746363,0.008964295921929835,0.01661004326684978,0.06795644410942801,0.01197543462609675,-0.014405449110311577,0.016696987921284285
2019-08-20,4.7656740365787495e-05,0.007765153200510364,-0.012777932154130636,-0.008343576810003535,-0.017186586880831026,-0.007691915722393326,0.010291379855031943,-0.00606575885825598
2019-08-21,0.010779975985690849,-0.0031694374885161206,0.002791890169807796,0.011085174355711548,0.019817871201903557,0.008102521993167648,-0.0066878845246588344,0.009946004927573304
2019-08-22,-0.0008468699730381364,-0.002542737809443374,0.010262465011181327,-0.007303831663876158,0.0014591248110599495,-0.00030828572747741267,-0.0066625157159878505,-0.002153494666473689
2019-08-23,-0.04732266068930249,0.0194004358255685,-0.025148262486845277,-0.032380825879385566,-0.05415808962454249,-0.02602283003121172,0.016300108838704967,-0.03035428000066836
2019-08-26,0.018821043859306025,0.00013874512727632068,0.007985574910539441,0.015325356186605221,0.018360128928148627,0.010998035838077912,-0.004049783008981357,0.005320127415317501
2019-08-27,-0.011348313293787852,0.009525229640210546,-0.010630159639248758,0.0021386172902600514,-0.022307951934345868,-0.0039314368390359,0.015291232834565162,-0.00977500849675523
2019-08-28,0.006688254590786831,-0.002820513317677276,0.009974773153999634,-0.0013271757836595735,-0.002601948570106675,0.007016895382372353,0.001286692322598046,0.007266223098939601
2019-08-29,0.016790013237350795,-0.007190355573252848,0.022406355187057025,0.01870865033553558,0.035224491048700825,0.012692023615058015,-0.003796205764251284,0.011020892403017787
2019-08-30,-0.0012926551804181999,-0.0025705723222454796,0.0058423158742586245,-0.0018838187769205878,0.003048808393208117,-0.0004444022377832283,0.0002712721649494958,0.0007300580983610707
2019-09-03,-0.01467052568205088,0.013817145553141903,-0.011903674012130716,-0.01329025769932818,-0.020139795320553298,-0.0058643260651353125,0.001292053555180218,0.001167724449857173
2019-09-04,0.016824175498123616,0.006224182405113975,0.011994981780693015,0.01162027348896506,0.02757478484337714,0.011286473255472317,0.0014929501304287872,0.010591274565809678
2019-09-05,0.019362802685670272,-0.02429383958928248,0.022499018039894465,0.017430578403710834,0.0630337618867425,0.012773380661136617,-0.01827583845495017,0.01404417021751972
2019-09-06,-9.37872642573861e-05,-0.008559662387184017,0.0021337050321245093,-0.006806602154900482,-0.0060828785047759015,0.0007717810560241763,0.007089880514247882,0.009348923269527772
2019-09-09,0.00425781006412251,-0.0037414803722944866,0.024473571222269872,-0.01142326720765013,0.010302064034330906,0.0005033843634031539,-0.017925448765801093,0.007863804968726741
2019-09-10,0.011744075614763611,-0.008594766463448816,0.01265789880575383,-0.010526943310079626,0.014738507595649087,-0.00023454105077498746,-0.01768314283179677,0.008080234833887241
2019-09-11,0.0312999711225747,0.0060453662250154515,0.0027344709182537813,0.0002941907698395024,0.006258284038056683,0.0070854743858156715,-0.0017781296263646481,-0.0019442634968005188
2019-09-12,-0.002238680641045648,0.0020542492696135994,0.006125200763592616,0.010232752540240177,-0.00032549186404083494,0.0034574202752144867,-0.006572779173806404,0.0006948343682331706
2019-09-13,-0.01964578560935679,-0.008313640257218174,0.019484625365053465,-0.001455527728325841,-0.012725306911042513,-0.000663451331251828,-0.021590293666766146,0.00912747753957869
2019-09-16,0.005243211826234156,0.008313640257218249,-0.008939413621940997,-0.007235686110776715,-0.009553810522195711,-0.00309413214447428,0.012662967773281913,0.014894018219631069
2019-09-17,0.003631708783849933,0.001979350045407386,-0.0049634010685819276,0.007745108369748875,0.004760910030444784,0.002529200758055942,0.005409166392654287,-0.007624333116085972
2019-09-18,0.00933557746665623,-0.006305141849164153,0.009986055511910995,0.00819131577678996,-0.006038063569676946,0.0005982715655300383,0.004234253973670494,-0.004794835269971478
2019-09-19,-0.008158370509468629,0.004042645700960864,-0.0031779170012201513,0.018241259569052932,-0.01703508209413423,-6.70182562134318e-05,0.0030039882155683453,-0.006751958267688854
2019-09-20,-0.014725704091368579,0.011751169204553406,-0.004028912292503116,-0.011621591509867213,-0.02431295637975259,-0.004735635653451222,0.013124499603452616,-0.0034620753556198727
2019-09-23,0.004536446788693511,0.005580782257567522,-0.00016813379960139697,-0.0021539230718789822,0.01237349176506778,-0.00023475403249354995,-0.0002120571870887415,0.000693317274042501
2019-09-24,-0.0047665398453097,0.00527299162043293,-0.013124335795668704,-0.012729684742750833,-0.013299883197753106,-0.007877798277430563,0.011982154925263057,-0.013820061460439544
2019-09-25,0.0152724704377225,-0.018719501081169466,0.005694266290503482,0.014309503593428743,0.03250331548837361,0.005897400355886237,-0.01473499192180056,0.002947592018077545
2019-09-26,-0.00517081698327605,-0.0002821278180384957,-0.00825409922466477,0.0012911262199061563,-0.0050064557140880005,-0.002085142811304484,0.006411997884639926,-0.0053403607110983345
2019-09-27,-0.004877966594281034,-0.005161727926224835,0.005878326279060754,-0.013056278650554132,-0.03196994122394718,-0.005401647141038722,0.002454999632291348,0.0071607643005861445
2019-09-30,0.023262503567039704,-0.015647105922203676,-0.0002548179588123469,0.009394137729029844,0.013359111409334977,0.004626617185851005,0.0024492490604448762,-0.012245899846760661
2019-10-01,0.0027643982183109465,0.005457893373498284,-0.01835064037908223,-0.01419788791967928,-0.00040215691654617856,-0.011965864962752138,0.003005551086119503,-0.02379041576641387
2019-10-02,-0.02538724685348134,0.011606023170116823,-0.020105726095721175,-0.017812991177653333,-0.005532198535751744,-0.017822741038605906,0.0024405613376044994,-0.026452664632992635
2019-10-03,0.008458951664606574,0.004520416059329575,-0.0014251804553678566,0.012032839250229658,0.04668523975229929,0.008159570283501092,0.009081398383419691,0.01228470900063306
2019-10-04,0.0276459397670162,0.0,0.021428554643556356,0.013411374349423534,0.0036334813428909383,0.013441203627936932,0.007355325341868019,0.014458080264288903
2019-10-07,0.00022014754592908624,-0.00856363541098911,-0.0021835053531493696,-0.007266389176163001,0.012885797140517581,-0.004323855159719074,-0.00832292858097715,-0.013869715328933345
2019-10-08,-0.01178404439467649,0.00870459991703739,-0.022548206838139382,-0.010631059703741915,-0.039279229299756344,-0.015646712730246953,0.002690828213716161,-0.019597233453449433
2019-10-09,0.011651933691593171,0.0009156241246349503,0.007217547060219016,0.01876603268233774,0.019445126099472125,0.009451404827368691,-0.005664777487655183,0.011033444439937456
2019-10-10,0.013388533393861299,-0.008767683192965708,0.01393058859503504,0.006201589459093819,0.012756621588223545,0.006741130189765282,-0.015006767951910666,0.011939409478870747
2019-10-11,0.026250682100228125,-0.005554769940672898,0.016757680043836837,0.004161021222141496,0.016042821884445464,0.010313621856288091,-0.01245349203400093,0.010639350458587573
2019-10-14,-0.0014405788713372021,0.003991150393420187,0.002665429805734463,-0.0009312364346821057,0.0028991179496447193,-0.0011144958946428998,0.007235596816984608,0.0028948609864984103
2019-10-15,-0.002334244567234238,-0.0069950016712766044,0.02969653342261166,0.014371648920870993,0.051408431049356274,0.00985140481073876,-0.012161258266448429,0.0034630755510628272
2019-10-16,-0.004045328449462924,0.005713914835703777,-0.002336855044433883,-0.008227403428210371,-0.011060368833962353,-0.001607307594917365,0.0012156769272440946,-0.017290472703362293
2019-10-17,0.0038749104942901566,0.0014233647353723328,0.0055826000087145534,-0.005141233007111166,0.0004117920011538328,0.0029449660464856936,-0.002433168258315605,-0.0013200969725193233
2019-10-18,0.004791537922322778,-0.001067306413452129,0.0017436288533468959,-0.016456819938855498,-0.01975241351472928,-0.004386833486654863,0.0,-0.007808347866028591
2019-10-21,0.017194144735688914,-0.004781550075213642,0.024498131953180444,0.007395506289184353,0.028566298451886372,0.006756047581634206,-0.007550992707074641,0.01657547793005017
2019-10-22,-0.002289556836850338,0.0029287043785159624,0.00998671947119658,-0.014992788474562457,-0.002042949295423583,-0.00327177691149445,0.005830584999964036,0.005078631259500835
2019-10-23,0.013329757456817602,0.002351027592914482,0.002640864711209788,0.006359775920713077,-0.002661724948678708,0.0029053087956994635,0.001003886163045725,0.009507317402174528
2019-10-24,0.0016436205709652357,0.007090719694468963,-0.0007196772238321953,0.019482656936083614,0.009031950214688618,0.0016327606754801527,-0.0020094524225638148,-0.009507317402174647
2019-10-25,0.01224092200593393,0.0023289599557340403,0.007966058347650436,0.005629284203609132,0.03827035276165584,0.004086507443311152,-0.0048964554283962075,0.0023132039191032404
2019-10-28,0.009967330735610767,-0.008637230479381003,0.003801573057947361,0.024288843825264302,0.010940635516844268,0.005620633022713248,-0.009138018942222126,-0.008847784107527857
2019-10-29,-0.023399622977321788,-0.002776885194246242,-0.0006326168206730737,-0.009477170238339742,-0.018892221519495073,-0.00029666588372445884,0.0006549721527308956,-0.002918121618466767
2019-10-30,-0.0001234275881948628,0.005475210184932403,-0.00555208142050681,0.012385480382734983,0.00039393089675268856,0.0030622703547759146,0.014528370081559286,-0.010575870298103446
2019-10-31,0.02235767060169053,0.009948844935468628,-0.006463323819272352,-0.00861191256889583,-0.009801540074025438,-0.0026666614530534644,0.01339998974505266,-0.002217394602005602
2019-11-01,0.027985665358551813,0.0009123470738276627,0.022793212320809143,0.0024385163195404223,0.007779829335625442,0.009221486604848055,-0.003082379187659429,0.029600419726139873
2019-11-04,0.006545624832595272,-0.0028801514371747305,0.007949580768527953,0.005758328813983895,0.03830165098696074,0.004009749888442002,-0.013249217464680404,0.029307686427558703
2019-11-05,-0.0014381638291253256,-0.016312331868591004,0.002171089367746168,-0.0006226440536252346,-0.00423705361659018,-0.0011071364440216774,-0.011310109648803917,0.019619313677594966
2019-11-06,0.00042784340768740946,0.004281068530555171,0.0015480183358486227,-0.002772694163936359,-0.009490977452221215,0.00022823019091433838,0.006033203770207054,-0.02213399679959465
2019-11-07,0.011475363069521138,-0.015643205521891117,0.005399200146589902,0.0013871396445409086,0.0034136674966736445,0.0035102354374621806,-0.01828524249532072,0.021038968784231657
2019-11-08,0.0027331415618052097,-0.0063847338065501705,0.002918772112823359,0.011715415277493287,-0.002691401006991872,0.0024629332353643648,-0.004215917303368729,-0.019173692747544227
2019-11-11,0.007887486064438964,-0.0024048241483873045,-0.0035346112098685544,0.001027163579057157,0.0019231286348648843,-0.0019111137614964682,0.000667221246051359,-0.006094846090381494
2019-11-12,-0.0009158818186964228,0.002695874927586959,-0.0058665667006343875,0.006548936338492405,0.006845582327674725,0.0021052690984625752,0.004581849015135528,-0.013885754839516281
2019-11-13,0.009536066906855323,0.003994072881030811,-0.005278770451291824,0.0016303896914358362,-0.004973635094668422,0.00032398015121151263,0.006467902128300784,-0.008250595402449903
2019-11-14,-0.006943505314871781,0.004194711040663475,0.0009333952770363917,0.005078449234301346,0.005832017800483733,0.0014546567725562604,0.010276884282411058,-0.004370182848717865
2019-11-15,0.01180944027918943,-0.0025291110010524226,0.0072058514944637105,0.012817465078071098,-0.027055882699976504,0.007210095326420997,-0.0010884388516117659,0.01002275139530839
2019-11-18,0.005029370132596472,0.002962025072169786,0.008379874565069466,0.0024644969278378214,0.03885508991977818,0.0007374923148098348,0.001812934009424053,-0.009730920285755939
2019-11-19,-0.00303709373980428,0.0005049030061831341,-0.00030627071879235044,0.0003323127896408025,-0.02041646487482289,-0.00028880524018818623,0.008298575464627398,-0.010268343689226463
2019-11-20,-0.01170978247442061,0.0005045382424530197,-0.007301794233692077,-0.0017361384958192558,0.015221156291493058,-0.0037255931896744464,0.01029475280160099,0.0030915217433150743
2019-11-21,-0.00449350201887344,-0.005492097356825017,0.0023113692355391678,-0.0009361519315651898,-0.004746578072649372,-0.0016099572687483146,-0.006278831315582136,0.02382111487125894
2019-11-22,-0.0008781837596471235,-0.0018857951599790925,0.00659721355069873,0.0007355677551066965,0.003372320994769483,0.002221233008739684,0.0012869690490188552,-0.0043153457837319855
2019-11-25,0.01738181108017835,-0.004803179633254922,0.0053377159777818275,0.010903542504033881,0.04777596383930567,0.0077207127898829536,0.0029265871875994295,-0.0066529731490055964
2019-11-26,-0.00783945974131769,0.004803179633255016,0.0013680578982752374,0.005276176779816953,-0.019215283658128714,0.002263129225184481,0.005827339907470418,-0.0024701768654692945
2019-11-27,0.01334298672837327,-0.005314014225370608,0.002957720452195463,0.001905668780733347,0.006435630396503988,0.004447498879430059,-0.002909690379021915,-0.0005821015501527437
2019-11-29,-0.0022054587212338122,0.006184806112979683,-0.0022744620003576133,-0.006190193016614271,-0.006896976560387605,-0.0037155961057632773,-0.0021334624732163433,-0.008331545406234543
2019-12-02,-0.011629398412533992,-0.0005079436043828876,-0.0022032531874567837,-0.012162415381789396,-0.035168576090203116,-0.008531066362396573,-0.013422947617699268,0.004247020633154938
2019-12-03,-0.01799098750611425,0.009534253178573626,-0.012937903979727454,-0.0016063368514058795,-0.007627768497203764,-0.006729143377697272,0.020750487485828622,-0.00792320387852829
2019-12-04,0.008787471295539742,-0.0013667767637935283,0.019533360796959942,0.003610366823315568,0.008439731046757437,0.006151177032034846,-0.010035188489734876,0.011279680699793192
2019-12-05,0.0145642104019754,0.0005757184354598549,0.0054258517745474156,0.0005331920804009847,-0.00325236477434294,0.0017964106091961304,-0.004875973658021459,-0.003502072355039352
2019-12-06,0.01913235389754179,-0.009977704836757457,0.014770868597084715,0.012066364200841607,0.016298385128758464,0.009092544233190818,-0.005550057973138793,0.015951493058775804
2019-12-09,-0.01409922512662444,-0.0002906488870483782,-0.004676028446539654,-0.0025736188014977832,0.0,-0.0031489681277501735,0.0021656668310836217,0.0021558015755652844
2019-12-10,0.00582797112829966,0.002830699660654389,0.0006695381910300612,-0.0015201409828575199,0.008494889440049813,-0.0011154955005642734,7.206341019083013e-05,-0.008650936376434503
2019-12-11,0.008492988250090205,0.006861935627691577,-0.0023822265119475246,0.0037640530623573635,0.015580152224301074,0.002834508989110629,0.00783060514572993,-0.0014490280222311173
2019-12-12,0.0025447241932203316,-0.0035334849047766476,0.028216423597443197,0.010100437213798925,0.03049549245527804,0.008582316957392441,-0.01659524555191715,0.01981379647532238
2019-12-13,0.01350175383699122,0.004468872836715887,-0.008805453561951858,0.008382970757469348,-0.0003567898048880566,0.0005985958842108872,0.011501687049977706,-0.015905948984411073
2019-12-16,0.016973259349209447,-7.198939739749056e-05,0.0038663175310767197,0.006450456325579582,0.005165166172821323,0.006846532667176254,-0.009030667545431593,0.011060791229533134
2019-12-17,0.001963285584848908,-0.00021577975709612248,0.006097884980219667,-0.005415791844054494,0.013850101260429489,0.00021942868397886248,-0.0013797647499914703,-0.004581848847246816
2019-12-18,-0.00239228123608641,7.200493236905694e-05,-0.0010139558948453592,-0.0020708188761440417,0.005329590321854477,6.221885383834832e-05,-0.008246338702119918,0.0027233055142709475
2019-12-19,0.0010005905903446724,0.0025862126377012157,-0.00501080587399355,0.008643494271880815,0.02559447032563151,0.004090569629329277,0.0015987180936034295,-0.006893882105978726
2019-12-20,-0.0020738288893557637,0.0010039397404910592,-0.0008011901772861771,0.010858266957337385,0.016469478516388546,0.004374583547547643,0.0013182048753502397,0.007895273278551192
2019-12-23,0.016186928202046605,0.003077203372165587,-0.0002918277861520528,0.0,-0.0023000503018992396,0.001526740228038625,-0.001464416007619504,0.004991678411361125
2019-12-24,0.0009502629045291549,0.009387789011397068,0.002766011574571486,-0.0001906566064417969,-0.0008379291492011545,3.1476156709606034e-05,0.0028537227859903036,-0.00384872887891022
2019-12-26,0.01964603170596805,0.00782659080315549,0.010556248733599094,0.008163348164209674,0.00238602497544968,0.005308709990649126,0.002408521239612131,0.0015695895384633663
2019-12-27,-0.00037968641025787163,-0.0003512560225688557,0.0007185136306820097,0.0018259934895095487,-0.009747038947745288,-0.00024780729553289314,0.0010933600405707933,-0.0034276743754250365
2019-12-30,0.005918228897242481,0.0021055808220621446,-0.0036720945202323462,-0.008655917854406801,-0.019395665385546067,-0.005528456819634632,-0.003648104766734959,-0.005883804078934604
2019-12-31,0.007279288136318612,0.001891143454574884,0.005539153549320326,0.0006980338451479591,0.012745683403764422,0.0024262972530802386,-0.009842434605956043,0.004308455002324331
2020-01-02,0.022560372506771453,0.007320953634035891,0.012050612429707426,0.01834652382397054,0.019402251712398563,0.009308571244289835,0.011229948771688859,0.015923218733120116
2020-01-03,-0.00976980402199522,0.013181265882528811,-0.013284395025268866,-0.012530060226997873,-0.016135313585108394,-0.007600979833887198,0.015283228536570284,-0.008072190765520368
2020-01-06,0.007936662420765891,0.010434868967011986,-0.0007952349825980222,0.0025814368585785528,0.004185004576790636,0.0038076083133850402,-0.005694867160735627,0.007648894718531273
2020-01-07,-0.004714068893273909,0.003927428056507489,-0.017147029367186845,-0.009159239151992338,0.012034018625222466,-0.0028153652677932323,-0.004927929215694553,-0.008217759893648991
2020-01-08,0.015958276218138178,-0.007529802584635164,0.007770740336602986,0.01580300949655308,0.0018735964444317548,0.005315058937999827,-0.006632238269859858,-0.015195317480490763
2020-01-09,0.0210181443108546,-0.0056676844863565315,0.003644683826704071,0.012415411927880022,0.010922769002851647,0.006758019001530669,0.003503216331712636,0.007626447446935978
2020-01-10,0.0022582698883107906,0.006008107616788398,-0.01001783411775603,-0.00463779721895022,0.00533496533959503,-0.0028822010391899413,0.008851471811687352,-0.00892724407099653
2020-01-13,0.021139263461895506,-0.007447144703816297,0.008269855822901255,0.01195241079092853,0.030870990473384693,0.006854171937179749,-0.003037847200330547,0.009500576375660218
2020-01-14,-0.013595193229328093,-0.0008919411826434922,0.011594557441312613,-0.007067864868248187,-0.018828214102764834,-0.0015260584517810855,0.005130903429950189,-0.008633289068654347
2020-01-15,-0.004294855382528241,0.005817289492435278,-0.015099176277472447,0.0064554234880413505,-0.006939427740668396,0.002257458565486127,0.006609387401818073,-0.0015907742750943044
2020-01-16,0.012448927323271648,-0.0015707412123407796,0.003869344241542294,0.01815732873032234,0.01358963783658717,0.008283797403611869,-0.0031554658966170997,-0.00391555894359001
2020-01-17,0.011010246790515007,0.0018437252860089575,0.006897669096360181,0.005581473819101682,0.0014049363580928675,0.0031077287794532595,-0.00858482493515099,-0.0037852055880022244
2020-01-21,-0.006800235718662498,0.0010909837309721073,-0.009889341861301196,-0.003597454976344606,-0.005389985133220174,-0.0019599820351817324,0.010451021634339697,-0.014397131881189048
2020-01-22,0.003563060834338866,0.0003405975107135845,-0.001170267152380589,-0.004816632249313722,0.008714227346079776,0.00012055271768271722,0.0035069728647580253,-0.0057876241035789274
2020-01-23,0.004804555889813575,0.002245598875511729,-0.0010249256906415822,0.006136998899992636,0.010934914300154187,0.001146595598473759,0.006977461321599368,-0.0062708279899589174
2020-01-24,-0.002886391797542617,0.0058285535187767275,-0.02514116365953863,-0.010127707749671656,-0.009456494711038101,-0.008932863852942455,0.008056115058004585,-0.006762268194481213
2020-01-27,-0.029846222715064645,0.006802125843070944,-0.008447231672030622,-0.016864514993537902,-0.04190727246892302,-0.016159521874964524,0.015434125238230996,-0.024112274345189973
2020-01-28,0.02789664802520454,-0.00896686803661793,0.018014627027397184,0.019406244862333066,0.03183600498464451,0.010424427335522042,-0.007861708971337738,-0.0013909964589131902
2020-01-29,0.02071637705096227,0.005403248480831511,-0.0014887898984822785,0.015472255499221009,-0.00984798747483793,-0.0008258420574169722,0.009731660742869432,-0.00838773409307576
2020-01-30,-0.0014501306642038085,6.731894098032181e-05,0.012290689970158966,0.027817176204656718,0.0010988836202604753,0.0032397191749911963,0.00013858791414007223,0.01055104781336743
2020-01-31,-0.045351753760666684,0.005775708477189364,-0.026320023181029273,-0.014868665207716217,-0.0389067202170281,-0.018324469973840612,0.009088346230140782,-0.042083358714469006
2020-02-03,-0.0027502207501573046,-0.006516877595597702,0.007601716577666265,0.02408666685283237,0.0163608748918581,0.007401016671497375,-0.0008101925968517805,-0.022630311723609627
2020-02-04,0.03248034353142004,-0.013094308186782415,0.014293501675926962,0.03238617839463751,0.027901454585945746,0.015126366226093417,-0.013558496103144847,-0.012593331675574583
2020-02-05,0.008121392461012693,0.0012285555646719122,0.016857604912138335,-0.0012220780090720982,0.014581763530120737,0.011481478778940105,-0.010994823291787659,0.044995387740300374
2020-02-06,0.011629079904455596,0.005373934234125879,0.00014537388193611845,0.02052180943026739,0.013821888142353606,0.003359340437439094,0.004496165460857119,-0.01364274732131178
2020-02-07,-0.013685890671972052,0.002642363450658169,-0.0032024560935532487,0.001414640976989524,-0.010517157567391086,-0.005343790296290727,0.01240115516618311,-0.006647799576308568
2020-02-10,0.00473814560404145,0.0025679490647931946,0.004146641027041364,0.025820764339428343,0.04423918030932305,0.007437524171867321,0.002765757121780696,-0.010617271009237768
2020-02-11,-0.006051649424491932,-0.0034478924308700464,0.0018860940412978521,-0.02283423340374447,0.018536219543912623,0.0017319155974535733,-0.0050531377183392606,0.009461595388536775
2020-02-12,0.023470590276168633,-0.000813078481224605,0.0,0.001462879812511898,0.01720900932714305,0.006422060785521683,-0.0050789958793369715,0.012151137304012904
2020-02-13,-0.007146784017551768,0.005677303718111386,-0.0008700932929795905,-0.005428746888260268,-0.00647874977703823,-0.001067814559467913,0.003829124944705488,-0.005564934438487138
2020-02-14,0.0002462902063944291,0.0041697222765956264,-0.003050642296826485,0.008887599070518198,0.06784974394759156,0.0016008978767245395,0.004368051843011246,-0.004605849738511787
2020-02-18,-0.018479985847199967,0.012737350951843347,-0.013328817679359992,0.010092073106916037,0.02312686368629003,-0.0025803659953629776,0.0068251984560710405,-0.012776974059776134
2020-02-19,0.014378830093825202,0.005814285510176441,0.013546713830204374,0.0029947074199440722,0.05933663273726667,0.004769631685917547,-6.881596772941663e-05,0.007652608728668775
2020-02-20,-0.010312134973344588,0.0040763395182913265,0.0,-0.015389140795124115,-0.019249848157171724,-0.00411661259753686,0.0078029685116325995,-0.00798670687958421
2020-02-21,-0.0228950348702489,0.014913455926308593,-0.012294132306127263,-0.032123349318443475,-0.048552088381950596,-0.010351630649611867,0.009297740105434717,-0.012270161140055283
2020-02-24,-0.04866545577143126,0.008945002656717951,-0.027243663846104993,-0.044072255523032615,-0.0733211568855072,-0.033727802882943,0.014817089363606458,-0.04797868694368697
2020-02-25,-0.034459375650474536,-0.01803593472393269,-0.0456701157405589,-0.01663958137985552,-0.041961513759190064,-0.03077059431347537,0.005311100719714034,-0.03907884334018069
2020-02-26,0.015739194696954843,0.004360980385151266,0.0030051586215143014,0.012417288576553373,0.021144722003195445,-0.0036852337873886816,-0.0053111007197141555,-0.02220014795362152
2020-02-27,-0.06760273419688233,0.00019481624361363943,-0.042504509920504155,-0.07306438373623077,-0.057274776422649304,-0.04595154349266336,0.010790701806319141,-0.06206424196719895
2020-02-28,-0.0005850684056592297,-0.03717601874476565,-0.04430570361071365,0.023924338031624963,0.06687398100032851,-0.004210071005781847,0.022331977407161127,0.0319995251354146
2020-03-02,0.08901815091623844,0.005511083646655957,0.04554063280779254,0.06441894585841064,0.0232762837870047,0.04239482505192848,-0.007384202212263339,0.04634332554020049
2020-03-03,-0.03227432596746993,0.030950390194086085,-0.03824668249538297,-0.04910538711679877,-0.038874752300985374,-0.029050598847126883,0.015406502843582701,-0.04906849803028345
2020-03-04,0.045340856795955106,0.001752990351755443,0.024408993594018644,0.036056959777472974,0.06768546515431528,0.041173815133102004,-0.010675431700049625,0.02159737965097228
2020-03-05,-0.032974715242008255,0.021370951204574475,-0.050305676281525914,-0.025415407411678227,-0.04023472473183322,-0.03380697931196906,0.024586665870554227,-0.04506754479546339
2020-03-06,-0.013368889604562874,0.0003808885074389379,-0.05306375613061034,-0.02867437337974765,-0.026887007708537122,-0.016669243073604293,0.05073449249350559,-0.049498963837795465
2020-03-09,-0.08239542223842838,0.0016488747161249012,-0.14555209933099236,-0.07017847129722737,-0.08059394919496615,-0.0813121737240676,0.026743059452184324,-0.1303908705079311
2020-03-10,0.06954596336397836,-0.02132715182628954,0.0748264528953925,0.06614713871489558,0.06177427032498454,0.0504503563221629,-0.05261862471578809,0.03635902961162054
2020-03-11,-0.03534786952267884,-0.0035667044227174947,-0.04821464080414028,-0.04636032348386575,-0.05758651740171837,-0.04997677122352785,-0.03749158780607439,-0.033496681095373654
2020-03-12,-0.10397745155813452,-0.04070560424243849,-0.08602658784737989,-0.09964150318694963,-0.13052785386222346,-0.1005687383660126,0.006177701944869366,-0.12142209585995155
2020-03-13,0.1131573906136557,-0.03099155256530076,0.16562034325521702,0.13292900270950386,0.10742023056748731,0.08202814367400504,-0.022862778382784273,0.024968283885064408
2020-03-16,-0.13770797018770362,-0.011512126298224866,-0.16210565673640037,-0.15945338013291013,-0.2039791968144519,-0.11588651788675104,0.0627544815231635,-0.10006999778611846
2020-03-17,0.043030762261997285,0.01346442633870517,0.05931871009495745,0.07912231745919962,0.10098742421314459,0.05258496749582525,-0.06900970568077319,0.06510020770671851
2020-03-18,-0.02478459194609419,-0.02012310684271081,-0.11123160555358722,-0.043007810331742675,-0.06882222272717428,-0.051959744228163594,-0.05806625626503274,-0.10563229687247595
2020-03-19,-0.007691569954434609,-0.019086492837834465,0.016667853256434384,0.01631901236032984,0.04883244081928782,0.0021227424489993507,0.026860737512181286,0.038791017851908825
2020-03-20,-0.06559044279349162,0.014884383146683595,-0.02132773641260584,-0.03828225920576466,-0.03448923344271478,-0.044050341514426064,0.07250281679683195,-0.05033066410599161
2020-03-23,-0.021473109017296037,0.043231496146295734,-0.0550191509271245,-0.01002466805262526,0.03317369284758857,-0.02590092479925878,0.040382545743567484,-0.040198582707565315
2020-03-24,0.09560601485082831,0.047389520259250466,0.11238381206942362,0.08699889695564919,0.1583398558002766,0.08673102723500593,-0.0187898445139405,0.11944232842153
2020-03-25,-0.0055239674164700705,-0.013784208180364264,0.03663836658675503,-0.009618354215408053,-0.014389734258709236,0.014859269260191483,-0.0022736882213049434,0.050883737507337816
2020-03-26,0.051285233012391296,0.012740714714697083,0.06734153136981685,0.06067283213967689,0.04622387933219615,0.056748704491707505,0.004909404482945754,0.04021055966306247
2020-03-27,-0.04228384065116655,-0.006481449089244015,-0.07390428930514664,-0.0419278200744489,-0.017687908819154323,-0.030238116849050218,0.026343602206347284,-0.04937014757643314
2020-03-30,0.028138477068704145,0.004390990264267052,0.02567462585942562,0.06797687149368918,0.049632020563879116,0.03195939674507301,-0.008263436627398238,0.014775478112585703
2020-03-31,-0.0020430145004901672,-0.032364821693651916,-0.03781872742337905,-0.015852206541255236,-0.0075210474240542755,-0.015017509708751181,-0.008150134964514787,0.01245523725090638
2020-04-01,-0.05405176522040689,0.009411793149400162,-0.06504940846706664,-0.03615419025568857,-0.08108307983996196,-0.04604909337821795,0.013913734636461412,-0.011655660186095894
2020-04-02,0.01654886909208655,0.01626050111056189,0.03665974996888803,0.02049715062664805,0.04975527126490795,0.022813264573086748,0.00632567618245551,0.07368961414041432
2020-04-03,-0.01447557183645191,0.004925309776577716,-0.030003234346873645,-0.00925287858798109,-0.04630568013500284,-0.01455983941199367,0.0023763368310261066,-0.029898217820006123
2020-04-06,0.08364005258331174,0.02733353381543522,0.062379355573043305,0.0717324987873115,0.09567926741256302,0.06500667780457545,-0.002614424571336988,0.03162916805119358
2020-04-07,-0.011649888638515292,-0.005368871400719198,0.013104196212177312,-0.0108288706920534,-0.035534401048671546,0.0010190177742210743,-0.010527926934141708,0.018847854129491616
2020-04-08,0.025272297234409477,-0.008947881947437637,0.039585490039231466,0.009981568557900293,0.030117134306415345,0.033017101739828074,-0.007302672550286176,0.06136571624047274
2020-04-09,0.007190214472980175,0.025788169295063085,0.08591490958980086,6.0440949892858995e-05,-0.015097334110677867,0.015102844652098341,0.0018161249804928184,-0.016555741072942255
2020-04-13,0.019437820963129192,0.01699510551392902,-0.045491760641207926,0.00223803053331823,0.02590246574346273,-0.009172235968752723,-0.009171728485672596,-0.008615726414322074
2020-04-14,0.049269160619650566,0.007837301543346824,-0.027777973556008192,0.04829797716475914,0.05093173010364861,0.0290661758361018,-0.0002450101227191945,-0.00774766925611384
2020-04-15,-0.00916934464905273,-0.005115017933585634,-0.05057708236428903,-0.010532951500479905,-0.011012940486791436,-0.021476549231188566,0.02614486610997854,-0.04704727502387755
2020-04-16,0.007914183249260976,-0.0008653689753940822,-0.03885524518222608,0.02957889070911205,0.04817267742353699,0.004812963041800438,0.011293135985671674,-0.03340777996473104
2020-04-17,-0.01366129092160957,-0.019608466717140425,0.08607586583070911,0.008772890607996214,-0.008108632865910693,0.02665645328610901,-0.013494744262092948,0.09890278054776233
2020-04-20,-0.020975157582308595,0.007100853720992193,-0.03713857405148469,-0.020019750188738108,-0.018192655636990095,-0.017774876509901897,0.00801206583786212,-0.04835050229077613
2020-04-21,-0.03139813811558812,-0.006848673348053854,-0.02943348033747987,-0.042236968118806166,-0.06305089635955993,-0.03083352949891028,0.012512977142432926,-0.0053567655922848005
2020-04-22,0.02839617335603828,0.019479888950845802,0.003251389837578099,0.03340111300781727,0.05991075737449488,0.02195195272270314,-0.010269634568009285,0.028163920252127325
2020-04-23,-0.003882692967721316,0.009905643795524405,0.0005597218918160807,-0.012176281226301282,-0.0075068780717512966,-7.203282601015043e-05,0.00529505424099402,0.030851151261438375
2020-04-24,0.028460765015864642,-0.004294729942651925,0.014658592957801876,0.018094547192577384,0.019456753344995595,0.013842248558825036,0.00234374958987066,0.006423262432834354
2020-04-27,0.0007065113439528249,-0.00666258998355511,0.042201272312960426,-0.00286859462726329,0.02553535083611435,0.014315678247745043,-0.01878959489198332,0.004790486520830394
2020-04-28,-0.016341892640586827,-0.004466516323334757,0.007056170532772704,-0.02466229875511746,-0.019441926828777177,-0.004609168312219063,0.011445739895310808,0.023170777466442243
2020-04-29,0.03231733246646382,0.005518192454017435,0.026612963636762875,0.043895699912113534,0.0240764305491431,0.02584161155355831,-0.005202731506915666,0.053891622760199646
2020-04-30,0.020876466194354824,-0.018282683683788697,-0.021692770286193756,0.009982319470002115,-0.020924008522103497,-0.00935378409294765,-0.011744984431434348,-0.02108032476190108
2020-05-01,-0.01623071007745101,0.0061522933833428935,-0.02656100794423554,-0.026232217529369536,-0.03304285223203317,-0.026830417339154377,0.008526766065728579,-0.07435656612300931
2020-05-04,0.014050131794917342,0.003498676361159418,-0.01197520267799881,0.02416545361692396,0.029650308467581477,0.0027541333202629327,-0.004714781528569824,0.03954190662408044
2020-05-05,0.014897086091511812,0.004232069630406605,-0.001520611607422984,0.010678580690218691,0.008375559241825911,0.009197029502968065,-0.006421652477107309,-0.001114503086275203
2020-05-06,0.0102643240302327,-0.012938939248234135,-0.018983175719422724,0.009799143560455387,0.013693379499667117,-0.006801683149279311,-0.016267156863942683,-0.018915046660033578
2020-05-07,0.010291877991955963,0.015234124108560072,0.010359176611407912,0.0057900068709815095,0.023497058655100177,0.01199462354105504,0.016567952606150613,0.005666689573767871
2020-05-08,0.023523136409142168,-0.006028427741239837,0.01620403949380214,0.005865293276400443,0.024719039208099692,0.016410779704124946,-0.013086399776276382,0.04291748117202689
2020-05-11,0.015612391704201492,-0.006253147010599243,-0.029892120188196657,0.011092489347268739,0.0318706273063698,0.0002050743504128102,-0.007835781619291536,-0.009573475337525908
2020-05-12,-0.011493830557403852,0.0038815245238018456,-0.03322341640294087,-0.02291218970546039,-0.03315161310138645,-0.02013279033570946,0.010211582993021186,-0.016856402202951676
2020-05-13,-0.012147688819782159,0.009576645345897673,-0.03507907626373516,-0.01523786697110456,-0.002887738979026764,-0.017844029923414564,0.006972109602114986,-0.050911793879619305
2020-05-14,0.006124569230488027,0.008811127536123346,0.04069337798382227,0.004329842267634767,0.03169059040676226,0.011896016736780937,0.009739683795260214,0.008785693434685979
2020-05-15,-0.0059296242664806705,0.005627947839551041,-0.01868342269210262,0.014463318294691175,0.05573012089087714,0.004586437554862787,-0.0025759751236144536,-0.007117378510410822
2020-05-18,0.02328807130657612,-0.007592898231851983,0.051613596809112566,0.009509006450706549,0.03010535565929797,0.030004970773496828,-0.022198470784749357,0.0765197606831265
2020-05-19,-0.005795478117183882,0.009603940342589153,-0.019875788584043597,-0.006946293333122683,0.006294103119381036,-0.010324045558146729,0.0037339085528479555,-0.03136456036853816
2020-05-20,0.019261791770642366,0.0023714668825757603,0.029557868306878468,0.013775237389175615,0.01850924870410748,0.016845390720725377,0.002989643707770402,0.032026142368709876
2020-05-21,-0.007483567328778773,-0.014683616168536867,-0.01278267212620866,-0.012083735247044413,-0.021950432643572833,-0.0069283976831082195,0.002494333315418153,-0.01801461537136984
2020-05-22,0.006417654820172507,0.005899400714775776,-0.007793351878407169,0.0004360977719103136,0.028201473312848203,0.0018975240401674753,0.005998231970650382,0.0008972597281088579
2020-05-26,-0.006796432056776938,-0.014316858429627,0.06856819565789944,-0.010627765875103758,-0.03477591403876835,0.012245408820280107,-0.013500427686234254,0.028949332006269073
2020-05-27,0.00434754777833878,0.001800809585778032,0.05630589559494036,0.001320580579310231,-0.022328442499940506,0.014769449890096823,-0.0018389349852404946,0.007162101649165955
2020-05-28,0.0004401248290005258,0.0033447448656947374,-0.015008298741374448,-0.0022575127013464914,-0.004496780082507253,-0.0018469021792595806,-0.0036867943404291664,-0.026294239204357465
2020-05-29,-0.0009749147275970827,0.007331471236597383,-0.025867449426259917,0.01014677193634777,0.04475915021555424,0.004446010256330625,0.007115883351282746,0.009501554461883905
2020-06-01,0.012223194551604616,0.004593203918142176,0.013169354426004986,-0.002294542135325671,-0.007833181391853537,0.004033707813716052,-0.006755180931189145,0.017657572589236524
2020-06-02,0.004618698096069764,-0.006497892824854574,0.0033414287966455993,0.011312338322573652,0.0021552308932688133,0.008245941472527562,-0.003642350619850127,0.022011509302139576
2020-06-03,0.005489859789325963,-0.01862251139241922,0.05257113481662346,0.0024308165441649645,-0.006337137213166326,0.013220922286128107,-0.013386591128255746,0.039984827255514575
2020-06-04,-0.008649378126516593,0.010471254055873179,0.020597849411327612,-0.013251124152164994,0.00011443330198630736,-0.002630430419451627,-0.014585033984892552,-0.0028473045213605113
2020-06-05,0.0280829807782616,-0.02048368991541374,0.04401858095556223,0.023128598400244175,0.017358276763683133,0.025306302875770972,-0.007148525781800016,0.07794127284992963
2020-06-08,0.0058953249496839,0.010764002439043798,0.019762023982596688,0.006177701809556121,-0.012976395675137996,0.012015272084427478,0.003835799358677012,0.03079431637632172
2020-06-09,0.031089462461596506,0.009595645355064148,-0.025984402313849856,0.007615875241631706,0.027002866136859024,-0.007484335570595813,0.011294918318139831,-0.02253933058871571
2020-06-10,0.025401930098978825,0.014223142854853236,-0.04137275686054145,0.03642037019618474,0.034843214420642976,-0.00559567167162907,0.01471810628865622,-0.05511607168224877
2020-06-11,-0.04920087370255057,-0.007240232329265166,-0.0871313255797387,-0.05519435258814447,-0.06284035715355742,-0.059377706085255916,0.018724784371823185,-0.0923925753498486
2020-06-12,0.008596372768320261,0.0014153150353447643,0.026995718139908094,0.007861088146300656,0.015370739948711276,0.011904456341838773,-0.0096881336262335,0.02121133784235171
2020-06-15,0.012291082271980265,-0.0017848491512042477,0.01372332015439027,0.006371404685301276,0.02664999028321236,0.009292586068682518,0.0005548408068249846,-0.0006361185418964175
2020-06-16,0.026157362719303252,-0.0004929560183834836,0.007968351929906982,0.02420971301989656,-0.011539512332009299,0.01906448345125353,-0.015452995979919204,0.022236978964958017
2020-06-17,-0.0013928618184795253,0.0019087937874243815,-0.02560440972539021,0.0034551108228316925,0.018302167241226533,-0.004162367523015623,0.004119283163632891,-0.03311485166044557
2020-06-18,0.00039822253278170487,-0.0019703951105462295,-0.005443077830185566,0.010651850497035237,-0.0019509699122707308,0.0003849271133859402,0.010532227814076435,0.006199860942318264
2020-06-19,-0.005730816336137466,0.010972576221366465,-0.011486932387502471,-0.005977559818556214,0.004681059520033684,-0.0057313268984940016,0.0008014850022096631,-0.020237259344689087
2020-06-22,0.02582718516542339,0.006441427074830093,-0.01089611633581231,0.02739480324447044,0.028264881413767432,0.006394698077701436,0.0001230035513427417,0.009524053109327406
2020-06-23,0.02112008159032191,0.008384398864595731,0.012122583724029273,0.006658686834609792,-0.00808917949464329,0.004593299936865571,-0.006858381561365432,0.006013736710486965
2020-06-24,-0.017809515946438863,-0.0034899960158010397,-0.03396150178053158,-0.020363544668589004,-0.02295963119516911,-0.025839822285588517,0.010668196541879452,-0.04825530830403531
2020-06-25,0.013187995871223563,-0.0006028992986150158,0.03426776916773615,0.012557312267224141,0.02718353884856159,0.010663514143654643,0.0028790034161028668,0.014943816720489054
2020-06-26,-0.031207784207055573,0.0044532193863769335,-0.05637802519068001,-0.020219000309933063,-0.03593841023454827,-0.024038194709306626,0.010646400930900687,-0.034917274386740374
2020-06-29,0.022785112336803005,0.0005403343600226875,0.00441812128034279,0.010690020275279604,0.004903165785391069,0.014590652231795335,-0.0031521453620985437,0.01592038357248773
2020-06-30,0.0083129488843952,0.004431086497931087,0.011333475124236245,0.025228186388779404,0.03185156101579503,0.012728280568305767,-0.004867874039613781,0.008984748522050364
2020-07-01,-0.0018929309958825643,-0.004491160110102202,-0.008541568821447925,0.005830511218135788,0.003389623639469898,0.006980457718731977,-0.0019438063306675074,-0.022843907739639846
2020-07-02,0.0,0.0021582779375089872,0.0032428445700369204,0.007591874891899846,0.008593840037818039,0.0054916946253503705,0.0010391658376300017,0.008429304684718007
2020-07-06,0.026398546360462384,0.005970880083946397,0.024939962337675856,0.02129785483856733,0.023341043107795188,0.015319415545783808,-0.004103394249783897,0.007008052082523972
2020-07-07,-0.0031075714010781316,0.0062904343270385864,-0.028616135924166147,-0.011696018250304668,0.003297694769491903,-0.010367576499755745,0.013958592743127437,-0.02624848416872595
2020-07-08,0.02302285426556342,0.006192353605402356,0.010559446377910857,0.021754498939278357,0.034277804254549085,0.007619607917983268,-0.004003450931886653,-0.002315285284533533
2020-07-09,0.004291386994163278,-0.002708063902871328,-0.021888229648818112,0.006976469895788306,0.028277000395846453,-0.005709045235052488,0.015795981668948557,-0.04213611636669348
2020-07-10,0.0017475249973436212,-0.0025972650920347735,0.053225008527298626,-0.0030374937111247616,-0.0028348033636936,0.010158733224752229,-0.005037113236459605,0.030713172490142722
2020-07-13,-0.004623596043923009,0.0012403879870823364,0.014232707493759293,-0.03137585413625863,-0.04160048681070245,-0.00869673126281363,0.0033012247024692743,0.00023394589818289392
2020-07-14,0.01641280489128063,0.004652728164010819,0.005718604375587724,0.006162675091091431,0.031795241857496166,0.012875696855016711,0.0014376798195514927,0.032517746252521275
2020-07-15,0.006853598442562442,0.0008809438623464781,0.015358498851866145,-0.0014893452515087526,-0.014536352055599867,0.009145292510522506,-0.0046782628342787545,0.012626947393661667
2020-07-16,-0.01238107908971503,-0.009496639325154646,0.0028036198739506174,-0.020002520243321158,-0.009085611831162249,-0.003298471373200473,0.00473828683065481,-0.007873166101180109
2020-07-17,-0.002022217783036165,0.008204262794308569,-0.01867153457542717,-0.005113072800878518,0.006564777984634576,0.0028945723935325917,-0.002096794807247112,-0.01731266023221318
2020-07-20,0.020854602885697893,0.004808590336846309,-0.008799891704594357,0.042083161922067645,0.02986351215973371,0.008049291591655764,0.0024547675337689583,-0.02371614067351198
2020-07-21,-0.013897497209817332,0.011978962477666387,0.021453874356299665,-0.013560650189802395,-0.01749103946967977,0.00212518692970854,0.0005982839815423107,0.04934993852128413
2020-07-22,0.0028052329657564648,0.015087942737564556,-0.007269315305284144,0.01426907657590937,0.010617553538988831,0.005675835657653919,0.002984413987991167,-0.023567615223726985
2020-07-23,-0.046584942899107404,0.008786586410813348,0.002934283513419577,-0.0444689310688734,-0.03004802228619871,-0.012003427053075897,0.011613565900759869,0.002061583178582377
2020-07-24,-0.002480257495507796,0.008542281441677423,-0.007097331358856905,-0.006141104617263691,0.0063717924150905,-0.006461239657118409,-5.888028813500562e-05,-0.006197657637159134
2020-07-27,0.023423846016136566,0.019561196964697856,-0.014140641701340984,0.01258830024736215,0.022022415010186293,0.007265672357263864,-0.0037182095579813513,0.014628770774263262
2020-07-28,-0.01656422717003264,0.008306536040414038,0.0043248204696134775,-0.009017764029807238,-0.01996474615627057,-0.006362438564257527,0.0068949602734580525,-0.011869639132349443
2020-07-29,0.018987049241075585,0.007482169283186,0.023960466618121703,0.010047306638648673,0.024177752800858467,0.012224050551623294,-0.001705565622001698,0.010961808235612411
2020-07-30,0.012027734961246034,-0.007427778888433495,-0.0270477928964967,-0.0007844184850814152,0.014089976651741162,-0.003574317858466003,0.006567168545119803,-0.05030188449825005
2020-07-31,0.09956333920167129,0.00904688435302814,-0.003924732801737901,0.005429033138861486,7.049590623448083e-05,0.007871061091122152,-0.0006421839606041887,0.005003173088230547
2020-08-03,0.02488532928139722,0.0011318982444248418,-0.005603201501661643,0.0547167947375392,0.03658224440522528,0.0069277752591211834,-0.005048101858687766,0.00403162173989251
2020-08-04,0.0066560670353019115,0.021054515412853855,-0.005739647807724925,-0.015122579778541404,0.019561679002985197,0.0038553912663273943,0.009487301111882205,0.02846663070423532
2020-08-05,0.003618210597912169,0.009240417270834134,0.017223867113178987,-0.0016423783151995996,0.005241018283601479,0.00619179795482947,-0.008781106057643645,0.008703694446952789
2020-08-06,0.03429421692905017,0.013186741026147282,0.00030866750951612053,0.01588709200242037,0.004309891836280355,0.006662204506436879,0.0055705035137478655,-0.00480017002787889
2020-08-07,-0.022998173780482675,-0.016012829047696152,0.021768718967663758,-0.018049879830135913,-0.012070109927569713,0.0007174611122776766,-0.006687773754352336,-0.0045939193795685035
2020-08-10,0.014430322231189067,-0.003464953471447916,0.012599098154517534,-0.02010841673116981,-0.003084986271211292,0.0029849956568782274,-0.004484546603510612,0.024333247719588433
2020-08-11,-0.03019114604847214,-0.05518972671897942,0.03110845147209309,-0.023663223952750466,-0.028619203363055973,-0.008289071635796447,-0.011956272825206046,0.010281840244060123
2020-08-12,0.03269398268797422,-0.004679132411383586,-0.008512133962121547,0.02816679213709911,0.05297300805482311,0.013845807359873629,-0.009137433613786746,-0.00022676187979490896
2020-08-13,0.01754271791315899,0.023343474417206588,-0.005552661817721495,-0.0023450501261621567,0.00024015890797245086,-0.0018092002042305092,-0.01074655889551876,-0.024800369971718382
2020-08-14,-0.0008915229964362678,-0.004318527254207777,0.0003905354645108251,0.0009577539178646148,0.010518746862870288,2.961284938158946e-05,-0.003914465044955683,0.004407773702177613
2020-08-17,-0.0026142153591514248,0.02146194877539166,-0.026718415341439827,0.006584359261484965,0.06470614627637657,0.003171756555607857,0.0025092246033183068,-0.013047624711531926
2020-08-18,0.00829838082219102,0.008967673573403242,-0.014038070655640276,0.005737909880334799,-0.0061999880769526864,0.002157924230912431,0.0071269514549682856,-0.004937114565010907
2020-08-19,0.0012536209038410604,-0.03207438281593007,0.0023361881598451205,-0.00608548660899099,-0.010020700349681978,-0.004172220332908279,-0.0062710150564634255,-0.01113875190425185
2020-08-20,0.021947258002639237,0.006890137653281407,-0.012045890348655348,0.023004649823500544,0.00020590721754660244,0.0031086325623711215,0.008998398937507852,-0.015370330398354849
2020-08-21,0.050248548562206626,-0.008043165542872153,-0.0005134463262475291,-0.00729666844611655,0.043713667102935096,0.003540999816941525,0.00597432142773717,-0.007530471017701973
2020-08-24,0.011889233764790801,-0.005674470685927035,0.027765375720202986,0.003140592233098233,0.0028934655367786857,0.01008203095161893,-0.00162585411716185,0.029077827920664316
2020-08-25,-0.008237600960415571,0.0012147382641175607,0.0043877058941895275,0.012925297913704429,0.002335811943791749,0.0034932676454919,-0.0076830971642381715,-0.032252879049299764
2020-08-26,0.01350727661883119,0.011739667325137685,-0.014129281690522178,0.021389373316283888,0.0018023684767783186,0.009975747700937905,-0.0038337032136057415,-0.02151166679688094
2020-08-27,-0.012026313427574415,-0.011629286747359493,0.032370017621115424,0.024256969914860198,-0.0113972381615292,0.002184208194151513,-0.017155121137956777,-0.006771343039920906
2020-08-28,-0.001621176434718855,0.017230926299239783,0.00409491456111669,0.010230609064741807,0.04031439038043059,0.006438415109254542,-0.0007443114602970432,0.023624029693685697
2020-08-31,0.033350021477482825,0.00238341719432408,-0.025424804263791876,-0.014875630216094934,0.017099104514627636,-0.0036291297534092244,0.00661863941851832,-0.01860398159109548
2020-09-01,0.03905962558201226,0.001189581722410416,-0.0004991684550360962,0.007685459557112891,0.03313866962732817,0.009374610111868957,0.011373320238632549,-0.012850972255253753
2020-09-02,-0.020936186979547185,-0.013218610873058246,0.014966307534319049,0.019089049854917974,0.037316764619227435,0.01436026292797706,0.009474713341321241,-0.006105503655190461
2020-09-03,-0.08344761819292597,-0.008137254873336977,-0.003153218318796066,-0.0639486893812008,-0.09736527784941813,-0.03502015937893373,0.0028375742135824536,-0.0020432940914847067
2020-09-04,0.0006614701810587347,0.0027564932922231992,0.02138254938865226,-0.014135443059350229,-0.03065995356319873,-0.008198217826277433,-0.019170987293084966,-0.0007675376335777499
2020-09-08,-0.06966613785943851,-0.0019287808618004912,-0.03539501596370234,-0.05561353076573447,-0.0578507981400364,-0.027703371534818718,0.006125772075094861,-0.02329896264215601
2020-09-09,0.03911136276412443,0.009661434230238847,0.009462544232359505,0.04170162167049024,0.06515234282834886,0.01955501023370008,-0.0026908800072888437,-0.006042194491007348
2020-09-10,-0.033190359693303355,-0.0032283485242562797,-0.010363620808666202,-0.02841818277195355,-0.03222811572425195,-0.017516138848353385,0.00506978444532055,-0.025351871175939244
2020-09-11,-0.01321584132131005,-5.4861557792618405e-05,0.012344376813436203,-0.006546544917469374,-0.012032463535470909,0.0005090193777386663,0.0021302127097219234,-0.0027061086032042223
2020-09-14,0.029558989744255405,0.00786160327773618,0.013756860112609438,0.006740931072453913,0.0565519097514176,0.013085233695926277,-6.063088789860163e-05,-0.006525356551627926
2020-09-15,0.0015589429898697814,-0.0023956152677241513,-0.03162592657482571,0.016273244209761437,0.009183176833939124,0.005039396492595076,-0.00243509545775728,-0.010695418421856544
2020-09-16,-0.02995773231677546,0.0028305733071044763,0.0042212733803948105,-0.01802728358028653,-0.037368959010342075,-0.003976373874919633,-0.002990789190404576,0.04158283113517598
2020-09-17,-0.016092678114847877,-0.005505121062685115,-0.011499961599855823,-0.010491310643024795,-0.004083621205749411,-0.00883403742189997,0.003051567895718031,-0.0002645545969074245
2020-09-18,-0.03223402441817756,0.001310849171618332,-0.0021329575186326243,-0.01249705239805977,-0.022249910763290012,-0.011579460304796401,-0.0031126448443124267,-0.01626941868705827
2020-09-21,0.029875137704418617,-0.020291789448272826,-0.03139782856497261,0.010671965449086948,0.02655324172575951,-0.011192282709394858,0.005061211342581507,-0.02064741100010032
2020-09-22,0.015593629846686378,-0.004858095828927072,-0.01097180345959066,0.023808437522919248,0.009580642382104244,0.010133106950661037,-0.0007910002613009629,-0.02501481673409195
2020-09-23,-0.04285139470016283,-0.021843335368817322,-0.016362983494352695,-0.033482721041764835,-0.041522001633823996,-0.023464142633476296,0.0013386797447699646,-0.03261172269186537
2020-09-24,0.010216416114873962,0.0037119030895910897,-0.0008631005045447462,0.012878357712948584,0.01832769574493097,0.00266199537834532,0.0038223720789960424,-0.0020375709220291616
2020-09-25,0.036829580213479,-0.0028540460781505306,0.00870364650584942,0.02253097208661433,0.041696252951481945,0.016037537342057453,0.0,0.009280854877149837
2020-09-28,0.023588455762376618,0.010010290107421884,0.028373113325138023,0.007764809917112866,0.012447724712356178,0.01647291867301831,-0.002850825459235431,0.019156998651469376
2020-09-29,-0.007596724320276076,0.008397048385655496,-0.008459227913112205,-0.010463272683217555,0.014527701724437543,-0.0054607782137561,0.0011538961520829681,-0.02960406670208538
2020-09-30,0.014963473016277035,-0.006022969047958764,0.009602519752025813,0.014703583399771302,0.022780764599055495,0.007553488753498309,-0.009631600211260522,0.0014576599192820585
2020-10-01,0.008426556030062649,0.008880963695329078,0.0072447939784806015,0.010076183261353745,0.006188900988170411,0.006399279749124639,0.001647970990329449,-0.03558029244484081
2020-10-02,-0.03281271241269884,-0.0008957769408936138,0.009442671567995877,-0.02995557627966468,-0.041408910162750036,-0.009539446366039745,-0.0037409259040663725,-0.004537987324592466
2020-10-05,0.030326707504065308,0.004861081696310086,0.020915846032090527,0.020117154534734057,0.04346332445187576,0.01757744290589604,-0.019732644708738097,0.022782734256272284
2020-10-06,-0.029088553254057466,-0.011830479550692698,-0.01035214114905231,-0.021476064134347595,0.00686674380730688,-0.014318027728224164,0.005374775334756885,-0.010427658230352538
2020-10-07,0.016824593727090168,-0.00045132478533539146,0.01729507232234029,0.01885856528751482,0.016426126889519468,0.01725692859896752,-0.007319017838429756,0.0032889670533806873
2020-10-08,-0.0009563821831773874,0.0035486272055745486,0.020347090548537207,0.003567675805830857,-0.009009845238871583,0.008823320043566152,0.005384862886140115,0.05120367419927983
2020-10-09,0.017246485480503213,0.017998399966815504,-0.005714855599921225,0.024532966809996656,-0.005507096123153731,0.008890707877801617,-0.00018735274869251026,-0.014857342476624517
2020-10-12,0.06158465889063642,-0.002875813691634357,0.012178536397687009,0.025572522349681298,0.03310556384136791,0.015959329589580903,0.0031812628106848025,-0.0031712452903859636
2020-10-13,-0.02688552222758718,-0.01585383405158326,-0.016337348558313453,0.006573003375413045,0.001562803476997726,-0.00654733717876478,0.007135001326095771,-0.011909958784925585
2020-10-14,0.0007428935101111832,0.0030899939936110464,-0.005572242065193747,-0.00901502560091576,-0.010796085575002659,-0.006303291151715588,0.002284344692305005,-0.0020479157777853418
2020-10-15,-0.003968752075598502,0.003639489400711449,0.014856256994674948,-0.005448080844046119,-0.0089259153961808,-0.0012366601201596373,-0.0017290661180264773,0.008746299849328305
2020-10-16,-0.014099397027272694,-0.0034712263457632483,-0.0020667008661150164,0.0,-0.011410565776751936,-0.0006042678595373816,-0.0027836951115955267,-0.010211506464783129
2020-10-19,-0.02587394676716244,0.0005046193567768562,-0.016989120973456333,-0.025077362242381124,-0.022978312873631977,-0.01532040023192326,-0.0037869041622092814,-0.02014320447377084
2020-10-20,0.01310603331562093,0.004809318137998378,0.005695258406379695,0.0020052619996892614,0.010886659239229712,0.003997795502360763,-0.009561814856075195,0.008343546038449015
2020-10-21,-0.005461412151888259,0.00750319529892209,-0.010013158193416593,0.0006986933719302137,-0.00888856762822641,-0.0018948126169336715,-0.0034595651765363285,-0.016153519446432715
2020-10-22,-0.009629462137469257,-0.009849030639627046,0.0347126815772156,0.0004186986226859474,-0.012181202423329398,0.00547067102270739,-0.010451326107042096,0.04999567022072683
2020-10-23,-0.006152878577390554,-0.0010630400237792174,0.008999304781199154,0.0062166508383341415,0.01701273395576851,0.0033894052631869187,0.0060937729225744395,-0.02028453020766932
2020-10-26,8.689763781653576e-05,-0.0005039129828936211,-0.025068220262975532,-0.028854237347329365,-0.03359663276580959,-0.018652860599667108,0.009260735743969408,-0.023997649139890945
2020-10-27,0.013382431665642047,0.002628864176270774,-0.01904654154470667,0.014976358487431184,0.01925610171027698,-0.003453721352791814,0.006686947467237544,-0.0160198008693855
2020-10-28,-0.04741893383633965,-0.01627516884164325,-0.028489949116682966,-0.05083656435317064,-0.0591749830774752,-0.03477641086923196,0.0009335020677016715,-0.03883061586951335
2020-10-29,0.03638077526179664,-0.004153341326592121,0.006504195054445347,0.01001481703334274,0.030956644322917344,0.010112264314234606,-0.009755069326615939,0.04339067680987863
2020-10-30,-0.05764835244280628,0.004550651041840146,0.008913570961466312,-0.011051640646805777,-0.03834869332400056,-0.010479718842840014,-0.00991415597356801,-0.01067257103937294
2020-11-02,-0.0008271443453837625,0.00965812884851217,0.022291705762993053,-0.0006914704561523798,0.0037225733298469786,0.011146262811172014,0.007462183500830579,0.041141137623960426
2020-11-03,0.015236701050576172,0.0056609432999779495,0.031034614610511137,0.020061289053452433,0.034280488418154904,0.017501678709912274,-0.005817773031952334,-0.017211220516636493
2020-11-04,0.040025069425256535,-0.0005590140649358909,-0.031034614610511158,0.04712092457036874,0.057803376099460034,0.022103227162121188,0.021460204561923147,-0.005402323040212715
2020-11-05,0.034878345985531495,0.022723771699055755,0.04008357744273667,0.03138899560787711,0.026169289592614067,0.019314892192126606,0.0017363777691564775,-0.0018072794463496245
2020-11-06,-0.0011367026892112396,0.0014203529597109255,-0.013410119903754514,0.001924030227557411,0.02799435051599545,-0.00022846119515390688,-0.012158546529074048,-0.01182712904777945
2020-11-09,-0.02017016598784916,-0.045280856143465276,0.126978280288107,-0.024112923106916078,-0.06608716138529093,0.012487749583197432,-0.021238678898486126,0.11920557174992732
2020-11-10,-0.0030133749878093158,0.0033073065556014952,-0.003255934485202373,-0.034376866885980704,-0.06522939589888171,-0.001467813046413546,-0.005783832363988172,0.021943110819494592
2020-11-11,0.029901070056962676,-0.00433598220930235,-0.015045504909595412,0.02591591594068537,0.04949830798159316,0.007400904330553556,0.003602601688356894,-0.010363198772841115
2020-11-12,-0.00234606821622167,0.006042387508780373,-0.012360559907264312,-0.005138963200595515,0.0028837453434913114,-0.009748139423298262,0.016874719159176304,-0.03486633200582344
2020-11-13,0.0004194198771476968,0.006796565090032186,0.006243089709749409,0.00495428194442281,-0.011942357011868632,0.013749602306339887,-0.0013266854073175904,0.023840767688265208
2020-11-16,0.00868264158431023,-5.650286865533134e-05,0.027835012202999995,0.0033197926607232125,0.016280116788446236,0.012405009741657355,-0.0024054180433442348,0.05604929788594247
2020-11-17,-0.007593064538750403,-0.0036759204841880807,-0.01019701337954408,-0.012833336035173898,-0.006904975419143312,-0.005392810052717768,0.006506576918736161,0.013276231390548954
2020-11-18,-0.011456893987832664,-0.005738783845972931,-0.007434138736927309,-0.01327127278328388,0.0004844140069396863,-0.012107620510788324,0.0028922268975963587,-0.038486854744575125
2020-11-19,0.0051548693195199915,-0.0018822296869570197,0.002686067399666208,0.006327974416694519,0.0008558901535354429,0.004201429128390518,0.0051355469307974265,0.0050935560355114045
2020-11-20,-0.011017898694570125,0.003021229432643738,-0.008603787474376547,-0.009602545510108315,-0.02657712965196692,-0.0068717627107342544,0.008830449219428703,-0.012375760362236954
2020-11-23,-0.03019387739729835,-0.019890324232127853,0.028396285419339053,-0.001331553213226437,0.003984204615041108,0.005976971080938507,-0.004591894884390781,0.06345489039592137
2020-11-24,0.011527398458191108,-0.015447030279527764,0.04520020338608993,0.017690393048702686,-0.013966823022768278,0.015985195288559295,-0.01000186924846851,0.06444324195077773
2020-11-25,0.00743948628421426,-0.0004718480371509017,-0.010515696071490143,4.6828974506827453e-05,0.02115160849685075,-0.0015431830267104406,-0.003083438798232903,-0.02826601068273072
2020-11-27,0.004814782310358203,-0.010198732236165305,-0.00665974408301837,0.0063387498943261456,0.0020003455291268133,0.0027810814712524133,0.00965852316305852,-0.015308980295838819
2020-11-30,0.02088019236073875,-0.006697358920117144,-0.027939856850531443,-0.00540397371379681,0.01052043183274834,-0.004436858778552176,-0.0012495110421835004,-0.05261691245667935
2020-12-01,0.0303615362328824,0.02084085881536413,0.0156553512646936,0.009946798045984202,-0.0008584375834391765,0.010878092644273928,-0.014853741003989934,0.009656954491343624
2020-12-02,0.002929336829706113,0.007493385024315116,0.019026333909785847,-0.003892478604451899,0.011472527362136426,0.0021014169862326776,-0.007967783952723118,0.03672006128377068
2020-12-03,-0.001138131626259503,0.007842668530553789,-0.006577078415861283,-0.005260572887230267,-0.010729163154540311,-0.00027260697438776546,0.008031365960433828,0.0067374104175814365
2020-12-04,-0.0056282099147165945,-0.00283945502654119,0.009032300989029124,0.0005598380841995956,0.012039298401606483,0.008580669455618547,-0.014774862024512139,0.035905881308474864
2020-12-07,0.012195107654917365,0.014803945459514797,-0.003767138799861657,-0.0003264285282800302,0.003570595593236981,-0.0020570948929635883,0.008980245236516263,-0.018891264191760175
2020-12-08,0.005078114057833317,0.003481841534737405,0.000984044329320034,0.007994417760864899,-0.019049403460671625,0.0029221024411184974,0.004714454769369857,0.03223731376572857
2020-12-09,-0.021125199187029042,-0.017241806434506103,-0.007817210745906258,-0.019682225796540307,-0.03190843235040424,-0.009009217609390822,-0.003310309390296497,0.013170496890863356
2020-12-10,0.011917383898135615,-0.0019148863181888906,-0.006464674967691879,-0.006061987135282534,0.0032041166404083617,-0.00032737168613700406,0.008824355883571711,0.027878633156640003
2020-12-11,-0.006757591729646185,0.001856945469586849,-0.0059207464419832306,0.012931544001507091,0.0031558426145044116,-0.0011731367557908025,0.0035337232720536104,-0.004783076323985382
2020-12-14,-0.005159792168489302,-0.005522859199322822,-0.01059451175390197,0.0043981343916841735,0.022453580821032368,-0.004487565825034595,-0.0027753539105412413,-0.03673976396274207
2020-12-15,0.04887600100003108,0.013893989774039692,0.016930883562221964,-0.00032682154261124574,0.003880827671194016,0.013429076194570297,-0.0033530377968102078,0.01923603457073796
2020-12-16,-0.0005474213126459311,0.005503920929853093,0.00290476977912412,0.023765863531596078,-0.008871117555910083,0.0015682156817828723,-0.0026650487470069287,0.015218116179399001
2020-12-17,0.006939230797147155,0.01046541004295572,-0.00832156769962906,0.0006384108498646428,0.007429404957566593,0.0055764093038404286,-0.002649734324795939,-0.005046944199077899
2020-12-18,-0.015977866199922763,-0.0016988680965652808,-0.004942407309465425,-0.003789971349909466,-0.0052043991769924886,-0.00400085630942772,-0.0030019962891236524,-0.017399745813148317
2020-12-21,0.012319350802554276,-0.0031789169989821435,0.03685040526946371,0.018133946258708733,0.004529446794167496,-0.0035819056426741234,0.003958325366750809,-0.018422636502426783
2020-12-22,0.028066927029749653,-0.007934507183398202,-0.015333612349591116,0.006046532711949405,-0.00405837168727858,-0.0016868095506137268,0.005147364028711667,-0.017070156702549678
2020-12-23,-0.00700052867660258,0.006625879072275585,0.02756118159577335,-0.013124938292849097,-0.020466986013253363,0.0008980365950271121,-0.006933454779259946,0.012769866083316258
2020-12-24,0.007682733554381481,0.003977347328631379,-0.004407168963758434,0.007796749985106866,-0.0011921994986244355,0.003882882441429884,0.003950102692291724,-0.004078107712252101
2020-12-28,0.03514090343155697,-0.003635744312567208,0.0065636022779063325,0.00987265856778035,-0.007241095277380582,0.008554195477752104,0.0004445367675815915,0.003359742391193322
2020-12-29,-0.01340427047098933,0.003635744312567162,-0.002636186746014155,-0.0036073135489419427,0.0033472061949654827,-0.0019097483156116464,-0.0012718288515932614,-0.011324199608442059
2020-12-30,-0.008563226655007401,0.007626026694655132,0.002795732506220114,-0.011080511876036698,0.015524151436777933,0.001425960390777421,0.002161356983772958,0.007964457217248677
2020-12-31,-0.007732338967748573,0.0037072651943418997,0.013548509903545638,0.0033325758322004244,-0.006927176423700795,0.005068005584281958,0.0014593782505841705,-0.009176843337561679
2021-01-04,-0.025030234288249194,0.02201425891234798,-0.009488319894274495,-0.02149534721752753,0.004470800417657317,-0.013707631315074267,-0.0012053393919741206,0.006770097552942848
2021-01-05,0.012287929565819321,0.0029572490918935946,0.005426521283091465,0.0009643432493320414,0.02196686501052013,0.006863672537621414,-0.007454266808844643,0.04706740342377879
2021-01-06,-0.03424092141695589,-0.016374384156319522,0.04588691720420607,-0.026271515672457654,-0.06076204333853798,0.005960557365351131,-0.020742037724107595,0.02519706724063333
2021-01-07,0.03355413548355091,-0.0023373497260989994,0.032311378778984344,0.028059640840406568,0.056219693036788455,0.014748522948908684,-0.008853971922685649,0.007815071043636223
2021-01-08,0.008594010763577362,-0.03480879472366203,0.001103296395355073,0.006074147884453422,-0.0050522937215115304,0.005681348907751613,-0.003231891409222928,0.01105943365727041
2021-01-11,-0.02352327982228623,-0.001963368081678198,0.014814180745259134,-0.009745767445526837,0.025635063364560076,-0.006763369346695297,-0.0016541636698832703,0.029904904069106498
2021-01-12,-0.0013964160766553682,0.006453094143516468,0.015596339310479067,-0.011840528038770008,-0.01009011861610554,0.00021096181439457648,-0.0007948501508441045,0.021960497790582782
2021-01-13,0.016096671630724254,-0.004316677807613859,0.0009270616217124067,0.006538636957309356,0.003479500602064394,0.0026894822096377286,0.01119931690209544,0.011214805281318827
2021-01-14,-0.01524318961809116,-0.0005192346256867747,0.005825244469844641,-0.015465070845272778,-0.024803013204775574,-0.0035080648262398404,-0.009411821980809119,0.03829120380568143
2021-01-15,-0.013825791546822756,-0.012485246085867416,-0.01808415575138059,-0.0017383560425145979,-0.026152985998791647,-0.007319256880077853,0.003959729066387725,-0.04929707613055371
2021-01-19,0.0054125108247718,0.008437377567923208,-0.004337168823938212,0.017665883246405854,0.01280687380715692,0.00782124988615903,0.0032227101978005938,0.019642884144975774
2021-01-20,0.03232821058492448,0.016151154600027997,-0.015109281909251789,0.03584922352204201,0.025805817635017738,0.013743529656582255,0.0009836054441560032,0.014028644573463742
2021-01-21,0.036002180322108994,-0.0006273739671711188,-0.00841935674077666,0.0028044065372639405,0.03685240423510806,0.0009112819493185287,-0.0070426365793526445,-0.029088274845348205
2021-01-22,0.015945686824487736,-0.007904302060517928,-0.007743339565275945,0.004346570633427695,-0.011240073766073595,-0.0035455633588167947,0.0032310045745089053,-0.01423525079749099
2021-01-25,0.0273077688180739,0.0008622455288576803,-0.012560869957156823,0.0157200717597776,-0.004330136676401295,0.003935785406781357,0.01171720232923101,-0.01123719287974523
2021-01-26,0.0016775580100539657,-0.002473656951145883,-0.0040954828238424995,0.012124919681607315,-0.016095818595625835,-0.0015618882997814833,-0.0018885150716872485,-0.02220632033759176
2021-01-27,-0.007713091896124319,-0.006355778295441206,-0.028679203167937338,0.002450595029150024,-0.03927964900857316,-0.024743794084428714,0.002538775775471481,-0.01140136904402486
2021-01-28,-0.035611747834844734,0.000926931727635592,0.01744445044437147,0.025561325601876437,0.010262337838824135,0.008563058649205561,-0.005542568109434376,0.015534862336662696
2021-01-29,-0.03813862366266394,-0.0004054103376829626,-0.01112940858909818,-0.02960567881551162,-0.004703868926647403,-0.02022279074345332,-0.006034909785611974,-0.026844155055682505
2021-02-01,0.016384742052845576,0.00934152297824149,0.0073561985598578,0.032614513836900186,0.018855248129441633,0.016508485113796895,0.001159066335138283,0.0017823253739484286
2021-02-02,0.0063167670680930104,-0.012242430084677477,0.03031782775355187,-0.0005842370767226195,0.023868522442311663,0.014041181637962814,-0.006468139751557249,0.015682409701473648
2021-02-03,-0.007808675145054249,-0.0015117720158050482,0.011386375887071571,0.014466435392150673,-0.001938217820934483,0.0007863934794580908,-0.008912574800663474,0.03847858010589557
2021-02-04,0.025431586658489137,-0.021765636924135134,0.022752436017667174,-0.00408275523593534,0.009836721870226378,0.011301541649308652,-0.002676316194910391,0.019008454054883564
2021-02-05,-0.003103098167403162,0.009823748692690917,-0.001955200627119051,0.0007849113491792899,-0.005375229981333133,0.00392788778110842,-0.008408787732879095,0.03296991236678661
2021-02-08,0.001096560258334993,0.01001975221091292,0.015533104712630136,0.0011141925100061005,0.06050765105109957,0.007195849192925028,0.004381666190997129,0.04214255309048084
2021-02-09,-0.006595280550157328,0.0032595928083516256,-0.004003775272733569,0.005347279404701891,-0.012228899626925827,-0.0006658596167960262,0.0007392593482516291,-0.011780764011147698
2021-02-10,-0.004568878098525228,0.003654430629279855,0.0005729950108987596,-0.0039049057443642033,0.03452207405345404,-0.000435755418974458,0.0066316051964425415,0.009631443988566609
2021-02-11,-0.001922342032145694,-0.008723013798522866,-0.0027962842666557743,0.006854153971409457,0.03241997074783319,0.001613694389472557,-0.005489891355523988,-0.02535787921449413
2021-02-12,0.0017745472322151024,-0.003041852351548402,0.014116682337872308,0.002042867630514174,-0.019164922056509475,0.004927894754248471,-0.012497068087661175,0.013551156767820807
2021-02-16,-0.01623483237125784,-0.014457496034195686,0.02378527512879955,-0.00527935285426982,0.024364381456041546,-0.0008665598161590588,-0.015343668331505717,0.02964344342000168
2021-02-17,-0.017801940085609695,-0.011417786234196115,0.0031067178854980167,0.004350036255765059,-0.028064219349795725,0.00022935802972606794,0.0063301442849985215,0.015445102542223015
2021-02-18,-0.008673892404717581,-6.0090224343136566e-05,0.0033709819197725067,-0.0016804010894725771,-0.00517923240286386,-0.004265205234164424,-0.004055219051883057,-0.015829604344244717
2021-02-19,0.0012326179720222351,0.004139970385631239,0.016553108443473744,-0.011634662458485014,0.006553481967212899,-0.0017671734411224133,-0.013380833932812846,0.006705619877182583
2021-02-22,-0.030251851580669623,0.014858231751961605,0.009346533071579332,-0.027174305513948598,-0.038987640146608146,-0.007721671797759375,-0.007636990622503097,0.036190516190478375
2021-02-23,-0.0011117633911798912,-0.0023033964742125187,0.007999667141120192,-0.00530159986521305,-0.015001176076228195,0.001213517762558,-0.0028878502925273344,0.013717455337134463
2021-02-24,-0.0040603861447228475,-0.0007097783269727351,0.017442037210561905,0.005472222268769841,0.024930576903278986,0.010959172328313723,-0.0065821451210439225,0.0295323766237727
2021-02-25,-0.03540168756795902,-0.018995808065307287,-0.013664569826173796,-0.02399032317546956,-0.08575203173099859,-0.024390760243519664,-0.016464926799637687,-0.016717267499931347
2021-02-26,0.00222901020090212,-0.024480114534154506,-0.02688290300533301,0.014695366881299028,0.03012593693863782,-0.005165927097892261,0.03252428444153438,-0.025244197490131084
2021-03-01,0.05245106364793342,-0.0017319159550744983,0.022375125421632686,0.019433116341676347,0.009235648696095965,0.023951069061310136,-0.013295385879265488,0.03665648257747367
2021-03-02,-0.021114771971053898,0.005433148366520264,-0.0032611158845083235,-0.013041617318679146,-0.03196833524977482,-0.007834013822254512,7.133386919913861e-05,-0.005868286846285099
2021-03-03,-0.02476081184992262,-0.011082728374520621,0.019147548972727753,-0.02735145591436938,-0.04590477836051432,-0.013334015349364356,-0.010905170541522968,0.007993625224275748
2021-03-04,-0.01593818416461227,-0.00988559566723337,-0.01548838566534727,-0.0036540350620397626,-0.03452186320526697,-0.01245219986884494,-0.0064710186821228645,0.03801543429479404
2021-03-05,0.010681289635903242,0.0006286134207733884,0.0023225969942223357,0.021251900737606366,0.007349571585952931,0.018229489791666525,0.0019458772404380477,0.03711577498933462
2021-03-08,-0.042566776297259544,-0.010422315048141234,0.013165788671124964,-0.018345027938790972,-0.0722208514649197,-0.004991059186661323,-0.007805601849574405,-0.000985346253693606
2021-03-09,0.03984512051985666,0.02104806019448947,-0.007088349394238865,0.027713815860433283,0.07726935957776752,0.014176500318177854,0.013762424460373384,-0.015563141369001205
2021-03-10,-0.009209067655098324,0.005085327698430273,0.021501939504001668,-0.005834441930175089,-0.004161801196082107,0.006205298117280582,0.0020018562955171934,0.030240694023368056
2021-03-11,0.016368180226197328,-0.0008663865026826478,-0.005234572170812588,0.02006240008949845,0.0412634218929919,0.010088109512767821,-0.007239335493672309,-0.007474985873851681
2021-03-12,-0.0076547500101286645,-0.00018574519969141986,0.011788225434166247,-0.00583661231088962,-0.010638361174571773,0.0013459596437217307,-0.021449995207624157,0.010707355084526983
2021-03-15,0.024162515959008434,0.004386867610048303,-0.005007841414058474,-0.003995326563583311,0.025743167742274958,0.0059459979402188105,0.005862805698485671,-0.02582668561230653
2021-03-16,0.012662471240634883,0.0009244132771239594,-0.01204352684507511,0.01227494355540377,0.0075521769838629675,-0.0012623462248362396,-0.004026828803815496,-0.021423446280971783
2021-03-17,-0.006471524827479824,0.0071195808075622735,0.010240110414678276,-0.002822583046994387,0.003754950848366053,0.003404088769849596,-0.007511007305926593,0.004388833721424356
2021-03-18,-0.03449316050103452,-0.0058269675795917875,0.016371552857714192,-0.027024072177208792,-0.0474889643472874,-0.014656639308950649,-0.010178224957861706,-0.04407675593588851
2021-03-19,-0.00449015704344128,0.004174394816826358,-0.016049444733969898,-0.0016049335595568186,0.009640864089815165,-0.0018517137293491426,0.006178572295085082,-0.005648683227611762
2021-03-22,0.027941500805032854,-0.0014713433816878438,-0.027246684400682612,0.024189552526187524,0.026161905796243095,0.007953024547386037,0.011143962209987441,-0.010320301322180423
2021-03-23,-0.00691261940693271,-0.007327408483150656,-0.010052262498375392,0.006714966447130188,-0.008797606575654699,-0.00790171928256298,0.0089862943297521,-0.012417984882860182
2021-03-24,-0.02019593051236117,0.003454859203276189,0.007731285816034702,-0.008963391408536362,-0.03327335866700295,-0.005096682740352735,0.005367828094159911,0.02007953477563918
2021-03-25,0.004154639062398648,-0.0036402714825327686,0.012732247959319374,-0.01333927700816445,-0.008559040585408243,0.005609842852983097,-0.007916990717065215,-0.002844162527138829
2021-03-26,0.005128570547386823,0.002839374216722469,0.016513304999959646,0.017661814324700684,0.02396231788628513,0.01598674194124286,-0.0035061708959358063,0.02686973751664684
2021-03-29,0.0014839057346274012,-0.011967328788777756,-0.015661485972193818,-0.005257183049894669,0.008453630465316024,-0.0005055161484100941,-0.008524448440594893,-0.005386105481404234
2021-03-30,-0.012350596872612026,-0.01723957501602924,0.01172069450183986,-0.014515671932177735,-0.005925638013434354,-0.0026565629137475684,0.005226319857293958,-0.012446430576764016
2021-03-31,0.018591827612954217,0.015053975494509144,-0.014672545613014745,0.016766061807507268,0.036350293352078365,0.004045229332908462,-0.005595480036929266,-0.015286387890249522
2021-04-01,0.00693442154761416,0.012549018493591777,0.009675307887467753,0.027526299587305115,0.034134407344765784,0.010741044906504618,0.016461162207266317,0.02755857874740486
2021-04-05,0.02330374318573624,-0.00037046965366193687,0.00528654074564068,0.027350915034351567,0.012644536226025445,0.014251314141270394,-0.004373327209099053,-0.015629380561744986
2021-04-06,0.0024591660910596325,0.007996616729269289,-0.0070548358307445744,-0.0048698307729961735,-0.009048997539751932,-0.0005908429198663819,0.006770413721733333,-0.0028358492267503326
2021-04-07,0.013301473389625205,-0.0028223021365765604,0.015546394107815987,0.008196666430662726,0.020139896574249635,0.0011568440620627863,-0.006989299556376597,0.004427662064451377
2021-04-08,0.019051191740671884,0.010694635856861524,0.001225650588168747,0.013316381460242317,0.012192467973052288,0.00473529287126686,0.008221470541176373,-0.01048094695740197
2021-04-09,0.020049243013949693,-0.007566026934120144,0.007450288839025729,0.010214287982640742,0.0057805683034011885,0.007243961737631507,-0.003629257497433981,-0.0023238250230503505
2021-04-12,-0.013321419356272542,-0.006082067490100263,-0.0021138989574414186,0.0002344233948841229,0.054659326169576715,0.0003644690987627898,-0.0004363734495143432,-0.006644615982007573
2021-04-13,0.02401597724593612,0.007061488473290135,-0.011998554868315777,0.01003103599045771,0.030466472149480017,0.00295922409708645,0.00746520971646726,0.0037764931736227712
2021-04-14,-0.018014418687860214,-0.0043537794872208335,-0.018867320147904883,-0.011282449196500505,-0.026005470756102603,-0.0034209020866459716,-0.003182022090186609,0.02848985252110602
2021-04-15,0.018534870696366015,0.0160335365383925,0.006328704005567965,0.015182003110213352,0.05478157819802393,0.010685487580908579,0.016595960065978327,-0.005949158192678486
2021-04-16,-0.002530868362261385,0.0060295628147861114,0.007398493101508157,0.0047669954483209685,-0.014025163863295064,0.0033364005202261697,-0.007796731415293615,-0.005631782455198336
2021-04-19,0.005055812758587992,-0.0027691247303623773,-0.004248869822191126,-0.007699888842863996,-0.035224203389425716,-0.004924913362475809,-0.002876498383745224,-0.0031819745313286497
2021-04-20,-0.012912878780542874,0.003550241996940974,-0.022391039672864287,-0.0018565032431311335,-0.012478490056377647,-0.007348658850706778,0.0045980677430133236,-0.021294492052542004
2021-04-21,0.002925097034771835,0.009862362310853667,0.008471906875993283,0.008942685726134398,0.012397172066821302,0.009417564282161523,0.002005629439871672,0.012759502542076624
2021-04-22,-0.01175433645936064,-0.00650425423162094,-0.021282423396920734,-0.013172400295632316,-0.03378267214307822,-0.009174865007303743,0.004353678574155144,-0.013121314733692454
2021-04-23,0.017878237595670397,-0.0038387727937765547,0.018954789384727038,0.015357538547163232,0.027562132884817347,0.010783837078928384,-0.0023528456235691803,0.005413234304278847
2021-04-26,0.0029733967901378047,0.002640755671589698,0.002460600284876475,0.001530581044164847,0.013840805120827231,0.002085557422058994,-0.001428934904919899,0.001977541767869597
2021-04-27,-0.0024525187364749924,-0.0025205449092440876,0.004572231041661251,0.001604528895487679,-0.006237887344600789,-0.00021558631047670666,-0.00876131526878454,0.013025486948696582
2021-04-28,-0.006045454211088017,0.002940064461277065,0.006458429518945644,-0.028693494004510975,-0.006849687420213416,-0.000287363765108823,0.0006489717191935331,0.029691225548131705
2021-04-29,-0.0007488599377758715,-0.004142547462168167,0.019257840885901344,-0.008085582364116847,0.0031370620958089367,0.006352605922715095,-0.0029592937481724493,0.014182426435674678
2021-04-30,-0.015248851555123769,-0.003374702192485256,-0.008931950587687785,-0.0013079590793856053,-0.020785728485673994,-0.006592321994541393,0.002310322028979035,-0.029267087310374442
2021-05-03,0.008181878457970361,0.01289485518814097,-0.002929961525737944,-0.0012694919855091539,-0.01157613753995226,0.0021545954265032607,0.0005998249275529009,0.02722878563225273
2021-05-04,-0.03602696496280672,-0.007356686965198023,0.013728685030961694,-0.01629184948301011,-0.03327032087068301,-0.006188533821657944,0.006762402171544248,0.0062706672267274
2021-05-05,0.0019535370616641733,0.00413361336698124,0.013035438956404173,-0.005341284113842022,0.007445467230351249,0.0003127845323486303,0.0016482161902828276,0.029629463599709506
2021-05-06,0.012721207341156532,0.016542002735280385,0.019924738420502373,0.013139967016183161,0.004451150545164276,0.007953798293121766,0.0016449829589218932,0.009468070520944076
2021-05-07,0.005312966408906736,0.00895658735382193,0.003416795024446418,0.010872427624741863,0.019721013466991004,0.007251769241559914,-0.004943874608127913,0.01419579387841933
2021-05-10,-0.026142965646384523,0.0030259218728549953,-0.00012405060849252309,-0.021135948031254913,-0.03759320273721926,-0.009951896933584808,-0.01017829665793875,0.0023999264974716916
2021-05-11,-0.007437986277381867,0.0001742848474817966,-0.016762990371167984,-0.0038507382560906056,0.002834995958041179,-0.008964601204686595,-0.005675910033164028,-0.032315867003463346
2021-05-12,-0.025254881334651206,-0.009983483413452903,-0.006899104827734168,-0.029802440681482228,-0.03903965433861579,-0.021474125435544653,-0.010563297240846144,0.005344196785722794
2021-05-13,0.0177610939453275,0.004098917859921596,0.025397297231155042,0.016721165251036247,-0.006800747337117186,0.011940777975201966,0.001547537410901992,-0.012402016834248667
2021-05-14,0.019650519099228804,0.009074563611959028,0.015422037413205466,0.02084851633264092,0.04140956716927637,0.015238627074238616,0.009307804681916656,0.02448705277204967
2021-05-17,-0.009301723439460648,0.011572105937362132,0.00401631255199219,-0.01204071148866496,-0.005456264268414227,-0.0025477187175880836,-0.0021175277997548345,0.023097934298517756
2021-05-18,-0.011309392107955658,0.0019442812059788442,-0.014188815911718887,-0.008602122159179115,-0.010627520242162807,-0.008653002030471023,-0.0025620490008422393,-0.028708487638255755
2021-05-19,-0.0012824206488904568,0.0006853819629941132,-0.007667181688963988,0.002471176284263595,0.0035610594107153034,-0.0026252474329508985,-0.0024220462886763183,-0.024287179839121164
2021-05-20,0.02079457161623512,0.004556871795741219,-0.0017394058696051495,0.013725630984636583,0.0381345040820235,0.010700277466553007,0.008195368173128725,-0.0023765849890311354
2021-05-21,-0.014877355888147266,0.00045446916842239933,0.011314179341862742,-0.005328939526691163,0.025622602292622615,-0.0008188330146373131,0.0032010598109168996,0.0013587178660983666
2021-05-24,0.013226487259882217,0.001759487487714246,0.0053955520316484006,0.02262413673031777,0.04053993072338498,0.010142520412573752,0.0036977122223782553,0.0116426910208094
2021-05-25,-0.0015748935422829377,0.009031903514378268,-0.010387659112348551,0.0037411713470635335,0.002287237284108948,-0.0022210347797271893,0.00922032018090326,-0.02290767508568537
2021-05-26,-0.000394018681903637,-0.0017435678186662285,-0.00012379796703436486,-0.0009140190831153064,0.0033335919954143698,0.001982487379063475,-0.0017221585638370273,0.011604336379781584
2021-05-27,-0.01245415171081874,0.0003940189892895408,0.015451997661924862,-0.008706099103191464,-0.013595175694932645,0.0005247760649371156,-0.004030291967707559,-0.006468095462860749
2021-05-28,-0.00536243522512816,0.0037630876338542248,-0.0006694442571421252,0.0014827390655174962,0.04768913499279531,0.0017871728711570342,-0.0015877884811447006,-0.0032498042810033953
2021-06-01,-0.002651795398588329,-0.0026945732480542135,0.010960230261976735,-0.00917339085200508,0.001230284512690142,-0.0008810490077196574,-0.00022457772519725641,0.03518001620121592
2021-06-02,0.006256482229571776,0.004878526963101577,6.0118315796050994e-05,-0.0004042553116616986,0.03109846715065439,0.0015712545987318289,0.002312821035330412,0.007907610200976066
2021-06-03,-0.012228552536959923,-0.019772420864664846,0.0006623190054505767,-0.006450160086727,0.011348925647110993,-0.0037181383484328244,-0.0037609810787513874,0.003930703995288716
2021-06-04,0.01884356373235429,0.010725633264657355,0.0016232647618659763,0.02046395558518288,0.035230025663025744,0.009104183013170838,0.013601599282857965,0.004403437681716172
2021-06-07,7.951664082632605e-05,0.003999619209610979,-0.004697234380555993,0.011969959905935848,0.0023153908490741656,-0.000970678318636657,-0.003078078084752486,-0.006530741652719047
2021-06-08,0.00664963846207224,-0.003096867753862795,-0.00399194609993891,-0.004897365914880573,-0.009236987799990826,0.0002131242907883162,0.007001547515023885,0.017535825742203595
2021-06-09,0.003072413858458229,-0.0019193434836643904,-0.012563439833175257,0.004030126603704431,-0.005443649433111146,-0.0014930578546380202,0.008790294739132658,0.008334778984277917
2021-06-10,-0.008055461671618804,0.004285131517665339,-0.015711441543271674,0.014290737405737095,0.00383799349281976,0.004637621126133187,0.005981361195141516,0.0015948128795492671
2021-06-11,0.009784552687440573,-0.011316177890912231,-0.000686044084819697,0.0025237876116253033,0.022710255819224232,0.0016511554129014356,-0.0016155326177509698,-0.009285903458480639
2021-06-14,0.02428068603892864,-0.005878166410042197,-0.01711479465618401,0.007725181361625238,0.010796672377091992,0.002236441431970464,-0.0076880844639839975,-0.0016097769730404477
2021-06-15,-0.006458360176041472,-0.0037848631237422004,-0.015284256165187655,-0.005904573314667486,-0.012860679226077929,-0.0018357507195037488,-0.0012050396716729165,0.03576333812205778
2021-06-16,0.003926194513281587,-0.01703600368035545,0.006999895902066459,-0.003800197092453979,0.0012217427836372337,-0.005598955279959295,-0.0008508760043108096,-0.0035819402779788787
2021-06-17,0.012522067091735152,-0.03122282591641038,-0.02928526934151332,0.01358345963600808,0.04646055741531922,-0.00033182645617973186,0.014860797754196953,-0.03347104345015192
2021-06-18,-0.010142938190641661,-0.005562705142465907,-0.025628799102509602,-0.005650264441050435,-0.000991663926313515,-0.013582203943085342,0.018631552426587976,-0.025984040163117384
2021-06-21,0.014005087044413032,0.012173251058176099,0.016826263486120662,0.012259645405489369,-0.011412334594518785,0.014214558490602528,-0.016885093465423277,0.03561619427465412
2021-06-22,0.012618389776016772,-0.00420166857422807,-0.001463363084644452,0.010906082878813226,0.02462997751129484,0.005331920161506143,0.0024395114948154114,0.018991081887335122
2021-06-23,-0.0020918435991368056,-0.0006618767987564016,0.006039997380994545,-0.0009044059309146775,0.008987293388061373,-0.0012059907178507807,-0.0025790575828050426,0.007340909248938145
2021-06-24,-0.0021713218924218447,-0.0006021199876096117,0.009155796705726926,0.005338852230840824,0.007748911122576674,0.00589817956137518,0.0016042714270435542,0.0040377873331895915
2021-06-25,-0.002250956537579049,0.003306999189259349,0.010046945505815572,-0.006281572357746069,-0.009127276772264863,0.003545640921910257,-0.010438050034688362,0.0021677316839774324
2021-06-28,0.01246774788036242,-5.999643961855651e-05,0.0018163418072932279,0.013864391872049468,0.04891268910049451,0.002014143261896617,0.010229061729186011,-0.02584944151163956
2021-06-29,0.011434472700351207,-0.010561034647227364,-0.0012319280970953975,0.00992393459443432,0.0020868326928265386,0.0005378302372285529,0.0016709380957697208,-0.006208627885931267
2021-06-30,0.004610581623963266,0.004841763592293601,0.009041397496633928,-0.0018441542299581831,-0.0012117901999222093,0.0008412542265046621,0.004443998223816146,0.007319054901363538
2021-07-01,0.0022606240560299955,0.0034354496150826534,0.009852518979197922,0.0025807476401181802,0.010419343367726005,0.0055214450490008145,5.497443973636814e-05,0.002849465456368921
2021-07-02,0.01940701531643207,0.0065369291506959725,-0.0009610680690919548,0.02203088422611246,0.0135141239974307,0.007614419637162305,0.006016592846612856,-0.001423717796854351
2021-07-06,0.014611604943117012,0.004949187883217545,-0.016934334478673638,3.619075367858e-05,0.010270445754154254,-0.0018232238004774184,0.011652863934246123,-0.028908413379491914
2021-07-07,0.017795658840202216,0.0037995736126820853,0.001172606125286543,0.0081422879819732,-0.015911854999129327,0.0035279229061309547,0.008819826920554141,-0.01576641540715392
2021-07-08,-0.009242362883773156,-0.0006520293887520076,-0.01740421032703161,-0.009006872024389885,-0.023291463249312947,-0.008181349330984923,0.003910896750345797,-0.00447964419751821
2021-07-09,0.012970734912681796,0.0033150614410246745,0.031498051612231986,0.001872359704650277,0.0073835275100879744,0.010618297764626394,-0.014162644881364414,0.017962134318669262
2021-07-12,-0.004212608600332589,-0.0012418718351821449,0.014214635769839997,-0.002233148677340829,0.022793145051298175,0.003575410712064537,-0.0012980119302657151,-0.000980445628415839
2021-07-13,0.007858021418656833,0.0013009357869861221,-0.014985018678899538,0.013111387423906058,-0.012879643511238261,-0.0034146826375317857,-0.007682886379794219,-0.004751992519535858
2021-07-14,0.023814848163046385,0.010697757313475486,-0.003410821495203724,0.005430744772660375,-0.020379243787079438,0.001490900422106539,0.011297896357908266,-0.022424403047223335
2021-07-15,-0.004502083946245876,0.00017546425482688882,0.0021894534413375295,-0.005252853530279522,-0.04511429291046405,-0.0034211942217953033,0.010970140095689826,-0.009790802836441924
2021-07-16,-0.014176401061500907,-0.009751038308664079,-0.02310041049103033,-0.0009966894075174554,-0.04338478006534625,-0.007874616900383123,-0.0018871161043534127,-0.02804002578723169
2021-07-19,-0.02728296674053615,0.001179853512608669,-0.03305973637516161,-0.01341132347922356,0.03350262185133336,-0.014878026419812704,0.02169176447101384,-0.034972921176106835
2021-07-20,0.025642434786427103,-0.0012979424872485647,0.018471660557548952,0.008304774003322834,-0.008972612556371752,0.014228696522466357,-0.00968704874121133,0.01096056497585668
2021-07-21,-0.005144925831681219,-0.003726190289074976,0.02082208860586658,0.007418900069594061,0.04198199626281864,0.008063670935850004,-0.012747132721879328,0.03165929213652918
2021-07-22,0.009582457500313923,0.0019535411866020086,-0.012706237539271002,0.01670412536140038,0.009434953483087417,0.002092032677988616,0.00940875895195622,-0.011317185300273442
2021-07-23,0.011917785072630754,-0.003139340880551927,-0.0019234387628103194,0.012261020418669409,-0.001839054636379187,0.01023523236764282,-0.006711776635062086,-0.0012265768168710396
2021-07-26,0.002890380387723058,-0.0023758261058627853,0.006682616414731639,-0.002142622120204896,-0.01359015141889124,0.002451867889347638,-0.0029668600452631296,0.02493212553816032
2021-07-27,-0.015012392426008441,0.0016636888817755746,-0.001319710740653228,-0.008721561265927118,-0.00446747216265621,-0.004567869508631541,0.010613951346181798,-0.011177225693673562
2021-07-28,-0.012271300053151423,0.0050335632022407,0.0016491954899153288,-0.001117269049917405,0.015241655156017435,-0.0004102703940264471,6.699163381456807e-05,0.0067213158215672225
2021-07-29,0.004542164148982722,0.011044023020098688,0.008533240070532492,0.0009778729013758514,0.008119494762836492,0.0041387947440333405,-0.005561587584922361,0.012121263759951364
2021-07-30,0.001509660403756302,-0.007918108309762988,-0.00800606231338356,-0.005565275965980157,-0.008324816281154482,-0.0048681003402056,0.004692899135238504,-0.02334860691872003
2021-08-02,-0.0023339753529193,-0.0012374082182159806,-0.004027082156395964,-0.0003157983772507564,0.012790535290380555,-0.0021002249047328016,0.008879674998667632,0.0001735897805526459
2021-08-03,0.012565075965207057,-0.0007077270423842932,0.011314071039491193,0.008042635162384501,0.0032855173914030167,0.008102518314183276,0.0005304138810173465,0.010710282397014636
2021-08-04,-0.002786036269781581,0.00023593466942563418,-0.010850786766624591,-0.0021268209483611884,0.02290027095580358,-0.004931146114941319,0.0020543681602575633,-0.023645113374014065
2021-08-05,0.0007481730487912098,-0.003959922253451811,0.012549726033478462,0.010450885946074906,0.017746160223644544,0.006312951886172318,-0.005109879001553372,0.006313616534044332
2021-08-06,-0.004778499738815375,-0.025308704477345147,0.028007645203264694,-0.00020705888526574502,-0.01321870990269872,0.0016510458932051863,-0.016841999279003157,0.011472307602676729
2021-08-09,-0.00034199805393383183,-0.017894816057729707,-0.0010797287084279414,-0.003911516074692945,-0.0034921862422987063,-0.0008138089889434787,-0.0035933192364280865,-0.011472307602676814
2021-08-10,-0.003359867814431494,0.00030914743149373187,0.012191953786536603,-0.006576736596032798,-0.017847347415145567,0.0012430360371615884,-0.004627923183309721,0.016987592644742575
2021-08-11,0.0017843326723996464,0.01369082807188368,0.011860025703145547,0.0017792111890300164,-0.011959661060064856,0.002481887702156441,-0.0006146413254082295,0.0029177334313068687
2021-08-12,0.02056046901984147,0.00024383177142714218,0.003901482781395136,0.009917396558776518,0.010403177556186268,0.0029926046999494012,-0.0016399617629321412,-0.0022642196767761256
2021-08-13,0.0014094244292423338,0.014224167163591615,-0.011250586820894528,0.010435114205853078,0.014117597127485008,0.0018181177567437442,0.015672349887794833,-0.010164725463305248
2021-08-16,0.013457037370464574,0.004975891262677384,-0.006584644594641003,0.0059579872681904495,-0.011859279098466385,0.002351893980496331,0.002420470230996108,-0.014728328882636916
2021-08-17,-0.006173098953444182,-0.001496155150116038,-0.012154418967292734,-0.005173115508185857,-0.024970988957759108,-0.006576746995169352,-0.0004026696490824948,-0.006816194125226338
2021-08-18,-0.025832019474461163,0.0007783092556947036,-0.009149537407352174,-0.006137766172537295,-0.02171607175567505,-0.011005498653159257,0.0033531082312035897,-0.021283056137015206
2021-08-19,0.002320537361062814,-0.0029367165231408677,-0.008390913638576466,0.02056225530051837,0.039038847793213774,0.0015471675127807654,0.007338717660279809,-0.03099592615038542
2021-08-20,0.010105779807842883,0.0005400158455303154,0.0028479064205989596,0.02525386012033555,0.05014095691741494,0.007925665782932422,0.0006640328169676898,0.00018952214911638525
2021-08-23,0.010204526760564263,0.012104007439095057,0.01271631887637999,0.0009524499151677871,0.05340969838250523,0.008757903046168155,-0.0006640328169676236,0.04032141377262613
2021-08-24,-0.0006011409325932421,-0.0004742535717267673,0.00617103574178445,-0.00668596413973801,-0.007542778773480535,0.0015862253777699984,-0.007807637047416776,0.008161805430363765
2021-08-25,-0.008456772788147047,-0.006961609676564189,0.020403050048025336,-0.0020175954800345473,0.01908871907314556,0.002096125732299461,-0.008341248246419908,0.0018046239397611677
2021-08-26,-0.0055428294942501755,0.001133835388463418,0.005144544451999932,-0.009715806524702074,-0.00654887324622672,-0.005920545562653088,0.0027656101451593433,-0.01361535483886233
2021-08-27,0.0071588411907524225,0.014917723322635659,0.008004735500788873,0.0021043064301100468,0.025412785246309185,0.008901266136403548,0.006780900073156646,0.019189640895851134
2021-08-30,0.02996376711865053,-0.004947859047149437,-0.016136359159303164,0.012829276565797897,0.0022945912036035133,0.004387883637934747,0.0026059839278208758,-0.010998284864153812
2021-08-31,-0.00846051605540317,0.00200564206756742,-0.003059054923347114,-0.005648215326287626,-0.013268457350068865,-0.0014827606800606177,-0.006830100627135745,-0.011670393835894913
2021-09-01,0.004468653623504584,5.88968847449306e-05,-0.0014387938296883097,-0.00016570790591857485,0.002498373114506633,0.0005314049336936126,0.001673435748421378,-0.013851903050545525
2021-09-02,0.007447341628388615,-0.002655242464544409,0.004622111508893889,-0.002255662335383779,-0.002007290115372636,0.003071851426935334,0.004356642703775359,0.02407114977225707
2021-09-03,0.0042216644923411045,0.010637446088029513,-0.006063195293624241,-3.277706992363468e-05,0.019762429175313373,-0.00024290764386799123,-0.009136264161452808,-0.0038201029169683
2021-09-07,0.015370352402701733,-0.019778020504279115,-0.0017571138204039098,-0.0031933744010998804,-0.007955236645184632,-0.003581712187189321,-0.00847168965007294,-0.0058488467898919205
2021-09-08,-0.010134813728703255,-0.002507544166051433,-0.004469724512355187,9.991112147540122e-05,-0.01435539226601475,-0.0012189912859763405,0.006783059040460766,-0.00920829709036451
2021-09-09,-0.006727484124569959,0.004413734414974538,0.004344051606828302,-0.009908659764309564,-0.007278415552535738,-0.004289554470957445,0.012028109482864887,0.0007396218677041763
2021-09-10,-0.033661997850834284,-0.005071495164425335,-0.011562416432345901,-0.005194547162751376,0.013481724346889112,-0.00791586146410423,-0.008855281848008087,-0.0020355079937007066
2021-09-13,0.003885768914351808,0.0033441618437189445,0.015762424470821886,0.004319582497813048,-0.014609539941905534,0.0025560992848142955,0.006045545760606412,0.02542425576288429
2021-09-14,-0.009608219747615509,0.006417907636002404,-0.017606975271662287,0.009383747790093277,0.004054644556939554,-0.005411138649680841,0.012050637695485325,-0.014370409173557381
2021-09-15,0.0061248602176439265,-0.005881528710091136,0.006915609387784965,0.016639526199459853,0.004441013947219941,0.008318011852975822,-0.0035137394119374933,0.03315618178739338
2021-09-16,-0.001611555513161595,-0.022902242747818987,-0.00044279088456149657,0.001311179334968914,-0.004441013947219909,-0.0015864712033434552,-0.004592711940703268,-0.010691661192070455
2021-09-17,-0.018518595162535397,-0.0015862999324902439,-0.0025969328177985747,-0.01768384571655076,-0.015496021234483274,-0.009788960404860792,-0.004814995749371478,-0.011894087147245104
2021-09-20,-0.021592383902385433,0.007118755657039398,-0.030391026499969855,-0.018749496281800525,-0.036597594915413506,-0.016814698313289297,0.012326034748175767,-0.027011153454979786
2021-09-21,0.0034221760914976995,0.00664689654260444,0.00013090422735342465,0.001697637319758346,0.0062798401580141765,-0.0009451439155792742,-0.0008620884345676756,-0.0009316938519404744
2021-09-22,0.016731427134449077,-0.0037409995549623856,0.018971820257031577,0.012740580726384563,0.032188195254183816,0.009707594692743899,0.0059473383587564715,0.028848960778273813
2021-09-23,0.006696917914767472,-0.011613566243419594,0.03324219725559575,0.0032769981744485426,0.024357791343410543,0.012076843518415445,-0.02285645566102924,0.033309713825136214
2021-09-24,0.0006128792847890203,-0.0012850982867509395,0.01147438736701417,-0.0007013180073446711,-0.017997331618024383,0.0016457145196119443,-0.009821519446698925,0.008895174876137009
2021-09-27,-0.010606386581085552,0.0020798706668898187,0.023878286098496362,-0.01745583191388165,-0.019250340492743483,-0.00286484957718434,-0.0036829418623725613,0.029260049572597285
2021-09-28,-0.02408899174165079,-0.009763940911599527,-0.0054046063744718174,-0.03687501863312752,-0.04538189677066243,-0.020357712073944007,-0.015698817612464517,0.010401399054559066
2021-09-29,0.00646196118606634,-0.0045149330127863515,-0.0007830806654475993,0.0016915013075266526,-0.008831555358984871,0.0016816544636871357,0.0017337817381597243,-0.0006678614230010417
2021-09-30,-0.0093552327732605,0.01781698430701417,-0.013711996119201928,-0.007350592812237688,0.009652630560751293,-0.01229758570474388,-0.00013850904924376045,-0.01786060708933847
2021-10-01,0.008094074485815918,0.0022505110921036547,0.02079765234453945,0.025149172136991367,0.001254383536458435,0.011814028603493577,0.008379814287402159,0.03524371009009457
2021-10-04,-0.024912963801493222,0.004667408258473528,-0.0010778669797214065,-0.020937335003346096,-0.049918978486829614,-0.01297974920763215,-0.0025482858622050244,0.012882430979440095
2021-10-05,0.014058905914868726,-0.004667408258473519,0.016198522852833533,0.019760531568620544,0.035790197360194606,0.010351130925587858,-0.009704032524661751,-0.0016215131178715866
2021-10-06,0.006287376038941217,0.002669757352534067,0.0021321939308974877,0.014951982541354126,0.01210176466865687,0.004147518315442632,0.00562578694757223,-0.018508365706168563
2021-10-07,0.00904333811814382,-0.005285683868044846,0.006310626196227604,0.00591888142436258,0.01795390922086151,0.008608535120986242,-0.010512997739228168,0.002806447944955397
2021-10-08,-0.002725349144106156,0.00042627404378714777,0.0007639970395617951,0.0,-0.011645352256955156,-0.0018255289037203367,-0.0070233244398795,0.024748769439389105
2021-10-11,-0.0006303449528178632,-0.0018893655741350408,-0.021256051901184268,-0.002104904824298817,-0.006550329498920034,-0.007265913057783273,-0.0025408203244547435,-0.01002115517175263
2021-10-12,-0.009144452887901944,0.004504271350483098,-0.007710606266963961,-0.0045988933277279695,-0.0011603042221847977,-0.002464724950653114,0.016955326889709903,-0.005211640906532329
2021-10-13,-0.0042488609805926185,0.01763773443447277,-0.026720604002434,0.011643247422782532,0.012881649576191055,0.0035911201079818177,0.009679569878270565,-0.002779979452478609
2021-10-14,0.020023896129485203,0.0024434808580754102,0.015224983221036997,0.02150122107080612,0.03781662531808768,0.01668069905151906,0.0037087666866704077,0.015113983165591705
2021-10-15,0.007484310364234962,-0.0160204917648545,0.01902631981769912,0.004810867945510238,0.005319921949672122,0.007586951229134539,-0.005843957932149258,0.00947088104115229
2021-10-18,0.011736901581764785,-0.002482990902389477,-0.00036022120303140135,0.010073649308910367,0.016332972972121645,0.002956217733392706,0.004677733730801471,-0.0004792307687423198
2021-10-19,0.014967573500599676,0.003208519186409284,0.01205570554321578,0.003054526701522519,0.0030554477566469953,0.00768522515232609,-0.01389096078145069,0.014913486293101482
2021-10-20,0.0033556374465379744,0.008725778175468667,0.013376175349369043,-0.002664082591434402,-0.008424789257170868,0.003920079105076506,-0.006772911788479379,0.005496888943316769
2021-10-21,0.0014725442584958,-0.0008991093021597419,-0.007874283107722568,0.01083841764965557,0.026298885265769453,0.0026048269454363284,-0.0011916606755074386,-0.018334596777551393
2021-10-22,-0.00529880773460984,0.006098334452755203,0.013361607076709633,-0.0051619608136573795,0.0014974164994880734,-0.0010367637791287368,0.010953078301949356,0.0068355989028136815
2021-10-25,-0.0003362370168279287,0.006890365329616705,-0.004902030096591397,-0.003337091151279946,0.019176199906288386,0.00534859298714956,-0.0015277730365044536,0.019299317946875567
2021-10-26,0.00456454695671045,-0.007427027125168416,0.00268740675311787,0.006405409876575142,0.06480544152369354,0.0008996148160249105,0.008234926174805432,0.022890546409318868
2021-10-27,-0.0031525435391409973,0.0026206236403640355,-0.021048651056066632,0.0412513694545575,-0.01082019737895006,-0.004440007271160171,0.01803103289884947,-0.026315275185949342
2021-10-28,0.024684042788232923,-0.00023791366260843256,0.014962386955619453,0.003644492635783792,0.01984178718300029,0.009602489394819988,-0.0033901383228078226,0.0028029289554221083
2021-10-29,-0.01832208117814865,-0.008544299301700552,-0.0027628185575080785,0.02216666789044379,0.02478945035284813,0.002027206829255463,0.0030513407957745166,0.002485022938768943
2021-11-01,-0.005623390533030584,0.005207004497418708,-0.0005296917973449169,-0.006807998494712014,0.010118224854342862,0.001718715482478759,-0.007225806228684331,0.017832661884126508
2021-11-02,0.00709073442419426,-0.0021513131388870075,0.003937936548407422,0.011351220750559093,0.021981221327042843,0.004034917282804364,0.00442927394575395,-0.012418534831178043
2021-11-03,0.009750867303365456,-0.0083501482773226,0.00035193929143398047,0.0026079447486830067,0.007434146818404536,0.006086729711844774,-0.010387502585391459,-0.01382557670342456
2021-11-04,-0.003504421887400647,0.011277125295739413,-0.013222613853416465,0.0072790791766724145,0.11370605346875926,0.004701322160804318,0.010455129076927154,0.00748023698311395
2021-11-05,0.0035759224716362973,0.012978359326946427,-0.0014269552182310753,-0.0011299351440013702,-0.0016456528415567497,0.0034637507978647706,0.014844973790555518,0.009426016462962618
2021-11-08,-0.005568177570355035,0.003585184846901929,0.005992062018790845,0.002763161663151187,0.03474821189183981,0.0008531171824464431,-0.0018775747020138428,0.010708307481160969
2021-11-09,0.002456530271820475,0.004916006634195484,-0.007600016394215434,-0.0030909316006847163,-0.004783641303725697,-0.0033107788971201537,0.012934752559663408,0.009691264276228352
2021-11-10,-0.0193492266325309,0.010800248284572371,-0.0009543453954873153,-0.015448295108632293,-0.03986146950709574,-0.00807740868638729,-0.018451782738692236,-0.0198972986886825
2021-11-11,-0.00033812819982054605,0.005586453042738802,-5.947814492702892e-05,0.00491541540252261,0.031114241577940908,0.000323445415229623,-0.0014855419806780502,0.0018675080791130934
2021-11-12,0.014235188178378296,0.0018934614978916627,-0.004484983065721327,0.012822282904670185,0.0,0.007518626340055373,-0.00440233073817441,-0.007648287340089123
2021-11-15,6.649155146114641e-05,-0.00154894492430588,-0.0017994961669516839,-0.0019322620074830367,-0.012083421282534984,0.000342435550231437,-0.012636372046434276,0.008580977467024355
2021-11-16,0.0066447060323367385,-0.007260156004477963,-0.007230334515750605,0.010184028376488291,0.005911017574968108,0.0039498906930869,-0.002546748799505656,0.010047220484858309
2021-11-17,0.016355645384176533,0.009095692432078762,-0.005396805655598936,0.0006785501193347793,-0.03168590002479083,-0.0024321762394523506,0.007893700362120795,-0.010979910611793448
2021-11-18,0.028136540319116096,-0.0032143154449525086,-0.008671431862666716,0.006320003461839081,0.0792722245437297,0.003390782055884156,0.003753302072308684,-0.010944307151498958
2021-11-19,0.016833338626189753,-0.007675708262916443,-0.0131494667341076,0.0053767771404940835,0.04052527500500754,-0.0017897758993364234,0.010502856795369674,-0.04732149379367428
2021-11-22,0.002923053660920133,-0.02267561664312034,0.021091051875568458,-0.00960552823650832,-0.031692923600247,-0.0028192813794356685,-0.011797745611749632,0.01375043307624719
2021-11-23,0.0024191827688147924,-0.008690053468478977,0.023630957922228454,-0.006346683306940993,-0.006593324843493358,0.0013251304591376163,-0.014564744776625452,0.025996557776715293
2021-11-24,0.0032784423606575484,-0.0009569597921073518,-0.007874915565113714,0.0006808869762816261,0.028812766667384422,0.0026662901083742726,0.015927820255591228,0.005528695569795829
2021-11-26,-0.032191178547402464,-0.0016168462526691021,-0.03059025971269464,-0.02465724445773734,-0.036496646771874405,-0.022555767526365702,0.02495517803045756,-0.03576104776919629
2021-11-29,0.021637851643900592,-0.0013795005365548109,-0.004332065922089967,0.02086238488163032,0.05775429386089352,0.012191996826606452,-0.008070795328567132,0.005535775965816291
2021-11-30,0.031089465943371558,-0.006744546424564762,-0.014997481217226506,-0.018106061303782485,-0.02119638817856634,-0.019649331177039195,0.015088074330244006,-0.028825285073699265
2021-12-01,-0.0032116005637130717,0.003980006790395922,-0.005936056068805353,-0.0015437683656339897,-0.03859635340580106,-0.011169359860890482,0.006149980630199165,-0.0008357667509825308
2021-12-02,-0.006148703080013423,-0.005552205835401061,0.0208093293844479,-0.0017890007528004585,0.021743445614063602,0.015200186138676184,0.001246326552963571,0.024614954822704198
2021-12-03,-0.011793630994293126,0.008376819081740972,-0.018279247860501162,-0.019862780562798124,-0.045630902685931916,-0.00873944067576602,0.011861640923741111,-0.006384533284513053
2021-12-06,0.02127459762747552,-0.0024635953850727986,0.011744674163398068,0.009796917816069731,-0.021604421259320036,0.011773642276775804,-0.01383049787567638,0.011268179753496617
2021-12-07,0.03483249281005034,0.0035432060613326127,0.01493529482819552,0.026411654201957825,0.07656131802032995,0.02047391383345593,-0.008112573189894707,0.011142549814112808
2021-12-08,0.022527591471659673,0.0005393685677794685,-0.011507199836589196,0.00014915912634400177,-0.018707797449785655,0.0026444278262767393,-0.017435989722655244,0.002886485220374351
2021-12-09,-0.002974166478143111,-0.006130129283900702,-0.0015565443284367866,-0.005597859850985457,-0.04288487386354459,-0.006774305401713201,0.005577529176164746,0.002558859862425449
2021-12-10,0.02762770590610039,0.004211020685246302,-0.003996741040389893,0.027945559319668724,-0.009622939508613981,0.009369375728743296,-0.002415564117110528,0.006368330702340413
2021-12-13,-0.020891053166153584,0.002518126917516811,-0.01195961420209734,-0.009209300709967899,-0.06983776197113548,-0.008897829073520176,0.01467112433419692,-0.02214445363205894
2021-12-14,-0.008055549590553613,-0.009385206339641532,0.007632880327594875,-0.03312960398417819,0.006230390651658558,-0.006903748635477352,-0.002385805886719776,-0.001461548473750369
2021-12-15,0.028110414792109385,0.004282351988516796,-0.007506193744263701,0.019035520532434187,0.0722131762944386,0.0155042243590573,-0.009668150584296504,-0.004396996909262691
2021-12-16,-0.04005552742276897,0.012024970840539904,0.015517790240569785,-0.02956780799906503,-0.07045024319007973,-0.008857712515580653,0.000387962236271034,0.0016305815380729938
2021-12-17,-0.0065229493170105525,-0.002143116686188639,-0.02301704487742686,-0.0033913324709953473,-0.020859424436119597,-0.010699721877657631,0.011268535667827425,-0.022076668444055474
2021-12-20,-0.008155178995355948,-0.004240244730917084,-0.018153106444351044,-0.012086574378800348,-0.002953739292886136,-0.010690401450432038,-0.0075199267100230964,-0.014598664050593397
2021-12-21,0.01890709828291517,-0.00041897618344674124,0.013870025348458773,0.02280720884090729,0.04776048960590845,0.017603040930163325,-0.003814791491798093,0.022397713348939953
2021-12-22,0.015202778165596863,0.00935611880010715,0.00390033078129057,0.01789644653372152,0.011115977059095531,0.009948955664912619,0.004615848469528146,0.008066599797702276
2021-12-23,0.0036371874043587913,0.002251481491211197,0.0035672713139100615,0.004461617348786732,0.00813020038597897,0.006202984680250692,-0.00871504754707581,0.0004918389568755215
2021-12-27,0.02271475709945454,0.002364450476828884,0.005706793099687262,0.02292103645197613,0.043086624437336074,0.014052981194121354,0.002420849601679495,0.014156803605001005
2021-12-28,-0.005783964968003103,-0.004319380340024978,0.003030156388260759,-0.003510386591871823,-0.020337863598991673,-0.0008176690105051132,-0.003970597621896852,-0.0032367921386489084
2021-12-29,0.0005018246732028639,-0.0002965516280151311,-0.0005041720560304113,0.002049122416332175,-0.010642969556164677,0.0012784562119538586,-0.010984655681182157,-0.00879188892157275
2021-12-30,-0.006599937245125851,0.007151581744182501,-0.0005049686713906459,-0.0077208711358984685,-0.013929419159710802,-0.0027684583951276946,0.008351660088178786,-0.005904742376228256
2021-12-31,-0.0035415855703338425,0.006808358432551388,-0.000820073553104241,-0.008880473783959442,-0.005932363075181284,-0.0025232437348859595,0.0019585322623899815,0.006558515967581835
2022-01-03,0.024696760879576573,-0.015503300973700684,0.020934471363638883,-0.00467925930067517,0.02385396154947079,0.00577332456309826,-0.026600859909338664,0.03768593735320514
2022-01-04,-0.012772951389081483,0.007339514803169255,0.037208770610937816,-0.017295823011238432,-0.027976484868236073,-0.00033511458193422755,-0.00416656748926572,0.036923892563132006
2022-01-05,-0.02695992492629214,-0.003012197052209778,-0.01845115515387673,-0.03914409211912617,-0.05928561387182139,-0.019388880611889543,-0.005442962725710247,0.012360665362574614
2022-01-06,-0.01683419117256262,-0.012319703780209438,0.010568149528371172,-0.007933379614024749,0.020580802430665342,-0.0009398429866924199,0.002585541010749776,0.02324826289045526
2022-01-07,0.0009877051027817319,0.004540812572282988,0.009859443417862422,0.0005096766267198794,-0.03359804265780839,-0.003961384784968317,-0.007214139151383151,0.008163295790582486
2022-01-10,0.00011621113636660151,0.0030355936239956378,0.0009564786624395497,0.0007320226331172172,0.005599558813434172,-0.001245129259975051,0.002457337754237158,-0.005970073620831336
2022-01-11,0.016644536798921784,0.01199245713664559,0.0010155504599580838,0.0022569293021011045,0.015104428431855907,0.009067001461006965,0.006639152289143688,0.04120152036488999
2022-01-12,0.0025668946828553596,0.0026391371424113854,0.005656030638581926,0.01039098616937055,0.006521524146706575,0.002699870432015807,-0.003838401894748572,-0.0029473450870309025
2022-01-13,-0.01921143148177712,-0.003402771341298051,-0.0012474532361152243,-0.04324444753815648,-0.052198010015075506,-0.013874281178119315,0.008841167153762932,-0.007194889164345757
2022-01-14,0.005097440840790776,-0.002883829150556528,-0.06343350404169172,0.017561732312228476,0.013715500974631945,0.0004088560495904742,-0.015224379162647706,0.017404176575747665
2022-01-18,-0.01907474877049242,-0.0016516182679313014,-0.04283226220723197,-0.024640517869125123,-0.03932763261102627,-0.01786823277576968,-0.014174648831133601,0.016695835554647882
2022-01-19,-0.021248959345800743,0.015755750605134237,-0.015590125524285419,0.0022442652281469563,-0.032806669541775864,-0.010437946376263357,0.006899877255768612,0.0004100614478992543
2022-01-20,-0.010401002203188793,-0.0025020112544038944,-0.008563975283178784,-0.005719709531901176,-0.03726762272928389,-0.011129762576231977,0.006148253260466194,0.002185922847284094
2022-01-21,-0.0128469843535546,-0.003267771913809988,-0.0176269488694198,-0.018640826581320127,-0.032660308071516965,-0.01982576209954147,0.011835817882687864,-0.015126650505743496
2022-01-24,-0.004876232059326877,0.005479160681096094,-0.0008964051785829573,0.0011481764216288378,-8.554641014615923e-05,0.004237659574631883,-0.008249325518026112,0.008554066196648526
2022-01-25,-0.01145016925253614,0.003192034576976311,0.010841211263086207,-0.026948608330832395,-0.04587652520730721,-0.01228397492373541,-0.001615964920359049,0.028976058540404685
2022-01-26,-0.0005633024307589781,-0.01629856790431354,0.009441406292766963,0.02809504086525311,0.019869522015168343,-0.0025120365994991058,-0.012167673176658022,-0.010194829817678962
2022-01-27,-0.0029478262545842584,-0.01298211532059733,-0.017802266708933263,0.010493446016837443,-0.03703792820013495,-0.004950119264721151,0.018196562904127245,0.012727216737745232
2022-01-28,0.06745099605747536,-0.002987752337666492,0.008906776449235267,0.027694909697895995,0.040019659891242385,0.024531816041100878,0.0003489542016792037,0.0021275548436878325
2022-01-31,0.025790095932413905,0.005907056331230696,0.01348214121139623,0.008784985960772767,0.06958811335014718,0.017850809184601076,-0.005183081455178091,0.008992563114650392
2022-02-01,-0.000972859236002148,0.0008325368758188378,0.017014270508070237,-0.007164558947243169,0.0061886887792738585,0.0067342252264272155,-0.003325352997961372,0.06214121728043976
2022-02-02,0.0070195197882965,0.00361943388995412,-0.008037147368261442,0.015107548667959382,0.02421917369234559,0.009667149818020805,0.003381426426669494,-0.0026014418537977507
2022-02-03,-0.01686109430061089,-0.0014224174555621005,-0.008304822447926843,-0.03973138971991302,-0.05262444328853843,-0.023785450477755314,-0.007836333320551867,-0.01172799243130234
2022-02-04,-0.0016807198118562344,0.0015408910869810946,0.025627380957009414,0.015448550309863023,0.01537317878655284,0.00469122535291578,-0.014852619800704063,0.02147940933183588
2022-02-07,-0.00424366631867179,0.007375317353577323,0.0033375326620667975,-0.01644462821086492,0.016678226020613102,-0.00321463940327469,0.0006477156458768423,0.011966026363580334
2022-02-08,0.018298296893513557,0.0030522079460774463,0.018639716013794307,0.011923939053273106,0.015250388120780953,0.008194219942512258,-0.0067086623475979545,-0.026192641291446668
2022-02-09,0.008259701764696715,0.003393414275398407,0.00415963812637165,0.021599863506537725,0.06166405675474606,0.014530272483946085,0.0018800768330321552,-0.004798772817653471
2022-02-10,-0.023881952403777704,-0.0038037857675304026,-0.004159638126371547,-0.02878324972298219,-0.03354644055578721,-0.018129099721657105,-0.016019729077354165,-0.009666624455095656
2022-02-11,-0.02042544694561305,0.018875607865561438,-0.013102351521130214,-0.024573935766416224,-0.07537754396022038,-0.019915850252695117,0.014718970167956315,0.02486694387080848
2022-02-14,0.0014222772093077643,0.005336451777182292,-0.009333741842065124,-0.00013530401867137027,0.013190630541537117,-0.0032746556259681567,-0.012519639240752415,-0.015453419700239278
2022-02-15,0.022888348013376743,-0.009545260370239185,0.014517978453122436,0.018372600486513326,0.0878386299821778,0.01599825869606692,-0.011417458751523885,-0.012613959870904322
2022-02-16,-0.001389980637950687,0.01023173130733765,0.0018079259052087263,-0.0011682844523938601,0.0006036915029634806,0.001120268528153874,0.005909371733525298,0.004605069465588272
2022-02-17,-0.021498367375425965,0.013575508168976262,-0.023301657034699188,-0.02971919288018086,-0.07860092218696083,-0.02159280496881995,0.007410725659640282,-0.001532630506017883
2022-02-18,-0.009400050362641552,-0.000733724019731723,0.004677579697056416,-0.009677795029214639,-0.03593400489098006,-0.00649631130639486,0.010472251461788672,-0.011183520382669546
2022-02-22,-0.017972946276749877,0.002086858856896338,-0.0017762381343949265,-0.0007294567661205364,-0.010716251374136542,-0.010789617554466524,0.002600853988020391,-0.01170191277559662
2022-02-23,-0.026204410701754534,0.004497100140272996,-0.021161001644771155,-0.02623459735788524,-0.04382807839487485,-0.01789787555978731,-0.013877692117974575,0.004046166990933941
2022-02-24,0.01654271346308479,-0.006471023453826176,-0.028238358793699004,0.04983145331186566,0.05901789406753179,0.014937028093816198,0.0006582265556323497,-0.01271554615279008
2022-02-25,0.012882054495655174,-0.0033362372759372606,0.02338432450535594,0.009190716068494087,0.017075757353719842,0.021824179916536228,0.0007310598414434869,0.026556912046397128
2022-02-28,0.0016364132347844811,0.010311993951243732,-0.042591866502692935,0.004965823631306482,0.009394136631862829,-0.002561899566486189,0.021682014792537355,0.007423781432926533
2022-03-01,-0.01169604642699389,0.01800043176575384,-0.03845964297048163,-0.012935244656870324,-0.03794694218291047,-0.015347304584574182,0.011495437646204748,0.009518400704146173
2022-03-02,0.02037926748517954,-0.010460864384517259,0.020528143416234518,0.017609587798272996,0.031327728758790516,0.01822893431219811,-0.03478072776630042,0.01703216075827119
2022-03-03,-0.0019834042126900863,0.005935763844875876,-0.007133573446928177,-0.014326242178507528,-0.021113201940487124,-0.0049907901546986586,0.01013375479106553,0.0063131827982179966
2022-03-04,-0.01857955453604112,0.015803608419049087,-0.028532326564417933,-0.020691362232603646,-0.033357716453690206,-0.0081578985763228,0.017116813879232737,0.03694472973214255
2022-03-07,-0.024003340443434225,0.014753495270292835,-0.039381311395018714,-0.03850873358079696,-0.07156259001620591,-0.029922524338575993,-0.00765892453536758,0.03539895357685419
2022-03-08,-0.011744899476741033,0.026991429368426304,-0.007067689603440874,-0.01103188637714344,0.007558599726454419,-0.00761038190424664,-0.010110894886670248,0.007547056524862744
2022-03-09,0.034398990712031646,-0.030161495266205648,0.03928057828588343,0.04483770365280546,0.06739885293329205,0.02645765490953374,-0.009846798878218462,-0.05852626700257224
2022-03-10,-0.027562578570208853,0.003116366878477797,-0.011911248394003338,-0.010137690616066458,-0.015589531412583481,-0.00452588522702727,-0.014471868201576688,0.030570437942398807
2022-03-11,-0.024199076179891064,-0.007052696024243029,-0.0227813656211142,-0.019517967013412976,-0.024935371956272333,-0.0127967863385305,0.003341041030179645,-0.005168178300372484
2022-03-14,-0.026921557955213365,-0.015188475058141502,0.009881956682578418,-0.01304536878696451,-0.03546307299673271,-0.007334805222244169,-0.023625901981315665,-0.03645464292796405
2022-03-15,0.029245414544415902,-0.018882610033681094,0.01759028363424101,0.03801068021965944,0.07420492674102824,0.02175204396245727,-0.00174730231895623,-0.058596248737815805
2022-03-16,0.02860250693524175,0.006241285995487705,0.043716307890883474,0.024900853701867773,0.06419033452477074,0.02193191886674754,0.009760095400069072,-0.003762742852987002
2022-03-17,0.006433240164300689,0.004876733952655098,0.01256535477770596,0.0028151779005078322,0.010961904414415418,0.012433245041558324,-0.007481655359364565,0.026298797536950073
2022-03-18,0.02070324666495114,-0.008828710707897394,-0.00035672312966289406,0.017493871793124477,0.06589770177553238,0.010893174732611399,0.012138947885462728,-0.003932836935116961
2022-03-21,0.008501492153138664,0.00761175501954624,-0.003217348603958387,-0.004236057822714375,0.010566519566174751,-0.00029244822510855723,-0.023428580350797996,0.043893377584118334
2022-03-22,0.020587099419176733,-0.007277189924242526,0.02104434502055617,0.01624637505009634,-0.007886004248654549,0.011633454106466903,-0.012894842012773907,-0.004389230578612297
2022-03-23,0.008199693648249068,0.013567209576051467,-0.020113751685973614,-0.01514368853445658,-0.03413037881264313,-0.012961823100953748,0.02167841782284453,0.01563956224349805
2022-03-24,0.02242491520974468,0.007234137513108609,0.006489106625220848,0.015275418121772504,0.0936275154323441,0.014961930601984069,-0.00786387690694152,0.00300316455610986
2022-03-25,0.0037269214671191006,-0.004103860537691329,0.008704666074564613,-0.0013819968117821369,-0.016403622893094674,0.004871598448413328,-0.013969710429817553,0.021592795654371257
2022-03-28,0.005024005674933108,-0.018371517706821095,-0.007426170481014968,0.02285342032977962,0.018851975897403613,0.007087815350281576,0.008513191254809392,-0.028452907618693277
2022-03-29,0.01895364403640356,0.00044668806848975184,0.002198224138997698,0.015045314520306696,0.015367318919394267,0.012294834878045967,0.007523821005872381,-0.005327429285337468
2022-03-30,-0.006671654206119214,0.008006283379257595,-0.004543281450126972,-0.004926130958232325,-0.03429142014079702,-0.0061938986885389045,0.0077714940095934045,0.016972934504731783
2022-03-31,-0.01793588625990316,0.0003875207880489933,-0.030487240476400574,-0.01784145446223895,-0.014697705889037226,-0.015510970033241225,0.002425846140499145,-0.014305565446502607
2022-04-01,-0.0017195373790639876,-0.0063862158789015815,-0.0074366392344317675,0.003593724575442762,-0.021260869730537903,0.002830206316382039,0.0037995154232397274,0.006396646592343923
2022-04-04,0.023417176976168057,0.004835061682683925,0.004424528552428234,0.01777771668973965,0.02396923195273076,0.008530010394479953,-0.006973733974141491,0.00048135727562628055
2022-04-05,-0.019123553213696912,-0.006284549046099261,-0.01170565201316908,-0.013070355383489954,-0.05364304787495839,-0.012711621610157861,-0.022851964683940955,-0.005184322900725859
2022-04-06,-0.018623413915390925,0.0023404756196963713,-0.013971614352969106,-0.03729261591636013,-0.06056908954583158,-0.01004991803687698,-0.008126914686800308,0.011059060440948995
2022-04-07,0.0018026522233860543,0.0037777415804509116,-0.0030465428057553164,0.006224648885253079,-0.0081867038267229,0.005026488616084836,-0.007560904641658294,0.016598160711961418
2022-04-08,-0.011980416545107984,0.006246419748615932,0.018142587887210692,-0.014707832081010267,-0.04602839874285946,-0.002677745741268175,-0.010890038497624434,0.020827591454543333
2022-04-11,-0.025847181434801962,0.004947206140849894,-0.0036776184562203537,-0.04023023152384167,-0.05339214375155699,-0.017239852133244114,-0.015951293850385455,-0.035037547179631034
2022-04-12,0.011457637768540082,0.007647435301758943,-0.011038308898941182,-0.011280957550248192,-0.019023730000682606,-0.0037121482709756228,-0.0013815782017097694,0.020655740226627823
2022-04-13,0.016210345325477705,0.004777109287769396,-0.03276427188628914,0.019520421993048372,0.03198823991049036,0.011388532258186762,0.0020310427481499845,0.014036517262845757
2022-04-14,-0.03044711068146019,-0.003309019437270788,-0.009312700201517508,-0.027457969203119926,-0.043493766443394324,-0.012530134945335818,-0.02024891179182485,0.011681304045454888
2022-04-18,-0.001331743591615725,0.0030924062818564585,0.018383756718556573,0.002462407848916695,0.024396451457496977,0.0004112186621404989,-0.004981506551600758,0.008164528064345188
2022-04-19,0.01401650449441479,-0.015228268112133887,0.02049520931976837,0.016896729134932176,0.018872321423029914,0.01601362750172867,-0.0075189870365134906,-0.008961837956441928
2022-04-20,-0.0010159684927751433,0.0048830061930919995,0.0035022540304328414,0.003708249437316114,-0.032786927141918144,-0.0007417683570736154,0.01992634670348401,0.002276486979688112
2022-04-21,-0.004855474792191151,-0.003563943502360224,-0.007781995430660752,-0.019571473836721455,-0.06237442896181558,-0.015066497734796697,-0.00742585311536966,-0.010629466707838691
2022-04-22,-0.0282155140250611,-0.009769661352400816,-0.02914324710497103,-0.02444063885506137,-0.033657362746749485,-0.027822468578446943,-0.00631408009382555,-0.022073285690071505
2022-04-25,0.0067146559204969035,-0.018134432520229594,-0.00031542663218064583,0.024120169521267415,0.01963673587998341,0.00578078174713296,0.009951284908646246,-0.034294337551662446
2022-04-26,-0.03804257154016112,0.0015238553873300224,-0.03002747475606283,-0.03812107833736552,-0.05760188991436342,-0.029388593362879748,0.010016614221266665,0.00036438492929559646
2022-04-27,-0.0014679160564547737,-0.007585723242633687,-0.013091522973839973,0.046987423467458315,-0.020052737611171136,0.0028079134108031107,-0.012908903481427526,0.028157540312232315
2022-04-28,0.04416540269491874,0.0053838047894630165,0.015689372197002026,0.022380128924944575,0.07160674605167779,0.024945812677349435,0.0014880200070587642,0.02979710826627781
2022-04-29,-0.03729133279057942,-0.00011298334784093811,-0.03280043180769323,-0.04271114984777085,-0.06446422749862109,-0.03765567464334468,-0.01305747509455865,-0.02261609818732651
2022-05-02,0.0019644368001754124,-0.01871452290294498,0.00909040171126627,0.024734609312368934,0.05179730871294222,0.006001216153585399,-0.017486092157528624,0.013515491565958373
2022-05-03,0.009576673644857902,0.0026457593569150124,0.021193450821368278,-0.009501072127774002,0.003526054546691081,0.004573437645761586,0.006719338057316027,0.020389982469891592
2022-05-04,0.040189698195177606,0.009774616775434711,0.032545970921176046,0.028685358549995137,0.03666282065340875,0.029998333577636198,0.00549487652685717,0.039028659049782866
2022-05-05,-0.05732845030827582,-0.0038184194446891804,-0.025337969972305977,-0.04453185957974299,-0.07609963540939885,-0.03618966861074832,-0.02778076850388494,-0.015274088755198052
2022-05-06,0.004715764172486688,0.0016545049194706565,-0.0016153057067733324,-0.009491243840919709,-0.009009270686099875,-0.005986830624103014,-0.014844846896323635,0.015165265307675278
2022-05-09,-0.033752307631700694,-0.014585347642546313,-0.015147984875348375,-0.03764511517481339,-0.09691767418357966,-0.03254104297863869,0.00875880347980146,-0.08213526224320697
2022-05-10,0.015983695269687414,-0.00848106565352078,-0.024674232236931604,0.01842462628563691,0.037347132078046304,0.0023078574573906453,0.009028657465976723,0.0066083516735471375
2022-05-11,-0.053233398723022275,0.008133958004822058,-0.00632836221129662,-0.03377365937575715,-0.05640652454418488,-0.01601356561206041,0.019089172994859484,0.02060484576884858
2022-05-12,-0.027262524759068336,-0.015452706170676834,-0.000846734172807664,-0.02015939735472078,-0.02774153328971616,-0.0010444327991284293,-0.001867164013186657,0.004529460511236304
2022-05-13,0.03141778219649908,-0.008142627698810948,0.008855898769800806,0.022344523205253677,0.09043689695946895,0.02362651950046936,-0.014891086623238941,0.0292324709953062
2022-05-16,-0.010729674327408144,0.009493279652076629,-0.006993828283672219,0.0014542636132308963,-0.025280389035340568,-0.00406577833835095,-0.00103534639114223,0.023247726600684287
2022-05-17,0.025104853426180105,-0.006299094085683991,0.03260980399113212,0.02014022715017353,0.051533886917658055,0.020361501385668647,-0.012156932327461909,0.012673704078889361
2022-05-18,-0.05807338317110637,0.000531343704844183,-0.01725401024185517,-0.046598723294769495,-0.07059737824435006,-0.041146555943821994,0.021093191751080015,-0.015977522298717708
2022-05-19,-0.024950102079240713,0.014590277160260899,-0.014933160488316038,-0.00370649753405684,0.010921252802594938,-0.006143322365327879,0.0023921044793474536,0.005390700628302739
2022-05-20,0.0017459362175305674,0.000697767757192036,-0.00823258136557933,-0.002293926755636761,-0.02543159429612565,0.0004364289952080345,0.011286230902374315,0.007869108801868942
2022-05-23,0.03933557361752221,0.004639589893868967,0.06003296477892112,0.03152974231384404,0.012145886312294253,0.018537110108756083,-0.016591027874115302,0.021858060093302743
2022-05-24,-0.01940330271078037,0.007493711725538028,0.014026393689127899,-0.003959517880940289,-0.045027557386117745,-0.007663124020266678,0.01954014970572452,0.005417129231697941
2022-05-25,0.0011391205532979651,-0.006048248796558386,0.006939936131730315,0.01110824988464198,0.04957385741994199,0.008796169259466411,0.003946565738193044,0.019927350562799543
2022-05-26,0.022934533060867023,-0.001850609639927292,0.017142467205726614,0.012792856606951687,0.05031764855836524,0.01978429850431685,-0.004535740028925526,0.0035243462821140156
2022-05-27,0.0399481269231393,0.0005208853826908474,0.014038747263742652,0.027230086814323897,0.0523826006644944,0.024252639926369873,0.0024388234707626863,0.00978230167453219
2022-05-31,-0.005360606021059922,-0.009942270255165302,0.007286625664462718,-0.005026212633679717,-0.007416635760396135,-0.0056268355954754235,-0.021389798885754794,-0.01642672460870554
2022-06-01,-0.0008735914809282304,0.0063488366174163004,-0.01770097427710704,0.002021298256921348,-0.01903207413172235,-0.008121277327494673,-0.001143422401618245,0.01898516041490631
2022-06-02,0.01667152116965206,0.012234040087981134,0.015960116842975002,0.00789709745122239,0.06712812533332,0.018864454628352286,0.0005160569406722613,-0.0017391418948024173
2022-06-03,-0.03931870157363366,-0.010203900438868029,-0.014037504927055092,-0.016746418896535963,-0.045529049230388925,-0.016547702770884718,-0.0021522407434175525,0.014434224604430243
2022-06-06,0.005213828762328661,-0.004413447852864014,-0.0033091639960205637,-0.0047144227740575475,0.0035193482197256724,0.0030400048198957774,-0.018615886398914542,-0.0025262090289130544
2022-06-07,0.017433351641652887,0.006497267812168451,0.002617525088672173,0.013856748249607208,0.007425068882969097,0.009546796897525715,0.010742095598687744,0.044812532963705035
2022-06-08,-0.005056266947531537,-0.0009256257836888652,-0.01604262926777531,-0.007698984462499675,-0.014586344308861075,-0.010931889166141526,-0.008900126610942964,0.011733132002910752
2022-06-09,-0.036617848031979414,-0.0031883338247287547,-0.02123953146315172,-0.02100200537277258,-0.03270435511887653,-0.024070181786617836,0.0033250676017873397,-0.021845167682916774
2022-06-10,-0.039394571964963904,0.013323135228160962,-0.047055839962129135,-0.04558737138461876,-0.0613516389953783,-0.029424224869774713,-0.006221407903741503,-0.018443360964320383
2022-06-13,-0.03903706348166648,-0.02676735882447253,-0.03023077569797684,-0.04333846145210082,-0.08140366218941536,-0.03870777809091255,-0.03188196352755907,-0.04697500348110165
2022-06-14,0.00665024618722588,-0.008035407203286724,-0.016779341080119137,0.009162981852758564,0.0120065512231508,-0.003018017379820155,-0.012694109441232684,0.002604819581725774
2022-06-15,0.01991219236909749,0.012966509676610984,0.01176644508557894,0.029301904878641424,0.04270963487649241,0.014155688392216339,0.018485070247492602,-0.012670965131156257
2022-06-16,-0.04045894090604419,0.011180446816136464,-0.0173051554139336,-0.02734068552340487,-0.05766056302274166,-0.03365612967811796,0.007908257697598552,-0.03758215315851197
2022-06-17,0.011467202283895295,-0.008256810144045654,-0.003532761710443677,0.010880697963334303,0.01772551797070166,0.0021534714205961626,0.003216871815159586,-0.05939435118710515
2022-06-21,0.03223522579651606,-0.0037437854344901486,0.024470455826454046,0.02429377108485089,0.04229219894975049,0.024861870702196448,-0.017097271758994347,0.06037870782257739
2022-06-22,-0.003834406780857007,0.003977268335422712,-0.005627584702096714,-0.0024069276890767667,-0.012513031466979309,-0.001814316687861927,0.02712888900977294,-0.04037584620389722
2022-06-23,0.02134459427091971,-0.006148118298448717,-0.0109997323489725,0.022383860726237197,-0.008286311086628743,0.009754415044895676,0.008181264836086746,-0.03062586592928635
2022-06-24,0.024221301548481372,-0.0009989609969459391,0.02940874340066133,0.033579999254427215,0.054044550343633035,0.03129908244046503,-0.013939409289483798,0.019639257893028363
2022-06-27,0.0,-0.0011176944418580068,-0.008044431940518779,-0.010552113406306584,-0.015120160664930679,-0.00382700057496214,-0.008565045909920953,0.02421535397964753
2022-06-28,-0.030242314522242783,-0.0016493806069405818,-0.004823389528125103,-0.032264227540419195,-0.0540145314450824,-0.020644597881480212,0.004648400857014929,0.027365502739757425
2022-06-29,0.01293968341704131,-0.0007666517068580592,-0.0044998474138110145,0.014630550647949603,-0.027917229182713717,-0.0008145556382036361,0.015487634373169617,-0.03763910283721973
2022-06-30,-0.018192063681919415,-0.006095587698335223,-0.023606755475562388,-0.013267213783539856,-0.024951515140829925,-0.008157338947872916,0.00874361495261242,-0.028547369377483603
2022-07-01,0.016035130790274958,-0.0008313996785857856,0.012706203994004127,0.010650938856857136,-0.04286094798807885,0.010520739467543271,0.010214315402194894,0.022057704403687036
2022-07-05,0.01875357846237392,-0.021437799680384485,-0.0038108435485086287,0.012518526493411238,0.02991379977849342,0.0018867743882432894,0.00782652301721584,-0.031796882332746815
2022-07-06,0.00956137826264455,-0.01596901758740465,-0.0065029504769463006,0.012701722223234672,0.011032356795224307,0.0033716074768864886,-0.01693373090347509,-0.018204941595767195
2022-07-07,0.023715993139425025,0.0005548992912700342,0.024977994150977175,0.008192931214989388,0.046994398031191056,0.014866240042551784,-0.00883913867620859,0.03144128235911304
2022-07-08,0.004703437872711374,0.00043143823725389326,-0.003142935739477885,-0.002760645231863037,-0.001261840708885951,-0.000823093254923484,-0.011137721664667147,0.0016275427221097525
2022-07-11,-0.014867602903382583,-0.0053749265251639535,-0.013203191217515538,-0.011838698571011419,-0.0442796627117535,-0.011489264927023388,0.017097529456967738,-0.005124705556395675
2022-07-12,0.006810377117910749,-0.0037236489059839332,0.0009741819496381092,-0.04184482694633281,-0.00463061347618356,-0.008888265134944976,0.005924421200010126,-0.013401041880270798
2022-07-13,-0.002539994069990903,0.004776265963686179,-0.009427414144404027,-0.00375175175242747,0.005422143827738684,-0.00526545455720285,0.011401017157928916,0.00401572303505076
2022-07-14,0.020275560737273633,-0.014146649261641277,-0.03556383942419191,0.005366944817076956,0.013623478921371265,-0.0024316107955338825,-0.008192012212274736,-0.02024132007118752
2022-07-15,0.011385095936205078,-0.0020104758163567997,0.044813997184409204,0.01033658535545685,0.025054465896556723,0.01892491534160202,0.005612332034857778,0.016699042886224078
2022-07-18,-0.02085915520165581,0.000942949789432323,-0.010322973082433105,-0.009667815557286678,0.021279275465025508,-0.008291203517755212,-0.010473244238197052,0.018284504738926215
2022-07-19,0.026370960890069507,0.002384623832616704,0.024476370457658707,0.020554415650702356,0.05386146139042835,0.02666076305594899,-0.005409312863705697,0.024890764958475496
2022-07-20,0.013419338303985904,-0.009446509339211243,-0.0001745024867361614,0.010502046145249308,0.04684869726243037,0.006352730265268178,0.0026210810392263743,0.010929167234609799
2022-07-21,0.014981515428575431,0.01401179660226555,0.0067867049783764755,0.009751648105160823,0.013554127461463434,0.010131654570203067,0.017128773306457384,-0.01683733680245142
2022-07-22,-0.008143853535644778,0.0024926409954947677,-0.0048678249236916195,-0.01706106316538139,-0.041341143710831335,-0.00932127458678863,0.01667097356042029,-0.007664778115702542
2022-07-25,-0.007425695886437524,-0.0027423043036363935,0.004000470697702145,-0.005893715369125917,-0.017180523938402456,0.0012142178814650217,-0.00983306644021655,0.032760282126308035
2022-07-26,-0.0088658513670996,-0.001186514317386386,-0.015745747950606515,-0.027139221030607945,-0.029265654717290045,-0.011901617788581332,0.0007662440627404907,-0.003897355906303816
2022-07-27,0.03366202649880634,0.010133467249785824,0.015919293579043675,0.06471213219885211,0.07327818912012035,0.025635030563220123,-0.00563364670179385,0.02141352029522971
2022-07-28,0.003565299686891819,0.01211168004371747,-0.003738433573543125,0.028141058375912506,0.010846156401836676,0.012464231441173744,0.007929545322165462,0.011617255964498809
2022-07-29,0.03226691831536565,0.0028071459585694595,0.004779148206402969,0.015543942285953986,0.009903795803938138,0.01447347336360134,-0.002721289016797426,0.045268038325863194
2022-08-01,-0.006172448116061006,0.005651232868696488,-0.010018852748163996,-0.009771856947460234,0.015190146973096062,-0.0029654791704615798,0.02379813715713052,-0.025600743006438144
2022-08-02,-0.009330798585844884,-0.005955990148902209,-0.015707849480600736,-0.011540953461212079,0.004598590366330695,-0.006619189630179301,-0.021387020463010154,-0.0043489741830496035
2022-08-03,0.0375342622553085,0.002435276067987767,0.01044069373850446,0.02745583432635127,0.019616638425102147,0.015538158551879294,0.015622217594510927,-0.03296013216386
2022-08-04,-0.0019279830711213279,0.016404693683584038,-0.011063536609958619,0.004168859536105139,0.01689940376874353,-0.0006759625564805148,-0.0003352095257201777,-0.04298933924106472
2022-08-05,-0.0013899116051659664,-0.011309781450742627,0.029810840734311568,-0.0026123632724913476,-0.011831356534414554,-0.0016914020326250108,-0.02409137265203071,0.014347622614126762
2022-08-08,-0.002907525435672412,0.008434348290836127,-0.012255082914599815,-0.009197053702679491,-0.06505470260757944,-0.0011617771072018129,0.016012599417583227,0.005637033820094877
2022-08-09,0.00030343279434486204,0.003054867797077557,0.008967049471370957,0.00703873251084528,-0.0405456651590505,-0.003978889512067063,-0.0038942142603024536,0.01826917680777292
2022-08-10,0.02585735672844627,-0.0025151110588634198,0.025753280827798875,0.02400979641212079,0.057486586865102766,0.02078664835147981,-0.00655315900662462,0.009448788047036706
2022-08-11,-0.004441363672990517,-0.002641706914863643,0.014673553369821917,-0.007428396251296898,-0.008601777404839351,0.0,-0.023585309108444037,0.028517477101281476
2022-08-12,0.02119917946486501,0.009155976822720392,0.01642831061817942,0.016893617255872653,0.04186040619982993,0.01678722234913916,0.010089735342515378,0.008654347082965079
2022-08-15,0.006313577093509794,-0.012950528089989187,0.0026983889147945417,0.005330052089577895,0.017117164820763607,0.004112339886534269,-0.0008659286814816754,-0.018034124100582895
2022-08-16,-0.0009242958918279842,-0.0017516299628300418,0.009508736216780583,-0.002593369928985262,-0.008071885508351006,0.001956795886922565,0.004148928351810302,-0.009358981754372636
2022-08-17,0.00874632969509748,-0.006489345947105167,-0.008447680627035289,-0.0026395475819624404,-0.029238187084597154,-0.007123562212426515,-0.010492000493539844,0.008058332501607495
2022-08-18,-0.002294127696826769,-0.0026198444873023344,-0.007779680521267873,-0.003955238359795073,0.023607931260583113,0.002902437702481087,0.0014805400825008573,0.02336916686166904
2022-08-19,-0.015217252487256496,-0.007347552958114958,-0.02505657622738366,-0.013950905727450313,-0.05047208710855756,-0.013528974497493672,-0.01623330416867957,-0.003183645505470598
2022-08-22,-0.023298756046532296,-0.00665930336783302,-0.01665988213353756,-0.029794727938928435,-0.04673605199922607,-0.02104255861185437,-0.0033670746697975003,-0.0007442959708352034
2022-08-23,-0.002030963007757244,0.006966551217581505,-0.009905800035683683,-0.0047276793201569585,0.00859244421461158,-0.0024220775445252625,-0.0055188372544321745,0.041566341929443126
2022-08-24,0.0017922674513940206,0.002944580504679446,0.0024210433179458523,-0.0023539303705570618,0.002383259654236723,0.0031958894356790258,-0.007345471070864433,0.005900846681306425
2022-08-25,0.0148124633701363,0.0030581063588208724,0.023470195325769896,0.011034120529054585,0.039339512765814905,0.014018756498787113,0.013839858756007208,0.005160078809470498
2022-08-26,-0.03842804626337398,-0.012227153201929956,-0.033276233663214014,-0.039351086256099656,-0.09681875340940717,-0.0344351475936893,0.007509286132935026,-0.012388828052387578
2022-08-29,-0.013785058697260712,0.0006180465249853886,-0.0024448566488770905,-0.01072533866733304,-0.02863482514734091,-0.006634212472780922,-0.008307522475814379,0.02272982852073296
2022-08-30,-0.015423749202121383,-0.008375556136480044,0.0001748047439508231,-0.00855748626945532,-0.021299727734658856,-0.011038565448269897,0.002481786116191642,-0.0387974588724967
2022-08-31,-0.010691897211152693,-0.0077553096129762645,-0.005961236020377455,-0.005720326754079677,-0.024476205423349138,-0.007637977000170778,-0.00960703955259008,-0.007504081678605028
2022-09-01,0.004695707459615251,-0.00882902347465035,0.0068348750908883175,-0.004100834235615258,-0.07975003764916895,0.0031328848938857153,-0.01847780287089087,-0.01815725945216322
2022-09-02,-0.01370457609383433,0.00876617372318804,-0.007010799015332492,-0.01680718489791159,-0.021027515920494743,-0.01060037972903719,0.00564103615650451,0.018157259452163284
2022-09-06,-0.008249315083159533,-0.005856578259356107,0.0002637264728291407,-0.011034439923256298,-0.01342595783074706,-0.0037803447836811887,-0.025080628495912236,-0.006717505016810775
2022-09-07,0.009211529834573075,0.010117286090114818,0.01881253555717282,0.018931134059978472,0.01862060260501471,0.017805595852562934,0.0156919287146921,-0.00856747768017579
2022-09-08,-0.009664368633965243,-0.006020378897494643,0.023028914600784406,0.0016647951597840256,0.019925409525239083,0.006514871270703629,-0.010310423359022887,0.00814590961096744
2022-09-09,0.018664513074189103,0.005269846503477033,0.0047945285459353925,0.02271674152697807,0.027982402173240797,0.015416041670781026,0.002218032063854382,0.016613957838044455
2022-09-12,0.037785004154439694,0.005055386193321507,0.011762450738823016,0.008246996300641735,0.00816845764652878,0.010690206471251674,-0.008250788085209597,0.01143713696177681
2022-09-13,-0.06047147393138234,-0.013096728906648173,-0.035366828458832544,-0.05654740679080489,-0.09951759656694793,-0.04445622068496082,0.002324765088685374,-0.023635417975691738
2022-09-14,0.009509991485750803,-0.003855034555311845,-0.0023223909789367417,0.0009123274034588897,-0.00022864229827732722,0.003808550617261204,0.0034303392055640234,0.024249643873471664
2022-09-15,-0.019111495975130198,-0.018855801737618274,0.014957979540444777,-0.02749375236141028,-0.015274228011946884,-0.011418196459872269,-0.0006478517415798202,-0.02950853473094127
2022-09-16,-0.011020733834817711,0.005533767627080334,-0.006724754514176053,-0.0026116441009067285,0.02059218817690768,-0.00765810096300083,-0.008370714249810679,-0.017230774489962908
2022-09-19,0.024773699085453637,0.0007697907679810017,0.009182175159895637,-0.0008992256766734712,0.013845290649452353,0.0077251082390094325,0.002332272479591923,-0.00010736575443281632
2022-09-20,0.015544117247733786,-0.005722932055293624,-0.01991626436846908,-0.008501621489356072,-0.015513481863425235,-0.011545126735814757,-0.010020157739716032,-0.008187729377178092
2022-09-21,-0.020475886618170624,0.004632228320962459,-0.02925909432117355,-0.014541246968532056,0.006430431719868019,-0.01759764678658102,0.01661385608066558,-0.01625007985707329
2022-09-22,-0.0063957535713927375,-0.0005778441890031698,-0.011444114377261996,0.008459619531672109,-0.05423072768778623,-0.008435431423804946,-0.025880669244429017,-0.004186862369707769
2022-09-23,-0.01523936048142273,-0.017427816406674814,-0.018788747917715294,-0.012779453453620821,-0.0035889298854325214,-0.01689670418777218,0.004076836700185529,-0.05468683023060827
2022-09-26,0.0022578344834756417,-0.01170141432179742,-0.02176723837912742,-0.0019773324394573373,-0.023279477848878016,-0.009942168633400942,-0.019295645280622723,-0.020857397469844396
2022-09-27,0.006544808157322188,0.0020477436877313054,-0.008841207563701726,-0.004389385274171501,0.015015909660813415,-0.002555789915597518,-0.026684229752464792,0.020740791458496118
2022-09-28,-0.012732550913941989,0.020573557832177892,0.02001557430422638,0.01951958583649433,0.02568841677722718,0.01948525533804309,0.03293366686452815,0.035742597002339414
2022-09-29,-0.05036635817209207,-0.0001939471718055397,-0.017091166780377063,-0.014919661514984877,-0.04135870877575385,-0.021110173731082246,-0.005189098755461191,-0.0020277742812032343
2022-09-30,-0.030499826731040226,6.462035224685361e-05,-0.015760231754300767,-0.019558507868237075,-0.006650411963676916,-0.01558453343919711,-0.012994835656242624,-0.015569417589587752
2022-10-03,0.030289365038519145,0.024019005945363412,0.03044083497207174,0.033108408977037776,0.030264777959869264,0.02605898820367291,0.015764645135795657,0.05145370276577224
2022-10-04,0.025300390267469306,0.014226444596111972,0.04572232300659687,0.033253353863495504,0.05102541587946419,0.030516111439756435,-0.002797078149267998,0.03579654216973163
2022-10-05,0.0020513180883782,-0.005553659432976476,-0.012423638103914189,0.0012847630976451766,0.0031846933268189275,-0.002331083562637306,-0.009607490865229867,0.03961617269583951
2022-10-06,-0.00664799825213458,-0.0011269264553861384,-0.020592897454504797,-0.009717871668607526,-0.005998675564067285,-0.010369310170421649,-0.005573911368121242,0.029229464665175935
2022-10-07,-0.03740970933611073,-0.011023386142689101,-0.02017620506343956,-0.05219156067017339,-0.08367976978393782,-0.02829017247117316,-0.009755529651648675,-0.010143350458810322
2022-10-10,0.0023527774611926274,-0.015318203217156916,-0.009385369939982633,-0.021533064974017847,-0.034198537433534716,-0.007664517933044264,-0.015667934313779885,-0.02191512402791143
2022-10-11,-0.010307761457560443,-0.002060212330939929,-0.029284476761078496,-0.016892177203107515,-0.007224004551867147,-0.006353123537041104,0.004416204749283977,-0.008534663139695824
2022-10-12,-0.00461575480058955,0.005335071671709423,0.01605329979388222,0.0015071865233424124,-0.007450305149436801,-0.0033040232291467538,0.004895040674924914,0.004377976471571167
2022-10-13,0.033060462159235894,-0.006947611087114204,0.05410263951689065,0.036918055653782804,0.039220511713856994,0.026048866940945513,-0.0096132322290286,0.0343519927677809
2022-10-14,-0.03277129630521419,-0.012537160793022467,0.016504013688902405,-0.024547585820933592,-0.06324616331856704,-0.023052574842557547,-0.008284143496512382,-0.02666044503507631
2022-10-17,0.028706887665605696,0.0028720806307473926,0.041142040552078714,0.038495288993764316,0.05720812907829765,0.025372505978004938,-0.004881731950245326,0.01431386312903648
2022-10-18,0.009365280091802606,0.002148660090392182,0.025395468431163193,0.004075408090554819,0.0066233162995506505,0.011681083938101697,0.0023420769635199945,0.0017873647116653075
2022-10-19,0.000764934457709833,-0.013488925988338462,-0.019800883065881934,-0.008505635909629262,0.006994811708910834,-0.007111771483174469,-0.01837340744397975,0.029231273545350822
2022-10-20,-0.003272336989691302,-0.0015834633753089122,-0.003266943120900013,-0.0013966319949854145,0.011796408982439045,-0.008420608858731762,-0.017240963427572902,0.0013478338499724144
2022-10-21,0.026699451590490964,0.01767059741452654,0.051194167464710685,0.024966421710147416,0.02206078946738124,0.02401084829553025,-0.018187430716088908,0.018399944262087194
2022-10-24,0.014694303249173339,-0.0032488658845126403,0.0012264260765155292,0.020966575689792242,0.010612444851451007,0.012162182467156415,-0.008298794873357343,0.0069659765649667665
2022-10-25,0.019152898685644824,0.002275353560635257,0.0026116626095180014,0.013697398164523767,0.05121008625685777,0.01584250519324171,0.028697192547117334,-0.006776851330644274
2022-10-26,-0.019822080844577403,0.006343446354353355,0.01142585866624381,-0.08029542911026584,-0.027910281007000364,-0.0075625449684840786,0.014304295047474845,0.011829883225301421
2022-10-27,-0.03093929744028885,-0.0015497241473593686,0.003940280114625622,-0.019954027335642183,0.021479849287132566,-0.005354462204589749,0.010416044045781598,0.0038194109042968363
2022-10-28,0.0728345755705975,-0.01026317410117862,0.011808030702379308,0.03943266996215599,0.048732180908265324,0.02351208089496376,-0.006897166586682571,0.0288679092034752
2022-10-31,-0.01553044005934924,-0.008194886192774814,-0.0015877753980408635,-0.015983096342618172,-0.024661647569537547,-0.007249400179083908,-0.007153827196597061,0.0009932567040589748
2022-11-01,-0.017698451210217934,0.010151726172797497,0.01787263367671244,-0.01720668593809082,0.003402140464611651,-0.004385507039803699,0.009302133482427227,0.009877985665705627
2022-11-02,-0.03801867283247866,-0.006996970202892216,-0.009250591077643432,-0.036008853230113,-0.024214499658658968,-0.025416335635081666,-0.004349405023811039,-0.02076651879453763
2022-11-03,-0.043330187825155714,-0.003813297433937162,0.0018097143732628217,-0.026938308759964932,0.015165334769908575,-0.010350316685597508,-0.005411782305709309,0.013502173546946779
2022-11-04,-0.0019494256904440932,0.0302345832528433,0.0269908495183795,0.03278201065839216,0.05331806009871059,0.014290515416063746,-0.016943074480954414,0.010832235831330304
2022-11-07,0.003894723404472202,-0.003970260739379374,0.0052664050940317035,0.02884953593790796,0.01019079318183792,0.009520149544890586,-0.01002688294658138,0.011772660197066789
2022-11-08,0.0041665384655867775,0.022836328940686813,0.000608574927370633,0.004378807790083294,0.02082903721786839,0.005380902799802417,0.01087564841875933,0.003162987063897815
2022-11-09,-0.03375327798970964,-0.005029894759161607,-0.01309382633199169,-0.019233852027098073,-0.05823045914005927,-0.020817316260770956,0.003281534968996474,-0.04576853644236009
2022-11-10,0.0852362437418115,0.029990153003992607,0.04033449766697062,0.07905892878823664,0.13391243220628093,0.053497304806095464,0.037752563757911445,0.014585495471331514
2022-11-11,0.01908569833010077,0.00658459794711783,0.0016274494750736794,0.01685444882356698,0.03597948684933231,0.00963210353692653,-0.0036707473499422564,0.03074426760809346
2022-11-14,-0.009531014173600366,0.0021852662272774694,-0.010326770901319117,-0.022757140717933815,-0.001961663449535877,-0.008543337504547919,-0.002455246544819175,0.002915098397486645
2022-11-15,0.01179971265535387,0.0035106980811025834,-0.00726975796937464,0.001737456001072011,0.022512524236417388,0.008493131628261276,0.01605105475151193,0.006681176945348428
2022-11-16,-0.008366024749728163,-0.0022987420952167376,0.001352759835935614,0.0018215693460104185,-0.04642283385534187,-0.0076582401081535835,0.021632445900907973,-0.010747007694807579
2022-11-17,0.012887832960654056,-0.007293959961673216,-0.004366340668666458,-0.00020679259532869638,-0.014753220624610902,-0.003064438712528158,-0.010608218826641614,0.0013275689698067498
2022-11-18,0.003774601314388409,-0.006917507382313755,0.009760523822728035,-0.0019051515879957516,-0.017242939136828853,0.004530158844843777,-0.006901053143408254,-0.008705728665881736
2022-11-21,-0.021918513242873763,-0.0056056352070885974,-0.005920038996543207,0.0034349886341364442,-0.005988338277698825,-0.0036428624517248296,0.004206094411137454,-0.009952945173081096
2022-11-22,0.014554451511413739,0.0011730356909015207,0.014846018770958244,0.01223625079101487,0.04599738823257045,0.013367292731912287,0.014092128790683913,0.028516074991355667
2022-11-23,0.005908873280202206,0.006212503317279542,0.010607071700940468,0.010353053979105575,0.029550438174886385,0.006281778717931129,0.017291362453234878,-0.005004495468621471
2022-11-25,-0.019787946799531674,0.000858102340972588,0.0019033294118971002,-0.00036345990259158617,-0.015188433968590064,-0.00022351168503384684,-0.003395323487343309,-0.003527021093649303
2022-11-28,-0.0266152792219541,-0.007934893665371402,-0.017632941978106095,-0.023424704459834064,-0.02760547601594286,-0.016085938305720138,0.0028138139547985177,-0.030492905693757795
2022-11-29,-0.02137529761434853,0.004928261563008794,0.0163155913952225,-0.005932497208595967,-0.011949369179605382,-0.001718833782256772,-0.01179530504071703,0.006625714742561142
2022-11-30,0.04745012224708648,0.012700921015012894,0.01179311789945781,0.05979939627239304,0.07916149251472686,0.03101450161728081,0.007327605921007627,0.007211197185701887
2022-12-01,0.0018898437054850992,0.01821784239630758,-0.014138973959545305,-0.0017651799911569963,0.012449552831796417,-0.0007359293965838009,0.03144641301658055,-0.004861719814439207
2022-12-02,-0.0033771030101223437,-0.0034616677176241193,-0.007958864291079141,0.0012948396471112792,-0.015230599539701193,-0.001154471555134475,0.012497106821105192,-0.00851992587648606
2022-12-05,-0.008015376851850749,-0.01730780530272015,-0.02844141980992925,-0.019081395959540216,-0.015887751177294223,-0.01815304238141158,-0.014105920935730366,-0.027780898351016985
2022-12-06,-0.025697104681748892,0.0027336344458788004,0.0016732446656765139,-0.020512816086437593,-0.03822882350484935,-0.014519700196058615,0.012797627344633368,-0.028189486039973472
2022-12-07,-0.013880871947388082,0.008998493556537802,-0.0006842687309885195,-0.0030643241071321692,0.008284819297401914,-0.0017025567676541905,0.023289155413325,-0.0022165837728449042
2022-12-08,0.012059778501412767,0.0008413425277820795,0.010439613229497532,0.012322899542137855,0.06304504675792909,0.00780333966929248,-0.0027444472110411838,0.007401247962422318
2022-12-09,-0.003440925148414975,0.0035378943750204003,-0.005433196407818747,-0.008035342301640115,-0.009833587192443915,-0.007498059543870203,-0.026358234151697732,-0.008463114176041764
2022-12-12,0.016257172209808934,-0.008294841833501867,0.015392493720814176,0.028479796981496972,0.030926704328433932,0.014314048648313954,0.003192041148874377,0.024329761687581036
2022-12-13,0.006759426518087705,0.016936889733695327,-0.0009692451460104443,0.017313859764569662,0.030164737298414065,0.00754145723520679,0.009609792685148102,0.010874821485904167
2022-12-14,-0.015657414485783144,-0.0024359858905979824,-0.005009298198251414,0.0011670233658105267,-0.022269038749643928,-0.006414136515116945,0.004261996183375624,-0.0073931717105115025
2022-12-15,-0.04798772571441568,-0.016494600382901816,-0.025123668551400635,-0.03243869638413421,-0.041708842576402054,-0.024765877930738815,0.003894056072657416,-0.009627314145661208
2022-12-16,-0.014686170493464074,0.008671019495160068,-0.006245770145057482,-0.017500908851848858,-0.022731886772571062,-0.011876445917194835,-0.011233079396163815,-0.007043099394705836
2022-12-19,-0.01603734447246152,-0.0028218082489996433,0.00593808331350941,-0.017480069471535253,-0.01931493680045212,-0.008515671821592113,-0.016948097410858624,0.004479001166060936
2022-12-20,-0.0005290826730650797,0.016458298941440037,0.0048321090215333335,0.005598797543183605,-0.010451844119145083,0.0013675175062011636,-0.01791692331918697,0.01434939192540863
2022-12-21,0.023530710172869684,-0.0016573862871153066,0.01118529598486329,0.010818118751558801,0.025533677508436967,0.014841714254981476,0.0025104988886552053,0.012759284159144705
2022-12-22,-0.024059838213900914,-0.012158980168932585,-0.011414691613823151,-0.025860177356269307,-0.07302220462342834,-0.01436904902434258,-0.00019280013953569693,-0.02038011945616984
2022-12-23,-0.0028021190513963833,0.002993835039254722,0.004733820363631747,0.0022644764191849286,-0.008708554065542336,0.005735979021302396,-0.014768955568993124,0.026101182688969927
2022-12-27,-0.013975696913397853,0.008394677302769623,0.0034978996909932614,-0.00744200099479979,-0.07402705999188429,-0.003951308368616593,-0.019970913801606822,0.013798526010109932
2022-12-28,-0.031165736969535687,-0.004515989032750605,0.00545047055037471,-0.010307822071992514,-0.0060375009706761665,-0.012505786262148846,-0.005909208284814137,-0.016562733880037456
2022-12-29,0.0279306949345043,0.005582639597805041,0.005721278533750385,0.027254978952627257,0.03960136456061133,0.017840350955566662,0.011287065477624491,0.007537553858036034
2022-12-30,0.002465839329453566,0.004667758029330661,0.0065839622674218525,-0.004949713448372282,0.000753132616669556,-0.002637895235282091,-0.011186572926804767,0.010022760957555476
2023-01-03,-0.038122208044017704,0.008335816871946341,0.007577244321112,-0.0010012344898485052,-0.02067209164129455,-0.004218649266592949,0.018904047534713458,-0.03496484510677167
2023-01-04,0.010261452298602152,0.009367889939565922,0.009281980453365061,-0.04472888419911303,0.029867341873189217,0.007690720504463434,0.013606944648131163,0.002906249972297108
2023-01-05,-0.010661356289745912,-0.01252963086748756,-0.00022153463350200878,-0.03008586708973789,-0.03336632498810767,-0.011479082659994587,0.00417197113176942,0.02212728710774892
2023-01-06,0.03613331379860909,0.01853466381119925,0.018954457551156715,0.011716409296837246,0.04079680655195829,0.022673124789144992,0.018229323829093202,0.012014315458611481
2023-01-09,0.004080609627532728,0.0022426010679794787,-0.004140704349620207,0.00968947742019005,0.050458419858321,-0.0005670466118552649,0.0053104028536598,-0.01881313875376566
2023-01-10,0.004446553217227129,0.003669304474491391,0.008913935137756079,0.007588053789826448,0.017820712926808736,0.006988144966520938,-0.016688430902738107,0.01482461726566873
2023-01-11,0.02089236120709858,-0.0006870298860052756,0.007404081248240205,0.029789876999010867,0.005766346453500964,0.012568685317760833,0.016120666157383067,0.011559672261862372
2023-01-12,-0.0005995473806311007,0.011501603213231942,-0.0010031480772520604,0.01155454877464666,0.03137542215697738,0.0036342924484507903,0.019491124651173055,0.01647491115924269
2023-01-13,0.010068318200861863,0.011930333702592914,0.02492174141484522,0.003014208799808789,0.023228107907161948,0.003872086748526323,-0.009416877640959706,-0.0006184928648992574
2023-01-17,0.00871820754320294,-0.006566591290624395,-0.01557412182503188,0.00467072671757268,0.04642306855711805,-0.0018337471516313077,-0.0064853041437536365,-0.001946361369177334
2023-01-18,-0.005384273525691877,-0.0028758838411488395,-0.030503266644376893,-0.019069633928990627,-0.01853025930516628,-0.01591402261960962,0.023943162122619845,-0.02075745325275654
2023-01-19,0.0004435941340234671,0.015743931377470842,-0.013416214228965613,-0.01659085828206313,-0.03585412214608462,-0.007306436047355029,-0.006279618665452024,0.006398227155956096
2023-01-20,0.01903832709912459,-0.0033409804213138158,0.0024462368759904226,0.03511965406988621,0.062093801290505866,0.018457719361661535,-0.016343973610843155,0.018071663625099904
2023-01-23,0.02322863021843854,0.0018946378029897782,0.016082619584095376,0.009776270518169169,0.073158532933345,0.011927163034251302,-0.0047191941805368315,-0.005218887514638053
2023-01-24,0.010012554099580752,0.0036119840879409123,0.00855960649843649,-0.002228497066240494,0.0037442444637763805,-0.0010739767188513965,0.01427800773753295,0.00926881629048144
2023-01-25,-0.004711922760425544,0.004593393795208086,0.00482726501737904,-0.005925548753225577,0.0030059906600319094,0.00037491495682415003,0.00242168852555619,-0.005285952952770163
2023-01-26,0.014695178198442438,-0.009096515003608066,0.006162757802168739,0.03025118998932836,0.024486830715507134,0.010930203079223818,-0.004662614777513203,0.03940424372191758
2023-01-27,0.013591433583761399,-0.0013939615756237058,0.002426147104971673,0.0006449845151511914,0.028034731842305483,0.002295002145448685,-0.0025268526978764754,-0.01842611418796538
2023-01-30,-0.02028222237195755,-0.002570014931290955,-0.008517214255481463,-0.022206292120902762,-0.06088828591092884,-0.012626127477236552,-0.00366212883268391,-0.01789119313597188
2023-01-31,0.00898025882286903,0.0036296165072691286,0.005948315130024994,0.02079502193324327,0.019381133971501943,0.014596357282217864,0.007963338713568831,0.021345047019743
2023-02-01,0.007869687958289327,0.012518134528387544,-0.0026470831142930734,0.019738392526048584,0.06949409403561825,0.010571653152728374,0.011949349283601142,-0.011007779783791558
2023-02-02,0.036392528442152065,-0.0209702840085377,-0.004667448335457567,0.04581841482884659,0.035922347917236336,0.014452045829875883,0.0012933310066544452,-0.03178802010606405
2023-02-03,0.02410676012676371,-0.025274496401227434,0.015355742506757078,-0.02390387837537552,-0.028453744711034096,-0.010685862704916234,-0.015068700195132352,0.006903634934293247
2023-02-06,-0.018091461288340605,0.002073259184240806,0.005865572620492289,-0.006134656812417129,-0.0005216095633346449,-0.006130123077957758,-0.007431075619964151,-0.0016988879443057233
2023-02-07,0.019061930228865227,0.0009200023760844002,0.01211634050904801,0.04116307328810193,0.05012382720525256,0.01299382402740054,-0.008058115731753482,0.028150729712132103
2023-02-08,-0.017810696795450543,0.002468544755507998,-0.007055926369506556,-0.003106859755079469,0.0014420683991053856,-0.010995027058667547,0.004747546068578889,-0.00873969089681426
2023-02-09,-0.006935180820393472,-0.007943887464013586,-0.015686101159827402,-0.011728289049917372,0.00592704359270609,-0.008706998256582952,-0.009518327486563583,0.003767501234139198
2023-02-10,0.0024530678021792486,0.0019053779351280687,0.004405535527079605,-0.001974401127444064,-0.04918208757367844,0.0023309471645431333,-0.011252888080512976,0.04128702608735517
2023-02-13,0.018632093145229664,-0.005089097798950408,0.010789817603332492,0.030764739563359705,0.024296947762469642,0.011670568613485968,0.008379439031290003,-0.0038973171844342734
2023-02-14,-0.004233699314144903,0.000753454984742333,0.004409125850516797,0.0031281870846996806,0.0528732238992831,-0.0004601795353593889,-0.0023042794011343213,-0.011783923307216148
2023-02-15,0.013807564259774372,-0.010014646847400324,0.004181022560755319,-0.00802533721074046,-0.009052293462051338,0.0032421061830921927,-0.009368865293402915,-0.003010975314963554
2023-02-16,-0.010484287349367901,-0.0008195726363130796,-0.013864598506307802,-0.026983316719663107,-0.03404692144106695,-0.013864391754475283,-0.0142692038874602,-0.002933545089826919
2023-02-17,-0.00757517980466359,0.002982339072148569,0.0029569931394067663,-0.015724777868400378,-0.028303329279756394,-0.0025015773616456805,0.007746025670102787,-0.03921026319885522
2023-02-21,-0.027042189289871506,-0.0037440046605545256,-0.018519717228799755,-0.021107802254948405,-0.03487249557604244,-0.020264739646746934,-0.019628838588711797,-0.000988889359979383
2023-02-22,0.0028917766814069556,-0.0056423768979153,-0.007692628051862143,-0.004601504167467447,0.004781353344679343,-0.001379027322603913,0.009122510769803126,-0.013037837674886444
2023-02-23,0.003285183590442056,-0.0005305918526508475,0.007979141643585626,0.012878380059205328,0.1312161170151679,0.005305290358058594,0.009724811359791247,0.009162433673611576
2023-02-24,-0.018169486856873508,-0.0072206822499255125,0.008980655258930676,-0.02202510925732147,-0.016102624941538662,-0.010739842387535866,-0.013086167244028718,9.010710422266179e-05
2023-02-27,0.00821361171169691,0.003912670406128105,0.008690029628681796,0.0037646957248114476,0.009190569195297711,0.0033999943207763104,0.0027692359234548596,-0.0018075342096282264
2023-02-28,-0.0034535846423232584,0.004545621851780495,0.008336199101765427,-0.0029625956174546683,-0.012201293817606143,-0.0037027905496045863,0.0045326974827063354,-0.005806008498205961
2023-03-01,-0.014348598835094104,0.005755555600934512,-0.005596613975094454,-0.012709614388066661,-0.022564960228420066,-0.0038433220464529068,-0.010800969757072646,0.008876952206464157
2023-03-02,0.004120666215336371,-0.000585735153896139,-0.010436242511852767,0.019462496753281853,0.026777359233481807,0.007747187408199211,-0.008907321591530428,0.004588575988670281
2023-03-03,0.03448858243005953,0.010666001055863707,0.018192852577987927,0.016509140658909224,0.0244059736970657,0.01591058748751322,0.023937900735248426,0.012577695900104411
2023-03-06,0.01836981865193344,-0.0050565936951402655,-0.005864387994891564,0.006169978269360276,-0.014164285940708617,0.0006925016433866547,-0.007783905012733749,0.008825486297642507
2023-03-07,-0.014602856462325085,-0.017635068390636166,-0.029848755247584756,-0.010645615369551123,-0.011187761349050111,-0.0154474124417691,0.006114003803040346,-0.019519938590418506
2023-03-08,0.00834255102808696,-0.0004745630282821619,-0.005932827062647359,-0.0017720735231970552,0.037629033934994116,0.0016308121100537649,0.0009822575683229946,-0.014712117025646875
2023-03-09,-0.015027104638109764,0.00980112770009771,-0.055657065867815034,-0.005454312392425505,-0.03129375421533678,-0.018622358101421415,0.0024522043876236996,-0.0077587224019696355
2023-03-10,-0.013975850204486823,0.021333667247723984,0.025078009901910954,-0.014893165012627304,-0.020302146263839346,-0.014534405075532723,0.03390476812178322,-0.012447590471846
2023-03-13,0.013178654520524106,0.022688861946558777,-0.018120625340923197,0.02121433325125952,4.360895022798156e-05,-0.001426324557535666,0.0022706161962886724,-0.011571580004232179
2023-03-14,0.013990937173737077,-0.005807897981361377,0.02535215190987425,0.026696044019027337,0.046660426712315725,0.01639492011912237,-0.0165782984461864,0.003747415383038945
2023-03-15,0.0026179466901412964,0.007773838437142398,-0.04839650938313037,0.01767375117199264,0.006833646808043981,-0.006273950132004616,0.019126594115488338,-0.05102766324372376
2023-03-16,0.018521315773656594,0.0020180543660701534,0.01922752256122606,0.03973611010752676,0.0527761205437482,0.017392978174801243,-0.007854136946332014,-0.0058228425298344055
2023-03-17,-0.0054689331016328285,0.028704276731304868,-0.03851405135713367,0.011626611587297742,0.007178168304230754,-0.01176141649146385,0.014897620911829973,-0.011848599075179642
2023-03-20,0.01536545734700315,0.0003807952240648717,0.010516023503383232,-0.026104691222615672,0.006779795417234402,0.009569589223604543,-0.008836355470973344,0.025805971386200183
2023-03-21,0.01187327843489824,-0.019055524569337897,0.026467534839270196,0.005677661656581008,0.011478263130273529,0.013045044494102258,-0.008629262769200957,0.04382773756704897
2023-03-22,-0.009144961730150834,0.016877382247649345,-0.026152944167622347,-0.005457105322460066,0.010215091023322896,-0.01719346894130812,0.013245319069414202,-0.023154543664227353
2023-03-23,0.006944983581753248,0.012460224063676011,-0.0026770827904894906,0.019529568419517238,0.026949787708235678,0.0026997629206726836,0.0,-0.01134639703005313
2023-03-24,0.008271370645195196,-0.011316136891165252,-0.015332860314124905,0.010426060010195559,-0.015268152324227674,0.006540635995288971,0.0042202991707600045,0.001159859586995222
2023-03-27,-0.012369565879228408,-0.009299831745516749,0.02825752176706111,-0.015046540608454948,-0.009304051554815932,0.0018683343404104812,-0.023770951010552665,0.02168919567653828
2023-03-28,-0.0039881698731652065,0.008155744573006158,0.0030307357486134795,-0.004169518854803121,-0.004571281975084257,-0.002247371280157226,0.0018190686031239558,0.012399083265213879
2023-03-29,0.019597397939454236,-0.0049731154716589265,0.0020152287442735638,0.0190020127531633,0.021501435022495526,0.014430031086016652,-0.00201073329138328,0.017031130464310856
2023-03-30,0.009841256792775362,0.008998964139577773,-0.0030246250361584217,0.012540872861438113,0.014678174533600803,0.005838418943613912,0.004590764454490821,0.00485234848448723
2023-03-31,0.01552301701319682,-0.0052258772770236855,0.012043867428149868,0.014851519281084283,0.014285923586317972,0.013995998092710637,0.014869690932452674,0.0015513604880309972
2023-04-03,0.007672258724139638,0.00717858251921089,-0.0011518131183272525,-0.0037183579012043393,0.0067455035508773966,0.003803396522820482,0.0046917491910052666,0.057325743574275764
2023-04-04,-0.0032548861207348503,0.018469345695108275,-0.013458393485007363,-0.00017430556201513656,-0.01847835917240529,-0.005563402001727483,0.004959772014838996,-0.009604214208697762
2023-04-05,-0.01135434417503615,-0.0007982432900846041,0.0014901417632466579,-0.009938519846932937,-0.021055616284355344,-0.00262172621545411,0.010400082756961351,0.016982407702567308
2023-04-06,0.005480649223336257,-0.007159660374899593,-0.0010977635282632366,0.025212630528191535,0.0057864068794886625,0.00389318645449498,0.00258344968451477,-0.016721723773697045
2023-04-10,-0.016101243324607988,-0.0074274015300659635,0.003289425277242988,-0.007607839223946975,0.019848370012806073,0.0010258324818076198,-0.016256152303797036,-0.004442752219924453
2023-04-11,-0.007620144761836779,0.00630066529229045,0.0049140660703970145,-0.022929205069889696,-0.014977931383860443,0.0002685354056395498,0.0020583439118735665,0.007046819491638064
2023-04-12,-0.004362691663537469,0.0048732452945133,-0.00015554841415095665,0.0023308493923993273,-0.0251205415249557,-0.0040842424782615355,-0.001028478673243527,-0.0010405770614299024
2023-04-13,0.033534948697263284,0.013425150587981827,0.0038058330864608214,0.02215221391213079,-0.0012086592858101745,0.013195180253074342,-0.00788982048624914,0.004675195561051406
2023-04-14,-0.002116253208346901,-0.017869017219899228,0.07279486723954208,-0.012847645222411769,0.011085945127626765,-0.002445549391884501,-0.009188348893656878,0.002415784980761206
2023-04-17,0.00012116200378133571,-0.00446370276447651,0.007897671619439241,0.009252831598549033,0.009077562596075646,0.003581828131349015,-0.011967171744747403,-0.011701280729775507
2023-04-18,0.007476630179554256,0.0038732698004284223,0.011165228158740567,-0.001489863526145398,0.024329456190577407,0.0006518262094682622,0.0035570487462692315,0.019341011432316476
2023-04-19,0.006944132904692081,-0.004789973842758077,-0.0012735930268379897,0.0002773545560456581,0.009496773263047358,-0.00016880901518609955,-0.0009600720816652388,-0.0031689791502812967
2023-04-20,-0.005863470930640278,0.003930524556987163,-0.0029074845851990807,-0.008145475772720798,-0.030055910055026076,-0.005472182082514291,0.008512910925828529,-0.008010140500659652
2023-04-21,-0.009829099253595314,-0.009936876904451981,-0.0019194798741521404,-0.0012240254067889746,0.0005533259850456167,0.0007767331701839004,-0.005635120300547166,0.003194497723188649
2023-04-24,0.0018767409996698077,0.0030347260178608367,0.0013511247851118032,-0.014061202561209716,-0.0028433400002985335,0.001042463397724414,0.009627929992049837,0.018701719004255317
2023-04-25,-0.009480336239533087,0.005073426510561733,-0.021983688100866414,-0.02279372230910572,-0.030068227274707003,-0.016001172781137763,0.014597170857019207,-0.01431528525006236
2023-04-26,-6.102462619932317e-05,-0.005452222698836941,-0.01788250378956374,0.06993125283159633,0.026883023904017193,-0.00424452671127709,-0.010715223871300457,-0.00922515814848009
2023-04-27,0.02799952818764127,5.4098929279614626e-05,0.013368723180213865,0.03152568821414144,0.009966427113870344,0.01971249982402682,-0.009972214723387943,0.011882197045412192
2023-04-28,0.007512676511707421,0.0002706158931134578,0.008645665423220828,0.00794004485076563,0.019027391747490695,0.008499023457521649,0.016001821791212786,0.01284199983102872
2023-05-01,-0.0005305819797574501,-0.004501468248394752,0.02118608410511458,-0.0055483104189981034,0.04098775068428745,-0.0010103136204153468,-0.02925838996071521,-0.03150348986176374
2023-05-02,-0.006210493103497694,0.01911282169964576,-0.016279125563214845,-0.0004909083162834366,-0.024511021171556905,-0.011302916036002792,0.024614449812320943,-0.040669329762269606
2023-05-03,-0.006488465314755136,0.00844333039400067,-0.02139055458946074,-0.0033122870965734165,-0.014568597776561951,-0.006887564705113723,0.005566484293394989,-0.019906180611463684
2023-05-04,-0.009962825224449554,0.007008337579460111,-0.013773097964151543,0.003312287096573419,-0.008669915133445547,-0.007108209293569847,-0.009927658253158961,-0.01766636578026983
2023-05-05,0.04585919352975932,-0.015771672012865213,0.019346684928217485,0.017011579996759476,0.03976194936512159,0.018343179865968052,-0.0033314923239387453,0.024591287832675952
2023-05-08,-0.00040347978869459714,0.0012261535425393925,0.0024104881039905177,-0.006458774202803614,0.016289069657421804,0.00026657029204219505,-0.01411370099480475,0.00394879476842147
2023-05-09,-0.010021194566573697,0.007061173494320973,-0.004826800703585093,-0.005360175117463862,-0.02009690966882823,-0.004394833336526197,-0.003583946320021831,0.0002748020886816989
2023-05-10,0.010366916819690552,-0.001429464040997424,0.0005129390627024661,0.01714859208232469,0.010930255739579136,0.0046612555751392335,0.00965714283890871,-0.012910383676945764
2023-05-11,0.0010942370742987098,-0.008619799546280105,-0.0031555321026987466,-0.007069243250102348,-0.010685248709701743,-0.0017453967329991548,0.010516512492620053,-0.018264967731323842
2023-05-12,-0.005432359599840144,-0.001711544099310757,-0.014436648966959629,-0.003683144831255957,-0.008362953895759728,-0.0013110496685035172,-0.008404510994458957,-9.449284070965883e-05
2023-05-15,-0.0029014932048370048,0.0021389727993926496,0.008391175086610747,0.001585065986033001,0.021399626423921625,0.003444052945217781,-0.010411481521901685,0.001905179824375639
2023-05-16,0.0,-0.01257816833072297,-0.006752016038624567,0.00734036767560818,0.008939939954610497,-0.0067051526035727515,-0.0030089049056525982,-0.024568881781270018
2023-05-17,0.003596478814145178,-0.0034678951337034376,0.03028462175611211,0.00940725438852888,0.03249936937377576,0.012065851669142036,-0.002919984151862284,0.022186678394629872
2023-05-18,0.013573599615154688,-0.0130577944134065,0.007555172688418133,0.01429239440136898,0.04850933050804483,0.009587168711695522,-0.007436719816233428,0.009022291898689888
2023-05-19,0.0006283453398565773,0.009850156652287684,-0.002296634707939818,-0.0005653807324583868,-0.013155108634933882,-0.001456138034368029,-0.007096361515684606,0.004622212574798512
2023-05-22,-0.005495800049775814,-0.002344243508491738,-0.00829704289705033,0.008881616072239038,-0.0028187765809362703,0.0004060283456275028,-0.0035669816754727267,-0.012214437285334345
2023-05-23,-0.015271090588396367,0.0012000108481294142,-0.010487381530545025,-0.01860395397810181,-0.015776889759911712,-0.011286219249246165,0.002874347264451341,0.013530973591082109
2023-05-24,0.001630717242391827,-0.008101176111367243,-0.009193500795793142,-0.004482438390191228,-0.004899940749659163,-0.007271370528207711,-0.004961389776668781,0.011122144912132521
2023-05-25,0.006670118906588795,-0.00966457904681634,0.002435513538971716,0.03773671146805555,0.21808804822278305,0.008622818671905366,-0.00248986927742563,-0.018101150559190208
2023-05-26,0.014006219810820841,0.003987606250000357,0.009317103074604339,0.021160173210931006,0.025116108753273768,0.012867519718716554,0.008045061379755608,-0.006551967944024364
2023-05-30,0.010603111551840546,0.006171471778321201,0.003790260531786719,-0.005059510102230313,0.029474597985045033,0.00038083973956819315,0.009941327841170022,-0.00889930429473066
2023-05-31,-0.00028191699904438346,0.001537018842589403,-0.012812970279180054,-0.008550607900385563,-0.058442479199827715,-0.005560543154757732,0.008679052679770694,-0.018039371812354578
2023-06-01,0.015895470497541794,0.007867103377943033,0.013685352464612601,0.01267837811106805,0.04990492553775997,0.009455961589920564,0.0039161624841916,0.011482147795553755
2023-06-02,0.004763960040528661,-0.014857275420164476,0.020788647257327902,0.008443431012272865,-0.01120164866949755,0.01435779877722399,-0.011018915520041724,0.022954337673889248
2023-06-05,-0.007599871642367909,0.0060023657211361265,-0.009872968289092036,0.0016087496500112777,-0.0039747527500210095,-0.0019181222790868601,-0.0018642781093271947,-0.0044539348846646554
2023-06-06,-0.0020625680919677592,0.0010974372841259582,0.0017960224856166233,-0.006750036324363437,-0.013286125050967355,0.0021748717989062494,0.005876379733143342,0.008134708450915287
2023-06-07,-0.00778627255275707,-0.012083252758880945,0.009641888883371294,-0.031354148932903225,-0.030872999019639174,-0.0034636426918206943,-0.014954827243626324,0.022173474514592548
2023-06-08,0.015346508710986898,0.013124733073092816,0.0002841237478333377,0.00579647998898393,0.0272439544895747,0.006030334237583904,0.01162873015666812,-0.003137762811052741
2023-06-09,0.0021576968478174766,-0.002688130119841765,0.001987540202651176,0.004692881560986881,0.0067288118687466964,0.0017927279345573157,-0.0013723946084275782,-0.007421769220434848
2023-06-12,0.015517556553589404,-0.0008792504640156504,-7.08823426154567e-05,0.015365150070067758,0.018198059649477488,0.009031189860576315,0.0029390900929263633,-0.009073707190572638
2023-06-13,-0.002615145969704893,-0.00739483312084137,0.007208171240201235,0.007326117738681783,0.038263654473129245,0.0065710287086273335,-0.009930060931576277,0.00018796782508970488
2023-06-14,0.0034855119498612337,0.0005537743402144653,-0.0037387436648645307,0.009082416478108679,0.047021950530592486,0.001190153587321124,0.007971798268879561,-0.012098373370266835
2023-06-15,0.011136313279824773,0.007005982383036087,0.011244522529914118,0.03139847685087801,-0.008032715808051791,0.012321646530793286,0.00955988278909117,0.006917853716859007
2023-06-16,-0.005877250903522934,-0.001540401760914932,0.001187424309980824,-0.016714784269975805,0.0009138714680217659,-0.003412139543268602,-0.003891045775191128,-0.007203171007943515
2023-06-20,0.0004866877855954646,-0.010404681043488588,-0.005108738828221533,-0.012581250742592621,0.02580499681680049,-0.00520179868471472,0.006896161640078914,-0.023190868019827813
2023-06-21,-0.005691330121178212,-0.0014474699268161662,-0.0014746104856225607,-0.013371004072890788,-0.017570457921652734,-0.005136863815736804,0.00241700369471296,0.011133270112658127
2023-06-22,0.016390021441861646,-0.009966480697039254,-0.019439966733408413,0.018269358196086032,-0.00046467704849286113,0.0036033557394497076,-0.012143524350446465,-0.005502765261151921
2023-06-23,-0.0017126477448215058,0.0027534519339434175,-0.005243665667398177,-0.01390202198731438,-0.019147999306067615,-0.007588865379381531,0.009920257791772628,-0.008750654510470777
2023-06-26,-0.007581682656353466,0.0017380933759117798,0.002445828355781915,-0.019349030484060715,-0.03807741408940487,-0.004094037813913829,0.0010639583525276423,0.018288659829349085
2023-06-27,0.014946796447077769,-0.00460411859047838,7.192193572610374e-05,0.018004902057552383,0.030156927505644294,0.010903646396673733,-0.0026137264293455502,0.0024900545821774176
2023-06-28,0.006308025616739834,-0.002310076023493695,-0.004391994996368773,0.00381873462773069,-0.018291260037431267,0.0005042558903756239,0.004255970329237672,0.008097393039874619
2023-06-29,0.0017946937328109456,-0.0010723394318449203,0.03432689915455129,-0.0023851861628407947,-0.007200591722119507,0.00393353154613908,-0.018213717012390225,0.012258261445527966
2023-06-30,0.022839653613049047,0.006641221688667137,0.013916846462096627,0.01625308579916096,0.035613327455925964,0.011731684044421348,0.011726235521955392,0.005141451385659105
2023-07-03,-0.007815071687822101,0.001121247777740352,0.008012220103859,-0.007516375978320844,0.002620515856201681,0.0011499951273807611,-0.005685344356962541,0.0019561856921107325
2023-07-05,-0.005888667721038617,-0.003536277643963551,-0.006683822320243193,0.00047321068040099163,-0.002265851400648366,-0.0014884892363768876,-0.0095479125654975,-0.005131377759179078
2023-07-06,0.002505744311854446,-0.002984649764026069,-0.009935809422702578,0.009184275241570033,-0.005069922028138184,-0.00786132178617099,-0.014243810229228165,-0.03803546061071927
2023-07-07,-0.005908762580189349,0.007473004815488796,0.00785932698360308,-0.011938244801836691,0.009455508178648379,-0.0025280005625971185,-0.006037680563899413,0.0023293331541819964
2023-07-10,-0.01091524122246807,0.0007833887164984092,0.005596199131974792,-0.01611292925905904,-0.007628497358225522,0.0025280005625970036,0.0013113150916574236,0.014722429900623607
2023-07-11,-0.0028139976701680534,0.003740607755698653,0.015517929793201587,0.001926956296874381,0.005319949849359805,0.006348276906986402,0.005127520504625997,0.012152280148169416
2023-07-12,0.008945359612224686,0.013450555215707776,0.004939754416963185,0.014126589711421588,0.03469355426954023,0.008013702273391704,0.011069544053210688,0.004895183376315232
2023-07-13,0.004049248374627782,0.0007144446386032859,0.004848029378750371,0.016062586103520276,0.046181720512570475,0.007905602839790625,0.010457974324133729,-0.018481116228031683
2023-07-14,0.0007869679813919231,-0.003191736429074511,0.006027415747334075,0.007501006329168427,-0.011110559910388531,-0.000623150669424723,-0.0059065072150846255,-0.035043781959852
2023-07-17,0.01715763578659466,0.0007163001287566721,0.02381784440707082,0.001418460154945983,0.021582373286583734,0.003466272383485897,0.000493707763394563,0.004349645939222618
2023-07-18,-0.0013410317353261553,0.011391151915954547,0.0018237499876952049,0.03902808839663632,0.021990198463969744,0.0074031060142327855,0.004528954817680682,-0.004547773173737618
2023-07-19,0.007046808151793141,0.00016334311378929522,0.0038322177887844797,-0.012343184567370349,-0.008818949371664005,0.002221316619883213,0.011233496399785228,0.006912281669951315
2023-07-20,-0.010148870653554942,-0.005076251540707413,0.012242453968036193,-0.023393144033019314,-0.033632637058079215,-0.00665660027834115,-0.012216178583420643,0.017461340463870365
2023-07-21,-0.006180582965079044,-0.0030692385170081175,-0.007714448626217506,-0.008977167452815257,-0.026964046023746645,0.0,0.0002948207440845875,0.004631092015922793
2023-07-24,0.00421108835384031,-0.004290665079151833,0.019492483612836193,0.0038904514912007524,0.006815048034297066,0.004457392243483981,-0.003643695627917309,0.015567645015990417
2023-07-25,0.004503299179716051,0.005552416740763799,-0.007496337201205552,0.016866110547674458,0.023635810234680605,0.002726276812835871,-0.001876381887582764,0.001515242563349741
2023-07-26,0.0045348995168637924,0.004867250719561796,0.005976204131219008,-0.038364153179272054,-0.004981766790412466,0.000153768801642576,0.0009882563800083955,-0.0055987700587331905
2023-07-27,-0.006602780812960177,-0.015836715414990758,-0.011090828807681832,-0.021093128653794316,0.009808361771597081,-0.006652124661019395,-0.019644691131499713,0.0031353736513536263
2023-07-28,0.013417567527375829,0.007949707574281263,0.00568831104682133,0.022867969293294217,0.018349041771296832,0.00974278944242649,0.005122971715903215,-0.012023987150936626
2023-07-31,0.003160886775279369,0.0026907870721920935,0.0066694557375173375,-0.0072671262348233436,-0.00044927256463340504,0.0019021926865178038,0.0024014782940413397,0.02914104230830605
2023-08-01,-0.004285053374028,-0.010418766955581723,-0.004950264981731972,0.00124947540433007,-0.004762297350370539,-0.002865750617300875,-0.01652279704263134,-0.005798114933047219
2023-08-02,-0.015611172224023917,-0.004776993918500052,-0.011389349577059208,-0.02663435103158535,-0.049318051863225694,-0.014008535309825213,-0.010756464590555155,-0.012552717536113004
2023-08-03,-0.007348549745672344,-0.00033420291832367705,0.006094871548058914,-0.002568190734938441,0.005541549868950718,-0.0028698438373084205,-0.0233420016276358,0.017231232172543555
2023-08-04,-0.04921127031863263,0.003613876354074006,-0.0021130237736063317,0.0034227907118074747,0.0036997922603069023,-0.004533074480540938,0.017557336984412652,0.0027967324369062604
2023-08-07,-0.017404271983604197,-0.002277988932518744,0.004731741553588431,0.0070831229318601245,0.01636055327312325,0.008690759280126475,-0.009890256013101575,-0.0020502192032591186
2023-08-08,0.005297445537220069,-0.006361270240024672,-0.0056292508558446796,-0.012375192228146233,-0.016718706717894233,-0.004358279809381085,0.011546485838342932,0.004931770952514078
2023-08-09,-0.008994708578810072,-0.00476956334967285,-0.013498415591299476,-0.01178512682529217,-0.048394004021490446,-0.006707758953754872,0.005157685505078136,0.01684438279956747
2023-08-10,-0.0012352621293569511,-0.0010691758408616784,-0.0014969215569802566,0.0021702559609086953,-0.003908618017813935,0.0003589534626817621,-0.016599762023658027,0.005098180520364323
2023-08-11,0.00033753088612854576,0.0,0.005779173892875704,-0.005963371007494747,-0.036836057144663946,-0.0005832582042135166,-0.0023038834153557663,0.015409249307515402
2023-08-14,0.009349284669546595,-0.003045220530389694,0.0020697122316814683,0.009394585259098106,0.06853112818799838,0.005504857087987295,-0.0022044134065727096,0.0008044609680575319
2023-08-15,-0.01126367099397815,-0.0026580037072091345,-0.02578682984301692,-0.006750483359052243,0.004264744125122246,-0.011717211297507574,-0.006113532851831097,-0.02600863027168508
2023-08-16,-0.004971205969684699,-0.005792775189194925,-0.004252081937157808,-0.0024313900193339154,-0.010386022315986955,-0.007365214646971379,-0.007854988948213312,-0.0169701403370404
2023-08-17,-0.014662253426542057,-0.0015390561619561794,-0.01044131917111907,-0.011046883795056752,-0.0032706675121602826,-0.007649125293440791,-0.004271630459280796,0.019186727725365314
2023-08-18,0.0028123614086133135,0.0001711135895520659,0.0022850432565919795,-0.0012629724584850598,-0.0010387855032311156,0.00048125784742174347,0.003525697255285651,0.015015741518343976
2023-08-21,0.007706771045193479,0.00273392964256731,0.0034175863585676094,0.01691854651101017,0.08131563449041422,0.006485228767047836,-0.013420475650144328,-0.012160148959339088
2023-08-22,0.007874014733624037,0.0016481975934526548,-0.020956722447779626,0.0018003456346807102,-0.028047397726088594,-0.0027124503687289917,0.007644874437531051,-0.005627037303580049
2023-08-23,0.021711301347649283,0.010113328144583607,0.006740578060928142,0.013981096729101205,0.03121501835863597,0.011076387168511639,0.024475563212996463,-0.008826934945251764
2023-08-24,-0.026518986319046613,-0.0002248455933195227,-0.0009504357210827928,-0.021733038926201275,0.000996812698389014,-0.013956077149607312,-0.006616130057484386,-0.007494345813791416
2023-08-25,0.012563952693518975,-0.0012941233726573686,-0.0012232067817164677,0.009363367375901096,-0.024576874739345427,0.0070250645444844525,0.003260860578604745,0.017708001883576865
2023-08-28,0.00880726027687928,0.002867238875764686,0.0034619106933310704,0.002226622180048526,0.0175980599657904,0.006321354003628508,0.0010496350749700583,0.008371230688532684
2023-08-29,0.021575812361443406,0.00972069237763269,0.008099459564302783,0.014445849704505522,0.04077142542276707,0.014351355825529991,0.01033275874238777,0.00593675839372586
2023-08-30,0.01899074272286386,0.002498750315822613,-0.0040412546114161054,0.001156157835452154,0.009791321397258452,0.0041102703315114356,-0.001039019615126479,0.00969688826707473
2023-08-31,0.001171643982775384,-0.001665111347163996,-0.012428517208297886,-0.0031375485438272345,0.0018455857344434475,-0.0014644324305125881,0.0044596523441023,0.0027920384782854986
2023-09-01,0.008427738214282379,0.0004997991755412262,0.003343037198786175,0.002742004033156439,-0.017289916312830774,0.0018635022373162632,-0.015701264901971816,0.020738667723299527
2023-09-05,0.0012660272854578187,-0.008195174622491511,-0.011095514178432934,0.01476907650207049,0.0008037509649152649,-0.00433135094187399,-0.0141212164552116,8.790958420194664e-05
2023-09-06,-0.03644974118522694,-0.004544556063018457,-0.0016539132865502901,-0.0020106677282537466,-0.03102591878709112,-0.00674499835265664,0.002456352430985315,0.00859525227700529
2023-09-07,-0.029685554899949337,0.0010678794784509471,-0.00859094107494629,-0.008962200673983843,-0.01757763209026281,-0.0030750960736626275,0.002769468145960866,-0.004902449310243054
2023-09-08,0.0034857235659782296,0.0003369702787594387,0.0007651364368641373,0.013129193252873404,-0.014573373967079532,0.0015048509172980878,0.0038219665534640792,0.014462689917731152
2023-09-11,0.006600656645966554,0.0018513951035425602,0.0043704103166207296,0.01091935432298033,-0.008683467777805709,0.0065552568195623336,-0.007231576745890466,-0.012621426313357187
2023-09-12,-0.017207985320773805,-0.005169992663578624,0.012930176223588559,-0.018426549849065426,-0.006840737363565047,-0.005500600313562387,0.0057468543135862655,0.028752125752940578
2023-09-13,-0.0119254468463014,-0.002312682045193072,0.0004782765388071998,0.01284783700237034,0.013613234926786812,0.0011651457938321903,-0.00021230944208295658,-0.008977044159155867
2023-09-14,0.008744043536441662,0.0005080950731221542,0.019211731612363368,0.007825056780566263,0.0021083646754341207,0.008585375997847386,-0.0072439962431704264,0.017705540059004484
2023-09-15,-0.004162641578850453,0.00658210689497754,-0.002952300697408884,-0.025355521153083833,-0.037576856530261715,-0.012121416287341293,-0.00611299653358102,-0.015475145660107789
2023-09-18,0.016771974861071286,0.00587038313631886,0.002080740590717888,-0.003519098161850588,0.0015023500201976337,0.0005862600447150368,0.005685153625873794,0.008022541464419618
2023-09-19,0.006161886257428395,-0.0009480950413542692,-0.0012748919255530955,-0.001246738162323528,-0.01019587295504378,-0.002076053420703859,-0.0074076691281944555,-0.002638539739586696
2023-09-20,-0.020194761682344204,0.0007251297423292754,-0.004239067923847089,-0.024268855811138506,-0.029876711387492014,-0.009235855060977398,0.0031201618103367224,-0.007958008860757487
2023-09-21,-0.008929243538712066,-0.0072748111459232075,-0.007852687848728796,-0.0038732700619373275,-0.029357493018546243,-0.01666625968786158,-0.026009648205099274,-0.014189517906964646
2023-09-22,0.0049324401032276475,0.0031961900557462815,-0.009629029854370908,-0.00791780057134262,0.014354100540378476,-0.0022511795486701803,0.008016394801150739,0.001567249282451915
2023-09-25,0.007353165681663005,-0.005163898932470834,0.004928561158403246,0.0016703250660594002,0.014600853363179905,0.004196319256883534,-0.02491689788418655,0.011160775774159469
2023-09-26,-0.023676552714194825,-0.008023084937964609,-0.010433031122461496,-0.017151975891340227,-0.007393092230252457,-0.014800237962131936,-0.0034820565404260493,0.0015474430350877868
2023-09-27,-0.008937205895489613,-0.012443751217319037,0.005847453452939179,0.0020802403742993217,0.01320250028484474,0.0003990493859334969,-0.005189455354018935,0.032038505647723634
2023-09-28,0.0015243474513273133,-0.005009715204337903,0.012339728035975602,0.0027139311266940074,0.014516867409091878,0.0057806573502168015,0.003049000653455239,-0.006091721922314931
2023-09-29,0.003041922159143849,-0.010328505518099336,-0.01756666957648809,0.006704698104803892,0.009470214058290346,-0.0024298932561456067,0.00011307195494781248,-0.015946318201515135
2023-10-02,0.014726545837252735,-0.0105542058560987,-0.008656756005847538,0.018979467943303473,0.029068369654061888,-0.0003976403671542188,-0.016881923686082056,-0.016723535470228645
2023-10-03,-0.007800194384052705,-0.002892421000056923,-0.007400157111711296,-0.026481716266018845,-0.028654635537943573,-0.01347649710560195,-0.021746489687255635,0.00172816295197726
2023-10-04,0.007282034469024761,-0.00011826350756014561,0.004474566445745353,0.01761723671602651,0.011969380522590658,0.007255675145374146,0.014009200699928913,-0.038098966252797475
2023-10-05,0.0071722341550183874,-0.0018344684108627424,0.004207258931525751,0.0012532565575260424,0.014583961437925022,-0.000376932200159773,-0.0049971593056457805,-0.022768376188637196
2023-10-06,0.014642764433193877,0.005139851922273756,0.015278221972624212,0.024436157672727787,0.02374917750637078,0.011802848187323087,-0.012191203131956015,-0.01683981081835389
2023-10-09,0.008415684009536361,0.018218478536943455,-0.0022767713723170283,0.007791937050966717,-0.010743415568671592,0.006381790779183102,0.023198511159164555,0.034392901079514565
2023-10-10,-0.0033577448982938228,-0.0016795054754092334,0.006060130948232368,-0.00434502481114554,0.011529734117937824,0.005191486343957901,-0.0013837242279093203,-0.004246537997123015
2023-10-11,0.007872933109862118,0.007276507826110017,0.0034271715390783,0.01219732240273846,0.021770804098353594,0.004087744628293037,0.020671048786897146,-0.036511786557442714
2023-10-12,0.005048442640031467,-0.0030543103873241243,-0.002329304740998877,-0.003797518112161292,0.002965372177510626,-0.006115116985250018,-0.027502490581303204,-0.00018784465985436632
2023-10-13,-0.010345981632235293,0.03164231938177581,0.014907905658396945,-0.010411753987029723,-0.03212186418745649,-0.004993248181426314,0.017734195309351407,0.03143478651246124
2023-10-16,-0.0007272825962854978,-0.004876800474351656,-0.001013868003890403,0.014870937829716576,0.013849684086046598,0.010466457258344433,-0.016225021407570726,0.0007278538911341501
2023-10-17,-0.008823588574136102,0.0018525567250013085,-0.0021668134257225844,-0.0017452940384633645,-0.047924961363671775,-4.589736221284086e-05,-0.011081984711923157,0.013011734449670421
2023-10-18,-0.007422380468769411,0.014367113783494704,-0.011041447262227843,-0.005889856484027204,-0.04045416467286718,-0.013414667551959036,-0.008836605684359646,0.013907673649922115
2023-10-19,-0.002163170327532033,0.012199301049654077,-0.0042582598704745366,0.0036589494976584053,-0.002253636407664858,-0.008825279650424974,-0.020685973796786574,0.0006194928538301414
2023-10-20,-0.0148135242804315,0.0027271753020748097,-0.016237035609060924,-0.014134247417979588,-0.01710482584322548,-0.012364099918453409,0.005662515612799439,-0.01731395896772018
2023-10-23,0.000693876430100429,-0.003382778876821057,-0.013734921221415883,0.008079468050164159,0.03765159236236129,-0.0017348083951882892,0.011941863601317607,-0.014782916662542396
2023-10-24,0.0025402507871394547,-0.00010933686369138149,0.0012051173293899141,0.0036674272096345064,0.01588257834140208,0.007511262553076284,0.013090381950312686,-0.009732125586680025
2023-10-25,-0.013583690905199512,0.004199991317574014,-0.005469535732058146,0.030216880292997343,-0.04410727277709407,-0.014456331052056652,-0.022512540844123897,0.0018435679396084914
2023-10-26,-0.024913132671491648,0.0015772080037924285,0.0025609246118584467,-0.03823603823990307,-0.03539730788953319,-0.012046735854255813,0.015221811845565656,-0.00915856187438704
2023-10-27,0.007937742612772998,0.011562693424815196,-0.03668350134152513,0.005838312803686878,0.004305445919395846,-0.004543195726293098,-0.004257719613655206,-0.01923597533845731
2023-10-30,0.012230160660746276,-0.005656514976963794,0.012669024670325891,0.022485874333645905,0.01618936958804345,0.011884891369225515,-0.0045143380212109094,0.003121670223595505
2023-10-31,0.0028146414453608555,-0.005471503988170932,0.011863681372888336,0.002368833979812213,-0.009299732112675655,0.006260680801248639,-0.004893235226435614,-0.0002832852814314622
2023-11-01,0.018565242181955623,-0.0031556165767177716,-0.0008634996085179076,0.02326989403999546,0.03718659367606004,0.010608301276138975,0.021450481518595466,-0.001986118239965294
2023-11-02,0.02048211770406725,0.0033185604405965375,0.017692281190294094,0.006480233960814685,0.027520611250643364,0.018982943566816474,0.022540780028475604,0.032319670716361944
2023-11-03,-0.005194625164936416,0.0036323164276059108,0.01111046245406039,0.012779724657571925,0.03387489601278756,0.009082159615002996,0.006755322931823344,-0.012264588493569487
2023-11-06,0.01449948898269104,-0.00782308105070582,0.007523811418595166,0.010517216025478318,0.01643994706388793,0.002297557995920289,-0.009746877998967356,-0.017880177227968627
2023-11-07,0.014347411319633107,-0.004153745714031754,-0.00048582293827468756,0.011156918786680023,0.00444910767329732,0.002842220852460001,0.01464216772360312,-0.015803820128171636
2023-11-08,0.005867741536606465,-0.010017653470627112,0.004918080549843116,0.0073784561731988,0.013379625388378086,0.0007321435978392722,0.01689008081476084,-0.012358947584587126
2023-11-09,-0.0026280408095591622,0.003975057413790778,-0.002975642645559122,-0.006934896458800241,0.008040874504928736,-0.007829325917656563,-0.023270106016012,0.000291483108659238
2023-11-10,0.022954628899527846,-0.01096969995324551,0.014722165025016588,0.02459188111477279,0.0290727004450088,0.015484285140177544,0.005584610572956952,0.00764355635347853
2023-11-13,-0.00862074591099129,0.005555261386915626,-0.004448753864620871,-0.008121072700473603,0.005879039248813613,-0.0009535638664183192,-0.0022752965256701606,0.010451104251400153
2023-11-14,0.014184754955203977,0.008879636186604953,0.018082296186238515,0.009742740678880396,0.02108406990158661,0.019214903516013154,0.022414643443644654,0.0038428187968865776
2023-11-15,0.0030361603146540914,-0.0026390807860946154,0.008719731258461655,0.00040605838994012033,-0.01558689694189414,0.002114707648838773,-0.014134332188740953,-0.0060591068866452606
2023-11-16,0.00900158350526388,0.011222864579353571,0.011354841176254491,0.017430323845431882,0.012036402499341927,0.0012224849490570433,0.012350614692486129,-0.011643628372333563
2023-11-17,-0.00010558828874606413,-0.00010890827769753537,0.009005201772542722,-0.01694350684989281,-0.003684929297322365,0.0012428397141434216,0.004675549177361006,0.02410673241762258
2023-11-20,0.009235569454253635,-0.0016347162383040547,0.0030706426791637154,0.02031393689381388,0.022286165800477577,0.007668220669935882,0.006089408783186706,-0.0043922407915426105
2023-11-21,-0.004239844693100801,0.010740019593541818,-0.002089519769883074,-0.01164546695377555,-0.009267430715442988,-0.0021816634770018086,-0.0004415748932353787,-0.0003828231088629273
2023-11-22,0.0035082630617686863,-0.004271361889171716,0.002350521735000944,0.012731075141379332,-0.02489490743700277,0.0038533301298543186,0.0035278119071181172,-0.0043171876899399594
2023-11-24,-0.007028877377408184,0.005188115339681819,0.001368801313735781,-0.0011119845603100404,-0.019483897561826658,0.0006152099350814764,-0.011844819869660086,0.005369618615570513
2023-11-27,-0.0009480122300996705,0.006715220224108336,-0.002282131076313645,0.003121424088117656,0.009706538341101013,-0.0018025229647576793,0.016565695179011124,-0.00585048524342185
2023-11-28,0.003208964271871911,0.01324376585461785,0.002282131076313671,0.010744758822089466,-0.008765207230458429,0.0009894444455457515,0.00196958650117278,-0.0005773134332512442
2023-11-29,-0.005424385478439529,0.0014783465644931614,0.005067313935028685,-0.01011109745155949,0.006648620704260314,-0.0007036802669634911,0.01249262243117682,-0.015128179347121391
2023-11-30,0.0030579896620656698,-0.004176660491012712,0.011340288002343093,0.00015855788720149826,-0.028871497078278515,0.003929834433359684,-0.011618546327350762,0.003900664169303518
2023-12-01,0.0067683698799520815,0.01712403726695098,0.004857447822502571,-0.011680431186151094,-0.00010697074589119603,0.005898502022767548,0.018659208156377224,0.002430593506119139
2023-12-04,-0.009509581781860264,-0.021850417580745563,0.007305510006288939,-0.014442494779038256,-0.027203053736665768,-0.005263240976742029,-0.003986858931450442,-0.005452300947528998
2023-12-05,0.020844357048957807,-0.0037866060778629306,-0.00012638719954158358,0.009114842409992776,0.023026675652468975,-0.00019721407022136404,0.021257723438118267,-0.019619053976974048
2023-12-06,-0.005703120818133421,0.003680115406357525,-0.01056422831334199,-0.010036260943604094,-0.023092516149689372,-0.00403791323216619,0.013230018089082014,-0.013330285502711769
2023-12-07,0.010088146021527132,0.001648967455985853,0.0030663774116160875,0.0058129204264140725,0.02373644351012513,0.007601462182430073,-0.005753685848950583,-0.006986330481538868
2023-12-08,0.007385061938063006,-0.01343017351466841,0.01097330563861593,0.008803083818052514,0.019341337664542952,0.004290032278444819,-0.00821658104161691,0.011416141155848408
2023-12-11,-0.013011553418824637,-0.011104320560253251,0.0036521903228879603,-0.00786027467090896,-0.018676187408752383,0.003881917642907152,-0.0021175939490978243,0.0007028082526422367
2023-12-12,0.007888891725194963,-0.0005447904909059331,0.008885777620058663,0.008261057291184832,0.02184981200954687,0.0045570184413280925,0.002963522055900645,-0.015885415676431532
2023-12-13,0.016553713123899444,0.022311764488914056,0.0033582546917368837,-2.6675064189027457e-05,0.009003014538062171,0.013695709659163951,0.02319153209759944,0.008833917027217492
2023-12-14,0.0007573350289823619,0.005845435089187632,0.018028587543762863,-0.022802566188852885,0.005433567131880268,0.0032041594910104253,0.025680277494477852,0.026535248046667622
2023-12-15,-0.0027293757401388214,-0.009208782757507555,0.0075327185200099135,0.013032090437342256,0.011106765237475094,-0.0016476850003907006,0.0011100498117682614,-0.006716785748194783
2023-12-18,-0.008539740380325967,0.0045351876568232455,0.006034119253343657,0.005165484224959465,0.023988879840259762,0.005609125817943832,-0.007999940533947494,0.007405716895751374
2023-12-19,0.005345789636106834,0.006790830606181726,0.013266522966060217,0.0016357102070093206,-0.009490490989417918,0.006062664986410735,0.005374338856145306,0.013096340955252962
2023-12-20,-0.010771554710493745,-0.005460866362358663,-0.011343327728864075,-0.00709822049325859,-0.030560515083904168,-0.01395423699517184,0.0067520437755890375,-0.016841783945619904
2023-12-21,-0.0007704067535032601,0.007045755720440373,0.005687699363904805,0.007848072307692322,0.018105297930217555,0.009437207902696105,-0.0063478614084825965,0.004532177213877652
2023-12-22,-0.005562956847490867,0.004424614031362936,-0.0005971637220586346,0.0027800378612572695,-0.003271347593687216,0.0020076467649455363,-0.004558725309250059,0.0017677498738643551
2023-12-26,-0.00284492329193899,0.007591842151508253,0.005896557448751298,0.00021359316264149886,0.00915316413958215,0.004213711247616052,0.0028388073796081475,0.0022543842091934337
2023-12-27,0.0005179265138831432,0.004527577262521436,0.005980152187627157,-0.001575865677761193,0.002796569725307487,0.0018064683275987926,0.017564529948506023,-0.0047104417090621875
2023-12-28,0.0022237693176103807,-0.005832413160524756,0.005298924018537229,0.003229418932336957,0.002122498976251728,0.00037764090585388127,-0.007289372397053167,-0.014565654158095135
2023-12-29,-0.0054389899048477445,-0.001568069797763166,-0.001175220199069354,0.0020231865826455535,0.0,-0.002899250839615166,-0.00906081617630896,-0.0020981407452564825
2024-01-02,-0.03644258537973346,-0.0023566846852945507,0.01157307461112981,-0.01384394616920472,-0.02772217938517641,-0.005611969255040552,-0.005781278610045484,0.023525806085463924
2024-01-03,-0.007515913598168569,-0.008371755159892112,-0.00436812445589935,-0.0007281372750897936,-0.012513560734434232,-0.008200277163193805,0.004161800097429007,0.008366512544320843
2024-01-04,-0.012781320919105454,0.0010041086074332737,0.006614292018501262,-0.00720371676332653,0.008978115811174258,-0.003226341414821637,-0.01531095674626063,-0.00875758378072639
2024-01-05,-0.0040212335729177175,0.00015844285681911228,0.00500472444525978,-0.0005162462920647081,0.022638660453035517,0.0013687315930584936,-0.00961205373653235,0.00302535548550101
2024-01-08,0.023887366924360293,-0.007846978293015706,-0.001452447598285958,0.018695350822970372,0.06229918134453002,0.014175043275426418,0.00981768059757436,-0.016802296663588588
2024-01-09,-0.0022658976508866707,0.0003193058065587502,-0.007937434536663396,0.002931723485248648,0.016832696653976888,-0.001518213681543528,-0.0063962925813294946,-0.012463295321784244
2024-01-10,0.0056552291978584366,-0.0022906686849215973,0.002107396044844586,0.018403531241116208,0.022514643054417707,0.005639466843842385,-0.0046684129720573715,-0.009881078805182032
2024-01-11,-0.0032276780105609036,0.001971362878362661,-0.004218959301217556,0.004847721376261683,0.008646999998370597,-0.0004407041664688813,0.005599362645784835,-0.00020270392657687606
2024-01-12,0.0017765493327085583,0.009746417465784744,-0.007367039802100518,0.009934120230989997,-0.0020450628346192225,0.0006925421630162915,-0.0019668165775041093,0.012889012580851308
2024-01-16,-0.012393554174829742,-0.009533481464917285,-0.006290055416144587,0.004622841214867901,0.030103377940862177,-0.003678062446697538,-0.017769362564004576,-0.022870820411317026
2024-01-17,-0.005186929790692108,-0.011077075533253301,-0.005371985317258095,-0.0020519848226633135,-0.005852195403461979,-0.0055740023993898265,-0.001583595105465239,-0.0072943935743973115
2024-01-18,0.032051458790256095,0.0081991767942437,0.001972961841306318,0.011234282009512646,0.01862906050900144,0.008853303053871737,-0.009338681219507166,-0.0018576974272971913
2024-01-19,0.015413630660416766,0.0029842685447011067,0.01711475741196155,0.012112892735390325,0.0408983743133852,0.01238915213421108,0.0031934260898444197,0.0015483064953693735
2024-01-22,0.012089771962100378,-0.003785111631635069,-0.0011749407196977365,-0.0054327543001042615,0.0027361212789756115,0.0021120896573243605,0.005934225515395386,-0.0013416871135222147
2024-01-23,0.006631286581732435,0.0038915513093621982,-0.006605815828773769,0.006009584392209001,0.003664468857179355,0.002912233844077575,-0.007955683375752472,0.011195024692335107
2024-01-24,-0.003489834083165533,-0.008281084265806291,0.008895748462449156,0.009133310265099004,0.024565107351624985,0.0010925361060956543,-0.005874628520638807,0.017113415491127635
2024-01-25,-0.0016981928725718501,0.003962127078988696,0.014209478916761756,0.005721919316497418,0.0041469861790261724,0.005424233678758516,0.0065136351528271436,0.025084315062271823
2024-01-26,-0.009053634394737322,-0.0006949345993065975,-0.0038236959863585953,-0.002324443071836928,-0.009555823437106826,-0.0012712706823895992,-0.0019177920122516409,0.00848258340210262
2024-01-29,-0.0035923741938668117,0.007033690942252272,0.0026086336999635055,0.014232352366321135,0.023224436241946287,0.007888179160842054,0.011450531263665258,0.0012612367122600873
2024-01-30,-0.01943341612008671,0.001379574176667031,0.020287328461087724,-0.0027618585387569803,0.004934588959622174,-0.0007739194970370369,0.00902533637899206,0.016540453651475568
2024-01-31,-0.019547394926627323,-0.0007426235867569977,-0.010894990868829476,-0.027315916073214118,-0.0200647750636533,-0.016451791254893128,0.009772484177277257,-0.0196481939754898
2024-02-01,0.013252355363362668,0.010346957700093572,-0.003619663689254931,0.01547396483726675,0.024086960191203082,0.013003334446699127,0.019425902214834156,-0.0040935858668716876
2024-02-02,-0.005419652308960929,-0.009498266920115433,0.0057396333461309885,0.01825814621103944,0.048512966421509054,0.010472333454108524,-0.02233646083117175,-0.00411024962665867
2024-02-05,0.009798361596405595,-0.005529246178959096,-0.0013172430169464768,-0.013637547548008248,0.046830318121665195,-0.0036478412221722643,-0.02040044126833341,-0.004127295159294871
2024-02-06,0.008594754411938656,0.0052110917695982265,0.003432544227443455,-0.0003946634042268482,-0.016124705379762294,0.0028991113130472563,0.009726556576659422,0.006869418918875495
2024-02-07,0.0005808972499259666,-0.0002652330017039186,0.0018827928803468305,0.020890673864668908,0.02712680050884297,0.008305779812444868,-0.004851183289884681,-0.00029344247106347614
2024-02-08,-0.005771276881799476,-0.0009022539588233346,-0.003597454202677131,0.00014477872678076166,-0.006555003304405671,0.00044146369529838474,-0.0058317623553973495,0.01697506703229042
2024-02-09,0.004085597444395371,-0.0038836838223869725,0.0012004980515369626,0.015431746044643065,0.03515806702545295,0.005762888555900513,-0.002022555012802991,-0.02138706855571782
2024-02-12,-0.009042550096503234,-0.002615386638720895,0.004446927020569981,-0.012658403939675192,0.0015929511220099995,-0.00043905185582635497,0.0011715323002186575,0.013662735607789064
2024-02-13,-0.01133852357064984,-0.01388463719494907,-0.008741686907530268,-0.021763679993779858,-0.0016624609600641958,-0.01386878070643931,-0.01728319562492006,-0.008646185831581226
2024-02-14,-0.004821392006563055,-0.0005962900909107332,0.010106094569381949,0.009618814066555934,0.02427067135316412,0.009046560014478757,0.005076055033237076,-0.00494617570459317
2024-02-15,-0.001575985976817636,0.006701308514327959,0.021579829020410234,-0.007180923536428226,-0.016949266608065186,0.006876162119694265,0.005158180710612604,0.028256403395149957
2024-02-16,-0.00846597819638616,0.003655878672840905,-0.004680826758092604,-0.006168116694313392,-0.0006196607532090814,-0.0049924779100584404,-0.005804427632729377,0.0
2024-02-20,-0.004122537167413759,0.006045896751115192,0.0039021641830073437,-0.0031481479757334762,-0.044507726856189825,-0.005520655429060933,0.0008619356331033757,-0.009492515227436321
2024-02-21,0.004177315290668038,5.331114505738622e-05,0.006488716202868049,-0.001515370581837287,-0.02892349182777492,0.0009055991961188766,-0.007134576381388455,0.020231857428855957
2024-02-22,0.011181089705893892,0.0004266309391015458,0.011924411020516975,0.023273603698535907,0.15186997185738804,0.02048405918402498,0.004869904693333714,-0.0008587480721399294
2024-02-23,-0.010084721437046739,0.005635602023986148,0.005012689837575689,-0.0031873279257721497,0.0035461057625843983,0.000689544138963084,0.013297732146230947,-0.008820785770541741
2024-02-26,-0.007479151876310472,-0.002229172292928307,-0.0034300608383483924,-0.006846985214745503,0.003483133785178392,-0.0036692404808898135,-0.002987206994341244,0.003940672790085466
2024-02-27,0.00808161291869369,-0.0010632481058260926,0.0004906669907621822,-0.00014729854084091022,-0.004955945197806556,0.001856024703083438,-0.007077017399059081,-0.0021126284384647403
2024-02-28,-0.006647458621441486,0.0018068578078276945,0.005056846512589289,0.0005886070501850514,-0.013276973116113441,-0.001322576998370975,0.006328683088616104,0.002783961488175227
2024-02-29,-0.003700089402067958,0.0051370494877010335,0.009070237266612298,0.014415576865478216,0.01848558358359207,0.0035885215983289982,0.007032437086803173,0.001915199413433918
2024-03-01,-0.0060485290811909485,0.018734204946424127,-0.004147054776270506,0.004486627775683668,0.03925129696452026,0.009344595532748546,0.006211707276767049,0.012549971083257309
2024-03-04,-0.025708816902432746,0.01604557524036378,0.007473844743503362,-0.0013969818449424195,0.03531969922037924,-0.001073158343540296,-0.004030415565024137,-0.01408190002360277
2024-03-05,-0.028853334924569308,0.00600209301231283,0.009967356415031686,-0.03001813309231658,0.008540089412549481,-0.010044221510330128,0.01414102458213013,0.012190530966508606
2024-03-06,-0.005895442242013106,0.008181839163568716,0.005184144188672944,-0.0013916284141357463,0.031331240140517,0.005054272271150596,0.005851165929621387,0.010639892277980673
2024-03-07,-0.0007100606794419268,0.005667751261581818,-0.008797199740491734,0.017381336686973232,0.04377410622067221,0.00987750859721712,-0.0009379102969564401,0.005603867533390691
2024-03-08,0.010184617820770068,0.008417025116951235,0.0018613038113999291,-0.007162397416767836,-0.05707551352214868,-0.006020294843486402,-0.001774208526396419,0.009362633557280278
2024-03-11,0.01176227916704426,0.0018333385345244608,0.0003717599819622816,-0.004193709830120362,-0.02024262580188049,-0.000860232660042928,-0.0005225349502224039,0.005887886656255575
2024-03-12,0.0027747394530746408,-0.011000916093968595,0.00819816299619154,0.026251789489429758,0.06912655053281393,0.010699901449839365,-0.008396480419948204,-0.006441477470067482
2024-03-13,-0.01219661361146525,0.006982966028737541,0.008079655381042153,-0.00043342248154660954,-0.011214438440120973,-0.0015686985396104708,-0.004860057377949331,0.011108791507440222
2024-03-14,0.010868069180664602,-0.004183879789555221,-0.017978776359183383,0.024087119273165498,-0.03292778442861849,-0.001978778491139844,-0.01547592508020411,0.017556941216478487
2024-03-15,-0.0021990937983136713,-0.003199519647615038,0.012319476965425,-0.020912196414270896,-0.0012173826683706237,-0.006890084440282608,-0.000322905562764114,-0.0017959034021597753
2024-03-18,0.006352278516315229,0.0016010012977577042,0.012325068677601877,0.0021588266058699783,0.007011161363183365,0.005925319184074158,-0.003016996918141982,0.009214202989374948
2024-03-19,0.013493630317425565,-0.0011504677080451668,0.005848113946702172,0.009752999118306361,0.010604329590601097,0.005541644986280995,0.002801759697977402,0.007010047198800835
2024-03-20,0.014602041739144268,0.011841472011166752,0.013022003865805662,0.009023958553884336,0.010836208747720458,0.009206951022677011,-0.0003228060299551941,-0.0008845403081779812
2024-03-21,-0.0417155054964453,-0.0010391759354036452,0.013809066559459675,0.00968874290494882,0.011693613833187913,0.0032993432962288285,0.00215107474382991,0.004415332346413577
2024-03-22,0.00529614309865073,-0.008053310017860795,-0.012333084754165226,-0.0014683556066843319,0.03073642315116185,-0.001897792937435669,0.009515131523722143,0.0
2024-03-25,-0.008335100353999966,0.003189315361775875,-0.009196836721843049,-0.013809585533377551,0.007533337817808748,-0.0027664163959742723,-0.005013975229860661,0.010169300795085292
2024-03-26,-0.006694872198337345,0.003228743279298674,0.004659972917646685,-0.0028654572730719644,-0.026030054040485685,-0.0018488002386762947,0.002776959973967254,-0.007529327816039234
2024-03-27,0.02099092424660372,0.007214572450620787,0.019178489879521945,-0.000521922429277464,-0.02528427949692873,0.008368868863052199,0.009869062708397075,0.010316521301031601
2024-03-28,-0.010615447839352084,0.012817528202410179,0.00390170884715556,-0.001686229797764654,0.00117385726173821,-0.00019123696223001838,-0.0008452140261791837,0.010985746006248888
2024-04-01,-0.00849179602793668,0.01015632882706488,-0.006813014928392067,0.009109348740905831,7.739060535203478e-05,-0.0017412068005755704,-0.01881687942466805,0.006431472805072042
2024-04-02,-0.007023339926478112,0.014664311961913869,-0.00040215293850475776,-0.007399466318407873,-0.01013269637319252,-0.006378434097051289,-0.0055260635222459135,0.01938521995008084
2024-04-03,0.004785971913959819,0.008734121015037044,-0.0028200135293361805,-0.0023517874567729677,-0.005470406094815817,0.0010978115870950008,-0.00021726714685363894,0.0001676530256915846
2024-04-04,-0.00490427877855235,-0.005751211782367559,-0.007637484517894809,-0.00613122096833595,-0.034989795599962584,-0.012281135483388566,0.007146828931813494,0.003514510675087809
2024-04-05,0.004491666803089698,0.016969399304689922,0.009157925574122486,0.018117623546036687,0.024185839776143112,0.010392544370464659,-0.014016496760379991,0.013687894720045307
2024-04-08,-0.006685799951462834,0.006209168519561451,0.005203008904368729,-0.002187974542513438,-0.009992042612923184,0.0005591578498617044,-0.00010930796070105886,-0.006779034670192275
2024-04-09,0.007216230870413107,0.005482001328254696,-0.006723449960596599,0.003972416081087615,-0.02062861576700611,0.0011561842237127697,0.009258478736596283,0.005212433531558698
2024-04-10,-0.011201689251115731,-0.009508923035404604,-0.008557963999045114,-0.007109628973306935,0.01954926542947995,-0.010063695176341453,-0.02203428524828712,0.008382058673951644
2024-04-11,0.042360895524000616,0.01924683287449554,-0.0002047479192578199,0.010972794396338111,0.040274363588391184,0.0075187102654484805,-0.004554811804675724,-0.00336098675078188
2024-04-12,0.00858963834483849,-0.013327746093360097,-0.0668642554855557,-0.01419134631742503,-0.027182687663008888,-0.013899236606178393,0.005330388860654761,-0.011727795644385648
2024-04-15,-0.022106066025682315,0.01854610800435578,0.0005468661054128941,-0.019772138461591204,-0.025089337496639805,-0.012607305857278962,-0.015627090332390462,-0.005748795987281557
2024-04-16,-0.019353377803289405,0.0012212692273934644,-0.011493432979705771,0.0022697992163621668,0.016308265351019084,-0.001825515000946899,-0.006659146022377052,-0.008306423869118463
2024-04-17,-0.008180683865628159,-0.007395532411290185,-0.003990184418937682,-0.006631037880784924,-0.039433688123431246,-0.005935820313176754,0.011037340531616532,-0.0005057678370466424
2024-04-18,-0.0057306968524378655,0.0034096367107846366,0.006476109916132003,-0.01855195268809744,0.007539709106960808,-0.0020597004301926482,-0.005053438278233976,-0.0009276864842783997
2024-04-19,-0.012287855352796015,0.0031266420969038923,0.024793504325750056,-0.012820772675326539,-0.10541152518052085,-0.008766712453581203,0.0035963581850824117,0.011409481798787443
2024-04-22,0.005078037212219157,-0.025012716627157542,0.019243130159274147,0.004599675758288403,0.04262198438879009,0.009166988154221102,-0.0016842240848519003,0.005656259155621298
2024-04-23,0.006371337015981416,-0.0024616906480957905,0.014310296226712524,0.016350853552575585,0.03588098174788636,0.011796718419985818,0.00033674962813001877,0.003890934188890109
2024-04-24,0.012622261543971582,-0.0018618228395408355,0.0048804976632142155,0.003649122266556144,-0.03388356975883869,-0.00047476507987241113,-0.007101297270759627,0.0001652969506474016
2024-04-25,0.00513429043188761,0.005945756955740473,0.001500626397494317,-0.024800094529000335,0.03641617838486753,-0.003806070262086521,-0.0070383791040016476,0.0023104806373761715
2024-04-26,-0.0034791295031280623,0.0032366836371748075,0.0006203278017532555,0.018079503016145297,0.05992406735707725,0.009429233931113378,0.005227037927213038,-0.02816857151543115
2024-04-29,0.024505338475845476,-0.002033283758808563,-0.0010858469928543828,-0.010067328641060951,0.00025058405508098105,0.003535232694823003,0.008350915180345357,0.014141659103013309
2024-04-30,-0.018439960645972392,-0.02013850411793736,-0.007999694182552008,-0.032646583561491416,-0.01556082810782528,-0.015968040441022735,-0.00857763541872745,-0.011517150030693674
2024-05-01,-0.00606537782987316,0.009021337418355644,0.0006255996488950464,0.014306674359236672,-0.03967654583653752,-0.003252433787030626,0.007343694354134423,-0.019121287320155222
2024-05-02,0.021792731380613054,-0.003091862325121168,-0.001042855811655967,0.007315947041984841,0.032882814434444955,0.009309977605627236,0.004281616713603807,0.0018081448935410478
2024-05-03,0.05809555882808964,-0.0007979449099420573,-0.00601828968389517,0.021927567774536336,0.034045555235171644,0.012319139389336669,0.010068242078228658,-0.002066829666280301
2024-05-06,-0.009148303857816105,0.010463427933373832,0.007790697862002198,0.01677678841205575,0.037046516039466314,0.01027383846219407,0.0038885711477841213,0.006444806872942333
2024-05-07,0.0037897490977264183,-0.00461094049941965,-0.00130303850176249,-0.010208273612118703,-0.01736287810132289,0.0011028150975021297,0.006079681650543434,-0.004980376112529353
2024-05-08,0.0018624724800574552,-0.0029453952906236033,0.02013516935068655,0.0029273742855687158,-0.0015693498613370957,9.659830939874841e-05,-0.006079681650543419,-0.00017202911923380716
2024-05-09,0.009964345817121419,0.01565541986116323,0.009411094324023697,0.004326517919148839,-0.018587387314771487,0.005745570345601594,0.004866680174593473,0.0195241220373275
2024-05-10,-0.006913875833274639,0.008079783894319735,0.006409749716184318,0.005851917553848747,0.012663541111803364,0.0012870987963194114,-0.005643297614016105,-0.0040610606579318045
2024-05-13,0.017491382031704108,-0.011265319955387624,-0.0002012679080531148,-0.0024624789701079377,0.005780049003942463,0.00013435861875837554,0.0025489763023703272,-0.000424052612834601
2024-05-14,0.006154594479231205,0.008426442720749808,0.013891942364009402,0.006841148166638657,0.010530738831755164,0.004577728302561318,0.005629156717893708,0.0060523400033840975
2024-05-15,0.012143812525166362,0.012757032448187737,0.0029730855185489775,0.017332904499935842,0.03521063686441502,0.012306904257913207,0.013554715401310665,0.00770352399744464
2024-05-16,0.000632247838849405,-0.003900942141432421,0.0017796334995103735,-0.004952318256430703,-0.0028679624714094487,-0.002059759309742172,-0.00097758601596024,-0.00600547855492702
2024-05-17,0.0001580805810538479,0.016363162829441707,0.011393276781849655,-0.00185437816188584,-0.020125009783527197,0.001436629677022117,-0.006761250181831389,0.014904969480951769
2024-05-20,0.006143234152241488,0.004015863208074463,-0.046015500485389355,0.012134270377272943,0.0245768514478501,0.0011513908506540086,-0.0029586545443227416,-0.0081407200571616
2024-05-21,0.006833730433944147,-0.001470629450154836,0.01994508230434661,0.00866132897605013,0.006373286765853213,0.0024495822567635896,0.0051447906311704655,-0.006933951928104204
2024-05-22,-0.007566890838100972,-0.01854486756456555,-0.00608312110767599,0.0034435341681967745,-0.004581326291925653,-0.0028834314926820576,0.001200203306186001,-0.020315206910985092
2024-05-23,-0.021283019547122205,-0.02014614803918644,-0.007033975818546174,-0.008209717108490952,0.08910601283739696,-0.007330967166568576,-0.0064548889803196455,-0.017206432728003887
2024-05-24,0.01645219886405164,0.0009266841017383871,0.019063711403167642,0.007373238166943663,0.02539733129476503,0.006594482958191128,0.0029592552340241994,-0.0007932053445829566
2024-05-28,5.257645490654772e-05,0.01045829379441463,-0.0060469452078276515,0.000371974858270075,0.0674759073902578,0.0006986258374848982,-0.014439387406127897,0.01261625587711275
2024-05-29,0.0015778699071719818,-0.009347362870368874,-0.006991710222927212,-0.002676141046359824,0.008079492800214463,-0.007027144121652246,-0.012175581040594609,-0.010766445074322497
2024-05-30,0.005241362546575508,0.0018949634848047382,0.0061391340106726495,-0.034370058781416274,-0.03839363534683956,-0.0066558578841334716,0.009618296867839467,0.00316313435324122
2024-05-31,0.0050059071676682035,-0.005881436093592545,0.016419937268915708,0.0011086967629586463,-0.007877019269218822,0.009066924606624118,0.006767270385146564,0.028282919061924715
2024-06-03,0.00921623792680524,0.008878251926791354,-0.004005288650564325,-0.0038858284118158466,0.047793687418495934,0.0008150270520935997,0.016044845516428343,-0.024255511764606195
2024-06-04,0.0016478380901446253,-0.009017596418210098,-0.013267711505491591,0.006147594723200426,0.01241815349424009,0.0011173840657161442,0.011613497307580626,-0.01567502799888255
2024-06-05,0.007790499154828682,0.011775993219294754,-0.009586183547802586,0.018903650439109552,0.050270761398447154,0.011814752714253373,0.007311298540300696,0.003986200487572709
2024-06-06,-0.0071217878549680895,0.0073641743967564136,-0.0017756888195973523,0.001201925109609314,-0.01184714069823493,-1.8405949788254004e-05,-0.0015007583854830839,0.007486083824819204
2024-06-07,0.012315839721122901,-0.03633551284065831,0.015320602674182735,-0.0015794366433482495,-0.0009094554157067214,-0.0012164813707475392,-0.018516330063225356,-0.01076238544406648
2024-06-10,-0.019333530531070463,0.009126408480626166,-0.001701877293034567,0.009439778092080206,0.007433708457586627,0.003085007322467801,-0.006688808083397747,0.00292254017373274
2024-06-11,0.07013137163184666,0.002852538250894446,-0.02665334280120374,0.011178915095946726,-0.007169608184928446,0.002405326536044635,0.01028899191243145,-0.008080016861564277
2024-06-12,0.028177716548714562,0.002658183908153708,-0.014667515296080376,0.019182559578510436,0.03486595332030631,0.008179681130813504,0.007485793726007738,-0.011116034145230737
2024-06-13,0.005476087718752751,-0.008183543017197694,0.011059434871142698,0.001178373622030338,0.034617638314930456,0.002011253887221127,0.014592531034344013,-0.008055487359692734
2024-06-14,-0.008201877602208156,0.012876289526632455,0.0006193991465285984,0.0022394830426732413,0.017362367376064978,0.0006080851950209989,0.008379603524123952,-0.008487312397475537
2024-06-17,0.019480397282740584,-0.005205175700450764,0.006173473459091227,0.01302001754710143,-0.006847738066163694,0.007927553781105198,-0.009978432129026438,-0.00689758463246617
2024-06-18,-0.01104521108489683,0.0039992641040523845,0.010306845793202096,-0.004537803907546877,0.034517169401505336,0.0025373836970603806,0.009133216573103583,0.009369048661580613
2024-06-20,-0.0217475833377525,0.012407060942233218,0.008441404299758542,-0.0014348415226715088,-0.03604532995789972,-0.00272025527634769,-0.006682515382830024,0.021346718268511908
2024-06-21,-0.010499394750251386,-0.015614512577113587,-0.012001046556324037,0.00911250435113636,-0.032720999942027075,-0.0013413925912036523,0.0,-0.00880910629012314
2024-06-24,0.0031276688581460344,0.0039497558204108826,0.0130576103757573,-0.004702172163380524,-0.06917921785807928,-0.0032559195472098785,0.004036003390512971,0.02927128124326662
2024-06-25,0.004458337799162011,-0.004974590412272679,-0.00408120661278417,0.007300041473192482,0.06537958230075987,0.0038433585897731277,0.0016943686408996007,0.002801731920317971
2024-06-26,0.019795998917311906,-0.009271011435783051,-0.0032364120487176212,0.0026797130058357384,0.0024555767814349967,0.001247378106597345,-0.014388603814910897,0.0003497720160998078
2024-06-27,0.003977995099310788,0.011273144249924162,0.008774513797112556,0.0015248393482132497,-0.019250519275784205,0.0015751059883659126,0.003964329771717158,0.004273620249009562
2024-06-28,-0.01638766020397002,9.297215668006983e-05,0.015395437634501772,-0.013114221893965735,-0.003635905446475806,-0.003942713577439978,-0.01878097018346652,0.0019130571698572916
2024-07-01,0.028688945052107014,0.0026012036358742763,0.01564849734347497,0.0216455708005479,0.006133019884037028,0.0020559089026094984,-0.017409552575191042,-0.0013910414429482954
2024-07-02,0.01610955347735484,-4.643502198142268e-05,0.016318101854378562,0.00556767089098575,-0.013200311262359009,0.006707119204569822,0.007755480229008474,-0.006807980518103784
2024-07-03,0.005794185429221236,0.011209933637061908,-0.0006707365517512785,0.00323889803586773,0.04471767570406086,0.004452706498374999,0.013047792206095912,0.005066843660979484
2024-07-05,0.0213899641562051,0.013396660734694534,-0.013339104483791218,0.014628803517491672,-0.01928364545172357,0.0057499218194441495,0.008244505709153912,-0.012186126859392913
2024-07-08,0.006517733480224935,-0.012479622087256387,0.0018538776279065747,-0.0028272585334678905,0.01865960686026314,0.001153206388531594,0.0021585130825859896,-0.010552139110401313
2024-07-09,0.0037677402291074725,0.00169431118809057,0.011918752686069161,-0.014474557621376408,0.02450251501027665,0.0009720372231332721,-0.004429584059712836,-0.011115109869951937
2024-07-10,0.018628924289446243,0.003653653384415314,0.0008184377039215581,0.014496031505693336,0.026513955094146925,0.009846643936390637,0.003134963266746904,0.008794802593889478
2024-07-11,-0.023494672363996685,0.017578001160184497,-0.0016858306794840978,-0.025084078121589345,-0.057276028990051124,-0.008659955000958364,0.009668110020833487,0.01181334460270186
2024-07-12,0.012966411405741281,-0.0006272936376368344,-0.012172894084447333,-0.0025323339851856187,0.014339359072729993,0.00628781650657893,0.004267293648439267,0.00017659487789134954
2024-07-15,0.01660484354458578,0.0032219172131206842,0.02462822213105491,0.0009035025648117431,-0.006209327458299636,0.0027462899528490525,-0.011563226045078472,0.01698223774635881
2024-07-16,0.0017900917876324033,0.01972987782004887,0.01685316427853679,-0.00982875506296656,-0.016326944705765702,0.005912490323251509,0.014008340205333298,0.007178288541256444
2024-07-17,-0.025621371734251684,-0.0046540195707981385,0.015099378630752088,-0.013437383823618768,-0.06853514233997023,-0.014120240564024377,0.00021257152697308645,0.013694235360838011
2024-07-18,-0.020748485229607348,-0.006401633154546521,-0.0322858871098681,-0.007127604725675443,0.025934160277850383,-0.007714547149779277,-0.007673501954069292,0.009812299118891693
2024-07-19,0.0005796192650634061,-0.01810066223064627,-0.0009529489504117686,-0.0074304142468535105,-0.02644265315294979,-0.006662788189266041,-0.005901648304859705,-0.02324791636668054
2024-07-22,-0.0015615172877677308,0.0003156824791686295,0.0023807096335312786,0.013249399465881247,0.0464737614577542,0.010257183021680268,-0.0029096669669600905,-0.006916365909390871
2024-07-23,0.004677392639804134,0.003510507096461622,0.00023769905612188192,0.0043030005060379906,-0.007719628829657831,-0.0015696255101279642,-0.0014043003190733953,-0.01626748677681056
2024-07-24,-0.029175821015094007,-0.0035105070964615765,-0.008306999870536666,-0.0365134332554423,-0.07045644503359151,-0.02292338678225265,-0.010867367060128221,0.014009449239341916
2024-07-25,-0.004816203673164572,-0.015768400613655725,0.00038326520855121914,-0.024785919260662734,-0.017393282313698747,-0.005223929445293125,0.00816164496028583,0.020823320898185574
2024-07-26,0.0021588009106125604,0.010479424389843233,0.016963680803400914,0.016286346347619152,0.0069229047981932785,0.011137416104439588,0.007772730732125501,-0.0008519823401601934
2024-07-29,0.0012837803839983878,-0.0014060442276131696,-0.006570586121094342,0.003427374936973697,-0.01308715740102194,0.0005875145247850463,0.005362591554054764,-0.010538524210430493
2024-07-30,0.0025626270456538046,0.009935936183544776,0.020374257723227658,-0.008968649041828211,-0.07304009337893355,-0.0050794341860085955,0.0038433793680623662,0.017672302765565064
2024-07-31,0.014879606517217859,0.01794868017627964,-0.011168499566230148,-0.010864578568425714,0.12055339404512593,0.01612403860144832,0.01017702343347605,0.003547964246711843
2024-08-01,-0.016892515879497028,-0.0034488837098833455,-0.023006976229290745,-0.002968454030908923,-0.06907224331830812,-0.014262206768389595,0.008588029370424941,-0.01392570288773649
2024-08-02,0.006845849615694278,-0.0019064443892985788,-0.04333778933106156,-0.020882559693781375,-0.017923668421774168,-0.018793875110654085,0.030685500935312863,-0.0005987247592725379
2024-08-05,-0.04936570244789996,-0.012773165762624666,-0.021521467471801017,-0.03320202234416512,-0.06568870515885866,-0.029556205846059915,0.005277450734553459,-0.018217727852998043
2024-08-06,-0.009795976370946173,-0.008032891286850028,0.027529363295280135,0.011223707507638278,0.0371317664259567,0.009177246447339794,-0.022622539495050466,-0.005329064027355845
2024-08-07,0.012420694422536125,-0.0006798590470787476,0.0002993184734378459,-0.002957249469701248,-0.052581531802482595,-0.006706362580606519,-0.007064872086841858,0.013226756962124744
2024-08-08,0.016496459622394523,0.015566228805777991,0.018098851885964894,0.010635223699256395,0.059464225779561626,0.022854142665391788,-0.00617065058189803,0.018924291284090018
2024-08-09,0.013642438711788682,0.002452251987911254,0.008490706857390734,0.008235375699271468,-0.0020980077503768946,0.004399881179276231,0.009813147611684647,0.008110254775642783
2024-08-12,0.0071046970041276775,0.01699935451192235,0.0018933699828339535,0.001943888551974174,0.039954827464121226,0.0005253843187516568,0.003629105054154595,0.0012611311863563559
2024-08-13,0.01704690743759989,-0.0015335341694868174,0.008451459348569453,0.01754379417013749,0.063264938343604,0.016311846846681518,0.006911355717089598,-0.009625872744332688
2024-08-14,0.002031665152710294,-0.008189191333501105,0.011000085519432818,0.006860318380367426,0.016566113471988664,0.0031495842543142537,0.006251066923728471,0.009205626713100287
2024-08-15,0.013439916904741831,0.0031339290416113642,0.0062116093702469875,0.011754428692502303,0.03968305527861738,0.016995157532087746,-0.00810308338866749,0.006167466362138372
2024-08-16,0.00590093902569657,0.022140811735288115,0.011374502945066775,-0.006098961117987289,0.01390259158944284,0.0022395968496822147,0.0034955970970389654,-0.00472777761455967
2024-08-19,-0.0007080762759525837,-0.0016393656726292705,0.006893021922699591,0.007285851874185077,0.04258623643245473,0.009516008931221401,0.004607486291628513,0.0030418113937669567
2024-08-20,0.0027408714725653876,0.003663270802502215,-0.004325970144427938,0.0077274773099658385,-0.021380744209372287,-0.0016276075086228345,0.007936464221819366,-0.033892734615191225
2024-08-21,-0.0004856580272817161,-0.0013345079227064104,0.0003729689658286566,-0.00155490729640548,0.009775225537026328,0.003430680247505822,0.00060783787149434,-0.006391491420510799
2024-08-22,-0.008294054163206246,-0.012047289256478088,0.009414872077510338,-0.020460614749835942,-0.037746249898085414,-0.007879475998180634,-0.009975746879387747,0.00769978659916392
2024-08-23,0.010235543775729607,0.011487194343258993,0.007725460159239501,0.0029795735240660307,0.044493921105708135,0.01056944554461135,0.0065261548302945225,0.013763288433491797
2024-08-26,0.0014977690839383891,0.0031842629268951234,0.003931440526899541,-0.007949229783052039,-0.022750470035060172,-0.002386653639364808,-0.0025439408744803225,0.021180790251299906
2024-08-27,0.0037345363947244984,0.00270301522962425,0.004597825388766152,0.0008461178381234942,0.014445479551026902,0.001372128879619928,-0.0017339746605113072,-0.009556688586432835
2024-08-28,-0.006776371617467972,-0.007051666972008083,0.005028539447728965,-0.007859844668573139,-0.021189610523753684,-0.005822212664645623,-0.0012257398366081235,-0.009906130621938052
2024-08-29,0.01446507824791516,0.005164620716356872,0.00414882361472768,0.006118510227528658,-0.06597801854514852,8.952501390816311e-05,-0.0032754633187739,0.013722832868516058
2024-08-30,-0.003443762953870593,-0.0071515197828322195,0.01158830432806632,0.009683793537333663,0.015024092967178439,0.009500685861501327,-0.01072076095438895,-0.0016095601205312919
2024-09-03,-0.027582262541598606,-0.00433295027353233,-0.020220822794737647,-0.018631571544746067,-0.10009672409192022,-0.020793614802648186,0.016222985044394032,-0.021165395317847006
2024-09-04,-0.008656119086619325,0.0006077417877377091,-0.004412906007921005,-0.0013196440442019809,-0.01671297373537987,-0.0020489284680246813,0.012807928271146867,-0.01228620050402512
2024-09-05,0.0069038910994397,0.008297784905919918,-0.007781007738477171,-0.0012480451936857414,0.00937130983569498,-0.002435143138902432,0.005639770545859867,-0.007833457721046733
2024-09-06,-0.007039707711997244,-0.007430165851405642,-0.024042623156050897,-0.016516977687508108,-0.041712409457305574,-0.01697332564077069,-0.0001004198676343384,-0.004694181741285884
2024-09-09,0.00040753369216270797,0.004197056104325384,0.02026761746984833,0.009957728389003249,0.03478604240406377,0.011133809434707253,0.004309803964989537,0.020822190216994926
2024-09-10,-0.0036279779390033322,0.004394427867848139,-0.0532834765660181,0.020685657133350063,0.015193342379713997,0.004346456312344132,0.006976365269129082,-0.037111905946566756
2024-09-11,0.011518497367034124,-0.0015918222264343484,0.008091396548722408,0.021117698776630306,0.0783477487035519,0.010206583572538503,-0.0007949460549056411,-0.009975426173177055
2024-09-12,0.0004938825789835336,0.01741476344611925,-0.003044663088095469,0.00931721843150893,0.018980518862385637,0.008387957860589676,-0.004682398918481286,0.013668452660616053
2024-09-13,-0.001212812289488774,0.009894570827460453,-0.011097234310015039,0.00837244100424175,-0.00033587920159958205,0.005209080645751669,0.002692636499710068,-0.0007195984166511721
2024-09-16,-0.02816817050198517,-8.375168155593023e-05,0.017177318644064042,0.0017402554437388636,-0.01967154785642226,0.0014760594643364973,0.009120482684357221,0.013937458529863198
2024-09-17,0.002170368654869422,-0.005546263478781389,0.006664940396209793,0.008794233467798729,-0.010242484695503689,0.0004083170883601083,-0.0048471674815724715,0.012958011495068977
2024-09-18,0.017829880094428673,-0.007740344731775717,-0.008253667985916986,-0.010023635859542841,-0.01939258311154507,-0.0029701208031538205,-0.012473463292640652,0.003497225514997746
2024-09-19,0.03639503493633612,0.015421236419487627,0.01411452337035965,0.018125866448610913,0.0389255933202048,0.016920308323790854,-0.0033191925702037803,0.012316899128708009
2024-09-20,-0.0029316915559536964,0.012630557682531525,0.00289402092928054,-0.007826522751175905,-0.015992179283915237,-0.001730098648055058,-0.003835528439218278,-0.006313073518698691
2024-09-23,-0.007609904430239669,0.00193852671610104,0.001656634070916983,-0.004051686304327676,0.002238768996755794,0.0024956782542853995,-0.0021261041842831558,0.017968985043942162
2024-09-24,0.003965988697608906,0.013872405171650835,0.0007092433723242435,-0.010061747855197764,0.038886639845309316,0.002857183171964836,-0.00020285023145852796,-0.002644893248238816
2024-09-25,-0.0044077247041846256,-0.0013827232563759936,-0.006638643863187465,0.006827054846576801,0.021606521130754286,-0.002207900852033653,-0.008346805650113386,-0.01967119670787016
2024-09-26,0.005067275126686466,0.005073989582052931,-0.0019524970913874437,-0.0018531456593462396,0.004281983094617081,0.003956852267685718,0.0023481137361103907,-0.017313753166912985
2024-09-27,0.0011860011671385705,-0.007967487087645546,0.003426419930761893,-0.0076571679166900115,-0.021513262880287223,-0.001451342942798752,0.0051877210277365415,0.02642097568806035
2024-09-30,0.022614431919190645,-0.008031540905022198,0.0017087796635056568,0.005312814349064467,0.0003295167901500154,0.0039994074765734465,-0.004779959786086181,0.012015339081316759
2024-10-01,-0.029574715251224033,0.01043659814331518,-0.01828254568274579,-0.022586496000507685,-0.03724645706714451,-0.008998973160204217,0.007194191356656854,0.022855619344066908
2024-10-02,0.002516574093651485,0.000203566476664949,0.0012067397908074227,-0.008498212153612355,0.01568826552025279,0.00042187517567245477,-0.008462857805634636,0.01317057756312294
2024-10-03,-0.004906718001858044,-0.0006922454344500081,-0.00998736024065109,-0.0014154808314884898,0.03310190175919791,-0.0018296319471802608,-0.009464994767666463,0.008685014691641114
2024-10-04,0.004994975294563918,-0.001998025038998091,0.03487821535713581,-0.0011530008226340854,0.01670944859446635,0.009046055361788501,-0.01237739873679355,0.01818898480188598
2024-10-07,-0.022788615562331825,-0.0033935140367649104,-0.0013739289984613622,-0.015794916940013764,0.02216677305510913,-0.009081378902386927,-0.007563843276561892,0.004316627365539321
2024-10-08,0.018236814306916337,-0.007399232494344503,-0.0008536382734528228,0.012544905224485375,0.03968140734058667,0.009413000058420974,0.0016856697695337313,-0.026920441622202817
2024-10-09,0.01656049773203383,-0.0054610705017173605,0.01258934002133975,0.006609203252368461,-0.0018076260383813859,0.006902605812523331,-0.005700998358512001,0.0004093820788016498
2024-10-10,-0.0021806327310848785,0.007316064767089658,-0.0027212160140725173,-0.003888011157815576,0.016152308494313056,-0.0017514618712944753,-0.003925051187095081,0.008563523304506751
2024-10-11,-0.006526660483886576,0.01085428686886074,0.043442170078202155,0.00115353604045532,-7.402957910195285e-05,0.005970375496356955,-0.004047227073184739,0.0038096155112730752
2024-10-14,0.016345546383963305,-0.0016308312397319176,-0.003650622810242502,0.0067507992103264915,0.02396855761292921,0.0081451921573119,0.0007468131087387871,0.003795027131993111
2024-10-15,0.01096435662917964,0.0034623584364339233,0.00410032135028796,-0.0009548161068614077,-0.047993846437371125,-0.007800156977439707,0.012084245235682122,-0.030522325949196006
2024-10-16,-0.008891360997468364,0.0049891427128232555,0.005605047532998033,-0.006276510991617214,0.030826910106662823,0.0043368886625765055,0.004205577896321788,0.002572396430940289
2024-10-17,0.0015951415232058656,0.0059704521617615375,0.0034816431881980994,0.0014408914975963948,0.008875811512698098,8.589374884384152e-05,-0.015969880641317987,-0.0025723964309401952
2024-10-18,0.012201742249239467,0.010562207979593716,0.004224064411429761,0.0034496331564147515,0.007783936568059349,0.00383927587037961,0.0007460171633780236,-0.0028291849337963313
2024-10-21,0.006278215003580766,-0.00019902108052402434,-0.010571589068037502,0.0014816715302921944,0.040543718902484184,-0.0016436298660986197,-0.017625631183425264,0.0005831022706485222
2024-10-22,-0.0026251641888964906,0.010729555523637746,0.005009756795668524,0.020631802278539443,-0.0008355711642384343,-0.0005313207962215572,0.0009755343692688767,0.005149984529593818
2024-10-23,-0.02186028177247962,-0.012123752431615111,-0.0031728330748873332,-0.006830152470504325,-0.028467070600883583,-0.009179475328915235,-0.0027117817127607765,-0.003568817349340942
2024-10-24,-0.000823625939923417,0.007663817134299539,0.007002731902901058,0.00030616093375025093,0.006072021089187872,0.002160467106629352,0.0063879145341727795,-0.0056701089223685245
2024-10-25,0.0036364823576416627,0.0020548662166116312,-0.011938592774828978,0.00801996727292556,0.00801552382161427,-0.0003452493508973461,-0.005627795110789921,-0.0008364643199757413
2024-10-28,0.008562606538802668,3.945329776617785e-05,0.014247311591948943,-0.0036502468233984625,-0.007232596982339709,0.0030864464029440567,-0.002716906555090121,-0.004949921763445582
2024-10-29,0.001156139696937863,0.010835937036952448,-0.011596984386591767,0.012486576216745274,0.0051816897925223695,0.0016170714627323846,0.001522186460836153,-0.013718595743028247
2024-10-30,-0.015395819656392546,0.005490789207931537,0.006751489003938893,0.0013417683100724817,-0.013614546367495267,-0.0030296869864094907,0.002929649327619369,-0.00504329450016905
2024-10-31,-0.018377259001906225,-0.015616471787270733,-0.011157680820890269,-0.062436818100589576,-0.04837399262168817,-0.0197979922261041,0.0016237726117931761,0.0007709902039127533
2024-11-01,-0.013368715158445017,-0.004110813705942136,0.004585759184846659,0.009844262394453839,0.019690361553806386,0.004211707102523141,-0.014198578141747518,-0.01579463249087408
2024-11-04,-0.004045708751854574,0.0014248987496042703,-0.014275756515076857,-0.004665234825317087,0.004789111636954438,-0.0021563248834115547,0.015402617087707626,0.03134353236468265
2024-11-05,0.006465273195783907,0.0022519104403699204,0.007750476535719188,0.007317863330788807,0.027976971740576447,0.012019400933531765,0.0052975215081283306,0.0029465072715894763
2024-11-06,-0.0032722076410395735,-0.03085797669408563,0.1092537272144841,0.020971313492718892,0.039932307226915605,0.024561264570642866,-0.027770379390932746,0.017003332091323275
2024-11-07,0.021146993635295996,0.015948645391861378,-0.044190452409299426,0.012417268924525183,0.022209069130345222,0.007702428174841069,0.012449859104769777,0.0012388560707723357
2024-11-08,-0.0011889714121384304,-0.0067924425881974865,0.0025350480425170617,-0.006816208870606991,-0.008431654418616083,0.004322461365743317,0.012621127972388159,-0.0003302738660893639
2024-11-11,-0.012101585643438287,-0.02375140115119195,0.009700376639959185,-0.010778855847281589,-0.016183693442096893,0.0009523279933443879,-0.004877345050145496,-0.005298465916014433
2024-11-12,0.0,-0.008668821068980244,0.0011278143707092912,0.011937736523986324,0.020644440376304654,-0.0031110666877388776,-0.015106668777168448,-0.0009965449974203913
2024-11-13,0.0039613681193352126,-0.010132384997697268,0.006656561751777566,0.005116581798672349,-0.013715671560216107,0.0004856507008776076,-0.00953131347755199,0.009263023850682534
2024-11-14,0.01367642684279322,-0.0026125515313784047,0.002939778320456132,0.003966769497633568,0.0033443144811491085,-0.006450864313521877,0.005773726723632863,0.0006638013485049314
2024-11-15,-0.014209591155522117,-0.0017736414154010981,0.014122434059854642,-0.028247877533689104,-0.033112254779601565,-0.012891377368952473,-0.0026605426130770983,-0.010422211750032323
2024-11-18,0.013332926109904214,0.01884162282592499,-0.0011421238135252993,0.0018297585256778933,-0.012972949247131833,0.004089038168664031,0.001774542236654728,0.008346401112143673
2024-11-19,0.0011395214906782835,0.00891942849470802,-0.007948906131175194,0.004870605066130124,0.04778727471757494,0.003648703674754749,0.005084451340399492,-0.014062305448396858
2024-11-20,0.0031491009969562118,0.005616245032295766,-0.009548013243870817,-0.005520439948383626,-0.00764761445927633,0.000338875834369798,-0.003202182100624983,0.014145455303538777
2024-11-21,-0.002098231209770198,0.008304918886222052,0.016394425016137554,-0.004326129713779539,0.005332217635234719,0.005353784082684051,-0.0007747088867626783,0.013292304940493415
2024-11-22,0.005890135969549004,0.012809813332372294,0.01536583485672258,0.009953506200021629,-0.03271035462823413,0.003094705829717668,0.0005534116986452996,-0.0011488785555929847
2024-11-25,0.012966437741126095,-0.029901483187306007,0.006976261479740505,0.004283374777808073,-0.042672932842500746,0.00338636485522849,0.02555829198483437,-0.015056456606331202
2024-11-26,0.009360464058107474,0.0019364331609546426,-0.0012793197980777167,0.021730211507660867,0.006594949435241287,0.00520779653910303,-0.0038899285102081873,-0.016811501138795468
2024-11-27,-0.0005531645317347985,0.0022202481870022992,-0.0007204598504769562,-0.011751281257226376,-0.01160653200063632,-0.003034584391838552,0.006904804751911566,-0.002631119044744451
2024-11-29,0.010163988599147484,0.008587567442534243,-0.00028024172344851987,0.001110564208251124,0.021273259613684783,0.006192834494583272,0.010268804178569261,0.0025464486588273384
2024-12-02,0.00947754631336291,-0.0087929483026941,-0.01399290276946981,0.01760259619700266,0.00274500266141855,0.0017908262637095261,0.00239960812369115,-0.0009330040519000795
2024-12-03,0.012690944396716697,0.0020107532444556663,-0.005823982318153936,0.0005104457757908028,0.011689217651780666,0.00046373469223459206,-0.008666430737598202,-0.0015284902225092595
2024-12-04,0.0014824442943987145,0.00302908748607766,-0.005817260400802052,0.014321709361491578,0.034200876209872694,0.006190207904060442,0.010688598511075321,-0.02923248509889589
2024-12-05,0.0001235326588589325,-0.0074252082091734815,0.008509358677615833,0.011817856918785943,-0.00048226578855631004,-0.0016468900175443993,0.002017825399117214,0.004365607751641168
2024-12-06,-0.0008233124875095049,0.0003705001517975754,0.007629398048443066,0.0021439657974809483,-0.018226670986792422,0.0018937973608482354,0.0014841810150390336,-0.010597866410055608
2024-12-09,0.01597295166684429,0.009870874002918592,-0.014455660748464463,0.00550821146747958,-0.025814778925956235,-0.005163081346124972,-0.009259556130282853,-0.005916907889353402
2024-12-10,0.004125258694524911,0.013078415980993926,-0.0039040926649649144,-0.0060494837337090905,-0.027312691889504383,-0.0031138343165346967,-0.004716137488723418,-0.002039277322169121
2024-12-11,-0.005179500693018436,0.009488652360594872,0.0027550028538857654,0.012686237404244804,0.030908361403944217,0.007700908748182434,-0.009499173567073574,-0.006678937333385683
2024-12-12,0.005946060010979472,-0.01477229774782158,-0.008246400935146496,0.001268656978902078,-0.014242019539056438,-0.005165960799480725,-0.01222200052669181,-0.0008939096830765773
2024-12-13,0.0006852734126070457,-0.01216527622337442,-0.0066047701015284075,-0.005106820388866286,-0.02275584086138682,-0.0001984317302660415,-0.010262988119626271,-0.008802718643546337
2024-12-16,0.011659422964560157,0.00241229791280552,-0.001501541716795051,0.009612306960244156,-0.016902029406532425,0.004260862517392682,0.0029903907333013063,-0.021613967602234475
2024-12-17,0.00967265630162667,-0.003846011153453628,-0.005105173336780907,0.006335103268791188,-0.012271893453089164,-0.004128604681631778,0.0024298993594501416,-0.004249743846946076
2024-12-18,-0.021654506017711135,-0.019371499639532556,-0.034095408560446405,-0.03828458463795618,-0.011415517083418382,-0.03025661064131427,-0.012582879862172363,-0.014830344669068827
2024-12-19,0.006990121065482629,0.0014200879312812307,0.011179965311912982,-0.0008234609193033251,0.013637133152473621,-0.00030709365322565676,-0.015257056657362747,-0.008587822977971558
2024-12-20,0.01864117545083965,0.01037999743966833,0.01972182476420735,-0.000984395137977948,0.03029851814395633,0.011939452656685785,0.005677945605621524,0.0034062476500011773
2024-12-23,0.0030601719662898775,-0.004719916680210686,0.003319446326282013,-0.00309678224396166,0.036232395722880506,0.00597024574831461,-0.009214744499299956,0.004053312800222445
2024-12-24,0.011412762294554157,0.001990032656870636,0.016309832521821974,0.009330257295438828,0.0039302246608490955,0.01105378008050223,0.0042198831129045215,0.0009403071520946259
2024-12-26,0.0031705417835750154,0.0067284927019149185,0.003419480968509731,-0.0027809400826372867,-0.0020704187342730253,6.658957764061234e-05,-0.0005694063168670935,0.0008454834898061744
2024-12-27,-0.01333053752377513,-0.006894214453703702,-0.008135240332467118,-0.017452981309023695,-0.021088412374471833,-0.010582380600210406,-0.008232392635626109,-9.37985743304233e-05
2024-12-30,-0.013352197899286681,-0.003194779040875952,-0.007700449961888343,-0.013327857900136086,0.0034973419256118647,-0.011477092614339582,0.008004651128705803,-0.006784910225056241
2024-12-31,-0.007082945878119779,0.006214287831739849,0.0016281746835330156,-0.007869372585478238,-0.02354949576101007,-0.003644769648369693,-0.0053673795040002385,0.016969440822681276
2025-01-02,-0.026586224686540816,0.013496228917030742,0.0012091382055546068,-0.006951762509653767,0.02949580955754961,-0.0024601479407158184,0.002744430607249333,-0.0024199219772778518
2025-01-03,-0.002011468040457835,-0.007895124609843705,0.013574008948369392,0.011331238709872472,0.04357436336197106,0.01242598870696695,-0.0032025220011176413,0.00511222086270839
2025-01-06,0.006716400567433074,-0.0012328556129919187,-0.004887241126682059,0.010573461551912421,0.03375630601117568,0.005744086485510305,-0.004477893767471438,-0.0011131911159994162
2025-01-07,-0.011453051473828165,0.0056176267350635505,0.009586376779296807,-0.012891003186146752,-0.06418629116454828,-0.011368421757193178,-0.011341296698935282,0.009330796242938423
2025-01-08,0.002021008618495214,0.005301603121984425,-0.0001644281413771653,0.005171661092368767,-0.0002140784332443731,0.0014599452771517484,0.0012793125550215679,-0.016877311961050086
2025-01-10,-0.024399103678973594,0.009512918374949771,-0.013499265230134403,-0.0133017352523706,-0.030434847288904117,-0.015385175179108918,-0.006647734680184844,-0.003653861202852127
2025-01-13,-0.010397980476670161,-0.010001100303675396,0.01793142278626244,-0.004209861086310876,-0.019916109374847002,0.00154938382383483,-0.00035116339393937546,0.02548426460565558
2025-01-14,-0.004789652468120201,0.005235693007988215,0.01326094513748034,-0.003650045713513989,-0.011094728517885033,0.0013748977461716769,-0.0016400432182684162,0.003926868306788435
2025-01-15,0.019484822761262073,0.007461090407550896,0.019527540273880453,0.025275033463256293,0.033436013957587905,0.018026569513328664,0.017088553532507454,0.016182549637738672
2025-01-16,-0.041238799684083595,0.0068871946090514665,0.007579810975088422,-0.004066334139698251,-0.019792330455421954,-0.0019250581580586552,0.00322196023234631,-0.001705328718836306
2025-01-17,0.007506930649183583,-0.005321403332684738,0.019048886781875555,0.010426470047615584,0.030524290218032952,0.009989732395348701,0.0017220641819378215,0.00894308034852871
2025-01-21,-0.03243620396100739,0.015366546556984068,0.0148223423278624,-0.0012360774086454143,0.022403421203704088,0.009112048073927502,0.008906049762958937,-0.007596462264031674
2025-01-22,0.005330735982338231,0.005122510213068569,-0.0007224877162352768,0.04047655315034565,0.04335530148881275,0.005605693510050777,-0.005242711739979802,-0.017557159286721438
2025-01-23,-0.0007597666927842206,-0.0014158718257654048,0.011762798411354806,0.0011423493894223509,0.0010194295878710271,0.005443115503664469,-0.0078008515175042115,0.005644755817455228
2025-01-24,-0.003942472653111138,0.006199449222330093,-0.004182313962520286,-0.005949984253193119,-0.03174452284628787,-0.002923534622772219,0.004481214261871017,-0.013619374721047536
2025-01-27,0.03128581292827294,-0.010459313683880304,0.003806266346203998,-0.021625705004121303,-0.18594606505412992,-0.014246356815884811,0.011740155500854617,0.013800786306701195
2025-01-28,0.035892115165558194,0.008619165823801737,0.004840782336486877,0.028671991131154692,0.08549725780967933,0.008555715048818744,-0.0006797709334560667,-0.01952301956413047
2025-01-29,0.004606055717311958,-0.0038478030414185464,-0.002098645064423981,-0.010949832332498131,-0.041875549462974046,-0.00449294263302562,-0.00204339134630296,0.005814297619335484
2025-01-30,-0.0074221766588497716,0.015031970539815968,0.006170354159609134,-0.06380171621890131,0.007650486864747674,0.005352730808165938,0.0037426477350710127,0.00824776388859183
2025-01-31,-0.006714582920205193,0.0019744486005825435,-0.00347312275065,0.00016867433434548538,-0.0374349340220019,-0.005336122895857077,-0.006587268240165293,-0.025324730090754127
2025-02-03,-0.03444235821569638,0.005323078655223284,-0.0018347822086087998,-0.01002445923520442,-0.028811121282842432,-0.006752402104226648,0.008109047502900254,0.00243078177094655
2025-02-04,0.02079019235094906,0.00980023748604468,0.0042262550739837635,0.0035223392289391647,0.016914112673125165,0.0066860719607160935,0.003058019663891048,0.026447019781015758
2025-02-05,-0.0014184929963831296,0.00619034264242983,0.009250200451244299,0.002228661164054397,0.050774958025446223,0.004046225621691008,0.01637536328567624,-0.0007278141714414127
2025-02-06,0.003221032282342381,-0.0026537744373774834,0.023643100196570545,0.0061028663337816345,0.030375732527668835,0.0034696031494635027,-0.0004450932310622973,-0.013284095353592477
2025-02-07,-0.02426060895251515,0.001782570144409176,-0.003980450407020918,-0.014705341510326257,0.008974293933287724,-0.009195663829970117,-0.006476213822154685,0.004233538917060471
2025-02-10,0.0011865518741727428,0.01679638680250656,-0.01740949229758217,0.006010039902686568,0.028322908335860222,0.0067682677973716415,-0.003029109968826038,0.018921644747922815
2025-02-11,0.021596862293229248,-0.003658285589870855,0.014468066211121169,-0.001893956646295306,-0.005781508993400884,0.0007601494912811484,-0.006424946263633131,0.006288159297877661
2025-02-12,0.01810530840941033,0.001046607072714827,0.001671469912477122,-0.005850386312005388,-0.012578837558009743,-0.0032266852269089608,-0.01366305741854185,-0.030548680766124766
2025-02-13,0.01948224729833845,0.009814510830150894,0.0031536645943022754,0.0036604346488702437,0.031155190656602952,0.010502160139902631,0.016485878822785124,0.007239776082619515
2025-02-14,0.012630468746277242,-0.014983466926549421,0.0009766772608059823,-0.005152682897021701,0.02597367623759073,-4.917818218578768e-05,0.00528625897230318,0.0010167024570668366
2025-02-18,-0.0005315647587212168,0.01642526914447792,0.012074687560483284,0.002958075582473139,0.003953169541501455,0.00293159633618473,-0.011847921509862865,0.0174013622047418
2025-02-19,0.001634816762298603,0.0005539429240083393,-0.002503578931578016,0.012445420135553319,-0.0012202009909251757,0.002352049077253821,0.0012478650477202263,0.001451627853969394
2025-02-20,0.003912790097394392,0.000516699154436362,-0.04560819468418482,0.005276764786776783,0.006300512786111107,-0.004168923150187155,0.00373391090750708,0.015294845992019543
2025-02-21,-0.001139670634083971,-0.0009229691054979344,-0.009641500453344564,-0.019216020507990293,-0.041384173100420404,-0.017251865774102926,0.012012516549676517,-0.01176533311137211
2025-02-24,0.0062925894635247,0.0054148811569904014,-0.011035570547960399,-0.010366922754356748,-0.03135754311854549,-0.004560894487129419,0.002897390062055445,0.005226180365421455
2025-02-25,-0.00024293974720226646,-0.013276072540975698,-0.015190922695431253,-0.015214201918624553,-0.02841668995456816,-0.004985694318821851,0.01709991370471779,-0.013936791551340668
2025-02-26,-0.02741243635010069,0.0015251697060953886,0.005385754393883359,0.004588737664297464,0.03606312473440632,0.0005047746113122283,0.005889505548055111,-0.0024636015568782607
2025-02-27,-0.012812563750172624,-0.015357280506670757,0.0010039600609714867,-0.01817642015218111,-0.08859155609872993,-0.016090885066493157,-0.007093349999340186,0.006283815429128653
2025-02-28,0.018951147614888475,-0.006285532695668532,0.02138729518678501,0.011298085602732778,0.03893256748339041,0.015485187638170108,0.012191274901557603,0.010655673718340673
2025-03-03,-0.015879583888403534,0.01309428477593445,-0.015344734312912804,-0.021643622509646333,-0.09094889967224491,-0.017675268948049022,0.004655974086522655,-0.03259211290826997
2025-03-04,-0.008861614097681955,0.008660029400338953,-0.04060311215746171,0.00030877300650823073,0.01677937434987482,-0.011907481495598895,-0.012391355251289619,-0.002043732407052852
2025-03-05,-0.0008055573941231946,0.0020791481693780457,0.005101831118425128,0.03143509625479792,0.011230823529807194,0.010690492124800251,-0.00801637405258382,-0.01972080809665502
2025-03-06,-0.00174087902164112,-0.005094160642131142,-0.02003805482422618,-0.010352105941965705,-0.059085943776481784,-0.01791070656538532,-0.0033129710663724536,0.020464507146561697
2025-03-07,0.015767652859122364,0.0005218196474086795,-0.017430156508055104,-0.00906101340032499,0.018991863491692174,0.005589345315687898,-0.0032132131558856936,0.012924827246105872
2025-03-10,-0.04969407536537053,-0.008794495623060066,-0.042408804290564386,-0.0340059449174844,-0.051998854242922256,-0.02699666432272876,0.010377808266677054,0.02518011845088048
2025-03-11,-0.02962387616166318,0.01165930639065754,-0.013352060612534664,0.0007625343672001999,0.016501703176200228,-0.008347635015888411,-0.007164595110791421,-0.023896768972676872
2025-03-12,-0.017633178600504017,0.004337373317600702,-0.005426368650967162,0.007384977626163072,0.06229475550337958,0.00529245815810475,-0.005991401436809385,-0.00027501565243873117
2025-03-13,-0.03422267576860307,0.01760034574283983,-0.01196234909751069,-0.01181050413400098,-0.0013834199585296947,-0.013420196766636883,0.008752837812365688,-0.0042238950760169446
2025-03-14,0.018007449695951448,0.0003996778676249641,0.03168769035897514,0.025518322921996503,0.051349506075918684,0.0204454658618424,-0.005308843770998352,0.029289778626492544
2025-03-17,0.002385900856281218,0.005398932434643415,0.006389631803128225,0.00036033281692763117,-0.017745105675054062,0.007681646945156242,0.0049780280210980086,0.01648537882319565
2025-03-18,-0.00614031469982548,0.011604364010877142,0.004436061359183917,-0.01341617833387206,-0.03490302676016748,-0.010867214480762116,0.0009926567262570753,-0.0010555033209468305
2025-03-19,0.011918090746117545,0.00409929439969153,0.017465815211170032,0.011149648220582103,0.01794423857355824,0.010831967834690391,0.005167776636332737,0.015455596835448105
2025-03-20,-0.005310463195201647,-0.0012814060805390753,-0.0004183334271762011,-0.002530160166574395,0.008557467255265383,-0.002895887979129496,0.0006578170229884937,0.0042365907694336714
2025-03-21,0.019289580468985934,-0.008082476604942154,0.010902245878932263,0.011361244007079219,-0.0070270460654743025,0.0003298375522347131,-0.0059358999448617476,-0.0034571859004620792
2025-03-24,0.01120739306756486,-0.004462490783133984,0.026263051206314746,0.004640714674682571,0.031034323089008616,0.017749912119943527,-0.010306604691451086,0.002594095055321781
2025-03-25,0.013589090744291274,0.004390711790074645,0.012300052767494565,0.0052776368544547045,-0.005948050495023446,0.0024011523450981724,-0.00011128030537958075,0.006798848144317389
2025-03-26,-0.009971252318476046,-0.0008263225124260293,-0.000398243850094732,-0.013220924886847275,-0.059134257491441015,-0.01201027764091246,-0.00659475449394484,0.014306632224964021
2025-03-27,0.010418137825280779,0.013316671121389569,-0.011659919445766822,0.0015628628138508176,-0.02069434936884807,-0.0026593780384799688,-0.0029201344020388337,-0.0032180099447085353
2025-03-28,-0.02693996501737922,0.007384788228782128,-0.021468468564975973,-0.03062433599252162,-0.01592074171403851,-0.020343643364147873,0.013739457794229266,-0.0013581729724130025
2025-03-31,0.01922660780137337,0.014261049112946074,0.010037986167536265,-0.009042933560923004,-0.011832338692772849,0.006690370104205908,0.009824960804461784,0.010141249885371706
2025-04-01,0.004760627939717479,-0.0019801896396476866,-0.006708183361049222,0.017952494178591755,0.01619958874575572,0.002820461499574517,0.008628432055762263,0.0009244186316593734
2025-04-02,0.0031313590629681296,0.0020495598046479263,0.008825795485515316,-0.0001308788273190025,0.0024480710105487763,0.006308358691470958,-0.0006561488285267365,-0.0031130667753867564
2025-04-03,-0.09701336636303572,-0.0060565822044141146,-0.07223222121382687,-0.023913803294693326,-0.0812809923803166,-0.050536419682427336,0.004583232710049336,-0.05401573712254484
2025-04-04,-0.07568016354481147,-0.02367020473214484,-0.07778683590752135,-0.036213783683344,-0.07642291565199687,-0.06032653456285763,0.010828336304606983,-0.07467602493679805
2025-04-07,-0.03742608084216728,-0.021719986685703737,0.01958996981107921,-0.005517677904490875,0.03469986265602213,-0.0017828379018611363,-0.030620086624927934,-0.01350840655576587
2025-04-08,-0.051101924848845036,0.0054290299021522185,0.011268128574858665,-0.009264357860059207,-0.013818794195566116,-0.015786711295426383,-0.019058944061637363,-0.021305651548647372
2025-04-09,0.14261753799154478,0.036323492196158734,0.07747497691982208,0.09652485452420637,0.17162068141896475,0.09986287145801089,0.005868535751401419,0.04870984905615283
2025-04-10,-0.043318714611892455,0.02413009288681445,-0.031338593092829846,-0.02368471506359845,-0.06094729175802365,-0.04480811874838202,-0.027955714156915328,-0.05708063564799383
2025-04-11,0.039792114152949434,0.01890679950058093,0.03924442574150292,0.018446933065227707,0.03075767108114559,0.017685577889526977,0.005424007471886204,0.03161745156101506
2025-04-14,0.021814402038292772,-0.005722318290653523,-0.006285639514097306,-0.0016489950808063717,-0.0019852372644194064,0.009654633614505052,0.007110076014752057,0.0024208845928136956
2025-04-15,-0.0018781367098608655,0.005218738019025799,-0.006796944956176186,-0.005377851474534099,0.013368756833628433,-0.002804836796243976,0.003536123877114117,-0.0028088168160965215
2025-04-16,-0.03971147016854836,0.032022570753676,-0.015214014147222692,-0.03729275929291932,-0.07119163198776939,-0.02247872738938427,0.005564129600728227,0.010516802373787259
2025-04-17,0.01385309357335915,-0.004400359490663115,0.010182721892776957,-0.010360002819785821,-0.029131124884456797,0.0014257003179427759,-0.008871783498835332,0.025864580767353165
2025-04-21,-0.019583206945825868,0.030466725196562627,-0.012886643733821446,-0.023828312253194008,-0.04617743203453541,-0.02409056865722113,-0.017634466500465695,-0.014792744587710661
2025-04-22,0.033497708052220174,-0.014297390879940051,0.028414719124286527,0.02121471192960325,0.020225301724121302,0.02568517367900751,0.005566274755837323,0.027617156023911023
2025-04-23,0.024040263112388,-0.024270798064606143,0.022205838077693055,0.02042675615122326,0.0379013387731925,0.015376418334407617,0.009666232228103887,-0.008624318095215869
2025-04-24,0.018258483033462156,0.014451351409752674,0.015488827460771704,0.03390150503066673,0.03557797705384787,0.020830560538646615,0.010480891445046287,0.011666700234266593
2025-04-25,0.004357700335927208,-0.010900878955956528,-0.004465402528273779,0.011679614712274087,0.042132961442940875,0.007199333805528579,0.007339293893628959,-0.0005524257949574326
2025-04-28,0.004100999953070824,0.014141637459613693,-0.001355994566668566,-0.0017624576001346473,-0.020752545360519608,0.0003813124578095559,0.0062798969153958885,0.0005524257949574831
2025-04-29,0.0050788544402886595,-0.009786658970495412,0.005739637735685942,0.007335708257394689,0.002663488374673135,0.006279630619775341,0.00834975768998898,-0.002488506174035133
2025-04-30,0.006089154733784381,-0.007510353244041899,0.0,0.0030913106086178613,-0.0009176939191680513,0.00039675133299295497,-0.008125970647410974,-0.02551666389280042
2025-05-01,0.0038513204585281517,-0.02099106650379782,0.009236954927442942,0.07348614189461014,0.024397036741896447,0.00706187423718725,-0.005083570978855259,0.0014191516568860755
2025-05-02,-0.03807750054973233,0.0017466735903771576,0.022507972634339395,0.022959542292229008,0.02556424074860387,0.014735149821230916,-0.010883163708336223,0.0040566942649427
2025-05-05,-0.03196397952264503,0.029430400577679455,0.00019793831746092093,0.0020426864845351027,-0.0059566213731137895,-0.0057509383688752296,-0.005600960141812054,-0.028071313583444415
2025-05-06,-0.0019124478912929883,0.027638515747736927,-0.013192522404081135,-0.006578705731860101,-0.002463001633647512,-0.008393342514942193,0.0033186529998092858,0.013847644287593611
2025-05-07,-0.011450050864054394,-0.015106592963135799,0.0005616123014167908,9.2311911345899e-05,0.03053137455807413,0.004196598284796687,0.004218080111340403,-0.0009554464090677659
2025-05-08,0.006298630949919598,-0.019890788928179075,0.01622755754889683,0.011061173150455832,0.002644749615268537,0.006943709424319438,-0.011211528335353554,0.013860097380869203
2025-05-09,0.005252178501204581,0.007228485693538802,-0.0015398278014979116,0.0012772753798550348,-0.006153288970022944,-0.0012750337214194804,0.0014945088104191913,0.011622583821719538
2025-05-12,0.06123260765537306,-0.028595551740996136,0.02716819503855558,0.023717629106184555,0.05300632642014118,0.032513103328074035,-0.00934855359333729,0.01709292999497853
2025-05-13,0.010101179253206504,0.004249948759953267,0.011318342723882893,-0.0002670831249151949,0.05481143911457764,0.006582045390180123,-0.004066715548562855,0.002744480393637369
2025-05-14,-0.002821861221122829,-0.02126227662564288,0.009949874390417134,0.008424933329915445,0.04079444678674886,0.0012772667262527715,-0.006658548892672129,-0.008993398712532848
2025-05-15,-0.004153119684206215,0.015837869719407486,0.006939979848097254,0.0022535128145119918,-0.0037756781814252986,0.00487239622449138,0.008752006499544244,0.010089404350732968
2025-05-16,-0.0008989154258588337,-0.012160689602209927,0.0002617849837399496,0.00251270859666085,0.004218720774885204,0.006314173003547581,0.0026686688146545052,-0.003598290311040661
2025-05-19,-0.011808459962148736,0.012798420816745652,-0.010066993682173208,0.010075187311025408,0.0012549174991100046,0.0010933259077134494,-0.0029010068147951006,-0.016025645575990087
2025-05-20,-0.009238910528517764,0.018450974483986242,0.0030156855702859614,-0.0015265280603035604,-0.008816651237104279,-0.003367922465163679,-0.00723117849161421,-0.014379287940593807
2025-05-21,-0.023329135189360545,0.007351594562024017,-0.017618911084866476,-0.012297867208924871,-0.019385839931706075,-0.016994365011937837,-0.01723781483077057,-0.012367608401779003
2025-05-22,-0.0036187742583048813,-0.008900989925318167,-0.0014181692924823397,0.005047225468213278,0.007784306348343088,0.000394524062166623,0.005226323254150756,-0.006678639123679183
2025-05-23,-0.030711125165556543,0.021669792905121613,0.00015314531893326496,-0.010342243084145228,-0.011661591942435625,-0.006849040910355118,0.001657261239722181,0.000582495266068723
2025-05-27,0.024983634850397802,-0.017094433359300068,0.01741498477100294,0.023077888304662383,0.03156309079967979,0.020577401218805552,0.01385969938934942,0.004744526462964265
2025-05-28,0.0010483354048508517,-0.002268589173612519,-0.006808183840663011,-0.0072545545339677935,-0.005105197879147071,-0.005802357607528676,-0.00432526809453668,-0.013714058991668146
2025-05-29,-0.0023478901995321877,0.0059072333619440654,0.0033341159366712648,0.0028820389567138682,0.031973530233375014,0.003939671983367162,0.009212502750286795,0.005664051807909711
2025-05-30,0.004491076894813233,-0.006598665713002106,-0.0014003528602970982,0.003655858637175848,-0.029602538151327566,-0.0011189220138186613,0.001507856397603343,-0.0038049938596556357
2025-06-02,0.0042231238226043966,0.026233913208447007,0.0024968607152730193,0.003491200495491584,0.01651345799010261,0.0056170107075630095,-0.009350341347632327,0.007304615223921845
2025-06-03,0.007753703735756887,-0.008894994642019345,0.00606485267638137,0.0021623473779866947,0.027568143033128163,0.005686359240649595,-0.0017627691323549512,0.007251644517160086
2025-06-04,-0.0022162836174875918,0.0064213132412345815,-0.007728812444571169,0.0019420499819249367,0.004944560488316775,-0.00026844462670427653,0.01610290301135668,-0.014556259741081934
2025-06-05,-0.010856493087603674,-0.005062672644074125,-0.008628488703466733,0.008179976484342696,-0.013692475659628582,-0.004844575652615554,0.0006942337807501243,-0.004605008738707933
2025-06-06,0.016265311589657865,-0.01350688232494814,0.01432726249178955,0.005756609379951794,0.01228232950795926,0.010216662684454049,-0.012805808757941411,0.02367885002767849
2025-06-09,-0.012186528307886878,0.004707437493749117,0.003793443649556445,0.00502584442172111,0.00640055182861995,0.0009008229136485706,0.0010539913551694084,0.006690974857555514
2025-06-10,0.006037754934779174,0.00029346792267399537,0.006948925231236757,-0.003878462387048046,0.009281628766522401,0.005653911291605283,0.005136634654784769,0.02120822376957107
2025-06-11,-0.019380229076793463,0.005397696978330561,-0.001676708697333398,0.0036034432589252476,-0.007810937621434968,-0.0028562549040238145,0.0030228136808042342,0.019305080353005186
2025-06-12,0.002110632335517766,0.01234370232269246,0.00033547351923678647,0.01313740717075899,0.01507863366673007,0.003966398812071524,0.011886350933041762,0.0038349454018014035
2025-06-13,-0.013901411536047332,0.01301549409169947,-0.012340640880530074,-0.00819859810254404,-0.021117978137043802,-0.011243130081980407,-0.009682931722746656,0.021546926608539334
2025-06-16,0.00997806923497654,-0.014361734303802328,0.020213023296291273,0.008762314654749758,0.01897766751199451,0.009469368183272006,-0.01012898616764634,0.003205682339075219
2025-06-17,-0.014109748545778856,0.0005130624809404316,-0.0031118127507298986,-0.0022984082372658823,-0.0039472546521019305,-0.008581890707043106,0.012096173685719866,0.013423024064995565
2025-06-18,0.00479320533805965,-0.00540018233840262,0.01633958355505224,0.004591545905710506,0.009392396706195575,-0.0001507244488008549,0.0017327095334703192,-0.0071305824265946996
2025-06-20,0.02223547435819915,-0.0004191069541604869,0.003789023391997322,-0.0059312857551390005,-0.01126757310977725,-0.0023512362440002437,-0.001848330320097368,0.013252151725239473
2025-06-23,0.0024844339906089923,0.003058490504208936,0.011820670910510585,0.01785392919372585,0.0022221085511937373,0.009829022247643619,0.0032319689517329685,-0.02614534692250357
2025-06-24,-0.005973181643514564,-0.015844238391270016,0.010687620058473924,0.008421152289271351,0.025543093068303727,0.010986611589662867,0.007234331068355964,-0.030900303734456486
2025-06-25,0.0062708567997190896,0.0030327025232496515,0.009905925944361306,0.004397553030850552,0.04242729945917625,0.0005602274649639028,0.001257959909615092,0.0002769629073409352
2025-06-26,-0.0027821091468134777,-0.0011076604529502278,0.01637588231845136,0.010467752973181617,0.004590607345405823,0.007793362434847595,0.005015343234961993,0.014838136570171813
2025-06-27,0.0003979183634067224,-0.018289975504647085,-0.005695852818361664,-0.003040184753813467,0.017457330302646516,0.004956020908146138,-0.006387549299908935,-0.0055613927985182325
2025-06-30,0.02013605979229072,0.011913301279755133,0.009705171669048766,0.0029597920564695132,0.0015201689001292087,0.004769885673784504,0.009792802723668715,-0.014550448423902415
2025-07-01,0.01283340638163036,0.008883435847179964,0.0017232557462196869,-0.010834379756567498,-0.030134954669382066,-0.00032376653948382644,0.0024765214073918817,0.013269558763394257
2025-07-02,0.0219872828814363,0.00551237530942954,0.005459978622748665,-0.0019528641263497069,0.02544022027251973,0.00452302127882086,-0.006373929913910155,0.016433353817430146
2025-07-03,0.005211437084864038,-0.006846293882020621,0.018411744262254257,0.015657954180622758,0.013203286621560333,0.007850504238325978,-0.006989488193689927,0.010302482174896184
2025-07-07,-0.01700163912053258,0.0007485003525817282,-0.013708380620866115,-0.0022477122660855987,-0.006927444170970858,-0.007479876580079352,-0.009589188917803915,-0.009762286945896433
2025-07-08,0.00028576907769607885,-0.010498326962963742,-0.03198194813834984,-0.0022125750804845453,0.011061049419724613,-0.0005478853567877983,-0.001277974707109889,0.027342969218489287
2025-07-09,0.005366123271496124,0.004461316177625558,0.001342997827733495,0.013778461175865961,0.01783985865536264,0.005978747694233981,0.01040706030771472,-0.003421208420393989
2025-07-10,0.005997105801245343,0.002223316131965108,0.017607978610422396,-0.00403985128328624,0.007462304828640099,0.0028162888082995893,0.0006901216496981886,0.00988072732567145
2025-07-11,-0.005902280522554641,0.00955577301886398,-0.004625980151448966,0.0036624647720248406,0.0049845059826317175,-0.0035216020520023017,-0.013890756552391102,0.004341004557436289
2025-07-14,-0.01210174964850029,-0.0036620144241214002,0.006393976754891,-0.0005962504625369658,-0.005167294757861245,0.0019062670749355217,-0.002100431255335869,-0.013167789224138568
2025-07-15,0.0023461060134707667,-0.004164364075514542,-0.007474967698636832,0.0055509838438607215,0.039614395606997935,-0.004282269685971956,-0.0070331272132508425,-0.008905391151680658
2025-07-16,0.005008578469245827,0.004975696789391886,-0.0025509498491778034,-0.0003954959739490526,0.003917357282829712,0.003337598209687879,0.0014106258326673964,-0.006040729810050538
2025-07-17,-0.0006662509862957758,-0.0021758989541098375,0.014173923588222817,0.011953135030171183,0.009466668777072643,0.006101087198508791,-0.00023476227134694075,-0.005091719347308496
2025-07-18,0.005507987356699294,0.0025975477973482998,0.004714372921954862,-0.00322977020911845,-0.003416250050641185,-0.0007327011500944641,0.0015262390064540213,-0.03545932549794419
2025-07-21,0.0061370059748402025,0.015253192127432761,-0.0010303035552533756,1.960069996867898e-05,-0.005992021538431036,0.0018943480812726298,0.008876132103762435,0.002594870330434486
2025-07-22,0.008995570441176205,0.0094401831613078,0.0015796354039255781,-0.009435490517924396,-0.025709928968958563,0.00014308705537016195,0.006028556321900743,0.004524666148145191
2025-07-23,-0.0011667067342310043,-0.012478717461642091,0.018124005973016277,0.0011867793158299464,0.022202821029685644,0.008471589855365448,-0.00556338551175152,0.012725033489141379
2025-07-24,-0.001822810721298693,-0.006137070328856787,-0.0007080914788523598,0.009855084104650864,0.017183789848632187,0.00033097487286408054,-0.001744854646086792,0.007792662732846248
2025-07-25,0.0005613455330807401,-0.009293039490678532,0.006956182267841522,0.005524139117045585,-0.0013824420820837484,0.004215440684552298,0.006267390757510003,-0.0035263861225736785
2025-07-28,0.0007943724626799701,-0.006494663067578282,-0.001139325389039032,-0.0023581875895633815,0.018558731547405234,-0.0002511005278458048,-0.006500168754101878,0.009376202078678569
2025-07-29,-0.013072613625822325,0.002746613677307996,-0.0041656670095603305,0.000136541013036048,-0.007040409555520836,-0.0026412435915612715,0.016744941754457107,0.012838900970183635
2025-07-30,-0.010563550635202222,-0.017424424698434752,0.008681570412341001,0.001306309824448206,0.021197149286229566,-0.0012599688842343645,-0.005166658480710901,-0.008719585250003301
2025-07-31,-0.0071048253624942884,0.006623418228251275,-0.011378620454646136,0.03871550377272254,-0.00784007161844326,-0.0037582170477224374,0.0005751474526878715,-0.002326278692456914
2025-08-01,-0.025321378928790966,0.020096397826572604,-0.023463752784787094,-0.017757526568690802,-0.02360816874042725,-0.01652642342915897,0.014116507988004663,-0.018077139446056743
2025-08-04,0.004781459275903073,0.005806339793967675,0.016757516993164214,0.021760873384904587,0.035511987070790445,0.015085504368414899,0.002729038480939018,-0.020921371879915364
2025-08-05,-0.0021168857193059787,0.0008037680984962059,-0.009869702554741814,-0.01483979261347463,-0.009713695587568768,-0.005082920296747279,0.003061664859951184,-0.0012115742686786678
2025-08-06,0.04965339353018556,-0.0021233597342562006,-6.863742910587896e-05,-0.005338574428187305,0.006486298088631934,0.007630572460438727,-0.0057907033408901845,-0.006830378285326899
2025-08-07,0.0312987648248559,0.008402586680171171,-0.015252131556292554,-0.007841066027680053,0.00749617014752595,-0.0008379874450790588,-0.0017094956987451484,-0.005271676247304521
2025-08-08,0.04148532264004967,-0.00022360485625666846,0.0063227301106405145,0.002301084239984531,0.010619853644031441,0.007767311017072898,-0.004343786144234253,0.007990676076862983
2025-08-11,-0.008372376345528211,-0.014479017992943764,0.0027666024984096204,-0.0005172618574247229,-0.003509139296085911,-0.0019793621405001806,0.0011450091091327152,-0.009123871305745948
2025-08-12,0.010813672630568757,-0.0009078785028290671,0.011298002043544053,0.014215180246752826,0.006023808648001382,0.010589807346852703,-0.005047637414163735,0.0028306581364236634
2025-08-13,0.015897475819875263,0.003044643380447489,-0.007953615764175729,-0.016498310921669652,-0.008608717349844527,0.0034171907841489225,0.008246414449265282,0.013755979037392986
2025-08-14,-0.002359951548342355,-0.006358881635978504,0.012416995645537214,0.0036430222204388717,0.0023651728456153295,9.300924530087265e-05,-0.007441710414319949,-0.0020466984542668216
2025-08-15,-0.005125245928623832,0.0005856467855486066,-0.012554779213464205,-0.0044310090625219204,-0.008662868613232273,-0.0023439428152555583,-0.007150315596560212,0.0009394599412254137
2025-08-18,-0.0030271747343979783,-0.0015624875893944005,0.003573656880831703,-0.005919366331114072,0.008607885130718305,-0.00021773625932833604,-0.0028977678792926438,0.0021574874056357286
2025-08-19,-0.0014302167695571814,-0.005488312721199512,-0.002988502039735791,-0.014276749033120633,-0.035625095509758,-0.005439870329590304,0.005787162956497968,0.00653776676591797
2025-08-20,-0.01993198153129958,0.010071289165624142,0.005421122457403943,-0.007976319443540611,-0.0013673901565778366,-0.002660617109700641,0.0021902930514911944,0.010280281881496269
2025-08-21,-0.004923405133202545,-0.00347592916281607,-0.002638327136734357,-0.0012884116450440734,-0.0023975284422295936,-0.0040198787023870254,-0.004963892795617787,0.006429154861994829
2025-08-22,0.01263657196565801,0.010649518982753443,0.016232821849506085,0.005912343045197068,0.01705577684624118,0.015240205988225428,0.007379208384651335,0.01859378074917384
2025-08-25,-0.0026377157023372132,-0.002417757282480456,-0.004533528819771086,-0.005872572717918165,0.010173380119172456,-0.004410924716533826,-0.002876099140578718,0.004125175878296337
2025-08-26,0.009420124567184027,0.0072358055476428994,0.01236808335081755,-0.004412201053792637,0.010841438539146327,0.0041783238485304415,-0.0005763241638972013,-0.0022398260272418033
2025-08-27,0.005132723136336729,0.0020166939883499383,0.002375017405813027,0.00931823158506862,-0.0009356601109938339,0.0022758610152143876,-0.0011531853360488033,0.011238127162735985
2025-08-28,0.008940725237363131,0.007391652350960381,0.005963446754507443,0.0057065932069966276,-0.007905715707802479,0.003535163844696036,0.006556447851989671,0.005307261218420151
2025-08-29,-0.0018075874774794432,0.009603638858147003,0.0011617921936450048,-0.005805262612566875,-0.03381164899589295,-0.005981588576274999,-0.007133585658782058,0.008258791234159645
2025-09-02,-0.010479481927209738,0.02336740250914344,-0.005722669168439365,-0.00310341311922011,-0.019712889995680733,-0.007437844999217563,-0.0074696746672731585,0.0034937588120595815
2025-09-03,0.037382388318206415,0.007801481349128729,-0.0006342670281575672,0.0004552817932497732,-0.0009374232451266017,0.00540491326799287,0.010917783318055593,-0.02453779926715237
2025-09-04,0.00547832232513567,-0.0044286747373555105,0.014287721805646634,0.005171140606282077,0.006076934309694111,0.008322687701407075,0.007595001815778484,0.004368929568979989
2025-09-05,-0.00037550386366705076,0.013257668006979742,-0.03156404376239261,-0.02586461097900745,-0.0274021587013952,-0.0029003961913302155,0.01513193701849241,-0.02860819932943132
2025-09-08,-0.0075800439522243105,0.011323711365555902,-0.00500608176587374,0.006443797395278915,0.007693951967387206,0.0024535652814358087,0.013236139263271007,0.005659970332063341
2025-09-09,-0.014950592233048732,-0.002272485609217019,0.01672468503327434,0.00042143028439434595,0.014451487517380842,0.0023092163266358,-0.005699191789361346,0.007256339314153398
2025-09-10,-0.032791215790723686,0.0035857690781288176,0.008990926975841704,0.0039247880153606115,0.03775344457915153,0.0028867295722736852,0.00569919178936141,0.016581139263079005
2025-09-11,0.014185214680128478,-0.0014924929949519461,0.016565247942014725,0.0012782645216960395,-0.0008464691709691908,0.008275855495816567,0.006663987983701413,-0.003205145194015018
2025-09-12,0.017410513088878223,0.0019696315993883206,0.004408345221256717,0.017588554017360425,0.0036622393684891535,-0.00033468641059504023,-0.004326462225467851,0.00017839520106501593
2025-09-15,0.011173272269641253,0.010351078276418409,0.0064629286138470155,0.010651038921044187,-0.00039384774757564376,0.005309747236784048,0.0023319863118412693,0.0016925094844667814
2025-09-16,0.006107203194049754,0.00200440059968761,0.0009384413877837656,-0.0123390602296241,-0.016277980876145105,-0.0013777402281604336,0.0021050658308861443,0.020526668657701416
2025-09-17,0.0035210509004652986,-0.007745087571334619,0.008245570199266647,0.001923308987091985,-0.026597241403402035,-0.001243135932890432,-0.002548872432494674,0.005305049350733665
2025-09-18,-0.00465544610939042,-0.004014356216469492,0.004736331686826227,-0.0030829985163717106,0.03434396892143857,0.004661523676907058,-0.01037324141687457,-0.011866483398512921
2025-09-19,0.031530571933516646,0.010551365296973236,0.004936040952931695,0.018473175812154664,0.002436745997643716,0.004940643347549601,-0.0019078869879481115,-0.009790559484398708
2025-09-22,0.04219296246145317,0.017158380367683163,-0.007461356454302913,-0.006741670095727397,0.03853048537251365,0.004719893112429032,-0.003601242481950135,-0.00711620207326412
2025-09-23,-0.006464126391678221,0.004078048498240162,0.0009596373516476083,-0.01019855810911776,-0.02861765458791367,-0.005458340322640168,0.006965691616200879,0.017082217262889644
2025-09-24,-0.008367236857623894,-0.009104369003754706,0.002172072326195457,0.0018049085202667553,-0.008216168557129732,-0.0031867364861726762,-0.003813940507909397,0.0053389451186375775
2025-09-25,0.017911684479911448,0.004156538489887818,9.565539931413667e-05,-0.006134581432704233,0.004060334377331126,-0.0046241424508109445,0.0,0.008950735670625364
2025-09-26,-0.005504333945722916,0.005755674720215595,0.008292206523674787,0.008699106490814365,0.0028099153155892965,0.0057127785651405125,-0.0008994105106647648,0.014003189612212958
2025-09-29,-0.004040113676564628,0.01636192499893196,-0.0011713919245234059,0.006120520259241569,0.02033175514549697,0.0028064118744700224,0.008177908234857723,-0.02592609973406105
2025-09-30,0.0007858087357872592,0.008503744538253297,-0.0008239566032105576,0.006488934203835655,0.02567789523362701,0.003759757999068319,-0.0029049738519640257,-0.012953411620411998
2025-10-01,0.0032151897222239072,0.0015741326049985922,-0.015076722044174576,0.003392207882805762,0.0035312240305386154,0.0034017796058662298,0.0025792838532759906,-0.0067634807192744825
2025-10-02,0.006555045573952552,-0.003488904306035992,-0.01022241278801412,-0.00766830470526582,0.00877356456654706,0.0011510698904782946,0.002907585212024172,-0.006270140419913894
2025-10-03,0.0034552785601604428,0.008000845595952238,0.008031475138826127,0.003116838323726653,-0.006746299902584394,-1.4805515983767243e-05,-0.0019002586688855573,0.01754666579820156
2025-10-06,-0.005167911774969734,0.018670357712142448,0.002104449370548132,0.02145578678755221,-0.011148046965904684,0.0035798566266859286,-0.007975230968589934,0.00826518946226504
2025-10-07,-0.0008184581241035252,0.005146197838027116,-0.004830776503950356,-0.008721815046370006,-0.002698535304008261,-0.003714403753721363,0.005735140701542766,0.0005253039319440682
2025-10-08,0.006141500579785352,0.016356457714615746,-0.01196643131771244,0.0016589481690558452,0.021756858631033292,0.005945346619066807,0.0007845892067827186,-0.00210273660698157
2025-10-09,-0.01570047132154628,-0.01862522575327605,0.004921611514337435,-0.004678791333891448,0.018130890013948877,-0.002901179078111572,-0.0007845892067825934,-0.009782724746745559
2025-10-10,-0.03513207354504185,0.010047058859954675,-0.015303045496079254,-0.022142342877312156,-0.050099617507457596,-0.027399832538963102,0.016018123397049472,-0.019496243274608572
2025-10-13,0.009697183027240885,0.024010471634505016,0.02325750063382461,0.006029293841268032,0.027782635594309407,0.015227587680655873,-0.0005519591213014323,0.01354452298444922
2025-10-14,0.00044408201230031126,0.007115811676483972,-0.019310568668760512,-0.0009343377984267062,-0.04501927105154537,-0.0012223931057610573,0.0031969210796521782,0.0004454269556253707
2025-10-15,0.006316514957929752,0.01718391083164241,0.011879608665396404,-0.00027254014670982933,-0.001111500689457427,0.0044297967857278185,-0.002203561489151117,-0.00607420146225751
2025-10-16,-0.007608847967879364,0.023117985169431865,-0.02366750205086559,-0.0035511184547924787,0.010950142090018556,-0.006833615021649324,0.0074725032836422895,-0.008728976142015928
2025-10-17,0.019370592698148312,-0.018996349267191463,-0.0032880390458567164,0.003843272406871184,0.007725510234727423,0.005660249367837144,-0.0015340212242932775,0.014357750648647886
2025-10-20,0.03868092101339173,0.03575507474940295,0.016002350664474377,0.006230654117871639,-0.0031706593282750787,0.010346787167762106,0.0038304767354139842,0.0040900343228126275
2025-10-21,0.002019121064612679,-0.066427122202817,-0.01758318264479671,0.0016821281308762122,-0.008136322174984818,-1.5034665906118169e-05,0.004903338420576199,8.87237572560616e-05
2025-10-22,-0.01657694178315752,0.00010605032482095541,-0.010081229475102095,0.005547964873942636,-0.004869486975601364,-0.005212385777962875,0.0006518853435986306,0.017589057909410417
2025-10-23,0.004362643734738812,0.0039943702532297155,0.0014609744098337425,3.858399568198024e-05,0.01037424620852365,0.005912449677416068,-0.006866862978078158,0.011010535770658114
2025-10-24,0.012404469824879983,-0.003358466049881991,0.019833214005043415,0.005841893468855865,0.022258098184995787,0.008139340211438471,0.0004373176586527378,-0.005100003677999741
2025-10-27,0.022535469923743244,-0.02823439606845571,0.012273018568832807,0.014993829501661277,0.02769214703276586,0.011728614603400918,0.003383368648644096,0.0047551378287075
2025-10-28,0.0007065287393462459,-0.007191829710492189,0.003970291391725924,0.019654159742433237,0.048618480037657764,0.0026524950416700003,0.0026115762768452325,-0.007879950698507216
2025-10-29,0.002598862988010724,-0.003794458273018786,0.0004911655410182541,-0.0009597391008330833,0.029457887052263095,0.00048016576939499743,-0.010157856767636845,0.012269027502022158
2025-10-30,0.006283466664280875,0.019451474207493994,0.01278168110500893,-0.02959053720096553,-0.02024805382906971,-0.011059024812133158,-0.005835460901050127,-0.015229107859056007
2025-10-31,-0.00380226296753672,-0.005445349765875755,0.005414430516229459,-0.015236447589300659,-0.0019734570078558597,0.003274853895150146,-0.0029857291120209315,-0.002881424873151379
2025-11-03,-0.004894298833628012,0.0017912982604373527,-0.00570533792129416,-0.0015074686283697196,0.021448444339366195,0.001874980999473234,-0.002504243192314235,-0.005260401686968072
2025-11-04,0.0036729963281676823,-0.017672437504169455,-0.0003233186146959154,-0.0052357096217623324,-0.040393158064018025,-0.011924360802475447,0.0022261961860142797,0.003334669395556143
2025-11-05,0.00037029726863190167,0.01149801326624798,0.007826971566643288,-0.0140386699221063,-0.017669859029216153,0.0034593945896944198,-0.010955858353613875,-0.004038192868478647
2025-11-06,-0.0013707172835239541,-0.0012012407765741207,0.0055672202006174345,-0.020035292897006292,-0.03720845826520234,-0.010787338554332244,0.008952496143579873,0.007187333081149465
2025-11-07,-0.0048305427121975416,0.006100376279774988,0.0025172823009005554,-0.0005634072263488708,0.0003718954458708058,0.0009840807123627038,-0.0021189302761507696,0.023477717041726204
2025-11-10,0.004538380514148896,0.026974026330607748,0.0084932877065295,0.018308873913350867,0.05631673403630657,0.015483874055295284,-0.0002233948330531655,0.008494718988332378
2025-11-11,0.021371148071028613,0.0039300815092205245,-0.004015781751829851,0.00528243164540753,-0.030037238330691364,0.002286560853950906,0.004568025829920838,0.01310951138796992
2025-11-12,-0.006487862890758322,0.015982361021277473,0.015062455972788737,0.0048244518503963866,0.003307790079295649,0.0005562356386344725,0.0017771058388017168,-0.013955717008464263
2025-11-13,-0.001903213145158224,-0.00811594387120292,-0.03470788939433828,-0.015477043445896822,-0.03646698722696613,-0.016733219095931014,-0.008245343116265985,0.005656149039886242
2025-11-14,-0.001980466546235507,-0.018212761198262515,-0.01914958084439406,0.013597141351495137,0.017558667856868868,-0.00016356304453120328,-0.005722218083560818,0.012908893504534598
2025-11-17,-0.018338285065585238,-0.011530197275275704,-0.01072895171512671,-0.005286647438276812,-0.01895099914976759,-0.009360199290175043,0.002472386497371419,-0.013588465139150326
2025-11-18,-7.464947758260898e-05,0.0072386702324458525,-0.003201193006381742,-0.027366657918495088,-0.028483263144247685,-0.008432918209560396,-0.00033678388721050645,0.011406449342957444
2025-11-19,0.0041789849317348,0.0016281258445646413,0.01280967288211797,-0.01359982200959686,0.028054381299452116,0.0038557333802783146,-0.0020230886962138007,-0.014214623563476834
2025-11-20,-0.008638554808404069,-0.00029336859393561273,-0.016255652246928997,-0.01613073357045909,-0.032032387046933126,-0.01535967698345316,0.003930121202078374,-0.0028160822753794143
2025-11-21,0.01948948732721377,-0.0015485295000223418,-0.0012073146958899105,-0.013276759568626431,-0.00979087344100359,0.009911946433389813,0.003021221174303527,0.0005126291858509932
2025-11-24,0.016185769721398423,0.01572002942959321,-6.698885365101652e-05,0.003974214213768214,0.020308938810315195,0.014611154045103741,0.005682316851591041,-0.009525908954966125
2025-11-25,0.0037982730766835957,-0.0003157406112367744,0.016639313176714444,0.006288079705412228,-0.026252268301488146,0.00936196862512666,0.00255184188441204,-0.012669417952667138
2025-11-26,0.0020917682533082623,0.007966521739529534,0.015197488830821964,0.017683802879553616,0.013628267270712124,0.006879861801814111,0.004422946998738087,0.0022679805106313616
2025-11-28,0.004672971434540764,0.012347782735317652,0.01752837065397771,0.01331982147428266,-0.018250417620476727,0.005443590966696786,-0.004755350799984521,0.009970152936800564
2025-12-01,0.0151262172065036,0.004809481913078849,-0.013376274246441593,-0.010769020544935939,0.01636254469904524,-0.004575923889866952,-0.012526889153632604,0.006106252622360574
2025-12-02,0.010855696011275954,-0.006460877304549151,-0.003372289131460661,0.006675349732992619,0.008523030609971779,0.001850563521801528,0.00045047786755233977,-0.010775506925025739
2025-12-03,-0.007153684504557431,-0.0009300505859088987,0.01370975547657274,-0.025359684307076167,-0.010358750009418166,0.003456767569100685,0.0028111190903641193,0.020757259421658066
2025-12-04,-0.012215789741831256,0.0006459865002764292,0.012638696819760634,0.006488812662661286,0.0209395910779005,0.0007307827148079579,-0.005404098081896293,-0.005618511136689717
2025-12-05,-0.00686355564689062,-0.001783943580710258,-0.003359027746561974,0.004813305577848631,-0.005303561955473612,0.0018976831042035792,-0.004639400063325735,-0.005135119411031204
2025-12-08,-0.003197540392983899,-0.0026429393579943225,0.0005395111499937944,0.01613702408097987,0.017067539740813674,-0.0030087308003297914,-0.0032945741474626,-0.004816882149223226
2025-12-09,-0.0025583326534953568,0.005124051608821799,-0.04775790962736907,0.002034460923044121,-0.0031307726339145528,-0.0008635808935584474,0.0010235914370729457,0.01938327842687224
2025-12-10,0.005755873046479309,0.004250103468606826,0.0314458964768887,-0.027737782748785963,-0.006454273212194532,0.006610428840848707,0.0038574828663556306,0.010850017200146398
2025-12-11,-0.0026938721785778564,0.01071224897854186,0.023172725367381627,0.010207698642583593,-0.015629252452978915,0.002324242885119065,-0.0013595247679081125,0.0
2025-12-12,0.0008988005844432756,0.005578987507631519,0.003585424751679636,-0.010270345009627218,-0.03320988405610645,-0.0108102968489866,-0.009685198768214203,-0.006041302635185232
2025-12-15,-0.015098408555415868,0.0009099271544497745,0.004698244603120113,-0.007783100806013461,0.007229997969270962,-0.0015119509722544683,0.00068669899913714,-0.008961027346852776
2025-12-16,0.0018224664254049999,0.00022742956353926302,-0.01406632978980297,0.0033010826256549314,0.008078971499177832,-0.002736024649435422,0.005476950233556773,-0.026503070695491744
2025-12-17,-0.010138247658845124,0.0085515594385759,-0.0018079787857562713,-0.0005669788742273877,-0.038896680515676234,-0.011064581322954193,-0.0009108788058059204,0.023526513015126687
2025-12-18,0.001286746577224654,-0.0018048314286413874,-0.006305930867998783,0.016373686322174865,0.018546980913234357,0.007522894645792734,0.004772482851399712,-0.007437525815392341
2025-12-19,0.005422681951884745,0.0011283535131123873,0.013360748689700244,0.00400041265745044,0.03858231680305103,0.009022679156543787,-0.0037396375754837584,0.0012862209717962583
2025-12-22,-0.009914939859583293,0.022819254559298667,0.01836689313213553,-0.002060026788581246,0.014807718486955977,0.006210568439740869,-0.002172477280953149,0.012434193075451341
2025-12-23,0.005116600880012278,0.013165297757330809,0.008751697900545733,0.00397214761063837,0.029608033317785238,0.0045599897652677645,0.001601263145423731,0.010691657585559703
2025-12-24,0.005309660095674185,-0.0041426515087481285,0.009891810050312826,0.002400221534646221,-0.0031762233994321078,0.003511501850767283,0.006038937138400339,-0.0016762127513248219
2025-12-26,-0.0014985148401437073,0.011609088487159046,-0.0038350969581531147,-0.0006353561311843441,0.010128284734973564,-0.00010141480775991423,-0.0032998658655581715,-0.0009230316568663706
2025-12-29,0.0013160418504418513,-0.04450407961760148,-0.012767631944483378,-0.0012515348656507654,-0.012198192178212513,-0.003570018446780222,0.0037541480163902326,0.011851222375090507
2025-12-30,-0.002487138437606135,0.0007273032894686568,-0.001019821077378492,0.0007798461292190305,-0.0036193198928968027,-0.0012218705884970561,-0.0023873315312693895,0.0038092054556114053
2025-12-31,-0.004477584501558454,-0.006488999253824397,-0.003717240984522652,-0.007949807912633325,-0.00556096519082302,-0.007436524151640613,-0.007998946933759845,-0.00538681994379867
2026-01-02,-0.0031314907649584198,0.004958545328225588,0.01006647108593755,-0.022330964886835367,0.012521892750037544,0.0018313152201985445,-0.001492921001559304,0.019013773407409906
2026-01-05,-0.013933739398968666,0.025972938179914393,0.02595965204540983,-0.00019031417583027503,-0.003872991969811118,0.006638036696537511,0.004928827569214887,0.021854801911332558
2026-01-06,-0.018504426184870557,0.010755105002161711,0.00620554488358313,0.01189892113605505,-0.004688805860122811,0.00592963297825362,-0.00206027057050236,-0.03498594274515418
2026-01-07,-0.007767587254826069,-0.009605943617543418,-0.023036113384685624,0.010312111434744248,0.00993755627823407,-0.0032286186657920035,0.005826235810308023,-0.02137515097677845
2026-01-08,-0.004967410582383972,0.005507322733438559,0.008526606258458363,-0.011148447616020766,-0.021756872784011498,-0.00010153246851990349,-0.00502459473146779,0.036623910683707114
2026-01-09,0.0012730781005779077,0.007215903791294916,-0.0018209993893160631,0.002444172891270605,-0.0009732270826363764,0.006591610519991714,0.006618110161276116,0.01373643012012579
2026-01-12,0.0033871684089656568,0.018549616736782293,-0.014380347466553112,-0.004391217865887455,0.00043270820192001583,0.0015692011602722827,-0.002961333194527221,-0.004665432964719327
2026-01-13,0.003069160037768495,-0.0014220515093612454,-0.04278342356899576,-0.013736507182654508,0.004693209374154674,-0.0020015084477309304,0.0017095246752342216,0.020034984900475415
2026-01-14,-0.004184200562639289,0.0101703332395237,-0.009793751259905982,-0.02427942109519256,-0.014473761878322238,-0.004927283608422652,0.005790691418644881,0.028513182759828132
2026-01-15,-0.0067546064536927915,-0.0061465119926862365,0.004504793022612319,-0.005938635536979807,0.02112502378995921,0.002719507171453582,-0.0002267127800945596,-0.00825195087114772
2026-01-16,-0.010433282711183408,-0.0048305320875177415,0.01032607894635446,0.0069829161120922465,-0.00439348755272313,-0.0008382564279319575,-0.005791829753731641,0.005868228684290708
2026-01-20,-0.03516681140302278,0.037137944625647984,-0.03163414819950337,-0.011680223052395683,-0.04480562773387968,-0.020566855255717744,-0.01318437929549408,0.004378845749724547
2026-01-21,0.0038434513252299496,0.014463871678662811,-0.0023147430832682497,-0.023169670533137062,0.029056537657964288,0.011475018699616915,0.007587901208883387,0.023858441558572772
2026-01-22,0.002822574664753265,0.01829421977969421,0.005250256375453734,0.015705520178247077,0.008257212491436692,0.005209663778086045,0.00434299345439883,0.0002245210044779861
2026-01-23,-0.0012490498169329728,0.013651695099226603,-0.019656330235491997,0.032300585451473816,0.015194520290977908,0.00036266941646986676,0.002733144266686224,0.009902796512661561
2026-01-26,0.029280096957102087,0.014522878245374984,0.011089756398072094,0.009249904782276927,-0.006414700713591816,0.0050652924542125026,0.004765100951727852,-0.0009637315253828699
2026-01-27,0.011135311634926056,0.024235866660731447,-0.0024279625603488807,0.02166550821931283,0.010933722693939045,0.003976338186157654,-0.0062447605862021105,0.014650536421730606
2026-01-28,-0.007110624097650485,0.03804054442699281,0.0015304477762258923,0.0021824219748765978,0.015788100555001735,-0.00010066964734378686,-0.0022804768279556364,0.005466243996482615
2026-01-29,0.007149452337149825,0.002705807739847273,0.0186110134055129,-0.10528434928615048,0.005155890394303637,-0.001986348639724907,0.00022828185101491624,0.02107308465659703
2026-01-30,0.004635398415236556,-0.10841233744964714,-0.0017311372082860605,-0.007432400683403792,-0.007194235238294132,-0.002987029248062552,-0.005608007241203267,0.006314068652468152
2026-02-02,0.039779460893500804,-0.04087351576386029,0.007328600953698427,-0.01621288172015577,-0.02930620592319362,0.004959083917283966,-0.0028612397520384387,-0.021444653855962153
2026-02-03,-0.001964837922112354,0.061647351472448514,0.021542138345198095,-0.029142520112481977,-0.028803742914225102,-0.008491423699952339,0.002423373594762446,0.03778852795087111
2026-02-04,0.025680287047938025,-0.0007046601942605336,0.007656813482897179,0.007220868463188697,-0.034697178882302095,-0.004855623207264491,-0.002538884599207603,0.026501530391370196
2026-02-05,-0.0020997961220096443,-0.02699275619765067,-0.022664883328897042,-0.05081186583685898,-0.013350120861006402,-0.012567930681256348,0.010803519563441222,-0.01028370169097824
2026-02-06,0.00797784107081465,0.030269515441489408,0.03870475774615286,0.018797518997179397,0.07577303508317983,0.01900307879815714,0.0006855125660750605,0.02012744296701554
2026-02-09,-0.011729000497211482,0.025085614324893347,-0.0009309078897587004,0.030588820346685308,0.024664902387306904,0.004810227845211307,-0.00022851142382389515,0.014387834779096477
2026-02-10,-0.003428831498793266,-0.009963188662021111,-0.011930662750366815,-0.0007982280148394056,-0.007924370677356725,-0.0026406293530787414,0.011474217068210436,0.0025098060882388054
2026-02-11,0.006628103245317512,0.011247091222494243,-0.023717540387654817,-0.021770891178542195,0.007977105419925737,-0.00023114885650317492,-0.005323106405300645,0.025852022544017222
2026-02-12,-0.05127407257936166,-0.03534565209196913,-0.026669835860967567,-0.006276264375389887,-0.01649951126645964,-0.015569436795382833,0.01319886397033598,-0.030219814778677162
2026-02-13,-0.022995839415095466,0.02457422891441271,-0.00029753461935999966,-0.0012948231598718092,-0.022340433476236748,0.0007042510601164912,0.005476537550906822,-0.009920278748112988
2026-02-17,0.03117681438621338,-0.031666383600955715,0.015024590848798631,-0.011175591191809244,0.011746344619703246,0.0016121827537749706,0.0016704754735316577,-0.0153409683337807
2026-02-18,0.0017795532383034164,0.022240759759257815,0.005357871770775795,0.006880453544403101,0.016141838338721456,0.005025060758005965,-0.0037905469052970267,0.030251149329743966
2026-02-19,-0.014364224365880748,0.0027891563109147515,-0.0023670305321947045,-0.0005770287920214309,-0.0004256277036356945,-0.0026409178869583627,0.0010047817492597956,0.001922828948887176
2026-02-20,0.015233823534795543,0.0195226903950525,0.008855479136574062,-0.0030916176909677397,0.010166442233303357,0.007205914505516996,-0.0023459467697314,-0.02474565518820732
2026-02-23,0.00602904668779855,0.02665702371732228,-0.04313195799520826,-0.03264977069912112,0.009072522939621987,-0.010263859697353819,0.0036838843154719763,0.023353659315183233
2026-02-24,0.022144036649487702,-0.013955835494471214,-0.0012438296284315005,0.011713641833520843,0.006763891796129693,0.007242187209707843,0.001781483938434771,-0.009999492420500545
2026-02-25,0.007650520846136862,-0.0025104111690772445,0.019980716469079444,0.029384055394936336,0.01395445811564759,0.0084029028181233,0.00011128083909954098,-0.001340756270684215
2026-02-26,-0.0046786052410885525,0.008539325114314078,0.009287483425649617,0.002791917205408831,-0.05610616371498555,-0.005569928872744709,0.003995983178880703,-0.0034947335349735003
2026-02-27,-0.032657957379533524,0.01304594710817348,-0.019227938861463983,-0.02260753692228252,-0.04253841115102456,-0.004813507218789428,0.006074273415651183,0.026310423318732075
2026-03-02,0.002041924719824955,0.012837146760680682,-0.009166031826472012,0.01468509769894799,0.029417965049183585,0.0005684508339162843,-0.0100928242504121,0.01121555989890425
2026-03-03,-0.0036708976244395467,-0.04563796333219482,0.00903284313298966,0.013408647831676312,-0.013406031910892074,-0.008853415600299437,-0.0020106508413187804,-0.01561867207347566
2026-03-04,-0.004674468498819032,0.007787713327779022,-0.002901611774074465,0.003139220615922468,0.01647012436394315,0.0070304938268057815,-0.0031359016189583034,-0.0133268699024581
2026-03-05,-0.008530831338801404,-0.012090565447196252,-0.01969920234007789,0.013433508696627289,0.0016375736151613366,-0.005591092944311655,-0.0040462523125106165,0.0062545409844556475
2026-03-06,-0.01093213459894777,0.015708476698148666,-0.01396170454436624,-0.004196959457124567,-0.03057037870423802,-0.01319378518665267,-0.003723670823997519,0.002980493788588297
2026-03-09,0.009355669414157603,-0.0020718179527898957,0.0015189002047436512,0.001099767241845775,0.026799842059778225,0.008721814875851091,0.00866686157575269,-0.005105314659222981
2026-03-10,0.003648874557014285,0.011216537509720141,-0.004113092137313458,-0.00895519345973096,0.011540049870070505,-0.0016083986757950827,-0.010703589918642583,-0.015474010066328382
2026-03-11,-7.670972662595488e-05,-0.003395863568684636,-0.004199734075961804,-0.002171161078240015,0.006850279863628255,-0.0012559228897518618,-0.012997645227287115,0.023023178173022348
2026-03-12,-0.01955265956550369,-0.01984963254664512,-0.016234141178046287,-0.007486996517855703,-0.015657017582739324,-0.015301438459733196,-0.0019528615055379576,0.012782485243646462
2026-03-13,-0.022298653634479734,-0.013021372569552835,0.001942306825587805,-0.015826551578985888,-0.01590614903148685,-0.005676215023587526,-0.004956379891104311,0.016728864258597403
2026-03-16,0.010737011185857437,-0.0008900836759417245,0.009550584461822866,0.011062368643044915,0.016342896559540954,0.010125429394262926,0.007712258929692825,0.007084805093974457
2026-03-17,0.005561553592463054,-0.002522571056499768,0.0025478674235575463,-0.0013511210133191778,-0.007065700712188807,0.0026270911632708125,0.002748216093984142,0.009998837457253388
2026-03-18,-0.01701844043493578,-0.03214842869758357,0.0029583516932415376,-0.019262435829129988,-0.008445360648967679,-0.014051911808400095,-0.005619114497273873,-0.007711805819411821
2026-03-19,-0.00392863796999293,-0.042088486470760696,0.0007989451438162021,-0.007095289098823652,-0.010251940462499028,-0.00246732963124216,0.006076446753655379,0.0036104863482625802
2026-03-20,-0.003903854649620781,-0.031034054726858728,-0.004908211151035378,-0.01855045253982266,-0.03336870520646045,-0.014439538092530124,-0.01915596991853318,0.009501986578669465
2026-03-23,0.014014812591042392,-0.022853374485926194,0.011622475968344073,0.0029547673243715392,0.016880501264273443,0.010445249178190171,0.006503344924351691,0.009102355265814457
2026-03-24,0.0005962460475602484,0.00022271635118200717,0.008552216779579985,-0.027153937768180758,-0.0025083307357880963,-0.0033624612191459923,-0.004408358436101937,0.026034339639715246
2026-03-25,0.0038868788463975487,0.029645532839315883,0.010275454764177187,-0.004571152690792659,0.019668337891847958,0.005557218263225205,0.009603629686208853,-0.012901866702527727
2026-03-26,0.0010682625170893047,-0.038318848265911816,-0.01280937241443384,-0.013758534009891197,-0.0425303080215932,-0.018020121487025215,-0.008441702198539631,0.01320408920114136
2026-03-27,-0.016305280196262602,0.0344920916538754,-0.030707409764835016,-0.02546012506735926,-0.021963413780231762,-0.017198951843375027,-0.005473181558324498,0.033056966529054474
2026-03-30,-0.00876010970182422,-0.0002894695055481386,0.003282672939755061,0.00611966014484149,-0.01412747193455417,-0.0033489923071651985,0.013223804143969686,0.002803230649256805
2026-03-31,0.028617864959480516,0.037193492650150234,0.03595979399902107,0.030751447801748214,0.05437625561333066,0.028653407820692582,-0.00103765031351014,-0.010611848632389785
2026-04-01,0.007223978636377115,0.01734846390166937,0.004138821976746752,-0.0021635289281511007,0.00771105353121578,0.007506248903134024,-0.0009849294572594144,-0.05375943595158966
2026-04-02,0.0011338123573076417,-0.01939570172340312,-0.0026441735436960176,0.01101201335750153,0.009288088228185538,0.0009000543608632609,0.006125492919773769,-0.0005599779366503515
2026-04-06,0.01142239161475063,-0.004107092256447038,0.007985826785513652,-0.0015542218182786648,0.0014083382738375788,0.00471570863127598,-0.0016144689625202057,0.016540487375283897
2026-04-07,-0.020923456036972127,0.009680581273932702,0.006578412169908947,-0.0015835039189674074,0.0025862058206754654,0.00043990379276420265,-0.00011534236801722289,0.003300037138635307
2026-04-08,0.02107802518992581,0.006279313363379332,0.03492429647888253,0.0054646202714657,0.02210099101794525,0.025150689620180074,0.0032264397812824665,-0.04805230104502939
2026-04-09,0.006122567123347408,0.007748433781414136,0.007633806144905957,-0.003371654917970858,0.010000334200718075,0.005752440641581351,-0.0025342276228038367,-0.007582109519110016
2026-04-10,-3.8345556912621514e-05,-0.0017827733092611521,-0.0014833255164648355,-0.0059144890165382935,0.025340931070435828,-0.000661994496571573,-0.0024251104949252547,-0.016453054560155677
2026-04-13,-0.0049260673756055485,-0.004057403475821635,0.012220485822152918,0.03575403655529446,0.0035984100488998323,0.00972500571340668,0.0030016476984815747,0.000852116298823413
2026-04-14,-0.0014286068821369137,0.02210325929203807,-0.008194680751405403,0.022483811465560243,0.03732744648887824,0.012111239170364246,0.005288621962605461,-0.02252643898076281
2026-04-15,0.028940120889102108,-0.010456884729500534,-0.01682235070371428,0.04503888343389864,0.011938031369763895,0.007859998349511583,-0.004366799727956094,-0.0015423655411854844
2026-04-16,-0.011437796552710188,-0.0008631178955779131,0.013054716392694827,0.021745251113201896,-0.002618194278043067,0.0024543333053888188,-0.006354386098064806,0.019735545837719155
2026-04-17,0.025599724502604514,0.013205474549607812,0.0010963345559705288,0.006002043749180083,0.016649073332435406,0.012013237341879625,0.009114498276125926,-0.03713317228242087
2026-04-20,0.010381401662850636,-0.00864849962892801,0.021362883546273116,-0.011226740924225686,0.0018824237593380586,-0.0020017372548961723,-0.00022967409915949628,0.00843190166391323
2026-04-21,-0.02551957602598669,-0.028728747571710376,-0.012667040147730398,0.014461871447776973,-0.01084740809684451,-0.006568417750443915,-0.005529405405727507,0.004594081740594729
2026-04-22,0.025959122658055597,0.01315885071808192,6.385450264070844e-05,0.020442188268340603,0.013022666698602456,0.010075780503951338,0.0019618463770577645,0.007654603112211498
2026-04-23,0.0009512419139857489,-0.009742663076259298,-0.0042578849925245695,-0.04046886377167461,-0.014224159796213538,-0.0038882904816336587,-0.002192757646133046,0.006866007130415139
2026-04-24,-0.00870548556450589,0.005114015549751456,-0.01100066621441083,0.02111053357014146,0.04231955004193406,0.00771943756437638,0.001846871062217598,-0.01082024531729966
2026-04-27,-0.012809554739298108,-0.007785532512716458,0.010808076207741784,0.00047093907199736843,0.03926319027785601,0.0017213055408080294,-0.0049713785643811315,-0.0048468823104791305
2026-04-28,0.011517520751980868,-0.01873736625464264,-0.0005776973848079748,0.010373913089718178,-0.01600850416151377,-0.0048778697536611924,0.0010425577053426007,0.015866421426324682
2026-04-29,-0.0019966978339397375,-0.010723068864617815,-0.007088869541220571,-0.01122176316871562,-0.018560255972615913,-0.0001545212627813887,-0.007787633019970801,0.02693213329552853
2026-04-30,0.0043581493936293405,0.01486229443655377,0.012787757483226312,-0.040089887405449304,-0.04736465906513777,0.009900461815238022,-0.0009338017581311776,-0.0022006462065732465
2026-05-01,0.03187991038650981,-0.001133652259722497,-0.0024292809532104396,0.016200380815886175,-0.005627882498130593,0.002765268411019866,0.0035689723858498314,-0.01029058935598965
2026-05-04,-0.011885962197690256,-0.020218142966322065,-0.015545747384606946,-0.0019805564528877612,0.00015109925506329687,-0.003670118801040342,-0.007621586224399144,0.006135036239211539
2026-05-05,0.026204338554427865,0.008547670573807937,0.005672182198308184,-0.005430265418195371,-0.010025891482081746,0.007990221711526798,0.005516824490739639,0.007713029951827262
2026-05-06,0.011649801728447845,0.029888127796577613,0.017620215107473358,0.006251935224948011,0.05605804652492139,0.013803688898871048,0.0075798135541166696,-0.04078702695568466
2026-05-07,-0.00024353676707370125,0.0016692975079798738,-0.027788100651294837,0.016317029709620266,0.017504551528897266,-0.003070792479857851,-0.005007948015948069,-0.014292277506208002
2026-05-08,0.020250074126795237,0.0048298583279887475,-0.013708901199919597,-0.013518725545446591,0.017342835809247243,0.008222201875465084,0.005007948015948121,-0.013807504425191987
2026-05-11,-0.0012634684139431265,0.0020266811021026647,-0.006975695828254186,-0.005943620767689531,0.019511007291121277,0.002274973327095926,-0.00605928367412052,0.034735838167074796
2026-05-12,0.007217281916175962,-0.0039650602843981355,0.016135812931797267,-0.011920778009659372,0.006087883494185524,-0.0015161013155970994,-0.006684371534971131,0.006326871258440463
2026-05-13,0.013711560991706276,-0.005628711330520772,-0.015302751160139258,-0.006297779830460884,0.02261580585803677,0.0055792448425891535,-0.002237907880927146,0.0062211136575871665
2026-05-14,-0.002210772244144634,-0.007671648257758531,-0.001133015411396599,0.010360489291041258,0.04294701759820982,0.007863317827570018,0.0014140267675709205,0.007951317250508043
2026-05-15,0.006750976522238501,-0.023494231397838114,-0.007026813007544652,0.030049788861924314,-0.04520787679613526,-0.012102281834028297,-0.01494860070082053,0.039854134150739316
2026-05-18,-0.007992466908238653,0.0027281501848720967,0.009757209291206721,0.003832278848626929,-0.013403819528754505,-0.0007037568965346505,-0.001196157097209181,0.01614310547017116
2026-05-19,0.003786820722815226,-0.01670057427993652,-0.016867440023781054,-0.014555068940400245,-0.007721410619631937,-0.006683070135583305,-0.00648336415528721,0.012753995963667452
2026-05-20,0.010911251503184886,0.01423595990327424,0.02101544817933584,0.008682378065394921,0.012880756382786308,0.010196829759483024,0.010663255273672,-0.03933640314831609
2026-05-21,0.009024467670268961,-0.00098276274381623,0.0033719680731615523,-0.002526090592902171,-0.017879425943107992,0.001981123978379707,0.0036875894430210675,-0.006354969029154711
2026-05-22,0.012479649444335736,-0.007631102906283013,0.011093342450438514,-0.001241527775447916,-0.01922601401684026,0.003923840734942977,0.005447039096292878,-0.0023854505195197427
2026-05-26,-0.0015880121843198519,0.00043485945501492906,0.001174264026317696,-0.006086787367366781,-0.0021850774060261733,0.006616702614766452,0.004947627036938127,-0.03354103459458871
2026-05-27,0.008139905925081868,-0.013398563535697896,-0.024620894478387285,-0.008109095484610435,-0.010574191531007596,-0.00017325717290322425,0.002347397970931347,-0.012831479783707153
2026-05-28,0.005325999563197865,0.010423100202116821,-0.008556887250948752,0.03411229625288361,0.007731054577228179,0.005501418012009892,0.005145032951194454,-0.006375841857032786
2026-05-29,-0.0014410307239461104,0.010483427987444453,0.008657160564949532,0.0530201813564115,-0.014622087317938291,0.0024883063996868804,0.00023331507064657507,-0.011635284229926917
2026-06-01,-0.0185978161231111,-0.0141482968401824,-0.009162885581194609,0.02257550971290651,0.06073045986638763,0.0027194125046700462,0.0005383431981892123,0.02796822525417102
2026-06-02,0.02860974364520492,0.0016763707549161957,0.014660351758215043,-0.042608691140752344,-0.0068876374559193035,0.0013570186308611517,0.0021037125722762483,0.001204206168877272
2026-06-03,-0.0157967095998125,-0.009953528184734007,-0.00036542992595152884,-0.032167630063060046,-0.03688972124723909,-0.007041918531282929,-0.00397751203015825,0.019663656223817935
2026-06-04,0.0031215368741391546,0.008301422193564091,0.03282731941213016,0.0016600419254275758,0.019208290386228847,0.0037715644628917525,0.00222465076155339,-0.003217690046316716
2026-06-05,-0.012577609274253502,-0.037229842768492165,0.004749216223855405,-0.026945408848183135,-0.06402033391723569,-0.026148277086187284,-0.005159492735122768,-0.014041793685921993
2026-06-08,-0.01905190902330898,0.0025960589903300645,-0.004041882785132528,-0.011902515359320368,0.017112580975841913,0.002261613232488794,-0.005186160362102744,0.01213262366304086
2026-06-09,-0.03712706918079524,-0.016471383961975034,0.005097770013067561,-0.02043863488144832,-0.0021591397984066225,-0.002939767435847424,0.0058913914665505995,-0.018892308744724293
2026-06-10,0.0035387281174611347,-0.04233937620833833,-0.01145002339481894,-0.015110789647077107,-0.03803598052040507,-0.015891160823072677,-0.0028236417031050273,0.011417955060233222
2026-06-11,0.013794324313997033,0.03086069806996248,0.013973159341883886,-0.0178244891134849,0.02196045231330065,0.016854017638559635,0.012876367539223502,-0.027052245168762618
2026-06-12,-0.015338769356976291,0.0005693171392701753,0.0228010883052494,0.0010242073496361669,0.0015607832565316107,0.005393675844766619,-0.002445522783016738,0.002792743223599141
2026-06-15,0.018007493246393634,0.02556672808274676,-0.0041242535490580295,0.022822039293822094,0.034770261132300154,0.017480295410686308,-0.0005830986301714438,-0.04230823383049192
2026-06-16,0.009468481540986734,0.0027198311858468048,0.03609700380331456,-0.014945081454071895,-0.024009123899062405,-0.005979403902405487,0.005467999795257261,0.006648319596971846
2026-06-17,-0.011055331985774613,-0.02297138428233101,0.006981595563343599,-0.03862059048154452,-0.01339635518291949,-0.012566499634242041,0.0016230713885326518,-0.007926404507449285
2026-06-18,0.0069365133751416366,-0.003815842777874201,-0.025021004563508302,0.0012923218845768704,0.029086697312463505,0.010343315448328203,0.004853201727725045,-0.021038348397671342
2026-06-22,-0.0033612346094813285,-0.006556887617395544,0.01906562392442834,-0.03230320168250443,-0.009729692641559026,-0.0031519418478261887,-0.007637212060299515,0.0047777973109606065
2026-06-23,-0.009166227388095017,-0.019084169061680215,0.0079925927086734,0.017807523534874563,-0.04214086479707103,-0.014628429664887565,0.001276896310038052,0.009058254033535895
2026-06-24,-0.004154050285409865,-0.030678886222521635,-0.0020670898451318684,-0.02293855257082976,-0.005212488263586544,-0.00046362452088405214,0.013596195163385128,-0.02046127080515847
2026-06-25,-0.06312918215256177,0.00962769003206293,0.004995642558455251,-0.03517049422135125,-0.01651754866324471,0.001444591300819105,-0.0003433013825130638,0.004736821846467459
2026-06-26,0.030882904454319803,0.01122355898292356,-0.018278986678531093,0.05551167425391712,-0.016535296660330382,-0.007257646736180781,0.00011450556207222751,-0.0073699467384156555
2026-06-29,-0.00721466060725805,-0.013608268012376532,0.0010328228489229123,-0.011867317971901962,0.012593727434429082,0.016340624198741247,0.0010296967139958057,-0.0035216158453877803
2026-06-30,0.02668691184994011,-0.000542720627118172,-0.006273683348712328,0.012001335301083138,0.025921540190744215,0.007756640320927922,-0.011848184444283743,0.004839100762510816
2026-07-01,0.017199929330940868,0.006008302974758538,0.020381822909216155,0.029739442308022564,-0.012623672142353588,-0.0013534198977212118,-0.006782298466339477,-0.0032234639003761176
2026-07-02,0.047271697894878145,0.02011473443068858,0.0011965992262364675,0.016030885383640066,-0.014016182027723867,-0.0013149336271025228,-0.00011689723577330863,0.0059260338991830195
2026-07-06,0.012973185615845364,0.010522812875633458,0.01416475391773782,-0.009649728377271917,0.0036887239515329033,0.008689545400113111,-0.0007020291025502857,-0.0047526422905617765
2026-07-07,-0.0064172715140114545,-0.012216825224767369,0.004431714626410532,0.0054153311635238436,0.00703218164456726,-0.004763225841268043,-0.010588198504360935,0.03775661436268301
2026-07-08,0.008749389702145728,-0.00808573710682308,-0.025679203186040205,-0.014245624245687366,0.03585973382237286,-0.003094211852910556,-0.0022497411594052568,-0.0039601037828611175
2026-07-09,0.00898970969223071,0.00991193809078384,0.014562872418268957,0.0026572610086787393,-0.006586390769892467,0.008429620706500477,0.0015397382457019348,-0.026348471488100392
2026-07-10,-0.0028501583226974415,-0.003098515188065939,0.002976458417840585,0.001923481372210687,0.03954693236574592,0.0043008975551764635,-0.00023665879244363474,0.010277271534747945
2026-07-13,0.0062911868943995525,-0.026555716132531323,-0.005782437695950464,0.015178902564042165,-0.03585516570320906,-0.007685633815530019,-0.005936843938919109,0.0397383852273533
2026-07-14,-0.0077511572511698955,0.013580960339773913,0.024683180746480203,-0.015620478686443676,0.039829039408852435,0.003544353050495003,0.0013091276680871663,0.0040055429894404
2026-07-15,0.039360006012478126,0.0005373061432992446,0.011655652124962753,0.027417962843460368,0.0032995407884884027,0.003955801420061879,0.0019011067356680617,-0.004005542989440345
2026-07-16,0.017434940338492192,-0.02004655342576513,-0.010897739299897794,0.01373134460185696,-0.02429272199776052,-0.005433351714810402,-0.0003562448592149165,0.009915405092619218
2026-07-17,0.001439222043781139,0.009408723238543361,-0.005991944249690522,-0.018316817278041613,-0.02237969823856905,-0.009946458438716834,0.0036744870257331475,0.0096145002583928
2026-07-20,-0.0216566670967116,-0.0022010512760906134,-0.006559168720411391,0.02127927210075705,0.0023147648787335633,-0.0016156827599172103,-0.007481680224243114,0.006763180086475391
2026-07-21,0.0035150309603428622,0.019423817305879824,0.018594354799919808,-0.01134957559776861,0.01953441361577837,0.00830671283160697,-0.002745395212416658,0.022329091279232383
2026-07-22,-0.005660635258418789,0.01143354038890078,0.008594828111342118,-0.018805522396685516,0.02275049536218918,-0.0011634178861416992,-0.0026332335404094086,0.017899551591105917
2026-07-23,-0.013064847610259141,-0.020250095841770732,0.0048416604209664225,-0.022697652711874124,-0.015684001522929113,-0.012426173368713682,-0.0032411553223515755,0.015674519348830695
2026-07-24,0.03470741679444188,0.0010223155810828782,0.009415374777564975,0.00031449962254198236,-0.009239710638928122,0.0010154965735656703,0.0009614516118053476,0.0003186633010814669
2026-07-27,0.011613327993052387,0.007313900742155252,0.00842964841811415,0.019201403944868193,-0.05123223717692165,0.00021655211458314317,0.00598803662594346,-0.013923410725735897
2026-07-28,0.009365001326460403,-0.014140046791040388,0.0031113403646732428,0.01086342061525974,0.0025411683422597504,0.002391917734196567,0.005833733895153527,-0.011240890267913722
2026-07-29,-0.005572969622900951,0.004618798129091445,-0.03590028644313343,-0.007169397599894727,-0.03617778754375249,-0.015507089295929732,-0.016638114305664715,0.02395289825104911
2026-07-30,-0.01417494863771797,0.016251873707654758,0.017655340047404072,0.14415863925253233,0.02612795786536209,0.016626804898639082,-0.0006036541745341481,0.001402532550750698
2026-07-31,-0.0763829421141604,-0.015012957345256511,0.0026756318530101815,0.029746018366382666,0.028855721516937157,0.007174014783580491,-0.0066647306282646935,-0.009794891288174028
2026-08-03,-0.017931955617150903,0.0004574044079915386,0.0024133171161717596,0.04816284659081634,0.02891779300701876,0.014142527904258828,0.00329053092537217,-0.0024476977297070717
2026-08-04,0.019452282016534168,0.006569565835271058,0.013743525832079776,0.010525776365323286,0.025325081432127396,0.017868407620299842,0.007635904567785617,-0.0071192510224882665
2026-08-05,0.005222601588142109,0.04053975029237347,0.004799387722696735,-0.010915481007189708,0.03377257008995301,-0.00199859787687683,0.0021710333639844803,-0.015249497008410728
2026-08-06,0.0045235272393835116,7.698804899445261e-05,-0.008217623267376415,0.025119811649815322,-0.0010497055983854902,-0.001599090909569207,-0.0057999602737899844,0.020948927043520388
2026-08-07,0.0029404659679344055,0.022331954604684925,0.003418235544679512,0.0002600487807563097,0.02244140270108172,0.006096725613895211,0.002904231166888555,-0.011693020796540218
