Date,Equal Weight,Equity Heavy,Defensive,Growth Tech,Balanced
2015-01-05,-0.012492431065245637,-0.016955041107204315,0.0019807975302445348,-0.014734184001652873,-0.009173189871798139
2015-01-06,-0.007018521360553285,-0.010743516145079547,0.005601101697117111,-0.011167175155634316,-0.003089618431974563
2015-01-07,0.005046847889967062,0.007506035143966715,0.0029106705770581597,0.007506231592919295,0.006502649522291245
2015-01-08,0.018092683518515326,0.023281312032518656,0.003028004749354725,0.028153567015661206,0.013755473864882236
2015-01-09,-0.0009719963571629248,-0.003261658408930805,0.0039092223494877594,-0.000911116355627605,-0.0009471589090754498
2015-01-12,-0.008564849390593975,-0.011351418471346995,0.0005672111775815202,-0.012754900273884935,-0.006220500800400269
2015-01-13,-0.0009329628098247126,-0.0008893328036808499,-0.00150080821086268,-3.931231835320994e-05,-0.0011992397843183448
2015-01-14,-0.005727218465989637,-0.006204730256462334,-0.0001799916982384647,-0.0026989700160505456,-0.0036664948841917994
2015-01-15,-0.00670675560588395,-0.01101885105730696,0.0071739848739648246,-0.01049753681736942,-0.003690966983865115
2015-01-16,0.010263840682910624,0.01152780158665792,0.0031850609987632695,0.00880962220704998,0.00722760015089972
2015-01-20,0.00710974818550645,0.006257961860731981,0.010169190374222885,0.009671749833453529,0.007612769340498645
2015-01-21,0.0021267300813914126,0.003598919556896915,-0.00259570690009873,0.003063575787366795,0.0005184901471028548
2015-01-22,0.016278981631338063,0.018511651212392306,0.00783261457456109,0.019855053910291617,0.013453939313715474
2015-01-23,-0.003443140588684025,-0.003417253908153175,0.001541239850075775,0.0017558065791866253,-0.0010225807521919948
2015-01-26,-0.0008011070435620497,1.7221997358475125e-05,-0.00298470555694986,-0.0020216112812464155,-0.00070039727961306
2015-01-27,-0.0243237383166319,-0.030866820855415925,-0.006921312569494626,-0.04521673524172139,-0.019256268422898588
2015-01-28,-0.007170912207387651,-0.007795267903020596,0.0010087083823361002,-5.704691240917487e-05,-0.0035536728628198
2015-01-29,0.008636109992696237,0.01347106524480792,-0.0023659376426512597,0.01882524711811781,0.006714933472611595
2015-01-30,-0.009980032218864475,-0.015984906476694028,0.005356901831181325,-0.02045567539205165,-0.006637802082416666
2015-02-02,0.012652632749960376,0.01539582211313262,0.0020242527918183447,0.01530252692659051,0.009509126333841076
2015-02-03,0.008417361403368039,0.012165698169827186,-0.0054716829485117555,0.008775146260310136,0.00436676558834214
2015-02-04,0.0004556935298824748,0.00028523917958217927,0.0012221737120942748,0.00371428653625456,0.00018704342314678542
2015-02-05,0.00696093363980505,0.009449896882932029,0.0007034849826998197,0.010573221977032888,0.005338225475470559
2015-02-06,-0.005276672826457625,-0.0031455927388169247,-0.01395945529330251,-0.006032072932394995,-0.00735688493982618
2015-02-09,0.0002897946482860372,-0.00035857382756116505,-0.00051388503979543,0.000592782068718155,-0.0009707932528580348
2015-02-10,0.006841598836659926,0.01040500262925153,0.00018738177689987527,0.01411799142347288,0.005689691557035705
2015-02-11,-0.00047985918793846233,0.0007810637967326996,-0.001218865491342485,0.0024867000107391206,0.00058253680718103
2015-02-12,0.018714379766180102,0.021514472155407575,0.0037736989254083145,0.026643851504358534,0.011460024646188293
2015-02-13,0.004407333718319251,0.005556637318803725,0.0001545305105376507,0.006239794105939105,0.0028803746403551897
2015-02-17,-0.0021128213202715623,0.0006083098147281047,-0.008653917022223555,0.001022916669561795,-0.00314836342835538
2015-02-18,-0.003874081277971244,-0.0038143400391346433,0.003109625973810834,-0.0009970719269534077,-0.00019699731784526334
2015-02-19,-0.003806137336923188,-0.0026530642925279204,-0.003528002052070265,-0.0006282494133433699,-0.0030399711085467005
2015-02-20,0.005236788828534787,0.0064106853131484206,0.00222595371984035,0.00667803195512893,0.0048726469220195055
2015-02-23,0.0025693053292042867,0.002675215210874321,0.005975326308620235,0.00701214988573583,0.00445099216441355
2015-02-24,0.005864299472311513,0.00468720200384903,0.0046980491516576345,0.0017702501308662201,0.00471317243978528
2015-02-25,-0.0026125733424728625,-0.00439746122631401,0.00081905888291385,-0.008586071107588241,-0.0018533043021903756
2015-02-26,0.0002375302377786118,0.0013843220672084447,-0.0036264556266500697,0.0035387370277026645,-0.0014372742147962048
2015-02-27,-0.0033044177409329123,-0.00491870669002846,0.0011250774940879595,-0.00657676779505417,-0.002033443022986525
2015-03-02,0.0019962712427845624,0.00518530283277038,-0.005378976564307184,0.007325675936133109,-2.8672173762279816e-05
2015-03-03,-0.005155497896538051,-0.0059762508636970095,-0.003533090659648,-0.008429175123313312,-0.00450710222416482
2015-03-04,-0.00120089182199355,-0.0014604821725331652,-0.002504603686551525,-0.0008099849552938252,-0.002424617476070185
2015-03-05,-0.0005631151613214752,1.2733610403379999e-05,-0.0011240360670671352,0.0009933987525830197,-0.000905087816454405
2015-03-06,-0.015452022922004326,-0.01347426859046622,-0.019572128444530296,-0.011943411895215451,-0.015873774487276324
2015-03-09,0.004672565158523112,0.004773667891484734,0.005511502286580705,0.0057556872471043255,0.0053377275742867904
2015-03-10,-0.008269637805265302,-0.01058987136864109,-0.00348020425707782,-0.007664118130540932,-0.008437276245709382
2015-03-11,-0.002985839983178137,-0.004035432854281209,-0.0006271007636025399,-0.00644725745314157,-0.002075795935831294
2015-03-12,0.0023632749369324876,0.0031482437329090397,0.0032591976892504546,-0.0016336685389187202,0.00440024650224551
2015-03-13,-0.0018438557323263998,-0.00215435508539207,-0.0024588719528545445,-0.00020382788972858983,-0.0028718661065379445
2015-03-16,0.009269035524149774,0.010331893742054166,0.007987817432712945,0.009266078516118086,0.009896096960043654
2015-03-17,0.002534955060251175,0.0030529000089203557,0.0016590646967349248,0.007769014342651214,0.0020990492814952346
2015-03-18,0.0113699166931041,0.009658899887532156,0.016783934139852515,0.007272406259215284,0.013551674445702416
2015-03-19,-0.00446879063074245,-0.0038282600359318807,-0.003954329056179945,-0.0002715687507371999,-0.0045803951581089245
2015-03-20,0.0060246475673904,0.005918546606620801,0.007413980662571265,0.00520007147621109,0.006489154265927645
2015-03-23,-0.002327511570005025,-0.003532649718567474,0.0010715392471960952,-0.005647040290954714,-0.0008841373747140748
2015-03-24,-0.00400985492788615,-0.0054968355632585295,0.0021529702869457798,-0.0044380678163412,-0.0018745767153256602
2015-03-25,-0.019018364701304188,-0.023080765680713267,-0.00998749722711558,-0.03265242815397521,-0.016185164612002714
2015-03-26,-0.0026697425120238627,-0.002159716696280645,-0.004489472005407194,-0.0014065136755038146,-0.00374686448262042
2015-03-27,0.0010302322558677999,0.0010156606915656247,0.003441085452042905,0.0022234540757376845,0.002093163637061065
2015-03-30,0.009167468761811888,0.011445154009863508,0.00033134175498371495,0.008332702914251039,0.00726724470901543
2015-03-31,-0.008600273684520264,-0.010650356585058689,-0.00320193722209982,-0.01320005657710905,-0.006913262701423624
2015-04-01,0.0025428550626268127,0.00018623238534569496,0.007804599056333365,0.0019425251642219451,0.0027811852231476907
2015-04-02,-0.0002151155353696249,0.001057311823802865,-0.0034184624214709048,-2.073248658221524e-05,-0.000831817085226515
2015-04-06,0.012354691277108198,0.014383268645513151,0.005497020353034405,0.02045167682846064,0.009109467843996265
2015-04-07,0.001512372670501738,0.0005304268568755753,0.0003477984215335601,-0.0007852342744401444,0.000269947498154475
2015-04-08,-0.0021043268638641,-0.00084573204697735,-0.0005531606831710602,0.0006004912044172599,-0.0003535582260952001
2015-04-09,0.003835293417443387,0.006339016892582965,-0.004487887210423685,0.007732094171261815,0.0010247142759351095
2015-04-10,0.006626892746982651,0.006492906581476825,0.0054879318229313296,0.006524085386055526,0.00557766489685527
2015-04-13,-0.0021376248412573874,-0.002611886166555,-0.00271056305715197,-0.0035255967384123003,-0.002411936747187185
2015-04-14,0.0022836396155318872,0.00129366661558047,0.001186156237019105,-0.0035115224653205802,0.00189799629730718
2015-04-15,0.009764410605137813,0.00962019364454073,0.00413672705900983,0.00869379998787132,0.006480592776638435
2015-04-16,-0.004036713048012975,-0.003518203459844925,-0.00305260324782557,-0.003805753406598975,-0.00297886204368718
2015-04-17,-0.007045201622596262,-0.01003058861063359,0.0005973510962117292,-0.01014407646138115,-0.0055047582635253155
2015-04-20,0.006439574746844449,0.00978829997637561,0.00044121906156282533,0.01277012148466426,0.0063044817250147035
2015-04-21,-0.003982168922643162,-0.004078599218711141,-0.0010890324587265,-0.0033818651448978905,-0.002926894055643205
2015-04-22,0.0032521170032779752,0.00642458804854088,-0.006142924100091154,0.007555885460526359,0.0008978041409374747
2015-04-23,0.003134282837727625,0.002918478955755855,0.004900034627472369,0.004024913412601356,0.003834243892414901
2015-04-24,0.010687015635461502,0.01432172864107717,0.00483002534597438,0.025126819834840722,0.010665759638939721
2015-04-27,0.0051959430864005245,0.003987217961871391,0.004871399460038101,0.00769740839087451,0.002916165517687471
2015-04-28,0.003325135633490176,0.004029306310200441,-0.0013171540925301648,0.0034024211277289902,0.001037063057685285
2015-04-29,-0.004199594436818037,-0.00422968312088836,-0.008122632521612034,-0.007672409045521771,-0.00594178448523557
2015-04-30,-0.008743665336046574,-0.009351527121178435,-0.008593726432966655,-0.010543949853702125,-0.008908892533287987
2015-05-01,0.008995639722503012,0.01244515715399522,-0.0007794557629980098,0.014668743927495,0.006198453004194774
2015-05-04,0.0007605538709223873,0.00022015602123606518,-0.0007218124642021802,-0.003774655230977245,-0.0003344264509831051
2015-05-05,-0.010254946177839574,-0.013065446305660146,-0.00500880113756477,-0.017009867877163354,-0.00939496527084854
2015-05-06,-0.008098466300401987,-0.007755685614614665,-0.009058929986269323,-0.009208066778367963,-0.00876928399774542
2015-05-07,0.0055623928677232745,0.0064328582631568345,0.00460829906277599,0.009086315726631154,0.0057896234199779
2015-05-08,0.0024306432909512,0.0019175614016786644,0.008173383947219694,-0.005769323154988035,0.007635715998543694
2015-05-11,-0.009760272392819475,-0.00850210656392552,-0.011817756847726475,-0.00906143127573361,-0.010084825089396846
2015-05-12,0.0019057702343588002,0.000804506930422415,0.0019472246832952453,0.001535495886333245,0.00048198055123686525
2015-05-13,0.002504031578429075,0.00217649931297949,0.0020805117548278007,0.0037199904487512894,0.0011035485383281102
2015-05-14,0.011724490319227237,0.013661105225113782,0.007732782220241269,0.01758026616604517,0.010803035159858565
2015-05-15,0.0020461944846273126,0.00017038640374568496,0.007588442279884664,-0.0010721551625722649,0.0037996038934319898
2015-05-18,-0.0009585733135711288,0.0007229822543600582,-0.004710249850987347,0.0005265367453300184,-0.0017211794119639135
2015-05-19,-0.0027802641158634124,-0.001620227779197195,-0.006841114311057375,-0.003604109700442795,-0.00340592077410084
2015-05-20,-0.00046911985589140044,-0.0006511679018426605,0.0007855671409338848,4.14777257496289e-05,-6.759629209893534e-05
2015-05-21,0.002093346843056037,0.0015669660685518553,0.005271966945889589,0.000901607240038935,0.003984138937083305
2015-05-22,-0.0021265651408275375,-0.0022239247536849005,-0.00087620734154789,-0.00128875379412603,-0.001654415513744345
2015-05-26,-0.008473753350936314,-0.010259892859847377,-0.002323999077258961,-0.010206373223942586,-0.0062115573121036055
2015-05-27,0.014269656997200137,0.017439387956417526,0.0056319833206474245,0.02505637973656787,0.01091772105172726
2015-05-28,0.00023909344032541232,0.0005075089948449798,-0.001175302657040805,0.0018672533286283397,-0.0008190140053423001
2015-05-29,-0.004107510118747999,-0.005576763542578025,-0.00210717303195777,-0.006853649332509935,-0.0043317305001750305
2015-06-01,0.0019174896040281,0.003480200814260615,-0.00287528783864848,0.005021488040680645,0.0002166253758170599
2015-06-02,-0.005295894475524125,-0.005423172133951755,-0.00472245579178218,-0.008311571512364726,-0.00485751283745209
2015-06-03,-0.0029651658707953747,-0.0013727214690236998,-0.0066355547019126,-0.00356451507870215,-0.0031737405555868907
2015-06-04,-0.0018668304416170874,-0.0029757544270251255,-0.000552176947063801,-0.0005496607992978958,-0.002494790095993035
2015-06-05,-0.0005754023531240251,3.059821761760988e-05,-0.006617750762047365,-0.00176650755311729,-0.0033485874511651353
2015-06-08,-0.005477090306446513,-0.007316047181890109,-0.00227151405505254,-0.01043172910799539,-0.004829243500403684
2015-06-09,-0.000543998822372025,-0.0001552304273861301,-0.002495022628030975,-0.00022267793915035,-0.0015733910110298651
2015-06-10,0.0062402382421315634,0.007535741669299735,0.004286299850637695,0.005448708576918523,0.00683107990658044
2015-06-11,0.0033629812298097243,0.00259139431623146,0.006891945831284214,0.0025103835737153397,0.004944145917553425
2015-06-12,-0.009098440121942023,-0.010831386696921295,-0.003420926055209425,-0.013249548701338534,-0.0070073288058561545
2015-06-15,-0.0025198702162659375,-0.0036860117766860053,-0.00024923937996440494,-0.003971541598116005,-0.0024624355079642
2015-06-16,0.006521019260806475,0.0070908814238918655,0.00414231743065889,0.007379556878641425,0.005897228566170721
2015-06-17,0.00102725155907915,0.0018380461192448697,-0.0010148091140643346,0.0031961249646463904,6.03071947672494e-06
2015-06-18,0.009274985227522636,0.010457390855957791,0.00567327877795126,0.01134832462012688,0.0077826481710662355
2015-06-19,-0.004142091632649313,-0.00585855720946225,0.0015659774180523747,-0.00672808925638731,-0.0023127455637570104
2015-06-22,-0.0011250858268747003,0.0018656956976956297,-0.00827981382226196,0.0007760360198650798,-0.0020771636114458604
2015-06-23,-0.004848644913728813,-0.005001668487491205,-0.004110985791440079,-0.009818571995873264,-0.0035304394398881452
2015-06-24,-0.0029527775789855125,-0.004113755269872811,0.00030628554122599506,-0.0026100146252279,-0.00206815328997429
2015-06-25,-0.0023777435315327,-0.0019626549224586805,-0.002699202819959545,7.050436154298975e-05,-0.002682734184356725
2015-06-26,-0.005195665182698412,-0.005413317379509725,-0.0044458488443658946,-0.009221610851815056,-0.004489437705547861
2015-06-29,-0.011853312004851464,-0.017531907923093486,0.0022467468722198944,-0.01836385519688413,-0.00869458041611095
2015-06-30,0.0004579740651515375,0.0014251852375964903,-0.0032328415111927146,0.00010083972986222013,-0.00042486698598490004
2015-07-01,0.0028443647027928997,0.0058535173419593306,-0.00238115551002949,0.007989782013420781,0.002150408206841529
2015-07-02,3.3185495293462956e-05,-0.000247355053297775,0.00026483176450143496,-0.00042335487137747503,1.3753083479320094e-05
2015-07-06,-0.0009657807706361252,-0.003057909774020475,0.0061192144838794794,-0.0033529811113630647,0.0014890528122345303
2015-07-07,-0.0028745371658914125,-0.0024123995829764392,0.0020502895074349142,-0.00499896576886647,0.00134165496515079
2015-07-08,-0.008722839058808,-0.011738252113686941,-0.00257439814897023,-0.010248691292007362,-0.00838673441300599
2015-07-09,-0.004483147216565526,-0.003765636256961785,-0.006448992791042075,-0.007162469358771526,-0.004787847494713006
2015-07-10,0.008248823707338,0.011536010528213141,-4.311235996205496e-05,0.01272238431069587,0.0061945663604246436
2015-07-13,0.008516235338724224,0.011184728643081945,0.0031119103646195705,0.012960182328887624,0.00803579581930846
2015-07-14,0.0036944022364366748,0.003647707934117025,0.0019557509064679697,0.0011676514399072849,0.00322713634184468
2015-07-15,0.0010813962785615125,0.000830372718973655,0.0029350662647229598,0.001633868450025765,0.002295614367239645
2015-07-16,0.00921632648537065,0.011176630128684572,0.00556594086506136,0.015185498731914472,0.0085976834061915
2015-07-17,-0.0013641115255476127,-0.000624821747784035,-7.722454102208528e-05,0.0003389307017253848,0.00036682753626104985
2015-07-20,-0.004188930662656588,-0.0013603231018265453,-0.006839615875295519,0.00023468353076129496,-0.002242672441145255
2015-07-21,-0.0003682801773223373,-0.0008895668783629201,-0.00018725561260232517,8.354641459309025e-05,-0.0007928789212654199
2015-07-22,-0.010437708181130063,-0.01357508068055203,-0.0036665319315648654,-0.024802861023792862,-0.008004896028402052
2015-07-23,0.0015647958134481998,0.0012287476487394496,0.0021518353814284044,0.00565449311652639,0.0011831636470157254
2015-07-24,-0.005506714336134987,-0.007607101876595465,-0.0002481237463452148,-0.0061091935871940345,-0.00490171297981441
2015-07-27,-0.007385492098269425,-0.008436279404112599,-0.0023708632153215847,-0.008938206061560431,-0.005465691282600096
2015-07-28,0.009278540570552076,0.01087852088964057,0.0017512916287109796,0.00817877744304997,0.0066160573110146895
2015-07-29,0.006953736705455213,0.00820695596524061,0.002010446759342595,0.008406568837771869,0.00524911981586742
2015-07-30,0.0011851633615615749,0.00153680646902388,0.0010138379414788598,0.0025452413413232598,0.0016584029423155299
2015-07-31,-0.007129332106226712,-0.00742163496904071,0.0030875542675607047,-0.00356136896379493,-0.0025099658081126
2015-08-03,-0.002431779719807,-0.0027911839561398045,-0.00036616708616932074,-0.0014200712522837449,-0.0018622037510150004
2015-08-04,-0.004104791102869675,-0.003908586050011039,-0.0036825754714917796,-0.003725486127188971,-0.00414158600497763
2015-08-05,0.0017338142242380628,0.0033278502055568396,-0.002175709058821695,0.00438195473063243,0.0007476446148063698
2015-08-06,-0.0017829551485554623,-0.004535602718187974,0.0008573586569714153,-0.006642295553222884,-0.0025165976587453297
2015-08-07,0.015537775745301966,0.01784572697885901,0.00493627920853397,0.03291199204811447,0.008029586619548936
2015-08-10,0.01644589125118696,0.01934432071854482,0.00445028551956688,0.022730329823929703,0.011460707337665767
2015-08-11,-0.010116606907913026,-0.014322259292025715,0.0005538977180349549,-0.019434787728407676,-0.007690162427734895
2015-08-12,0.004637684434381575,0.004714577934230895,0.003083506030109805,0.006874644774025935,0.003224391700657715
2015-08-13,-0.002415120504215475,-0.00201588616648538,-0.0036163308766255847,-0.00311733560336383,-0.002285667848548355
2015-08-14,0.002612816427379683,0.003207177399390253,0.0025306852917088107,0.004074570717655753,0.003125533216319311
2015-08-17,0.003924126697889112,0.00415961335717406,0.0047701595362954295,0.00389102656849271,0.004912175903523115
2015-08-18,-0.0036433092099069,-0.0034065306841288548,-0.0036754591447064797,-0.0031384537028486645,-0.00352138038453754
2015-08-19,-0.005702208600760662,-0.008446139129619754,0.00310806658976604,-0.007682633393159405,-0.003836690453427385
2015-08-20,-0.014588417443944188,-0.020028647127271468,-0.000421722957497855,-0.021007766969324097,-0.01175925346725397
2015-08-21,-0.02975886587252438,-0.03623678673333671,-0.012307869908691335,-0.041308087680389995,-0.02606397941681623
2015-08-24,-0.030050599295291237,-0.03470244121271078,-0.0169543315340704,-0.02976025507279935,-0.02783148841743842
2015-08-25,-0.011224809475377174,-0.011511053949124413,-0.013402834046433498,-0.014133499159223805,-0.01220071605652495
2015-08-26,0.03735300200990615,0.04669650850159242,0.006984700094798215,0.05114842119766898,0.02851653419063648
2015-08-27,0.022268006555047525,0.02621344451878255,0.010626486605370349,0.027493628474820852,0.01930729901320596
2015-08-28,0.0022367735190759463,0.001618116997723007,0.003496680471530101,0.00269988522542596,0.002000475136786139
2015-08-31,-0.00473375493279915,-0.005920465934385941,-0.00553695500877658,-0.007793287719510981,-0.006114872070790359
2015-09-01,-0.028397011886662566,-0.033963782667137045,-0.00974752477581378,-0.03511340282661028,-0.023245670156149607
2015-09-02,0.01863853304423324,0.02394688033660109,0.005340680861590591,0.029616924722109243,0.015579214209577485
2015-09-03,-0.00047354426241276275,-0.0007364799952228949,-0.0005888010392507051,-0.002909227577552075,-0.00031740071628567
2015-09-04,-0.012484812913078113,-0.015241506929350234,-0.0036782052795436004,-0.015420394973760465,-0.009849135521056564
2015-09-08,0.019077613273524675,0.02478653527208707,0.005338353709658451,0.028200844735376207,0.01586439448522384
2015-09-09,-0.014397685360203739,-0.016005237115528037,-0.007459603117099544,-0.01685127618133113,-0.01159286740438168
2015-09-10,0.007351161472245662,0.00905806934832698,0.0012120470017852201,0.011301916705892518,0.005031781799632385
2015-09-11,0.0039479098719774125,0.00473125805689846,0.0039993885589631245,0.00640780491645543,0.004732041159473891
2015-09-14,-0.0007413688064493751,-0.0011922572666440152,-0.000448443300345955,-0.00013058578685949505,-0.001171023024973025
2015-09-15,0.0069916906919278,0.010640518277666655,-0.0021981336197072453,0.011083505850385296,0.005033804524904434
2015-09-16,0.0077683943965344,0.00780612082140428,0.0050274624821358,0.00561917400442297,0.0062267065240299
2015-09-17,-0.0017871255153021125,-0.0035610006144206545,0.005034045600647749,-0.002571268744861974,-0.00017187373025659536
2015-09-18,-0.008395191560181387,-0.011424886911978719,0.0012508303741305255,-0.00690920113172668,-0.0066601790087118095
2015-09-21,0.0051359962697689505,0.008025564308513946,-0.0042108271846575595,0.009725824857707186,0.00234862927855318
2015-09-22,-0.008900992603983799,-0.0118055234333274,-0.0017555108066339593,-0.01351011487151917,-0.006733091933583579
2015-09-23,0.0005077411231705162,0.0005828118467809463,0.0008605141075241456,0.003014255067339637,0.0002821823596721063
2015-09-24,0.006148437722396274,0.00428627691511291,0.006887899632199495,0.00734475372617704,0.0037888596558711854
2015-09-25,0.002248251650188287,0.002770449925615415,-0.004734551158605285,0.0005746401778677949,-0.0008750995703599101
2015-09-28,-0.012649471241686274,-0.016492488674100456,-0.0064327967045530255,-0.015469788923883204,-0.012383732685696194
2015-09-29,-0.0008598455871809746,-0.0009887460127849155,-0.00117796434905093,-0.0022233428632548752,-0.0012765011700911603
2015-09-30,0.014063194488028202,0.018235957843991884,0.0033027484878360696,0.019579888710032065,0.01169617794937463
2015-10-01,-0.0011191164170409505,-0.0015610504092144753,0.002041075796244785,-0.003979345401832735,0.000983377138523365
2015-10-02,0.014855292918203901,0.0155075308192327,0.013336155342275825,0.017323672187768913,0.013831778106105525
2015-10-05,0.010780999666633363,0.014667618034132284,0.0014293150114997198,0.014861125323910667,0.008859021478837005
2015-10-06,0.00572400049954465,0.00436551841888205,0.00335511001017896,0.00528768772892628,0.0027777528708294
2015-10-07,0.00353912523923725,0.00463853033970035,0.0007452971170530697,0.0026880582594507895,0.00311686370562369
2015-10-08,0.0017658630997036623,0.003845581766596585,-0.0013823009995252403,0.0027048778543109246,0.0020197717199124045
2015-10-09,0.00239638880574875,0.0017298776999090148,0.005898053630746206,0.004248349135479574,0.003161667047709226
2015-10-12,0.0016748472775644627,0.001091068394445785,0.003588610733561885,0.0016619822983081351,0.0019436896460765902
2015-10-13,-0.00036464263023747504,-0.00150633173814072,-9.083280873011003e-05,-0.00029812465720561,-0.0015657595528569598
2015-10-14,0.0033036642770639,0.0015022968034207097,0.005052239622041925,0.005028159011053219,0.0011370202327507053
2015-10-15,0.009827949378415213,0.01186893583981128,0.0028512682763352096,0.0079794374986978,0.008676194091898114
2015-10-16,0.004723436950467075,0.005746675359171805,-0.00012320653823202503,0.005090398493597465,0.003113867212069845
2015-10-19,-0.0026404964744604622,-0.0013558218171996002,-0.0014308997923439752,0.0014113770929883999,-0.0011027243134318601
2015-10-20,0.0027157557357732377,0.0029699756059974997,0.00011921763873649991,0.004810178565739671,0.0011677995860722345
2015-10-21,-0.00564413455678682,-0.0067480862625683945,-0.0012034297634141034,-0.00712330654160914,-0.003673393057584332
2015-10-22,0.017355829691663112,0.019801831420331713,0.00721524607613889,0.019850188855010904,0.013890522214802454
2015-10-23,0.01887919634036479,0.024181992213394503,0.006465729356508501,0.035746806005762334,0.016063763290918173
2015-10-26,-0.0034407903194903625,-0.003940512996491225,0.0011448761332766848,-0.0026564529479962155,-0.00143706322048574
2015-10-27,-0.002526987392970387,-0.0034164274185272047,2.3372629162964877e-05,-0.004391945679112544,-0.00193605844487961
2015-10-28,0.012236001856609287,0.014833565976969634,0.0023201938512280146,0.014775244675793704,0.009630702178840331
2015-10-29,-0.00831729740936015,-0.007238632038036579,-0.008178479403762064,-0.010223009836671088,-0.006409890950788465
2015-10-30,-0.000777332890233963,-0.0013100250317860545,-0.0007093754746004299,0.00026182651693786545,-0.0017647416456337147
2015-11-02,0.011075584495162662,0.013044126860486461,0.00158963558347104,0.01049230696401835,0.008238184747419464
2015-11-03,0.002942435821385688,0.005019925301101894,-0.004278543980523476,0.004682235641524035,0.0015036914487294598
2015-11-04,-0.0045993661440688755,-0.004546552002914875,-0.002866885734464525,-0.005000438404608865,-0.0030498721934537746
2015-11-05,-0.00347457164087655,-0.003461190653520655,-0.0022517518438412696,-0.004535946250542966,-0.00249021696709767
2015-11-06,0.018287871304157887,0.023496706560289578,-0.008376736390171315,0.03587618001278681,0.0047851486325115
2015-11-09,-0.00892602567375161,-0.009519289377295874,-0.004943761405433035,-0.007117885398331994,-0.007964543359325579
2015-11-10,-0.0062848857635038,-0.007855475766991278,-0.0009756597713585054,-0.015266664479192279,-0.003659663986960426
2015-11-11,-0.0044888846847941245,-0.00454618159610279,-0.0029084462360896802,-0.004056248773817019,-0.0036107769921747902
2015-11-12,-0.0086488376425774,-0.009919082227674864,-0.0029307018895634853,-0.005122504345154965,-0.007391370112743045
2015-11-13,-0.011177131446497911,-0.013669415784624548,-0.00397707514867281,-0.016025037126554557,-0.009032319412961174
2015-11-16,0.01502382877285421,0.016979301263841947,0.006301156215964944,0.01583578844949394,0.012204954782422589
2015-11-17,-0.005266100634531163,-0.004371958864493715,-0.00356205134886861,-0.003818696250882145,-0.0033612103419831552
2015-11-18,0.015178235619061474,0.018018096562931615,0.00812402021863346,0.02074769764503114,0.01360206525764629
2015-11-19,0.003971831252909038,0.003027022383031705,0.00555094598780805,0.005074408794263026,0.003600197297632045
2015-11-20,0.0007008597597142623,0.00237174281671812,-0.0006626327598312,0.00458873028453394,0.001137866083262005
2015-11-23,-0.0047152376508497375,-0.005093436791463775,-0.0019311965436378054,-0.007412279052799215,-0.0028214068496944006
2015-11-24,0.005641317928124709,0.005325071084150253,0.0025705177591907814,0.005226521403997504,0.0035136325486917904
2015-11-25,-0.0034675758274633874,-0.003616077863983975,-0.0012711358043119353,-0.004827647519123915,-0.0021891282336027103
2015-11-27,0.00046175243629245004,0.0017292754347535298,-0.002825138073034395,0.00227133563910134,-8.028285156055517e-05
2015-11-30,0.003361593252128963,0.002660246940167215,0.002395078377351815,0.005521597643896025,0.0016225941988292003
2015-12-01,0.010462918831329474,0.010966959776301214,0.008866069437990284,0.012373420001580135,0.009643307141524596
2015-12-02,-0.010612399935075763,-0.010102098339186665,-0.007294669367567825,-0.006503866494350946,-0.00849563129661287
2015-12-03,-0.010940839366123787,-0.01151207190658334,-0.01243739763499992,-0.01036211860116009,-0.013502454707176434
2015-12-04,0.02418721245969524,0.026000515367779038,0.017717525486762486,0.03084996840085452,0.021193716190516444
2015-12-07,-0.00945230602962315,-0.009659514428490225,-0.002070632912093566,-0.007835761137746295,-0.005196485979111925
2015-12-08,-0.004442208220831175,-0.00402862051041103,-0.0014683324099241703,0.0023020669146794396,-0.0036749985178767
2015-12-09,-0.008361896106115875,-0.010801955110791949,-0.005023333814190135,-0.016798093111405808,-0.0077656733412384445
2015-12-10,0.0030487618427860494,0.0037185842773062496,0.00151688179463264,0.004980671765159559,0.00264877551377728
2015-12-11,-0.012744753725407938,-0.017288364994089644,-0.0013152835258392701,-0.017468314655329654,-0.010657010882727923
2015-12-14,0.0026790885630633746,0.005000446235539115,-0.00551990323778015,0.0035351764030589652,0.0006977641602695794
2015-12-15,0.008852575757799812,0.008867900140736506,-0.00040710803892199485,6.658843326036433e-05,0.00484331149651071
2015-12-16,0.009165488407487512,0.01055880771931812,0.007896603237768056,0.01034541600369849,0.00956768107640382
2015-12-17,-0.012913362633506398,-0.014283350035655885,-0.007531903733903666,-0.013798083795748345,-0.010578764110526905
2015-12-18,-0.013188585224813676,-0.017840650054285586,-0.002334534744987155,-0.019498379434402604,-0.011784315155538426
2015-12-21,0.010645656179668301,0.01166406104172205,0.006368658362839195,0.01397881591892863,0.008499957381018153
2015-12-22,0.00165795757160295,0.00378369711388701,-0.0006871486709157151,0.0031042583828675995,0.0024678211858690444
2015-12-23,0.0094930028931458,0.011239557384130145,0.0014194425637997102,0.007662325721628335,0.00730572156889293
2015-12-24,-0.00075769602319415,-0.00173679016812108,0.00291687914497531,-0.00077451015018472,2.145017627540996e-05
2015-12-28,-0.0030894497526165257,-0.0029373525827878755,-0.0018522708568140252,-0.0023422747745787255,-0.002165128873695455
2015-12-29,0.0067620164117551,0.010124945803383746,-0.0013491806004035701,0.011984061689453394,0.004815156428807649
2015-12-30,-0.007756651369398362,-0.00813264678259316,-0.005249209630122295,-0.00797310211133268,-0.006625663534668739
2015-12-31,-0.007797674788096139,-0.010323876086869636,-0.0030246038219543803,-0.012958894707279836,-0.007122253874201214
2016-01-04,-0.007286662259735176,-0.010456856882217775,0.0012850131671847153,-0.008357074435309414,-0.005891573835668755
2016-01-05,0.0007865121679842999,0.0007220500944142955,-0.0012249585901872048,-0.0009153612032428746,-0.0006671505344756647
2016-01-06,-0.010817407906329226,-0.015896085959973,0.0026556130445427447,-0.020267510496792623,-0.007254579123642544
2016-01-07,-0.0226418977412606,-0.028340618547379137,-0.006883742530143214,-0.03196012064070785,-0.019127420445670396
2016-01-08,-0.008329830292367637,-0.008968450576902124,-0.0024146505186451945,-0.004921811938169135,-0.00575674173900121
2016-01-11,-0.0020572453629698873,0.00035995380300398453,-0.004976185307129075,0.0034832829287404056,-0.0018313377100245703
2016-01-12,0.010083945421074525,0.010835992943449065,0.007388814321841275,0.011812764004189874,0.009549373172560384
2016-01-13,-0.013684324615062388,-0.019315708251592997,-0.005174051619913096,-0.02245180555784183,-0.013597998550597892
2016-01-14,0.010232815078633373,0.013437154273572309,0.0001071826184906898,0.00872606961807121,0.00931922439121056
2016-01-15,-0.0191661430024286,-0.0257638423114642,-0.00160866467325359,-0.031512166331430336,-0.01445037238847557
2016-01-19,-0.0029531466117215625,-0.0022176939469266952,-0.0015901044015425398,-0.0012928819947272048,-0.001958931746637205
2016-01-20,-0.00574894455551765,-0.00714707617999854,0.0034777858232308,0.0021184872265663105,-0.0036013560926506792
2016-01-21,0.0010396833627985625,0.0019783906074993247,-0.0009692466924306202,0.0006773335154773649,0.0005766248980178247
2016-01-22,0.023570329170755175,0.027976814420119043,0.00810925947430347,0.030755424141841892,0.01922941625947272
2016-01-25,-0.010752814432501864,-0.013162291180555525,-0.0015190228892961448,-0.009016885644442224,-0.008962334205100508
2016-01-26,0.013815642908144812,0.0136409086050678,0.007754613582530275,0.00832075010594739,0.010904374301205678
2016-01-27,-0.015279813162982511,-0.018819013883875482,-0.006611942115860901,-0.025398538663849737,-0.013421991958778686
2016-01-28,0.004423198058943687,0.00541454517663861,0.000571552992808525,0.003479021313412089,0.00419097844720098
2016-01-29,0.027947406474968003,0.03224575256396858,0.01587926739483945,0.03851024969393915,0.024593236675744867
2016-02-01,-0.004979730539342137,-0.005194390347034785,0.0005789233017715248,-0.0036692558631394047,-0.00285763328234083
2016-02-02,-0.018283910377715075,-0.022966517359088254,-0.0013944549474328358,-0.025206744627291475,-0.012492634027206104
2016-02-03,0.009522619984445861,0.008842074172198911,0.0017758039861265004,0.0032543181475822996,0.005097243868713765
2016-02-04,0.007283029092035537,0.005481335298770791,0.00543526024612541,0.00241217309925779,0.004962897322185285
2016-02-05,-0.01690567577794385,-0.02349120097560757,-0.004454636789217224,-0.0333054315510908,-0.014615553640820303
2016-02-08,-0.0045209522804339885,-0.009894290838444723,0.00663353552797459,-0.012821957643311205,-0.0021676048830588644
2016-02-09,-0.000447278053416591,0.00010004388926906776,-0.00030235513517798385,0.0019175914759977008,-0.00025495338441198026
2016-02-10,-0.0008407476305165627,-0.0016904714924346604,0.004819894039410915,0.00039647995430540985,0.0011714642744752903
2016-02-11,-0.002294443958945676,-0.006724422526108605,0.008273340850231644,-0.002481955390431685,-0.002082772494329905
2016-02-12,0.016972614846494875,0.019614308575958996,-0.00012541316043956916,0.011066759752940969,0.011159768915299899
2016-02-16,0.011173975956739713,0.018321601767556005,-0.0038618126873584653,0.024514569042428706,0.008788087276558361
2016-02-17,0.012418024547467037,0.015691283695660804,0.00636214910560401,0.018994755397036905,0.011321895172900045
2016-02-18,0.010548381880781825,0.00912786832281285,0.007991115156110794,0.01689221060251108,0.0048845270033791455
2016-02-19,-0.00011372828173200005,0.0002939064748042149,-0.0018157689729824654,0.0006569140355303748,-0.0008288482542779452
2016-02-22,0.008506327972140364,0.012904565683370058,0.0009510666954072192,0.01631719100819562,0.008015513740910625
2016-02-23,-0.0121874469583102,-0.014995165779474996,-0.001153503672526625,-0.012940040475537522,-0.009833986195977324
2016-02-24,0.004402578228693401,0.00540931328205638,0.00243253280640724,0.00709605999689397,0.003923658148089221
2016-02-25,0.007914217093038337,0.009011113548170325,0.00661001272740944,0.007996700559250634,0.008532179614819616
2016-02-26,-0.004134819613621875,-0.0038468231423206055,-0.006473459534899254,-0.006268250660769766,-0.004824650366130445
2016-02-29,-0.006060087375229001,-0.007743815714288226,0.0019204065828500399,-0.004542542903061765,-0.0039907576359269606
2016-03-01,0.02270306555984009,0.028808125066579263,0.0027120439711529444,0.031641599609479515,0.016781658314791982
2016-03-02,0.007287787164148076,0.00666274044945152,0.00518512696004206,0.00502328485054818,0.0057294793714901295
2016-03-03,0.001483219093739625,9.404721751255517e-05,0.006575466167141511,-0.0015390364701242253,0.0029851610301425595
2016-03-04,0.0001417084936124253,0.001285744665668835,-0.001223646202819545,0.0015139300890798448,0.0004303150510032048
2016-03-07,-0.00084189059326865,-0.0026239603167729146,-0.00013945385375575012,-0.008831452381998416,-0.00140941381101609
2016-03-08,-0.007481747350640363,-0.008661204065653488,-0.0003697570107756204,-0.004901397144295989,-0.0046470924793701445
2016-03-09,0.002108848622951725,0.0043116273398063395,-0.0015220621915023348,0.0058476232475456295,0.0021956640727086945
2016-03-10,-0.0018217096166460245,-0.002736319640347885,0.002095952317566995,-0.003290103691860685,-0.0010234208114101348
2016-03-11,0.006103038023324138,0.01103906666270513,-0.0014772506458804147,0.01290929335727743,0.0064251203582947405
2016-03-14,-0.0006449069856111624,0.00012503769495633994,-0.0022882206437293147,0.00104722403610999,-0.0005949799521625
2016-03-15,0.003680151981542475,0.0037665216146062996,0.0014303847314391601,0.00560062571627965,0.0025618903983854902
2016-03-16,0.010533643007960761,0.010898703337488675,0.009723559626540621,0.016466850003355293,0.008883646942614424
2016-03-17,0.0017825868084831626,0.0021438778755421403,0.0026009485884370396,-0.00012220634242916974,0.003250432227210825
2016-03-18,0.00547605952013555,0.005497432399548335,0.00021238269138886012,0.003030183556874615,0.00253285813983372
2016-03-21,-0.0013377198010517191,0.00036583120591782684,-0.003670708139734703,0.001923886983932592,-0.0012693616409655906
2016-03-22,0.0017860581639451627,0.0017017158620449453,0.00106945145712849,0.0024991614442247552,0.001242384990240235
2016-03-23,-0.002190954259238125,-0.0016896128302336202,-0.0040426425137344395,0.0008837798422459,-0.0026579345168342493
2016-03-24,-0.0007276192691306124,-0.00046948794263735477,-0.000592499206055365,0.00022420133124075514,-0.0004804714346494899
2016-03-28,-0.0001267594967072753,-0.0005320356395632702,0.0003718368284243349,-0.0014174795716119205,-0.0004056111993723951
2016-03-29,0.01216429767881375,0.01274863559519996,0.013352176689540009,0.018238658648816717,0.01241598323363171
2016-03-30,0.0031763288631968876,0.00613098227094427,-0.004679493549110771,0.007964972805322811,0.0014923502100957244
2016-03-31,-0.0019373796762677626,-0.0027775737025684953,0.0028110249946223897,-0.0011706971481775352,-0.000304979191346535
2016-04-01,0.0045938403968151876,0.00636443009066112,0.002214372722683435,0.00833169904978156,0.004737204344554049
2016-04-04,-0.0015854120614089127,-0.001547491130619555,-0.0020371045951179103,-0.0012704545502514554,-0.0014595774261761348
2016-04-05,-0.005068253619761775,-0.00819360075287485,0.0027069494062352847,-0.007521585346333371,-0.004107518044034305
2016-04-06,0.005095647888678712,0.007490465894444666,0.00024162354828637512,0.006502784187848465,0.00495612466895504
2016-04-07,-0.008259644236818587,-0.011939852152654902,0.00261229718962282,-0.01149335675812948,-0.006016857711464715
2016-04-08,0.0024053813066981624,0.0030640164022278753,-0.00176528188272976,0.001728175518513855,0.0007651874465068849
2016-04-11,0.0033282564300231117,0.002072496625899825,0.0022874798868858202,0.002124434434825825,0.0011742306726390853
2016-04-12,0.006458200303449425,0.0078087856061118755,0.0013836914377315503,0.005602771928681035,0.00531421393208332
2016-04-13,0.012924048711217601,0.014832192091249887,0.00295934376859753,0.014259610527756955,0.00955866542823375
2016-04-14,0.0005918747832322121,0.0015912282579021743,-0.005121993076189061,-7.174283766058538e-05,-0.001130975486576356
2016-04-15,-0.001184081326394463,-0.00223530178827837,0.0036535983617419993,-0.00113202899434163,8.357964369999498e-05
2016-04-18,0.0007308538808030999,0.0013647275833266197,-0.00013742077302239,-0.0020706263254794805,0.0013247173784620096
2016-04-19,0.0016423898527078,-5.804554670818971e-05,0.0034332385454534753,-0.0050004889295183,0.0015890742999884948
2016-04-20,-0.0002561994824409374,0.0003294011466529752,-0.00544608475510069,-0.002730536620379515,-0.0023282026597192655
2016-04-21,-0.003265993334242225,-0.003736598353352285,-0.003120082462240725,-0.003041724950888685,-0.003993396149902575
2016-04-22,-0.009915608453619851,-0.011078286589437545,-0.00782286982686791,-0.020341890785371877,-0.008713852106540151
2016-04-25,-0.0006722967853248375,-0.00045113072564458484,-0.00120614839134392,0.001093883459067135,-0.001226131394312555
2016-04-26,-0.0011792563011882625,-0.0016413985716466051,-0.00113889694106805,-0.004550612973158945,-0.001498015311093495
2016-04-27,-0.0027943627691393,-0.005046332033622125,0.0012120272686859947,-0.011435468472338015,-0.0024748154104653848
2016-04-28,-0.009950027480448112,-0.01450930811596674,0.0008967836582226849,-0.020393366710744015,-0.00768824012058502
2016-04-29,-0.0020093067517808127,-0.005048165705901085,0.0035348403706750055,-0.007360137653314945,-0.0016717356671725398
2016-05-02,0.004894712741773925,0.007127202770099165,-0.001279679214066755,0.007273151315896325,0.0033549609970642954
2016-05-03,-0.005125358785048438,-0.00651677972244829,0.0012318984959882298,-0.0037637415980193,-0.002882943181070025
2016-05-04,-0.0069141044943016,-0.007905766640637834,-0.0017080967097906647,-0.008709087608890826,-0.004351067012500645
2016-05-05,0.0005635620306168377,0.00031399219715514006,0.00186210836898033,0.0010943185449819599,0.000979685601358765
2016-05-06,0.0041778010764564125,0.004336496568787394,0.00204676703780166,0.004221819289973395,0.002754028811933125
2016-05-09,-0.003654104450011725,-0.00227993337677985,-0.004066596755118616,-0.0024984129606573898,-0.0020489188786475057
2016-05-10,0.011234300542151365,0.012963770690194516,0.005728599597147169,0.013264945704458325,0.009660075616850434
2016-05-11,-0.0011468232246140998,-0.0033931627417350197,0.00107103404914055,-0.0022423456514015496,-0.0024033257826427496
2016-05-12,-0.003890947289632426,-0.003849897580213735,-0.0041962339547045695,-0.007585985036982936,-0.00326853531939834
2016-05-13,0.016345800272638336,0.018344797170361197,0.0015956632103853096,0.03583911991415807,0.0052873563268828055
2016-05-16,0.012636879203373749,0.01604959743102252,0.002718188314510545,0.021417979246478727,0.009348621862172866
2016-05-17,-0.0031658310985631754,-0.0052226035095653146,-0.0024910960001040604,-0.0063118716375572745,-0.00478259996325573
2016-05-18,0.006028678799292387,0.008592402728930176,-0.008361623171841978,0.009197103472107086,0.00036605211367553525
2016-05-19,-0.0014711172712914373,-0.00227057605721224,-0.00067726960213533,-0.0026665464117039796,-0.001747592318744525
2016-05-20,0.004779836425507437,0.006534770440356291,0.0026701431374056748,0.009594495225740721,0.00469521993036069
2016-05-23,-0.00021141116329776268,-0.00021142229129915004,-0.00028638677731296504,0.00042256317012225004,-0.0002485632009985297
2016-05-24,0.009959376767957462,0.014536295260313796,0.000318424975160585,0.018530053287201583,0.00865973898505365
2016-05-25,0.005712387622537787,0.007095120610288091,0.001424351649877625,0.00660579866997439,0.005009583221219479
2016-05-26,0.00045185807916576267,0.0010237162401793049,0.0012195403762883,0.003666904271771765,0.0010484391866620651
2016-05-27,0.0020323976000885128,0.0034138415885118004,-0.0008956296635306301,0.00345151209577469,0.001856378074287095
2016-05-31,0.002103073424336338,0.002386365805249525,0.001621869098164945,0.006518872822576576,0.0012245323097760802
2016-06-01,-0.00011809470048057487,-0.0006844184599544249,0.000933745512475335,-0.003272258245429765,0.00028187637567126517
2016-06-02,-0.000709190694283,-0.00072810038025493,0.00212769071947629,-0.0011661818035923403,0.0008682566391197498
2016-06-03,-0.0007109936111532126,-0.004371276978821905,0.010469209513310075,-0.0046242518330396245,0.00178741132667973
2016-06-06,0.0034405146768989123,0.004303056923058735,-0.0002993195080141698,0.002571725190139985,0.002495774650362955
2016-06-07,0.0025663827244632874,0.002479658487572685,0.00127902272378173,0.001669719703661125,0.001989808072737705
2016-06-08,0.0027415557642992755,0.0014088412128381998,0.006452700035290134,0.00017284930030932004,0.0035155764808386053
2016-06-09,0.0033437021829661995,0.003124244131984485,0.0031931405265467998,0.006668306253338844,0.0021288292787572
2016-06-10,-0.0072624229287346,-0.009468251302326182,-0.0006836883142752504,-0.009938653540798011,-0.00536623021451883
2016-06-13,-0.0032941297730186133,-0.005801111694117344,-0.0009627869377766949,-0.007648636109342344,-0.00464924284883124
2016-06-14,-0.0031556707584517374,-0.0029869430789983453,-0.0008308230134459251,-0.001035395444808835,-0.0021574786104432203
2016-06-15,0.0011562799458828003,0.00036043457491600995,0.002475319562881775,0.00139023865953052,0.000686718609477555
2016-06-16,0.00443058156340685,0.00539065134178062,0.0008842242090851501,0.00574503770685031,0.0037865416629537904
2016-06-17,-0.005876744728112924,-0.007858672246756213,-0.00148606615002658,-0.011571800774384503,-0.00515674595406645
2016-06-20,0.0012501162217070502,0.0035177619000939446,-0.00348343633365068,0.003725299102660655,0.00034919838629931973
2016-06-21,0.0021961552460752127,0.004614937634593356,-0.004030521868521375,0.005430063810836485,0.0016192928410233903
2016-06-22,-0.001967425039883487,-0.0023511653820425353,-0.0001715629496709651,-0.002264180180464035,-0.00138737520089402
2016-06-23,0.009225705351467875,0.012756474281446484,-0.0005402093882025848,0.013674051994524724,0.006744607348710204
2016-06-24,-0.022604627812827998,-0.033518525694780706,0.0074750560165512195,-0.0328630559021342,-0.01674385779454722
2016-06-27,-0.010029673651081325,-0.014896967097558991,0.002581569548164235,-0.01451124515611399,-0.007502916231882094
2016-06-28,0.014736607937619463,0.01754143554901455,0.0053412992230958845,0.01534372595233648,0.01296615630332463
2016-06-29,0.013253108929686626,0.015694963106004985,0.00500552279911339,0.014189153124116515,0.011011317438543581
2016-06-30,0.0105542711568972,0.0117004907857638,0.00789381281148807,0.010704976652726971,0.010377365034590889
2016-07-01,0.0026621033180727126,0.00075311034367071,0.009466545400642165,0.0006244137514128101,0.004686489409971911
2016-07-05,-0.0021841562119607498,-0.0035852157816204855,0.003828186156275745,0.001359124069313585,-0.001200469144202895
2016-07-06,0.006482411386232575,0.006517581802176754,0.004321995630776285,0.005305228580750264,0.005417746766797295
2016-07-07,0.0025413840539929857,0.003647421414146754,-0.0009367530579744035,0.007293887266873775,0.0008463733885327332
2016-07-08,0.015106359795229273,0.01693521750673218,0.00982935742158852,0.01932978931569546,0.013196224631098432
2016-07-11,0.003480376306157838,0.005806148084599309,-0.00393676730534511,0.0075333432075725985,0.0010951861753012648
2016-07-12,0.00397734905929685,0.0074869255805451096,-0.006896119170530194,0.007270168347452729,0.001292883168003385
2016-07-13,0.0023862381790442375,0.0008193640810908101,0.006382827769310194,0.0009316399997712601,0.0031400106767222502
2016-07-14,0.004201710769713437,0.00702930428306658,-0.0041375196895409045,0.00831218415380042,0.0019946484709905694
2016-07-15,-0.00294182753811005,-0.0025561980020473098,-0.004415779389064435,-0.00394196488545551,-0.0031035181338921755
2016-07-18,0.0021671115595290127,0.0031346828108167095,0.00164489622249343,0.005583660606367069,0.0023843977572274152
2016-07-19,-0.0005786112980706,-0.0012313239129902549,0.00121828886013905,-0.001138154665270485,-0.0004092453938912899
2016-07-20,0.005858358001433151,0.009654643694194883,-0.00153998861514743,0.016410115931103406,0.004757932670914269
2016-07-21,-0.0021048790456303754,-0.0043989875682588,0.0030200927748595804,-0.00613195061456012,-0.00127327991090045
2016-07-22,0.0049069945569448995,0.00654994258400038,0.0003888599256494899,0.00871145135782878,0.00349778295124709
2016-07-25,-0.003048307150960625,-0.00206559338631289,-0.00333587245269142,0.0011891096345276997,-0.00301805191993737
2016-07-26,0.0017230268611534499,0.0016925576748941195,0.0014320674098184099,0.00303679967565146,0.0009591845787992299
2016-07-27,0.008587946964551039,0.007525714787702105,0.01081406229712816,0.012482825094326766,0.008536379467407117
2016-07-28,0.00012861446010831265,0.0013129255343840398,-0.00033016479242220503,0.003935877150113421,0.0006689619200851798
2016-07-29,0.0034867230179249,0.0032724174277180443,0.006342093077191565,0.007048748151354436,0.004001952335530785
2016-08-01,-0.004724141552415412,-0.00298393592452917,-0.0027836081487291196,0.0017798196123358801,-0.002876985681715205
2016-08-02,-0.0030199088032056252,-0.004616546399656521,-0.0042368196790812844,-0.007811716417142971,-0.0050094481252039545
2016-08-03,0.005235935249207025,0.0059415412776957265,0.0008610638702275949,0.005756138979346265,0.0037915662870030456
2016-08-04,0.0050839832172492,0.005369180068465139,0.00405064270994447,0.00863479318874292,0.00424213474047223
2016-08-05,0.0062339579360367004,0.00973160028351747,-0.004394737368087985,0.010335881029246562,0.0037513456788047543
2016-08-08,0.003557069997471025,0.003669381243228655,0.000765108250566215,0.004782806243218165,0.001983676106180965
2016-08-09,0.0026625903963731126,0.0019749523316185597,0.0049655818543337255,0.0030415699767817597,0.00324716922002471
2016-08-10,-0.004671902833431538,-0.005386173180221516,0.00125652995902463,-0.004190937437576025,-0.002323610015647025
2016-08-11,0.002457569758722813,0.004680058800464824,-0.00325112740826787,0.006033133436691255,0.0009002007424470549
2016-08-12,0.008552235816522763,0.00900043644379601,0.001965608869804455,0.01320693801726278,0.0041249369725212
2016-08-15,0.0020942409749948624,0.003115033772934645,-0.000813414762838085,0.003676926606222315,0.0012182184128548595
2016-08-16,-0.0017852462356137124,-0.002939295695861475,-0.0015711169625097347,-0.003782225874634525,-0.0027376026442114203
2016-08-17,-0.0011904335753046503,-0.00210852936840677,0.0027532411306156798,-0.00504031490218247,0.0010308390422909
2016-08-18,0.004188654878186513,0.00411854363376524,0.00238352257954824,0.00438996904830709,0.002793576501458045
2016-08-19,-0.0029857554554487253,-0.0016301136382053801,-0.004332829043342055,0.00045012426932241,-0.0027140568819194453
2016-08-22,0.0006786820655232807,5.210930749515115e-05,0.0022222766410327733,-0.0003415081372674432,0.0011035956859257057
2016-08-23,0.0018056333052587,0.00245276935593271,0.001287577087106845,0.00410792481106869,0.001826699893258565
2016-08-24,-0.004293154054903213,-0.004624004160538936,-0.00546276929940432,-0.0069198036034313955,-0.004485801577840425
2016-08-25,-0.0021221337137201377,-0.0019217613227884751,-0.001775240283017875,-0.002106738677054955,-0.00169111790425079
2016-08-26,-0.0011459472202827,-0.0008438600811361652,-0.0033715945204762796,-0.0006790677223520252,-0.00238084089948388
2016-08-29,0.0046589762101913,0.003670099617862565,0.00665700008731766,0.001366115199802025,0.00544982946627946
2016-08-30,-0.0035101219869107876,-0.003215005666923065,-0.004920756953606525,-0.005217122493923984,-0.0035435833272325404
2016-08-31,-0.002367973569678737,-0.002852085421680055,-0.00117633411092002,-0.003252550761932005,-0.002009901560922915
2016-09-01,0.0044006518964094885,0.005153271690939322,0.0018317918002300727,0.00969332888465345,0.0025539409751297883
2016-09-02,0.002294182732115438,0.00245567240692533,0.00158959546340519,0.00101449732156968,0.0020953791734465645
2016-09-06,0.005968388714994314,0.00442417977934456,0.007617880156048411,0.00369211288832946,0.005166436649938716
2016-09-07,-0.0024801628050951374,-0.002177965463049865,-0.0007829576907613899,-0.002154781515252605,-0.0009480450817448649
2016-09-08,-0.004071062015448762,-0.0038552434063682437,-0.007909767902722915,-0.006975070389907085,-0.0059695657381514
2016-09-09,-0.02180417735944899,-0.02456578452811035,-0.01678672197666528,-0.02816854768031686,-0.020896961122952834
2016-09-12,0.010367808958323238,0.013384078165164069,0.006036272799036085,0.01661682800131989,0.01033270530911176
2016-09-13,-0.00798694750145975,-0.007636006468300881,-0.009212104962788245,-0.00300480711383759,-0.008808298598180565
2016-09-14,0.004360800987156113,0.005159919973906735,0.002794910449696855,0.010054995169834295,0.003556972779145
2016-09-15,0.012123043722511601,0.016156508122279208,0.0024074562429435703,0.02307267861303277,0.00940458022303605
2016-09-16,-0.003135926136399225,-0.003478016432309305,0.0008213367579477697,-0.0008450431772748049,-0.00155442736240268
2016-09-19,-0.00022492782545660003,-0.00029462942471163487,-0.00142942672737356,-0.001041695451167075,-0.0012821364693525602
2016-09-20,-0.00226395766713329,-0.002592241870253158,0.0013683796060901085,-0.0025965833524711195,-0.00042854161534690733
2016-09-21,0.011681110254740851,0.012127965776381646,0.01067865635880822,0.013971067517912694,0.010815888829643981
2016-09-22,0.005080856106121362,0.005141096801887305,0.00578498967285935,0.004692798034341925,0.005756145509070035
2016-09-23,-0.004180261278175726,-0.005374263798114026,-0.002989759714679425,-0.006959350526808756,-0.004597404400589175
2016-09-26,-0.005771353462329538,-0.006966806775722604,-0.0007868441269512251,-0.005214581350490145,-0.004210528364606341
2016-09-27,0.0089678948536035,0.010828702631804035,0.0036225025811455346,0.014560147416080645,0.007200939814714035
2016-09-28,0.00768462708100965,0.007787903596576915,0.000391571759422385,0.0036264245552582743,0.0045297741880222855
2016-09-29,-0.005720623409391726,-0.006855879844407276,-0.00344584107201425,-0.005566341311651045,-0.006002113950953399
2016-09-30,0.0058573116912644515,0.00782801143264528,-0.0011545267534405746,0.00747881285840176,0.0036578298711527645
2016-10-03,-0.0026154671190299875,-0.002602363602803105,-0.002903865200970655,-0.002861819903824215,-0.00278052228371205
2016-10-04,-0.006640191141244363,-0.00380961885402714,-0.01424365174498809,-0.0033500851379218597,-0.007618647340236736
2016-10-05,0.00370783789364665,0.00426193637299818,-0.00032452176411456484,0.00195384067302935,0.002404766595850075
2016-10-06,-0.0018637763229599124,-0.0008383563615351849,-0.0036017014688998696,-0.0016077869226324849,-0.001378093771449855
2016-10-07,-0.0008428461661409124,-0.0014929134340727697,-0.00049977602132454,-0.0016333989835980796,-0.001105060552612065
2016-10-10,0.0069418857753790735,0.007721191001523506,0.0014546551946919201,0.0069962578881727746,0.0047096515313534105
2016-10-11,-0.007453559800091613,-0.008838100032948364,-0.006471098890632351,-0.008997600154963275,-0.007986565815720275
2016-10-12,0.0007965217139681251,0.0013096072385999397,0.001510470857210085,0.00334521411099819,0.001315534223378275
2016-10-13,-0.0040014861814118875,-0.005134226171277644,0.0006192385220671548,-0.005845383209691065,-0.0022177876175204204
2016-10-14,0.00019724241146981274,0.0024215908293891203,-0.005427578262086359,0.00513134521766878,-0.001430027444412695
2016-10-17,-0.001188990501495,-0.00242127470575978,0.001654851218324925,-0.00254791864128086,-0.0006336766795491949
2016-10-18,0.0060612709327927125,0.006429355946034195,0.004911189480322595,0.006973413026013944,0.005449728516224361
2016-10-19,0.002012555135736337,0.0013154199108594451,0.00226067203917252,-0.0011060951360285847,0.001754132424634815
2016-10-20,0.001106318365733125,0.0013840488246403399,-0.0012240881105578753,0.00301419615629202,-0.00038114318547222495
2016-10-21,0.0043350525799937135,0.005193787851626245,0.0027608881273252605,0.009022830764221404,0.004045241960699125
2016-10-24,0.010620587828365426,0.01338373269408571,0.000767633347724835,0.019908854179034003,0.006333008379938066
2016-10-25,0.0031215668019594746,0.0025524649172392897,0.002051437020159455,0.00534187739699693,0.0012631164096885653
2016-10-26,-0.003708529910664925,-0.003868008725429935,-0.005788813645001685,-0.0070097639837683155,-0.004799957277972375
2016-10-27,-0.0063873795112464994,-0.006999109449723761,-0.0050749093514289145,-0.010567298589866499,-0.005815387062297196
2016-10-28,-0.004872502444038712,-0.005074077454675115,-0.00100845554873188,-0.003359527385039485,-0.003455969554824645
2016-10-31,0.00023070704103009786,0.0001247285840165555,0.0028633937170313394,0.0024006101026272575,0.0011369615899018586
2016-11-01,-0.006328295446492295,-0.008962672086985934,-0.0015300992463772422,-0.013186436784716043,-0.0053724331183686285
2016-11-02,-0.0012923927286388125,-0.0029994515970189753,0.001306287611628695,-0.0026869772527263447,-0.00156371268168887
2016-11-03,-0.004352739567444513,-0.005354641008021865,-0.0034462194196133,-0.007317344882893105,-0.004719750611303285
2016-11-04,-0.003094591948317987,-0.00428502499814927,0.0021139156466333845,-0.005480334606419751,-0.00106089725669447
2016-11-07,0.018454822528542813,0.02431333019741162,0.0013169453796181595,0.02656030876256739,0.014000838928101724
2016-11-08,0.0013489316289370876,0.00242497057003873,-0.0007769639485014798,0.00155689987189256,0.0014091498221013151
2016-11-09,0.00013327743968802514,0.002679156229779411,-0.01216414764710913,-0.00642556565616313,-0.0034928701278898007
2016-11-10,-0.0068844234071151235,-0.007830332622963029,-0.01075844992362043,-0.02200931336467904,-0.0075801524368711
2016-11-11,0.03300853203956274,0.04292156755851817,-0.007622219989541214,0.07563081635204628,0.011131616056610286
2016-11-14,-0.008873378940691977,-0.01073693280369164,-0.005988185827334636,-0.022992989747773168,-0.006650411649597205
2016-11-15,0.01263719445215835,0.013771893803429996,0.007896031757579105,0.017722395770150164,0.010222030461961667
2016-11-16,0.008798587183367488,0.011618064621130153,0.00385458444918765,0.025833498683554647,0.006166977662545446
2016-11-17,0.001470212399534437,0.004166299903436965,-0.00408086103872493,0.005910298084185905,0.00047782677753086466
2016-11-18,-0.0013219616640951374,-0.0004739740380731002,-0.004066277175925645,0.0007601842768378101,-0.0022614229102829
2016-11-21,0.00648577978003615,0.0069882003193816045,0.005249263371663054,0.006332057960016936,0.006600150564593175
2016-11-22,0.0027159509397179996,0.00310478305765299,0.000628756014143615,0.00328523845441578,0.001850425240441635
2016-11-23,-0.0035180290953178875,-0.0021457550717869853,-0.00699387813864138,-0.0040932115428473055,-0.0036610035961141553
2016-11-25,0.0013356280284491,0.0022942462775929,0.00058327377594332,0.0026516016043035603,0.00194943177230208
2016-11-28,-0.00023366155707714995,-0.001846725645577265,0.0037793452733310097,-0.00010189618387654496,9.910132023923011e-05
2016-11-29,4.356215620495026e-05,0.00024056339430477517,0.00123402992933169,-0.0002818248128738848,0.00134489407742699
2016-11-30,-0.004145286678794062,-0.00385919520167397,-0.010845674151428085,-0.010161003543545611,-0.006579922135025811
2016-12-01,-0.009119980393230738,-0.01104373837771766,-0.00661324853204496,-0.02026495529279991,-0.007773731957529456
2016-12-02,0.002802977407415163,0.002373771186095745,0.00428919746193064,0.004168439192845175,0.002869024473466505
2016-12-05,0.009116277364920052,0.010914244527975165,0.0005436097533001397,0.012569662092338243,0.00547764046353472
2016-12-06,0.0033946853017851625,0.004260352102930984,0.0006008439884368801,0.005300608205079855,0.0023066097970473047
2016-12-07,0.010884546933029688,0.012637877981546686,0.009487382503987769,0.015443103912127144,0.011414454277768426
2016-12-08,-0.0011394048727500872,-0.00047689385525858985,-0.00377690720881636,-0.0035318389984768297,-0.0014088771205005752
2016-12-09,0.0011825311443720127,0.00371332628823202,-0.003560451262709345,0.003334582366354621,0.0014977319228598005
2016-12-12,-0.0011095585000644374,-0.0026818054175529746,0.00113847957069778,-0.006579157038925635,-0.00044077386683205507
2016-12-13,0.009023506280147602,0.010575764749977186,0.003901403603796675,0.012848970161767054,0.007465163917974736
2016-12-14,-0.00036251077967350016,0.0024213771656048646,-0.01029164537153658,0.010757453069130013,-0.0052686760474102
2016-12-15,0.005149067615201437,0.0065341575588903095,-0.0002263552122783456,0.00701196565502168,0.00356144500598555
2016-12-16,0.0009084207999242625,0.0009197602431576248,0.000103062175461985,0.0034331081017895753,-0.00039656142308111005
2016-12-19,0.006809952655856186,0.006942652299096311,0.007015480588269034,0.010893111805371839,0.006588737333553951
2016-12-20,0.005090844971055187,0.007080424223827574,-0.00235852025090807,0.009019257085575674,0.0021478157975871044
2016-12-21,0.0012860136385460248,0.000723713564740205,0.0008961813147131798,0.001635268378044535,0.00041651030818233
2016-12-22,0.0009871994109179874,0.0010242661000620199,-0.002067557835225265,0.0009494799486689698,-0.00083302227527835
2016-12-23,0.0035961555128877377,0.00393806965628395,0.0017972282907441199,0.00598636997657681,0.002196258227918355
2016-12-27,0.010265743514940725,0.012237194545585783,0.0014261912919785952,0.019419708839204127,0.005008855009373166
2016-12-28,-0.011001814072222001,-0.01442642762721538,0.00032735621671927447,-0.0201444622105495,-0.006087876989494486
2016-12-29,0.003528309410650625,0.0028686965307351347,0.004373056444703305,0.005367758756038205,0.0024485021516041355
2016-12-30,-0.008326734236452527,-0.01007535979937299,-0.0031021338430596104,-0.01627280614275439,-0.005502337036091059
2017-01-03,0.00040839598673161296,-0.000851342094213715,0.006251363057708384,-0.006841929510573595,0.00398926419687685
2017-01-04,0.0027379741683911498,0.0036008482569550295,0.003733151159748885,0.005695390470254859,0.0033533794762253648
2017-01-05,-0.0017547443588961872,-0.004096425305740599,0.00937364162037157,-0.0036357339827354693,0.0024379123624933357
2017-01-06,0.002469842853737937,0.004999426227014765,-0.0029925914064468846,0.008004742122470047,0.0013062013330227902
2017-01-09,0.005459507071675175,0.00538558506260149,0.00417542849280258,0.011947828940404682,0.0031077085147972706
2017-01-10,-0.0016386059751477126,-0.001834142366171145,0.0008698559944926549,-0.001535071744924045,-0.0005063971857936501
2017-01-11,0.0036526547381164377,0.0031315877376620104,0.003523866446821485,0.0012899815541753303,0.00369264093451252
2017-01-12,-0.005734947050001299,-0.006520048799496415,-0.001291472804218875,-0.007734006776353535,-0.003865730489255035
2017-01-13,0.0006500856423191911,0.0009496592605949044,-0.0003345169370376549,0.00013313511128349727,0.0003504758127030214
2017-01-17,-0.0025510279863519007,-0.00466466128466713,0.0064647143464511905,-0.0035565477350247197,0.00047856480128113065
2017-01-18,-0.0011395280354300752,0.0013650202619916196,-0.005962626639570065,0.0036770990859111897,-0.0021650512451848354
2017-01-19,-0.0025634027947035254,-0.0013941338124388305,-0.00397730603480405,0.003186728850714649,-0.00345669144710306
2017-01-20,0.0025265454976833752,0.002448420270059945,0.0014580435175286452,6.426239780054527e-05,0.002380180105980915
2017-01-23,0.002269867276165338,0.001331539365738625,0.004537940126900814,0.004070788731909534,0.00215838708624519
2017-01-24,0.004729994581043775,0.006777587547106956,-0.00119847906393179,0.007717950613986176,0.0029621201655438394
2017-01-25,0.0036236957001789622,0.00637311376608694,-0.002934268470893674,0.00594001544150221,0.00267351346061191
2017-01-26,0.003934799453170988,0.004636961253872755,-0.0009654591102249147,0.0063012780920214655,0.0017895543318167603
2017-01-27,0.006000359473845087,0.006428424107352044,0.0024781041751957347,0.010774062313364212,0.0037506281930043696
2017-01-30,-0.006387455328101064,-0.00750934918914933,-0.002481694696229615,-0.007909935889805162,-0.005280683393090319
2017-01-31,-0.0030345133637845563,-0.004347200705295558,0.00539148723591334,-0.003298721399327313,1.326780123439695e-05
2017-02-01,0.008969999249545065,0.012101891265408712,-0.0005811550768835198,0.021628646309373525,0.004849238683331625
2017-02-02,0.0015231904135334625,0.001284618204497115,0.001031829775354025,0.0014755357454100749,0.0006139620674919499
2017-02-03,0.005533969432895538,0.0055369317528562,0.003164124219823445,0.00203795011868761,0.00496113886486418
2017-02-06,0.005586073644158251,0.004940298077224,0.005398431377918815,0.00930086524584521,0.003718898353661775
2017-02-07,0.002503664889506166,0.002830465561100791,0.0023870424209687276,0.005705108255465219,0.002326118231903194
2017-02-08,0.0004837872462686877,-0.0005023810981553349,0.00682929865746704,0.0007106559368252553,0.0030601273499513554
2017-02-09,0.0006772548427248126,0.00237877962726451,-0.00323138944139822,-0.00011958357758301008,0.0008694125385348846
2017-02-10,-0.0018614505445915753,-0.002346294766403535,0.0014818642575201298,-0.006034223055292955,0.0003244873099853798
2017-02-13,-0.0014356400709707748,-0.0011352719053795042,-0.00016399463652284993,-0.006184305169554685,0.001251673318769
2017-02-14,0.004013537853796149,0.005135801174044676,-0.00021720360343038936,0.005393651307391436,0.00261100753598023
2017-02-15,0.003212899279336663,0.0036127152460415654,0.0012173951379078401,0.002033265717825945,0.002533649276232805
2017-02-16,-0.00230210675302535,-0.003380246917262955,0.0029314608940713,-0.003933854772332125,-0.00015503272854757992
2017-02-17,-0.00020669098095515005,0.00014855061287336987,0.0019177425953000647,0.00138811717384844,0.001325422787248945
2017-02-21,0.0070073047853215125,0.0086075918500815,0.001584807740908435,0.01109065119617022,0.004617812588507099
2017-02-22,-0.0011982768050314,-0.00127048840471216,0.000705306502733545,-0.00011925002963739997,-0.000378829917904295
2017-02-23,-0.00865457493329021,-0.012054092965970178,0.003424782907091645,-0.02254023087764017,-0.0023825667888668395
2017-02-24,0.0015036275233871875,0.0010487022272158298,0.005912297159033785,0.00371603467806157,0.0030148681643152797
2017-02-27,0.0028266867469148253,0.004283965541329139,-0.00301092383465361,0.005951298173248021,0.00026910621798540004
2017-02-28,-0.0037724905010891874,-0.005230422837051154,0.0005468882499988599,-0.008052534285327045,-0.0018888150935868948
2017-03-01,0.01224492467350205,0.015222333229292855,-0.00024954701821237944,0.013279007715030126,0.0082847660823961
2017-03-02,-0.011460401918529574,-0.01216789712976168,-0.007269691633027685,-0.01602857611129723,-0.008647775163278937
2017-03-03,0.00045127215687883735,0.00054961082425096,0.00143426005161995,0.0011680410026995301,0.001212860781762365
2017-03-06,-0.0037537665598008003,-0.003402582000026865,-0.0043876896943839455,-0.003660918981235365,-0.003589314813541305
2017-03-07,-0.001136551458215025,-8.960210627256026e-05,-0.003804268763288065,0.00256505126636265,-0.002042130485638895
2017-03-08,-0.0037641109671016745,-0.0025280335507984098,-0.0037316958295011446,4.323139366806008e-05,-0.002912614747736395
2017-03-09,-0.0008125299687576372,-0.00012961543983965967,-0.0040098539535040395,-0.00209152293758946,-0.001713148932437475
2017-03-10,0.0021984598368674003,0.002614338829636325,0.00314573315076909,0.003883313885954795,0.00288649689811203
2017-03-13,0.0021876815187026376,0.0033619477477841095,-0.00216178418740411,0.00591515310148684,-5.934237918057494e-05
2017-03-14,-0.0018617771034723251,-0.0023750953670100697,-0.0011238346169051001,-0.0023115597638588502,-0.0017491107781888702
2017-03-15,0.009728499965993011,0.008707816855535991,0.01233024648400883,0.00869691733725585,0.010045687586890936
2017-03-16,0.0011495285813395125,0.0012825758356491599,-0.0013330704495640947,0.0027145267192457104,-0.0006863676390549301
2017-03-17,0.0019714989090737125,0.0019062392300115995,0.0021557269975999546,0.005250020401528719,0.00124362553884134
2017-03-20,0.005471229897002013,0.005939840572323068,0.00285797039221408,0.01109551749967927,0.003297751156134985
2017-03-21,-0.010255809304869813,-0.013728515448072034,0.00012059285736453007,-0.014793377104696906,-0.007396593874162275
2017-03-22,0.006750635544744124,0.007654576423971465,0.0039193968253979,0.011790972306109315,0.005331289287785849
2017-03-23,-0.002407952374683437,-0.00270183779224272,-0.001449909704046015,-0.0040638697432274,-0.00186188379382253
2017-03-24,-0.00014229740676956247,-0.00031849474194206996,0.001417253922141985,0.0009639095058114901,0.0003261289602807801
2017-03-27,0.002455648565653075,0.0018417640766210399,0.0028716319335381052,0.00305816511920609,0.001816439095135115
2017-03-28,0.004728765728134188,0.006336697309133245,5.769289302635121e-06,0.005171160220393014,0.004051301772854029
2017-03-29,0.0011934175065958,0.00076133370630992,0.003227787526821835,0.00099361696215282,0.002024122175908155
2017-03-30,0.00481653352907555,0.006171942376220439,-0.003555853874800875,0.005098196592095879,0.0014274041457033447
2017-03-31,-0.004344551752369412,-0.00427020310118063,0.0008674142630540051,-0.0010706928815016898,-0.00187407452314086
2017-04-03,0.000158223966619,-0.0013778282543393896,0.00411387669407407,-0.0018605770136332696,0.0010984848937543902
2017-04-04,-0.006933567121085774,-0.008289735689004128,-0.0006322138496951848,-0.015045463943860998,-0.0027731906072282347
2017-04-05,-0.0032513049115754002,-0.003960276766107895,-0.0002101511006869651,-0.004095349164739905,-0.002122121240582025
2017-04-06,0.0017778827589925747,0.002471627464147075,-0.00059044295020179,0.002011618206411295,0.0011528980766853198
2017-04-07,-0.0020562333928027,-0.00207598753893329,-0.00128288575476495,-0.0020516068521795002,-0.0017666483374544101
2017-04-10,-0.0028451623833790126,-0.0038681130142119136,0.00162885476150657,-0.006925091037563655,-0.0004371112958192951
2017-04-11,0.0011999476094092876,-0.0008137106501729599,0.00600639693517983,-0.0009652133274198098,0.0016935254467281052
2017-04-12,-0.0006515356715387251,-0.0023382547631988298,0.002182463677497335,-0.00275936500708275,-0.0005425875574344348
2017-04-13,-0.00675947135216305,-0.008188037657892014,-0.0001586715554376702,-0.007653341515412495,-0.004430555551427131
2017-04-17,0.008956748313025037,0.011437889557854814,0.0015311738929177949,0.014242403871134143,0.00631667829242897
2017-04-18,-0.0006275860752432126,-0.0021015056232154454,0.00457810051732345,-0.000859308303636255,0.000762130329949245
2017-04-19,-0.0045504841461519625,-0.003455154008348705,-0.005130898157893105,-0.0022692099172706547,-0.00408537560889333
2017-04-20,0.007619854771886125,0.00918749835495041,0.0025386890184991504,0.009980479809043291,0.0059827662715553195
2017-04-21,4.8431719403837755e-05,0.0002519540547407649,0.00038876120178106516,0.003839015810629255,-0.0001658222874801198
2017-04-24,0.009859427328655749,0.012080341827257611,0.0012071533965236504,0.010848043160375992,0.007495647534716231
2017-04-25,0.0036677449989556622,0.006383126435074245,-0.004401039852721305,0.0071041562127015555,0.00149900587579088
2017-04-26,-0.0007995984663687876,-0.001959201566166755,0.0026087293556124047,-0.003093130158892715,0.0002041344373905099
2017-04-27,0.001077580924447938,0.002331772077548595,-0.00043130934691048504,0.005629749246760926,0.00080999689244173
2017-04-28,-0.0012313389987498751,-0.0021240772782146803,0.0009996657323084648,-0.00277732169198696,-0.0005663451114278449
2017-05-01,0.005939877252344938,0.008836373153678106,-0.0027169644388316248,0.013684108602052953,0.0031432235603597505
2017-05-02,-0.003262076139917662,-0.00404440631866821,0.00210145003634786,-0.00591397042263993,-0.00019403479052270496
2017-05-03,5.047136323133733e-05,0.0005839799825623902,-0.003934820950810795,-0.0005431294198539301,-0.00125468270273564
2017-05-04,-0.004607102676487225,-0.0033263792695282556,-0.00426933824281017,-0.003411989947017225,-0.00310953930167036
2017-05-05,0.003709498546323777,0.004390688836400542,0.00293683782195239,0.005590408231880733,0.0038624600629959204
2017-05-08,0.002468889482300913,0.0031244816059795,-0.0011939739196803398,0.00354801776928178,0.0013262111907622852
2017-05-09,-0.0010627651254679436,-0.00020851637385606268,-0.001410539833807037,0.0019357455298803677,-0.0006199462468326847
2017-05-10,0.02379422158885882,0.028238569778288414,6.931884423624502e-05,0.04456430315174524,0.009836453465132304
2017-05-11,0.005839698145733775,0.00613403296974394,0.00019733536862833002,0.00972643350992654,0.00174038615252788
2017-05-12,0.0036276856564094,0.003321547952723025,0.003490513031718765,0.006215148791254705,0.002864397275615885
2017-05-15,0.007710763744608975,0.009418773440003912,0.00127723660658235,0.01291718358858099,0.00437460375821686
2017-05-16,0.005562480664938799,0.005772717353428814,0.0030477157576736602,0.009584303764707655,0.0036585145049921803
2017-05-17,-0.01971484293938854,-0.02646253668531039,0.0012536068923380999,-0.032979723984049344,-0.013183697606012896
2017-05-18,0.006364398156782187,0.00907496191115701,0.0004931159475551847,0.01538632782173961,0.00444802463589304
2017-05-19,0.006499597007144526,0.00711999329645011,0.00417086572964044,0.00789371615093592,0.00530757661972123
2017-05-22,0.006074340319714162,0.007480485176588429,0.00247337681477583,0.01049037545318658,0.004615270970244135
2017-05-23,-0.0007689264400846999,-0.00019676401176447976,-0.003169110015742945,-0.00315563958427263,-0.0008634692505393651
2017-05-24,0.002171452644966725,0.0020862359001809845,0.003572696686429285,0.0032183162939281446,0.0025262116368729754
2017-05-25,0.0008541526569893627,0.00211728879318159,0.00206653723428436,0.0040733957341705495,0.0025606544092672853
2017-05-26,0.004640865941487125,0.0046072608421045,0.0029118733057993404,0.007769655562233421,0.00265312412240303
2017-05-30,0.0007894925735716,0.0018294402929265846,0.000979955618063575,0.006997011797498815,0.0009714124392831953
2017-05-31,-0.004952282702786,-0.0052041237529941,0.00109771628916184,-0.0041142950301055305,-0.00218188687169582
2017-06-01,0.003623614848326548,0.004372097070710838,0.0029533106304205294,0.0028748460750499566,0.004215951927683189
2017-06-02,0.004515838849717938,0.004826895419163224,0.008910713016952529,0.009838000328672825,0.006874491275109605
2017-06-05,0.003943275860291751,0.004699779801740825,-0.002274195889786075,0.006601162428731075,0.000347605569295925
2017-06-06,0.003916774295744575,0.001927408826119755,0.0040959504698180405,0.0008985296974758951,0.00232236144083383
2017-06-07,0.001974092735355938,0.003172095378116115,-0.00222975492147332,0.003835789274984925,0.0005719396261632151
2017-06-08,0.008020154420720875,0.01015048881471391,-0.00283654155704544,0.015623813593367562,0.0022065884848331296
2017-06-09,-0.011982058327568088,-0.01558486262678932,-0.0063418562179770955,-0.03228025986074203,-0.00900474693772877
2017-06-12,-0.0026438387435683375,-0.00351026864930694,-0.0021259880760034554,-0.007396935479153989,-0.00282070104216467
2017-06-13,0.004974017443605662,0.0061573047983132095,0.00279810573480474,0.00830359531007186,0.004556229019448045
2017-06-14,-0.002139913828058262,-0.0030510262765800255,0.0028964061937464393,-0.002947239885249045,4.8681235397235426e-05
2017-06-15,-0.002288954074436688,-0.0021806944755694197,-0.0027377383455545203,-0.0023201240053989797,-0.002501993302446575
2017-06-16,-0.0005844268925093374,-0.0014168705202053152,0.0001726710112391048,-0.004232639756909075,-0.0004910503550674503
2017-06-19,0.011386523532374637,0.014741953233790754,0.0021445038103419254,0.020453664789229106,0.0085090325449589
2017-06-20,-0.0044596877731058,-0.006126421070057679,-0.0005480370548108899,-0.00669335362172667,-0.0037009425178351897
2017-06-21,0.001970435005134125,0.0026049008421318047,0.001914103220618955,0.006766732044067594,0.0017183776394946648
2017-06-22,-0.00114205274095255,-0.001694347271309675,0.0013867330585887498,-0.001960876495699695,-0.00018406554572499
2017-06-23,-0.00012138973734507515,-0.0006430705313751551,0.002165450083575035,-0.0023005126087572753,0.0013530008076920851
2017-06-26,-0.003539792651893538,-0.00365370196634712,-0.0013623505133648303,-0.00606509887771548,-0.0017376773307734251
2017-06-27,-0.009613516366126063,-0.012038133434756884,-0.00685728897642828,-0.018966623537471076,-0.009326820631965826
2017-06-28,0.011260646866432536,0.013398994931589924,0.0028728291423676406,0.015816540259323185,0.007887538512045315
2017-06-29,-0.01054289674228685,-0.01243571400072208,-0.008465299135425345,-0.01871170765611039,-0.010030498718105785
2017-06-30,-0.0006913544221442877,-0.0003141282815607451,-0.00044422549125881,-0.001378305819565355,0.00024877465525771484
2017-07-03,-0.003921386544321724,-0.004444897029606709,-0.005438434881831096,-0.01342808111983382,-0.0030923810279383256
2017-07-05,0.005652247339041686,0.0068793121151751796,0.0025768445997720953,0.01158392830231268,0.00404877729354975
2017-07-06,-0.005486610309715788,-0.006016564943378696,-0.00658718233516883,-0.0052606108253578756,-0.0070413722572206456
2017-07-07,0.00531932446716445,0.00833873668549659,-0.001549590758527585,0.01166204894682659,0.003820312447482315
2017-07-10,0.0071607744740458616,0.008777866629229017,0.0019268261167817702,0.015536208000247964,0.0041682743027562355
2017-07-11,0.0026822060144472627,0.00276228531730655,0.0008694268379289201,0.00443065846690767,0.0013406244666600855
2017-07-12,0.009941609393210024,0.01158538225309887,0.00645815812539952,0.01678685182907337,0.00834474722009481
2017-07-13,0.0013943116268336376,0.0023264010677752044,-0.0010185816829081798,0.002615789290807525,0.001159634331185455
2017-07-14,0.007292951767075576,0.008541017099374059,0.005009409772284825,0.01356088587645929,0.006042554048113274
2017-07-17,-4.060678588317494e-05,-5.745916170456517e-05,0.002607453718024595,0.002111368689363625,0.0011492605163992249
2017-07-18,0.0028428863899251,0.0022278567549748997,0.005103007391796979,0.0041672743538428,0.00309531330616882
2017-07-19,0.0023513469555021876,0.0031218495614017652,0.0023961582999880346,0.002999635352346055,0.00330729677552667
2017-07-20,0.0024645793689457877,0.0025719002889207448,0.001500398493349915,0.004005758066410635,0.0016383834411301502
2017-07-21,-0.00040702089010546255,-0.001236086756254115,0.00305899331128843,-0.00015968333586867492,0.000323814832540425
2017-07-24,-0.0005769315413255253,-0.0004271625063614202,-0.0008561000309337501,-0.0007262076363508403,-0.0003908420557644404
2017-07-25,0.001909619647821637,0.00308041092553871,-0.00403015032214306,0.0014187257957271697,-8.729985867585348e-06
2017-07-26,0.0019976129804952386,0.001838493315707897,0.0027381597016244777,0.004085133785022435,0.001598947011064113
2017-07-27,-0.008617159854501498,-0.009945162204204614,-0.003737237818698145,-0.016403033322343673,-0.006048331387187946
2017-07-28,0.00022559722269992503,-0.0002822475379081355,0.0031668779653787347,0.0024220786431707747,0.0005690901280250451
2017-07-31,-0.0011095702685890376,-0.0021202008796437047,-0.00011231187039052005,-0.005310054290049345,-0.0008977335019900751
2017-08-01,0.005356578668201975,0.0052803638797977795,0.003280063651516065,0.00549602508082679,0.004184176924745835
2017-08-02,0.0059290486430023,0.007003235090978345,0.00196628610200537,0.010555796688421484,0.004639950291978291
2017-08-03,0.00040837878038014975,-0.0005003250898933848,0.0028573465721819695,0.0006052947650439753,0.0006362868722294702
2017-08-04,0.001449686034049525,0.003097440042485265,-0.0037435561457618495,0.0037091698201837855,9.371954310031971e-05
2017-08-07,0.00592405383831485,0.007138655580574186,0.00123865286410718,0.010866810392778956,0.00361810419560042
2017-08-08,-0.0009690821166485999,-0.0010364511746773152,-0.0005962800875375098,-3.024337454829488e-05,-0.0008500109801912299
2017-08-09,0.0039240755061452064,0.0028731796352441173,0.005008264738703346,0.003960097764600802,0.0030671111985616476
2017-08-10,-0.013462407289248888,-0.018150094116796793,-0.0017148188301366097,-0.023644171523388588,-0.010291514064016363
2017-08-11,-0.00442557102279575,-0.004786225784993765,0.003254020355063355,-0.005548918817877694,0.00043977049954779487
2017-08-14,0.014936911656431988,0.01954025291283185,0.0009076309263001699,0.028337778709035477,0.009327603714898885
2017-08-15,-0.00113639652082935,-0.00019179144897082988,-0.00287782908945103,8.260510706123005e-05,-0.0009476347759080501
2017-08-16,-0.0013175298089337375,-0.001799279313785365,0.0037403366863126143,-0.001464032392952345,0.00100748931974714
2017-08-17,-0.011591968149582112,-0.01516314790703891,-0.0025966622007349708,-0.01632390104170741,-0.009746494490937915
2017-08-18,0.00022173146448934995,-1.017892794857998e-05,-0.000991573411841055,-0.00053652308140922,-0.000545200239374915
2017-08-21,-0.0023370469300396128,-0.003116896044100225,0.0017054158659196297,-0.004843017425900194,-0.00047131949820621515
2017-08-22,0.00871253181484486,0.011586040148323281,0.00218324233938281,0.01430372950206428,0.007336360539360494
2017-08-23,0.0027148774933307873,0.00186738607115285,0.00200773559577329,0.00379838381784315,0.0009805945654155852
2017-08-24,-0.0028676248234207123,-0.0027307119602217704,-0.00300818546453262,-0.0028214918909937802,-0.002797375656144825
2017-08-25,0.002021168042571825,0.001447119775794775,0.00324737511350365,1.2088117928464864e-05,0.0025473181605171597
2017-08-28,0.0032720304246495586,0.0027253198073940214,0.004274881208188231,0.005091777527027835,0.0025317635424284527
2017-08-29,0.0008479526569147001,0.0013124254655308898,0.0015266855177444151,0.00280019865361045,0.001654623353133735
2017-08-30,0.002932737312047325,0.004186227707209325,0.00198320387881442,0.006119030497296325,0.00331538179506915
2017-08-31,0.007012437696510912,0.007623571684038364,0.006494537206090115,0.010873905840674675,0.00635589064359056
2017-09-01,0.0003689571758339999,0.00055549965064713,-0.0023159197452735096,-0.00126917667724086,-0.00102001455617465
2017-09-05,-0.004912128676218039,-0.00851336429083278,0.00534857157480971,-0.010519997644921201,-0.002009029760616005
2017-09-06,0.0018884991631517873,0.002359426144071785,-0.0025931510342760253,-0.0011758287092734953,0.00040924456820618985
2017-09-07,0.002449839559548275,0.0015810956459178997,0.00658825964827158,0.00437303999914977,0.00343897172212883
2017-09-08,-0.005873677074900375,-0.006629374199082306,-0.0024803020746415254,-0.009972035618632706,-0.004146758760387955
2017-09-11,0.008355401703147226,0.012630303580282705,-0.003024117293216109,0.015576300563244515,0.0054875158669946
2017-09-12,0.0018785806196307377,0.00205350877138683,-0.0003470391649790548,3.345932880158977e-05,0.00086921182498134
2017-09-13,-8.219388367059995e-05,0.0007814998450294499,-0.0031343182406628695,0.0005134191143844101,-0.0008771387957407898
2017-09-14,-0.0012390991974777625,-0.0024703447016767347,0.001718269775059585,-0.004654471778981705,-0.0004766296430137598
2017-09-15,0.010524691462405613,0.012879412294978838,0.0001601306535121801,0.020110651357963128,0.005289857614718024
2017-09-18,0.0041547268211059255,0.005983925902918126,-0.00418430617406531,0.007502148068267725,0.0004926317543005799
2017-09-19,0.0020340784637820743,0.0019476517690718298,0.00016822632460149005,0.0008911600897861001,0.0010551659559638602
2017-09-20,-0.003406930434607001,-0.003878368974250609,-0.0028171325167961345,-0.0081729235305084,-0.0027180338876436746
2017-09-21,-0.008592009107922061,-0.009579891040772634,-0.004245068049127355,-0.014371928392923295,-0.00604984405976576
2017-09-22,-0.0013654222944492747,-0.0022745696051141746,0.00184845322299821,-0.0038036662881454444,-0.00018284792604311982
2017-09-25,-0.006063893005091214,-0.009442685735932736,0.0029806144520287147,-0.016712940114897937,-0.0027904245326072696
2017-09-26,0.0006091195078020375,0.0023671971979900754,-0.00238346638641005,0.005146028621046965,0.00045481003112252496
2017-09-27,0.004871531313410662,0.007560564063030955,-0.005701988697494789,0.008633499838775883,0.0011442844185969947
2017-09-28,0.0006729569305135875,0.0004635354184642551,-0.0005002643450961299,-0.0014170798971785451,-1.557294414555503e-05
2017-09-29,0.0038598663926252747,0.0053335401391073,0.0012467070947781201,0.00824747550514853,0.00337178751516901
2017-10-02,0.000798350878734625,0.00175846220121667,-0.0010250039094988402,0.00044751593998648004,0.00099309396834331
2017-10-03,0.001524260517828175,0.0015539227150958102,0.001087542668479735,0.00082724450427623,0.0014047296657828047
2017-10-04,0.00024467414044317896,0.0006129710496263816,0.001053273466728121,0.0022425703305648617,0.0005723398662785864
2017-10-05,0.005261336421906351,0.00700646379157355,0.0005934091798557552,0.007689124884670671,0.004526372958029735
2017-10-06,-0.00025204231238447496,-0.0003304207527505,-0.00015688403130497495,0.0006112673289472701,-0.000638858625893305
2017-10-09,0.004773238802142863,0.004496976293485385,0.0030175707436406398,0.007781933146681824,0.0026606632469419653
2017-10-10,0.004578167668065112,0.004820609766828355,0.00203080870030582,0.005477585663355515,0.003015167031205045
2017-10-11,0.0030436132723493,0.0032401599649735653,0.0022378472353937,0.004619478956680105,0.00243153025855522
2017-10-12,-0.00014166424699683748,-0.0002846817155231301,0.00152987610895316,0.0015597072729479,0.0004583281468686652
2017-10-13,0.00552133712827415,0.00535012247687842,0.00533529145563047,0.008366001059327879,0.004589731886019531
2017-10-16,0.0071125806777149626,0.00815103965552608,-0.0005426669333235749,0.009230622011459121,0.00381835267163063
2017-10-17,-0.0004103772869888,0.00015574805196902496,-0.0009050020330251949,0.0003296296260638349,4.2548034232505e-05
2017-10-18,-0.0016282455953247127,-0.0008891880089960102,-0.0031633802218020953,-0.0016275356057440604,-0.0017430773551785803
2017-10-19,-0.0012185611453878,-0.0022516769692071097,0.00118720123504866,-0.00424546719948539,-0.0008354475086031802
2017-10-20,0.0019560105290484502,0.0036248483506869647,-0.0030957773223917445,0.002107976438699015,0.001083972784280975
2017-10-23,-0.00029719705224790004,-0.001071994862663745,-0.00016804364731444994,-0.0008366785880024449,-0.0009542743822903299
2017-10-24,0.003397518032748924,0.00432513462671575,-0.00229046671173211,0.00396382182191902,0.0010801491727261197
2017-10-25,-0.005593085948474975,-0.00661501809006301,-0.003482477689158795,-0.009117190105500002,-0.0047965978633638055
2017-10-26,0.0023517819048485752,0.003588939967855165,-0.002479215887279595,0.004239147983673945,0.000810020419629315
2017-10-27,0.019272103012884862,0.022650341082092233,0.01095000070466264,0.034663490242076656,0.016388292272481685
2017-10-30,0.004431907725914363,0.004076456298058356,0.00388226230267957,0.008332938211664245,0.0033596268823256757
2017-10-31,0.0009926760997152626,0.00220277808632314,-9.674191990415505e-05,0.005065588297007741,0.0009954898077450102
2017-11-01,0.0009885457842080873,4.2580714530095094e-05,0.0022306964521117798,-0.0021049701649997845,0.0010063455795411547
2017-11-02,0.00246640220717745,0.0023623467091731603,0.002713248556129175,0.0032338379750973005,0.002685938522809875
2017-11-03,0.004490602491188387,0.006219675111105955,0.00213467481889121,0.010535847226959565,0.0043288968240607255
2017-11-06,0.004129833708779175,0.003850562818860095,0.004611807951506985,0.005488812132942145,0.003807715271769035
2017-11-07,-0.0012484867296045994,-0.0005176426261387754,0.0004002523513260751,0.002998716434015135,-0.00021624363050642503
2017-11-08,-0.001439550594552775,-0.00105495409409279,0.0011837073952288499,-0.00016078939511069982,0.00035708231786879996
2017-11-09,-0.0028046765362948383,-0.00414896402353208,-0.00143767586136047,-0.0069709430558983505,-0.0028119593549101657
2017-11-10,0.002355175128939212,0.005339648882284494,-0.0077139822218933,0.010483321848098245,-0.002118463566728215
2017-11-13,-0.0015042322261493751,-0.002219554240702285,0.00121905510979651,-0.004564360572057885,-9.884056496864008e-05
2017-11-14,-0.0017220011159568371,-0.0024866018501034605,0.0014983152989325348,-0.00150713553859707,-0.0009535709688428799
2017-11-15,-0.004876861328516925,-0.0071623496540129455,0.0009437481307703146,-0.010412410055979477,-0.0029327716636400754
2017-11-16,0.002116943083838162,0.004525439767564879,0.00021748959159880482,0.006426572115851069,0.00281909738966027
2017-11-17,-0.0008966547522878872,-0.0029476104820368096,0.003961068141515335,-0.0035562835592957793,-0.00028546864125521964
2017-11-20,0.001858893453229738,0.0030661107468023248,-0.0027517921086120897,0.0029674330720096754,0.000594211157843725
2017-11-21,0.007091856204738451,0.00852470962241936,0.00513381257779815,0.011775086225596419,0.00700748225584561
2017-11-22,0.0012766015640657252,0.00020266512782434013,0.0033324046135097107,0.00017319127893815003,0.00135265389891062
2017-11-24,0.0011296129313572776,0.002079477254032473,-0.0008094382298126839,0.0029089999894002256,0.0006985154578513272
2017-11-27,-0.0020279889211199374,-0.002369783864457235,0.00051052352883324,-0.002612497344472605,-0.0008506041817860151
2017-11-28,0.005427487785880337,0.005313012095655975,0.003781893864714915,-0.0008777689792901347,0.00571689062407613
2017-11-29,-0.011589247428530685,-0.013891504375910383,-0.007144961113315394,-0.027574055159003828,-0.008554916218753329
2017-11-30,0.00793826600303065,0.010505525893012985,0.0007271676030852753,0.012207012394298446,0.006112082643463335
2017-12-01,0.00017577877577602504,-0.0019819224537435598,0.004932535661715085,-0.00410497400667462,0.001494714117364375
2017-12-04,-0.010371452611452186,-0.013373528560633549,-0.003292361644520285,-0.02552506408015045,-0.0068614326220421
2017-12-05,-0.0017775794414491503,-0.0012987643037581853,-0.0008441000696037247,0.0021379500196672552,-0.0011309524842804247
2017-12-06,0.0007132152347948999,0.0014784508223143194,0.0012913325869524101,0.0048394107327806996,0.0013006185620446102
2017-12-07,-0.0005944701365504249,0.0016846490567391898,-0.00516856874256861,0.0026122178618589904,-0.0012081679241941398
2017-12-08,0.0046547813435660525,0.005438919988227215,0.0026694934836377256,0.005301769565145255,0.004532532670946823
2017-12-11,0.005911936297946863,0.007920037677633914,0.00080382620196415,0.012338975181146575,0.004372388407290435
2017-12-12,-0.0012732212548649125,-0.0018501394011106195,0.0006120215477058199,-0.004979482452905721,-5.541466857540517e-05
2017-12-13,-0.0019924083968856122,-0.00360760399005741,0.0047871950617944005,-0.005155880817717911,0.0007601760940647354
2017-12-14,-0.002378417861505025,-0.0029502821726307806,-0.0006462253962886899,-0.00211792064051862,-0.00204296930035926
2017-12-15,0.011606993436699437,0.013390009502460862,0.0061211263204110095,0.017282632752975716,0.009592602595155786
2017-12-18,0.0062810788259184125,0.00828954708227108,0.00029885288874657027,0.011168029616291302,0.003711643213854116
2017-12-19,-0.006545782112354949,-0.00650500984839634,-0.006356137183720495,-0.00770427152866729,-0.006530058663159775
2017-12-20,-0.0010457920133729625,-0.0005542607603151152,-0.0036002534696304446,-0.0007942135239716251,-0.00233808623724215
2017-12-21,0.0044973644234510375,0.0034910366916877556,0.00318919442563579,0.0004030476642281749,0.003539430226253585
2017-12-22,0.00014968323008280002,-0.00040191264638982994,0.001713946777995955,-0.00047131582945570994,0.00045371974417515504
2017-12-26,-0.001349152683838825,-0.002527355890282461,0.0010621283171316947,-0.0035737963487427605,-0.001443293760095115
2017-12-27,0.002580532669610663,0.0014192075628126802,0.00583961368036199,0.0015227472330404802,0.0035112232180326756
2017-12-28,0.0021379958732596,0.00201361533989748,0.0017280067256177352,0.00154290499035452,0.0017423438288435352
2017-12-29,-0.005094611158775038,-0.006679347832903011,0.0004038715782676051,-0.0083284845471896,-0.0032522323580809302
2018-01-02,0.010935353802201274,0.012401846786980846,0.0025351481821474053,0.014372799249096955,0.006642955192676095
2018-01-03,0.012427673867179776,0.014298324078079865,0.00313571238781857,0.01862929917415357,0.00767788274765012
2018-01-04,0.005451454505272501,0.005680835725093474,0.00316317814503644,0.005560073219969245,0.0043499751192143
2018-01-05,0.0034755508236247244,0.005587488913782705,0.001929775830723105,0.008869473924353605,0.004098360212094074
2018-01-08,0.004368934884059088,0.005206591688193595,0.000151230428367435,0.007221174633630925,0.00205802916275575
2018-01-09,-0.001997452293526775,-0.00041162665701478004,-0.0051981321664828955,-0.0008267267994225002,-0.002396928930482245
2018-01-10,0.0007241853563086,0.0004438799961893901,-0.000519378594443085,0.0005992796722340699,-0.000468761699913445
2018-01-11,0.005043759753596574,0.00528101671950058,0.00488247352307635,0.0040716645168811,0.00542030557544618
2018-01-12,0.008287194455831925,0.00805098930150964,0.00695537084010111,0.00733693890679442,0.007508935373403601
2018-01-16,-0.0049158694231392994,-0.0063321292322093495,-0.00010189992058319519,-0.008197350911490429,-0.003234274520668395
2018-01-17,0.009506270263906,0.01239374280755128,0.002197634587416335,0.01538699769363172,0.007891920017925536
2018-01-18,-0.0022592968332486875,-0.001523932939648315,-0.0042880618784861,-0.001026720857114265,-0.002889923187538535
2018-01-19,0.002253232127481637,0.003509845446065865,0.00035959732887570517,0.005564908305533505,0.0014219068010823401
2018-01-22,0.007561553779793062,0.008392395942964006,0.00372078437782704,0.007675599537033436,0.0061865004723723445
2018-01-23,0.004580705314714299,0.004805530700327211,0.0035558974499414696,0.00721448552969094,0.00353274760321453
2018-01-24,-0.0010069225283603123,-0.0026927534193805897,0.00019239028442275032,-0.007174434835387149,-0.0015627677105236352
2018-01-25,-0.0011943182504942375,-0.0014667522975219346,0.000716480002777115,-0.0023507251545078042,-6.789888686697982e-05
2018-01-26,0.0089682355772683,0.011587957638111223,0.003424653447944045,0.014242111187838604,0.007597269053943965
2018-01-29,-0.004885726210621138,-0.004660117802739505,-0.006939125799714954,-0.003553649179705575,-0.00637743168304909
2018-01-30,-0.0098734522385307,-0.010687453017932013,-0.00713309954179849,-0.010845055265012005,-0.00904533130999571
2018-01-31,0.007985009435372175,0.007828317510030136,0.005252010446625394,0.010685118874790865,0.005925002727737326
2018-02-01,-0.0011318659601737124,-0.0018839126698029045,-0.004880865279246054,-0.0075718942865154555,-0.0030929949399421805
2018-02-02,-0.027002729411508924,-0.02868398123721136,-0.0165431265291584,-0.02906601287030758,-0.022864847122894848
2018-02-05,-0.03571774244761809,-0.04299885705850124,-0.011915040780351516,-0.0434356154135164,-0.028598338317111813
2018-02-06,0.018931958470205474,0.025697606475520707,0.005093829353177785,0.03592602042014892,0.01600842691666495
2018-02-07,-0.00710219652290915,-0.007083353768793529,-0.00814220164763408,-0.00801570305755676,-0.0081412372951742
2018-02-08,-0.02759347916069769,-0.03413005258195139,-0.01519729570918756,-0.03764249494918282,-0.02632043884083255
2018-02-09,0.018734469887262448,0.023463659531406555,0.004350631478108115,0.03096766148262958,0.013444356778984534
2018-02-12,0.010174744200796849,0.011561611409175235,0.009703499627663184,0.011063818511983365,0.011929734747151787
2018-02-13,0.006909271755145712,0.0072959164713175696,0.004621459488945665,0.010391126826540451,0.00535776208056065
2018-02-14,0.014569918545516236,0.016976440884141714,0.0061341818693481836,0.020292669490341496,0.01077025948914966
2018-02-15,0.011653016662393113,0.014757582394808422,0.008007588802780316,0.020890584977928835,0.01175502741871028
2018-02-16,-0.0026954994402836,-0.0032773908955073894,0.0006492433857218048,-0.00513631699370663,-0.0008587199245907154
2018-02-20,-0.001023886791856188,0.0004302932872228744,-0.00654859747064873,0.004657580749180935,-0.003393910124659585
2018-02-21,-0.0096503357189966,-0.010033035864315394,-0.00782531711065706,-0.013638402427945355,-0.00831273247829414
2018-02-22,0.004346660538506075,0.00397997792501098,0.0032608460351281855,0.0041629953214482604,0.0033811530951875753
2018-02-23,0.015529299058891489,0.017353710923763935,0.00971315342015717,0.017372235278262677,0.014401957959406264
2018-02-26,0.010078103985768987,0.011508131736245495,0.005928265617059476,0.011100022896354875,0.00940015132599409
2018-02-27,-0.008920856174719462,-0.00932248858793732,-0.00766045883342792,-0.00700064397196273,-0.008853266372318104
2018-02-28,-0.008243819028838351,-0.00950935790352994,-0.0013782113733146997,-0.0068983110937859,-0.00573910709593976
2018-03-01,-0.012848427772415748,-0.01607819352896023,-0.0038992717952968797,-0.01889712250214772,-0.0099559002470362
2018-03-02,0.0042247379609097,0.005676616814806524,0.0004977710851420904,0.007564162286669495,0.0027390319266379103
2018-03-05,0.004762875719611414,0.006064875916005736,0.002592341642316955,0.003024568455849035,0.00537324947688842
2018-03-06,0.004662647195067563,0.00469255942690398,0.003569496362298655,0.00680614825293321,0.00309128188173108
2018-03-07,-0.005203044540902488,-0.0040832175258892,-0.0022704311600835903,-0.0016345069535727303,-0.002851216363314465
2018-03-08,0.0025840913535618796,0.003337142047007844,0.0037211586362238948,0.0044586203974811495,0.004079634097846267
2018-03-09,0.012902223279439188,0.016049550087164882,0.005136275286103865,0.016512805669166544,0.011420100235883959
2018-03-12,0.00506505545140495,0.005080819860272865,0.00224450482604258,0.007627056825197045,0.00311709978651144
2018-03-13,-0.007892161882130138,-0.009742974261059275,-0.001390893199835105,-0.011177343589162746,-0.005942013388385521
2018-03-14,-0.0038617955159622503,-0.004781559213281325,0.0006630394744471702,-0.0029297347219454646,-0.00251628419501297
2018-03-15,0.0016644337446931874,0.0018415413736397649,-0.0016833973179307298,0.001294609310615345,0.00025524084468108506
2018-03-16,0.001469158946128175,0.0019121055967763752,-0.001480131061676905,0.001239987834705305,0.00030310053702350487
2018-03-19,-0.013316662029007852,-0.016192727188130005,-0.0062951386344006505,-0.01988038063462994,-0.011420848524438488
2018-03-20,0.00373023373240565,0.005556591219613056,-0.00190581461511969,0.009290554274856455,0.0012871069092149298
2018-03-21,-0.0002533046722724623,-0.00310399546694859,0.0026893278941456755,-0.0077904343724335785,-0.00112191685794859
2018-03-22,-0.018940305253110034,-0.022710292562505282,-0.007179988228888989,-0.021004988412704484,-0.01594738223461623
2018-03-23,-0.016638173127472525,-0.021564290632476713,-0.00603308590604808,-0.024823161068391265,-0.015126277444908869
2018-03-26,0.030928836030668823,0.03740492892683798,0.014339451799361962,0.047320673430760435,0.026426459903294914
2018-03-27,-0.023135465840538914,-0.02874445380714966,-0.0064807199944108005,-0.039613079790108,-0.016641735440322724
2018-03-28,-0.007274481759041463,-0.007226445483311625,-0.004009136256283505,-0.008609517857635866,-0.00468689232798175
2018-03-29,0.017022904477110613,0.01902302767026558,0.007096927648130949,0.020959115371184264,0.012837911607359174
2018-04-02,-0.01600409457513845,-0.02083387700222262,-0.0046977926646881996,-0.02310442391089142,-0.0138312109062731
2018-04-03,0.009877942550656174,0.012745489456564564,0.0004452686549177801,0.011948696145404343,0.007447532930610649
2018-04-04,0.009409934014750175,0.011790697101637314,0.005199111716758941,0.014630088625164914,0.00913921776113721
2018-04-05,0.0012224813594691128,0.0020913133629614057,-0.001153524181549095,-0.0029474656376615857,0.0018548346036092295
2018-04-06,-0.01597309325414201,-0.020955602679423646,-0.0041283572248557105,-0.022826465071041076,-0.013642733993524954
2018-04-09,0.005413420396974974,0.0058831285879542596,0.0037021902318733046,0.00632112009769836,0.004856815865502055
2018-04-10,0.02063027605383796,0.023866307219834862,0.006830071609497446,0.02743589658884718,0.01497171144872733
2018-04-11,-0.0036269791607912135,-0.005404106158085791,0.0008343101755882648,-0.00596557859896694,-0.0028842718409144603
2018-04-12,0.009619242849732375,0.013153959476900547,-0.0015739449459547248,0.016669846702305605,0.006064802790104105
2018-04-13,-0.003534470067829974,-0.004469834177537,0.00147354475233901,-0.003788326679772149,-0.00171555412127036
2018-04-16,0.00450592296203814,0.005646098790178998,0.003832974956877935,0.00579672721332486,0.005286641492614771
2018-04-17,0.00897103335411011,0.01160192048403817,0.006096423999544465,0.016807047600224688,0.00895115376422425
2018-04-18,-0.0008133501458716876,-0.0003447389820548851,-0.0023012809360590148,-0.001079313334718625,-0.00118346672002235
2018-04-19,-0.006742974046504575,-0.008860094209719824,-0.006592582319510649,-0.017030382669213827,-0.00726939990402812
2018-04-20,-0.010597068626518238,-0.011707183027963705,-0.00959286923222112,-0.015502932301136405,-0.010869848090257674
2018-04-23,-0.003229071989536563,-0.003236137421864555,-0.0019109659870026998,-0.005491284472584825,-0.0016580331166704454
2018-04-24,-0.010308280849461126,-0.012745526468684485,-0.0062866481135097395,-0.014324428924332886,-0.01046968840493039
2018-04-25,-0.0030892915876009255,-0.002684285905079255,-0.003443741084774695,-0.006505365242298305,-0.002040722309398005
2018-04-26,0.011985026283256412,0.014144215874277057,0.005852568881280064,0.017728519190422606,0.00994853935504463
2018-04-27,-0.0026905249474669882,-0.0021139073824936907,0.004290387482931629,0.0032155962091345897,0.0008233766542122147
2018-04-30,-0.003945635769277187,-0.004646344031479886,-0.0037960938669473103,-0.004480125359245556,-0.004277504703055546
2018-05-01,0.0037305247933959377,0.006235336112246591,-0.0005402987117698099,0.011988747280887951,0.003084959085699305
2018-05-02,0.000835150730021638,0.0009814144051012248,-0.0010961867659353196,0.005122391025421836,-0.00044562264065046384
2018-05-03,0.0043754047354859,0.004556838057201574,0.002571025511280255,0.009477618664077606,0.002405986187399755
2018-05-04,0.013653357138054026,0.016528031503413386,0.007478030447939425,0.021340729147950658,0.012218098512688576
2018-05-07,0.010029430458131374,0.011529529940084545,0.00143522864405225,0.015093493630566494,0.005718041729615101
2018-05-08,0.003251279911392388,0.0030124009649868306,-0.00025677273801004495,0.0018271871361382,0.0011968712553645103
2018-05-09,0.010910606487826725,0.01259786262668775,0.0012262213697571353,0.01112668554385335,0.007204194480574745
2018-05-10,0.011963772479902124,0.012295009993434265,0.00854809080436504,0.012476256566662595,0.010355839315995392
2018-05-11,-0.002800553490529888,-0.0032107935021755607,0.0011413867848139797,-0.00635692471068551,-0.00019579041536605518
2018-05-14,0.00031698441077842514,0.0010085916905362,-0.002674207434808255,0.0006796192580718499,-0.000674560647029785
2018-05-15,-0.012156425284880774,-0.012117203224043908,-0.01090294200573692,-0.01608667939629033,-0.01025986626851543
2018-05-16,0.002264501149082075,0.003399093253702275,0.00012588283484911514,0.0037977191578628957,0.0021095989358011448
2018-05-17,-0.0024726483747090503,-0.00235077967795698,-0.0026937809430830047,-0.00270017375922205,-0.002787013289642165
2018-05-18,-0.0032101126659008247,-0.0038392871821669354,0.00227585840796947,-0.002151951950416095,-0.0008109894443184196
2018-05-21,0.005359548864403025,0.006013283829041561,0.0035754907179297102,0.0044422949610689695,0.00550249888614082
2018-05-22,-0.0018539496011820127,-0.002286610393564365,-0.001690789679705105,-0.002981052161387815,-0.00201102880876255
2018-05-23,0.006450016975151413,0.007100765510893159,0.00454705541745543,0.01054934201864018,0.0054628309483207346
2018-05-24,-0.0029565554055418376,-0.00370235234950643,0.00408405097459216,-0.0004945215304638899,-0.00040639002765571503
2018-05-25,-0.0018223146366087622,-0.00151205618022667,0.0008349172347407449,0.00210333247044047,-0.0005239870714187399
2018-05-29,-0.00576508932235645,-0.007920836674739426,0.0038167244680239842,-0.003121192044889585,-0.0028373225594479157
2018-05-30,0.011922589896081536,0.013060187975387385,0.00239397200147936,0.008029842721154005,0.008212363474103715
2018-05-31,-0.004144144197671862,-0.00442407967782033,-0.00318498091686732,-0.0030191039904673904,-0.004075476315803685
2018-06-01,0.00989069152311835,0.012861833027264683,0.00174537908860134,0.015784271879183704,0.00774939645108036
2018-06-04,0.0039555305805253245,0.006545391009535405,-0.0004961957200044796,0.011590405895518035,0.00272833691572091
2018-06-05,0.0014311472889720624,0.001623779897931995,0.00266091902056806,0.003837688892511645,0.001980033879796005
2018-06-06,0.0060004544408812244,0.00676622418943454,0.00013482901543721533,0.00255324075990593,0.004041530390928445
2018-06-07,-0.0004759788536049126,-0.00220064407098084,0.00231558673502588,-0.006275220944637461,0.00028588256114749506
2018-06-08,0.0010798454475488375,0.0011953974139212549,5.806189287205002e-05,-0.0006509612021176951,0.0008463858490534249
2018-06-11,-0.00271383184296915,-0.00269334720759624,-0.00020585643552476496,-0.00342503672149074,-0.001281031701092985
2018-06-12,-1.9575442685212463e-05,0.0011111869462006102,4.700094925455503e-05,0.00393617853569227,0.0006543475819197701
2018-06-13,-0.0033953136942654126,-0.00399258935594343,-0.00101805351644215,-0.00371408472152968,-0.002878148631341355
2018-06-14,0.0028431137601526253,0.0033282967941847246,0.00435475448068473,0.006710898181176125,0.0035235766308802205
2018-06-15,-0.007786569281227912,-0.007098356961612235,-0.005345859802441259,-0.008265838903857695,-0.005336547871347565
2018-06-18,0.0007291219229369876,0.0007212618679398752,-0.001072633045479805,0.0010810297838852751,-0.00021913962200022986
2018-06-19,-0.0053251111565319875,-0.006734029797554404,-0.000560754655254535,-0.009091850657500504,-0.00334287851584379
2018-06-20,0.0009855369510432073,0.0028360841387709006,-0.0029538196628972097,0.005244766091986506,8.696254588749323e-05
2018-06-21,-0.005631573613405699,-0.007249282978403465,-0.0011152825195707803,-0.008906486207379456,-0.00406952655169308
2018-06-22,-0.0031370119863228423,-0.004057226063675492,0.0006152587337057691,-0.00813202756225074,-0.001106076618154361
2018-06-25,-0.015809004552956814,-0.01872062726135992,-0.00598408861528814,-0.02264922244881584,-0.012007837167092484
2018-06-26,0.005217692113866513,0.006269704060958546,0.0008139778929920251,0.007994883443869826,0.0036706019370085705
2018-06-27,-0.006207353931571339,-0.00854046020529864,-0.00146275326696258,-0.011785684862748022,-0.004690089415042175
2018-06-28,0.007841893169007349,0.009283474934968405,0.0019648789528208402,0.010782215972673976,0.005659659670567841
2018-06-29,-0.001849170557755412,-0.0022106573488733143,2.2520578016390195e-05,-0.004460640498563865,-0.0007569416529866949
2018-07-02,0.004495993196979137,0.006854151802391218,-0.0008708622529761649,0.01176038393508776,0.00308993158999871
2018-07-03,-0.005683715402703762,-0.008316380680702217,0.0019973523486863346,-0.012082140664470447,-0.0033736058912988503
2018-07-05,0.0077294035234112745,0.00909938498865621,0.005055038910330635,0.01155671157447598,0.006898755083263126
2018-07-06,0.007562475357978662,0.009577446741873644,0.0046776647264093595,0.013064199609685113,0.007367974536058464
2018-07-09,0.0089179951366154,0.010108194086153394,0.0020938854743571354,0.008267941886190346,0.006460258311040035
2018-07-10,0.002772213982439303,0.0037286299488434715,0.0006614673722187985,0.004816439560682291,0.0021560765990175546
2018-07-11,-0.008273401289527662,-0.00921286611178301,-0.004274396101047711,-0.01068004542514913,-0.006185201755407795
2018-07-12,0.00900850708352181,0.011031656841890279,0.0056542069183153675,0.014910042975255527,0.008440893514278293
2018-07-13,0.0009624346512370375,0.0012750543661933348,0.000695732246005345,0.0014920676427718248,0.00145462229384464
2018-07-16,0.0015817719292549753,0.0007835871874062257,-0.002206672526224115,-0.0032723167761814853,-0.0006408053840200249
2018-07-17,0.0029142647659365873,0.0053155278362593695,-0.0015090008567062898,0.008687587540950288,0.002193890909617845
2018-07-18,-0.0018235920779269624,-0.0020134618799723396,-0.00137610385533421,-0.00516287076610924,-0.0013537913338272554
2018-07-19,-0.0020946023727166875,-0.0022316492309185604,5.814860454992969e-05,9.493236119170005e-05,-0.0011874733832286052
2018-07-20,0.0011713567955783878,0.0016100477165038255,-0.00223688112756243,0.002312760574981995,-0.0006098460901257153
2018-07-23,0.0017880284704074746,0.0031158371963698047,-0.0041177848571485745,0.002168350310599305,2.6164845575934703e-05
2018-07-24,0.00465346665219715,0.00436731600256308,0.00301832950340631,0.0013381064195653698,0.00412317523683383
2018-07-25,0.010005010757872763,0.01166491142502032,0.005323440924688625,0.014369646456478749,0.00853991534914081
2018-07-26,-0.0011786522218503875,-0.0009233847140368697,-0.004033544074003415,-0.0014042112811843098,-0.0025602128412804304
2018-07-27,-0.008405165976249362,-0.010120075296646205,-0.0030328687746284002,-0.012255389953790415,-0.006833967473060145
2018-07-30,-0.008092005776756462,-0.009925934680085818,-0.0045093700803913745,-0.01562340042623369,-0.0067490205581418805
2018-07-31,0.0008744527903128,0.00160543283819494,0.0045616953163606895,0.00409171639969901,0.0032315108375502296
2018-08-01,0.005332630952012024,0.008157781367407158,-0.0021449695667920443,0.01581834041481661,0.0030831217670799055
2018-08-02,0.00724623670740081,0.009721966766805569,0.0028588483484460296,0.015171198870619249,0.006547297597000094
2018-08-03,0.0047051046844293,0.0046418270431708855,0.00426244147989863,0.004357965370477345,0.004451194288479711
2018-08-06,0.0016011060181615,0.00274240540614751,0.00032353755898859504,0.0037431099833501198,0.001873334642471855
2018-08-07,0.0033374901287448375,0.003764257938600025,-0.0003818581374666149,0.0026130216307907747,0.0015377989934225599
2018-08-08,0.001347608984332,0.0014249121868435302,0.00124005858171943,0.0031271760935901102,0.0010183381164785101
2018-08-09,-0.0006634598012646624,-0.0009864442072672602,0.002641852527204885,0.0006230612365781899,0.0009887943530969402
2018-08-10,-0.003289747527334525,-0.004758134507762224,-3.1211499763200384e-05,-0.004563566366485635,-0.00271257679056227
2018-08-13,-0.0053997612391974495,-0.0038020974609186053,-0.005658830658153055,-0.000312042299661815,-0.004387532388283535
2018-08-14,0.005753047957575075,0.00749405053317864,0.00220726865604085,0.01024901847740976,0.00476221612372176
2018-08-15,-0.008032670285470387,-0.008016848883040715,-0.004918880719860944,-0.006713384253427225,-0.005971844681900941
2018-08-16,0.004815102956856353,0.005517075179154802,0.0029193829795358486,0.00320257724609138,0.005023807159646784
2018-08-17,-0.0015303042581298752,-0.0027022588698894043,0.0047789865585480045,-0.006348530561324186,0.0020643749635314954
2018-08-20,0.0019427738807163248,0.0010904411295021197,0.003416525099132835,-9.641501557313987e-05,0.0018558970728147649
2018-08-21,0.0025127928118483496,0.002975565964911675,-0.00025636673291633993,0.003288381790140765,0.00083627215650718
2018-08-22,0.008076450983320925,0.008450735560204415,0.002270982087357395,0.012153978420856717,0.0042682072347962055
2018-08-23,-3.7033496209150276e-05,0.0012661340039325953,-0.0018785418990250448,0.004909508067751595,-0.0003158890434211851
2018-08-24,0.007865917525798276,0.007777789764379304,0.007406824906123434,0.009644659865955795,0.0066662066144593645
2018-08-27,0.00828229878038465,0.009549160838749677,0.00227210000585441,0.009292158058413795,0.00597649775446603
2018-08-28,-0.0014062162819869,7.417073149876488e-05,-0.00323674166546845,0.0015223598548399048,-0.00101025369371165
2018-08-29,0.0077072710969742384,0.008999386487193096,0.0047657287089529505,0.012708580444916856,0.006669061272005625
2018-08-30,-0.0012411716687313749,-0.001156104155026475,-0.0012601974054786197,0.0007866986754536151,-0.00120556929107747
2018-08-31,0.0015427768623230136,0.002675963664955993,-0.000335983319164896,0.006152316038062332,0.0009715225468312096
2018-09-04,0.0002882001858452876,0.000939146120219895,-0.003933452498109369,0.0013089719423934648,-0.001639855243528295
2018-09-05,-0.0059252593903178375,-0.007881338066006547,-0.002644634712860405,-0.013854642550559711,-0.0051722213850366
2018-09-06,-0.0059395370348975,-0.007223282109234873,0.00015310403603876482,-0.008867053464997023,-0.003346108613145175
2018-09-07,-0.0012878801042870373,-0.0015656001537677202,-0.00488396158545906,-0.0048763274027271,-0.0031551914777003757
2018-09-10,0.0007338871065511003,0.0010959825048510552,0.00150718193108113,0.002397244452503065,0.0012033839258461104
2018-09-11,0.006496826027487813,0.007804851243736618,0.0005946332071014202,0.00896076753511817,0.004591760171011265
2018-09-12,-0.0028253307777220123,-0.004014255388204805,0.00258646743873306,-0.005690196809754685,-0.0006937126519200453
2018-09-13,0.005573585162853949,0.007780131520238645,0.0031510743537104,0.012434477525800895,0.00579603758391032
2018-09-14,0.0009344766622388872,0.0019119699891829392,-0.0036133478563991996,0.0023316970944071993,-0.0009815138857431451
2018-09-17,-0.004710996541147062,-0.007149908558799981,-0.0021569414907368855,-0.012162925719867322,-0.00508541015640737
2018-09-18,8.98247891497004e-05,0.001512065929091205,-0.0018474379374740046,0.0003587467527379253,0.0005796506541151549
2018-09-19,0.003847613596584425,0.0028823426385459552,-0.0014362561363130098,-0.0022446773990190154,0.00052048579793878
2018-09-20,0.0037970433757465003,0.00401972616707959,0.006125116456578704,0.0024647367364753303,0.006032901172995345
2018-09-21,-0.003242207764629188,-0.0031343040944056,-0.00236451967056741,-0.004330530410024,-0.002210898027355585
2018-09-24,0.0034563129351428876,0.0037291212055439596,-0.0010388364267529598,0.00599209156945827,0.0008912911659614754
2018-09-25,0.0012838510039007872,0.0015909972308302898,-2.027233416255498e-05,0.0035442114360971495,0.00038144500791265995
2018-09-26,-0.004870336462561862,-0.0053137597358509795,-0.00036149712135334026,-0.004767406913455489,-0.0026593186532565647
2018-09-27,0.0020360439041408125,0.0037623487740835746,8.153576702278491e-05,0.006541449411791965,0.0025288603564346296
2018-09-28,0.004310761207907512,0.005984005677610895,0.000850180759397945,0.013724854381973784,0.0018346378667562302
2018-10-01,0.007105264539573024,0.009019301629019838,-0.0010696256971972449,0.011883121001809558,0.0035777051202879654
2018-10-02,0.0029688304236748,0.00115240201616754,0.00509722902075716,-0.00046526120300247975,0.00275251573099908
2018-10-03,-0.0002195274400839373,0.0016335937112443256,-0.00628612721991634,0.002319899177936905,-0.0021093302477156553
2018-10-04,-0.009516828952508424,-0.0116692269853482,-0.006593591534509255,-0.01754701587343592,-0.009095331768220865
2018-10-05,-0.009457583850639464,-0.010909187661832605,-0.005086359525970924,-0.015089608132881323,-0.00771445656888885
2018-10-08,-0.0034947683633120377,-0.003518572799799625,-0.00463130586366616,-0.007943948325040456,-0.003142441356130655
2018-10-09,0.004046913536716263,0.003771465721321945,0.00456581561822286,0.006740729217916825,0.004054184139657346
2018-10-10,-0.0321194291897101,-0.039204095450346664,-0.014864162266181266,-0.04861591131804428,-0.027664389770604085
2018-10-11,-0.012856151861530463,-0.018189492961425656,0.0035118423011798947,-0.014952171266065807,-0.009200784179344331
2018-10-12,0.013856133435760188,0.019519847632285984,0.00527383039046439,0.031372228390701376,0.012462790379954385
2018-10-15,-0.01207350413997935,-0.015045195144631722,-0.002135697142589555,-0.021688149051261593,-0.008214177004580357
2018-10-16,0.018323555242487976,0.022812937994920478,0.009605857730637744,0.027815252051306128,0.016825655457958198
2018-10-17,-0.0011506489586260405,-0.001503128428344041,-0.0023901511950855207,-0.004824499479306311,-0.0016472801581081723
2018-10-18,-0.010384468448241214,-0.013405222180497741,-0.0063410933654124,-0.01659216635902932,-0.010649273854646465
2018-10-19,-0.003588277741341812,-0.004208507875010004,9.861138589800007e-05,-0.006788993004854904,-0.001053197472797305
2018-10-22,-0.0010972751746615753,-0.0001566615230126606,-0.001702988648747875,0.00512717121145167,-0.0013607907033772052
2018-10-23,-0.0088867087023053,-0.01074894699430442,0.0008250999129373399,-0.0124289895631343,-0.0045390732005691405
2018-10-24,-0.03157074553373641,-0.03958019280472435,-0.0102560322584082,-0.05047828276952884,-0.02485806078322745
2018-10-25,0.01977949546540307,0.02496608446507019,0.007378409633991915,0.033024720524726395,0.016572374156421443
2018-10-26,-0.013288752093678202,-0.017442150486584384,-0.00378348881442858,-0.020738596741870285,-0.01094209297869154
2018-10-29,-0.01448091260231735,-0.01769292107246828,-0.00583051623043211,-0.029076801177262003,-0.01038286514777153
2018-10-30,0.01787924602888631,0.021867341032788534,0.0018024480889800149,0.026122802424710163,0.01082471658761974
2018-10-31,0.015935503613335462,0.019601778800075742,0.0028105730623303104,0.02465001672170981,0.011323622478972933
2018-11-01,0.009753691777132449,0.010787756867910529,0.007081199658425215,0.01267276600103055,0.008226725739341556
2018-11-02,-0.010814146062192286,-0.012861235811385574,-0.00928881146944369,-0.021174077839904954,-0.011162196547769785
2018-11-05,-0.0025643585154695495,-0.002816777222238405,0.0016464718620602897,-0.0066780913099465855,0.00031505167775462944
2018-11-06,0.0026557755068440125,0.0037174383438051397,0.0016097832266754348,0.0031298339327167995,0.0033638024817158603
2018-11-07,0.016889901779315847,0.02079200863973755,0.010352892732174959,0.02392973559256388,0.016859073499759847
2018-11-08,-0.006716443589289408,-0.007625641487470213,-0.0013823026801378436,-0.010846631224439863,-0.0036202327845905337
2018-11-09,-0.007977463651249487,-0.009676235849173596,-0.00506393263721384,-0.011739048057029685,-0.007502457764821836
2018-11-12,-0.02583102498614098,-0.031107984941586297,-0.008862295492036711,-0.04119492221135938,-0.01906776147340256
2018-11-13,0.0028783780696093123,0.004145570810171629,-0.001154785126848065,0.01025849244802705,4.884019437612004e-05
2018-11-14,-0.009933001954173511,-0.012069225373930535,-0.0018908254085474505,-0.013847798063617125,-0.007640227478971336
2018-11-15,0.015006915817349675,0.01718907428208517,0.00559552709803936,0.01986434145714357,0.011459104346678432
2018-11-16,-0.017769220958690567,-0.022838406750481145,0.00568177629212101,-0.04071734111304835,-0.004064626889089396
2018-11-19,-0.024534394445967875,-0.03200147018252092,-0.007665984896457935,-0.050754301132965786,-0.018124189482466524
2018-11-20,-0.014169763714500686,-0.01639525758459666,-0.009209777249698202,-0.014089357174457678,-0.014947205169408697
2018-11-21,-0.0014724818972412877,-0.0015655838777240102,0.0019429394700307301,-0.0035938160097739305,0.0010949199681595146
2018-11-23,-0.008260099014949175,-0.008812309942132085,-0.003122003157961805,-0.006934110301247944,-0.006479309797765475
2018-11-26,0.019875141200214788,0.02359220629862741,0.00609771040386186,0.02775953892980026,0.014724002775242096
2018-11-27,0.0015261267827006875,0.002395330546584185,0.0001196799519542348,0.002402947937496825,0.00169711213950537
2018-11-28,0.021003378348967712,0.026154961855246045,0.009918613915860675,0.03260768137803194,0.018545611056622377
2018-11-29,-0.0034109279885235996,-0.005008978009584744,0.0006979167157008199,-0.007974626468011375,-0.002076761995902
2018-11-30,0.007933322536150388,0.00913645323041503,0.0027540090543885097,0.01089609707299244,0.005524430300633346
2018-12-03,0.0181449104062886,0.020081089954252444,0.01062820826473863,0.024270050668584127,0.01496012627877107
2018-12-04,-0.028514462859098835,-0.036407918491180975,-0.0061282166701775555,-0.04168807193169331,-0.02210217832371475
2018-12-06,-0.003473600436060975,-0.0030452739224488354,0.0004378673712853249,0.0005716808849851648,-0.0016137906527211054
2018-12-07,-0.023005661591122384,-0.029545932895573102,-0.008075762818285311,-0.03877434557847085,-0.019272237660663525
2018-12-10,0.0039396020694613,0.006493184454256284,0.0028002562601770202,0.015769508760438533,0.0042427631122374
2018-12-11,-0.0037075917941271136,-0.003893676865017424,-0.0001094614352670199,-0.005181775163553335,-0.001320872392464905
2018-12-12,0.0015828640694938996,0.0027426722103811147,0.0008468712246655201,0.003661309173755325,0.0019462918106250599
2018-12-13,0.0028714736044707615,0.0031883164664098787,-0.0007648426566169349,0.0032868811922273275,0.0012983888239398896
2018-12-14,-0.015627290231495037,-0.019226902465280596,-0.00848593201762721,-0.022704199579369946,-0.014631635487455904
2018-12-17,-0.012316564429467425,-0.016359104262670964,-0.004063544099268345,-0.016935151155077963,-0.011538776328235674
2018-12-18,0.0027324490777554753,0.003947872150963175,0.003535460354548005,0.011976541684537373,0.0029556295605148754
2018-12-19,-0.016092943083327864,-0.02003930729613276,-0.0030866131348736897,-0.024704243183459637,-0.010947182871984014
2018-12-20,-0.014297947163625539,-0.018013071729931496,-0.004613979548344269,-0.019572083533743463,-0.012689578847970324
2018-12-21,-0.02102824888772075,-0.02527677984837404,-0.01085516816832975,-0.031334881452782,-0.01836132320402193
2018-12-24,-0.019650636140491024,-0.02482148399849305,-0.006830560462806559,-0.02487510863129262,-0.01787481404090675
2018-12-26,0.03901886749407247,0.04878480133770586,0.017593806715691395,0.053418942176470426,0.03594436906959749
2018-12-27,0.0020311987230715624,0.0016467247274106899,0.004246586447636365,-0.00216601808173103,0.0035047172095346497
2018-12-28,0.0011832297514489493,0.0007097244498182197,0.0032090974685855143,0.0033331314419979496,0.0011867897660430746
2018-12-31,0.005359721065378288,0.00634800721466215,0.00542098400135445,0.006656629674557071,0.006490993789232825
2019-01-02,0.00792022127405355,0.007050135375228479,0.002156080733312555,0.00472367708352261,0.004138781039840835
2019-01-03,-0.028724388299672454,-0.03742186785919683,-0.007729181826811996,-0.05176023695479982,-0.023308128476614155
2019-01-04,0.030104401458953,0.03775429785015894,0.008435621081677155,0.04235776801558477,0.024409772414167277
2019-01-07,0.008285176435435927,0.010384810771600299,0.00215075637807989,0.01420588429966086,0.005362676753111299
2019-01-08,0.0013576491223846624,0.00283319330351232,0.002537153095099045,0.0014968876930516598,0.00414762849896353
2019-01-09,0.008007458434144374,0.009411711792155207,0.004022996943768545,0.01368077991814623,0.006255276320478615
2019-01-10,0.00016943072131665108,0.002048509084247256,-0.0028266658489637247,0.0037523247622278247,-0.00029483958440940463
2019-01-11,0.0004877405016879122,0.0005291213028679548,0.00103638324700396,0.0021514557916118746,0.00010567365089158491
2019-01-14,-0.0012377275563056124,-0.0024140449543413197,-0.0036540850712137095,-0.00386089166999997,-0.0038811136507219154
2019-01-15,0.007457660704900599,0.010237979523754564,0.0042037118680691545,0.012871283786090326,0.008261123665355795
2019-01-16,0.0028915878788358627,0.00290964741556312,0.00266270662966241,0.0027897744781134105,0.0029794912619135155
2019-01-17,0.0062217910243157004,0.007783903413576974,0.0026842615804651103,0.009162530890728866,0.00538477971030585
2019-01-18,0.010346747068798175,0.013756358475352688,0.000983979870941965,0.01515858569532918,0.007956235454390895
2019-01-22,-0.01591493031338195,-0.0199394391827701,-0.00285822078937881,-0.024832819557959938,-0.011289821231282431
2019-01-23,0.0008537675262485127,0.0019519385172539299,0.0008218314668787701,0.004544537333013571,0.001526420509680635
2019-01-24,0.006510454138433288,0.007266402872645949,0.0014306988697580347,0.011471165284979,0.00303496750354651
2019-01-25,0.010750443733158636,0.01222342277454571,0.00663000329803837,0.01598698254399572,0.008964569916925628
2019-01-28,-0.021756493422817588,-0.02702052865236406,-0.00319148600810595,-0.042765251794435286,-0.012394891879918645
2019-01-29,-0.007657292568880838,-0.010716824003205543,0.0012378184602991546,-0.018959977984111732,-0.00395769244501794
2019-01-30,0.022471877529390713,0.027390467750547383,0.0110080921537315,0.03906121185012048,0.019000314901715887
2019-01-31,0.007250574117079275,0.00842184040738098,0.00520856207832399,0.01056192823934091,0.00629252254302288
2019-02-01,0.0029543038787373005,0.0024128363966739504,-0.00323624460015142,-0.0024553545677719097,-0.0004457817235365401
2019-02-04,0.009407248553120489,0.01341875969009374,0.0023239945628675753,0.02260304073800727,0.00784723025635921
2019-02-05,0.006685813867210951,0.007433307623965051,0.0050567283677360846,0.01005303364119201,0.006301269625585584
2019-02-06,-0.0003553325100286498,0.0003104751331919751,-0.002449485831643445,0.001885643954916145,-0.001338934529879485
2019-02-07,-0.010485806500903912,-0.01339951169820842,-0.0012439628723557548,-0.01662246549990109,-0.007246440753936719
2019-02-08,0.0013764515789775375,0.00138416590292587,0.003058653702596185,0.0031020681855615496,0.00199592662506006
2019-02-11,-0.004090805812594776,-0.00381444012097437,-0.002920783087223755,-0.00569181790674568,-0.0027902782816026455
2019-02-12,0.01293012175980086,0.015116441595585289,0.004703363521393325,0.01601390910325054,0.00996345495710183
2019-02-13,0.002245620209890075,0.00299102138545834,-0.00158455628278759,0.00170224526729245,0.0008617710748451
2019-02-14,0.0022642054652698505,0.00167804180507901,0.00295117634643712,0.00405144474752373,0.0015987774304627401
2019-02-15,0.012021424336211561,0.012290797357071613,0.005812841778361565,0.009087725362356504,0.009116259106450829
2019-02-19,0.002595466315653338,0.00135177022233941,0.005341136887465605,0.0006682648544705799,0.00282625562989258
2019-02-20,0.0024412726000620625,0.003156720220370685,-0.000769394083287125,0.0034298460337310746,0.0011267800030297398
2019-02-21,-0.00462547710345885,-0.0033255148206086252,-0.00624925184793079,-0.002065742768239575,-0.004050408245176869
2019-02-22,0.008298697504613511,0.00946016277963077,0.006116137352228359,0.0132526781696293,0.007524365041821805
2019-02-25,0.002323909343077775,0.002749660061753975,-0.00024339860102848003,0.002436993495832145,0.00148552103082177
2019-02-26,-0.0002790279254106749,-0.0007890173900987198,0.0023102649388281097,-0.0004123384858203798,0.00087370807960492
2019-02-27,-0.002391775545437825,-0.0015246259231258199,-0.0057954716906218244,-0.00332307928796143,-0.003068974495872215
2019-02-28,-0.005185683295411824,-0.004850040218911825,-0.00370799696615705,-0.005095479740179346,-0.00397858894852462
2019-03-01,0.0027623160980561248,0.0059179580408435855,-0.0048676248851191855,0.006916243757006385,0.001489390981832545
2019-03-04,0.0009863543639221626,0.000219868765675235,0.0011270857092231998,0.0008998236449449852,0.0004792325865574252
2019-03-05,-0.0010851584422857125,-0.0016657639314137597,0.00031229285008740995,-0.00215012927791736,-0.0008031023572544948
2019-03-06,-0.006531015561798012,-0.00796504686075087,-0.001023282107125625,-0.009236472092234408,-0.00418929034517553
2019-03-07,-0.005115985291315813,-0.0077353796401881105,-0.0016326974733096953,-0.01149519994034043,-0.0048115753015192
2019-03-08,0.0014887325011574248,0.0007684892331874597,0.00378397472666808,0.00363525503200031,0.00134778744321459
2019-03-11,0.019343511924825064,0.0243092309279168,0.004874685074965825,0.033117549593438336,0.01418121773030747
2019-03-12,0.005428143960289725,0.005594890333456691,0.006011030744998595,0.00791926457327384,0.005568996336202984
2019-03-13,0.009208507513529926,0.010589317928391894,0.0036828447482759544,0.013673541211836455,0.006344538300506286
2019-03-14,-0.0024874690405372497,-0.0014597208087778447,-0.00501169680754716,-0.002595719591239025,-0.0022526722494803004
2019-03-15,0.009276061557690387,0.010112426995709994,0.006167260377504294,0.013850092115976076,0.00763990203355915
2019-03-18,0.005087071620012925,0.005587112017076269,0.002255266660509585,0.00541006366784871,0.004291262694188355
2019-03-19,0.0034163112068878376,0.004381403916277939,-0.00037367275170220994,0.008256102624794608,0.0008840283412345248
2019-03-20,-0.0002088357476713003,-0.00145688597999247,0.0047609620868929,0.0004403436094845399,0.00128847352076996
2019-03-21,0.01424618992694689,0.01890779486379096,0.00614241946963153,0.030229774538209526,0.012205974941205386
2019-03-22,-0.016213034292105175,-0.020855790495502104,-0.0021044726987164302,-0.022515073692634044,-0.01216556704150954
2019-03-25,-0.004325371143699638,-0.005428220835009779,0.001906654616508505,-0.006608964061218779,-0.00167640827031317
2019-03-26,0.00429577026137765,0.005317579023230796,0.00033338360111450504,0.003227569543221605,0.003188170224230545
2019-03-27,-0.0018854397369919627,-0.002629666625318045,0.00031108579126599967,-0.0012773116186461653,-0.001237693301626125
2019-03-28,0.0020498338861010875,0.0030889788060230704,-0.0010452330434673502,0.0017718765418511598,0.0019075811732411651
2019-03-29,0.0050443114278432505,0.006392931462657219,0.00254320563186912,0.00799057594968108,0.004570031405079021
2019-04-01,0.008751706335246238,0.01124193977418326,-0.0015998080080110598,0.00864610479749969,0.005528478897585395
2019-04-02,0.0033065109832033862,0.00343684875414324,0.002518121436930555,0.0053298122565918595,0.00273034832391057
2019-04-03,0.003954820120613024,0.006112521502111699,-0.00226061933041215,0.010756158318432189,0.00134999483167164
2019-04-04,0.0033318920083149754,0.0025320017682742956,0.00225690798139625,-0.000646131774533565,0.0025139281274408
2019-04-05,0.0041856365395258124,0.0053342950652485194,0.00219478455218607,0.007093145578320179,0.003823558149407615
2019-04-08,0.003929873359154987,0.004241879210307811,0.0008767051591768501,0.0052713668552816,0.002289270353658685
2019-04-09,-0.004828629754553663,-0.0061311260571617855,0.00045206956315928996,-0.005752172626152645,-0.003155324973597115
2019-04-10,0.004641432278928225,0.005361985321862445,0.00330392535760225,0.007849254520232865,0.00405935937927698
2019-04-11,-0.0019732013780929623,-0.00119074435142107,-0.005694809441054165,-0.0034934552727176704,-0.00275122910899021
2019-04-12,0.003716528384796626,0.004231573749984779,-0.000471489312345425,-0.00019992226575421014,0.0026364179761136047
2019-04-15,-0.0050100366339395136,-0.0054036201616762,0.0003480291028201498,-0.0063934286623048,-0.0017838438356527553
2019-04-16,0.0024488563955756123,0.0036581523901817597,-0.004346709132298695,0.0035346821715031207,-0.0003220607249907901
2019-04-17,0.006319415858801412,0.00590671226054201,0.000319842678295945,0.005274357736329831,0.0031473910187628904
2019-04-18,0.0010457283150413748,0.0014051719495115499,0.0034465641048102846,0.0034563471774114,0.0026682839029636145
2019-04-22,0.004651050022842475,0.0049950074472966104,-0.0010991442253404948,0.00441327857833033,0.001721402155564895
2019-04-23,0.006966620354234501,0.00890314426592457,0.0043221383973563,0.011268828939944272,0.007099051372317301
2019-04-24,-0.0018242053230252502,-0.00246323786650809,0.002669716813023985,-0.00036607009913820987,-0.000274463788487595
2019-04-25,0.000833810882939712,0.0006938475690821396,0.0007150154019750748,0.00031573466210220945,0.0011738217485712796
2019-04-26,-0.005626063279492912,-0.006615929199677054,0.004294839959792235,-0.010357714876886866,3.665185327707008e-05
2019-04-29,0.0007808435596308375,0.0017791208897457902,-0.002845716674538765,0.0015826086116213698,-0.0003673308058703302
2019-04-30,0.0010525922686135372,0.0003320312247986099,0.0020682439594553845,-0.0004010909530934202,0.0008524721575891997
2019-05-01,-0.0015481532810756504,-0.0009755921077637165,-0.0010484967595511053,0.005081451259465725,-0.001172514001093206
2019-05-02,-0.003825987399588225,-0.0031802946942424653,-0.0042478386063864995,-0.0018767813731123651,-0.00406176862482635
2019-05-03,0.007473658605747913,0.008647290703072968,0.00709712324084212,0.01009661381498612,0.008334892201175566
2019-05-06,-0.00647840521614565,-0.00793019878544226,-0.001004072280257075,-0.01004557573528217,-0.004410434618181996
2019-05-07,-0.014041697599827539,-0.018534672231758968,-0.003874630153442285,-0.023195202194242363,-0.01168576664149748
2019-05-08,-0.0008906498703356025,-0.000341224660243443,-0.002542261545146811,0.0006509664773754153,-0.001539161604640212
2019-05-09,-0.0038135883086003242,-0.005443152965410468,0.00058547726138857,-0.008196607116005549,-0.0022395264738242393
2019-05-10,0.0006564408471697736,0.0008060187301979337,0.0014619004387373899,-0.001448644408500215,0.0016170869567818792
2019-05-13,-0.02433017525194911,-0.031600967064351775,-0.006629261535797364,-0.040185757429984134,-0.01997481331781895
2019-05-14,0.007916720404445262,0.010406439865164955,0.002605985597328405,0.013542564645437264,0.0067036652999273106
2019-05-15,0.0032359418878414752,0.00373278255194092,0.00506715872742437,0.003877090766909591,0.00524737516113342
2019-05-16,0.0042443067865972125,0.006436384366130785,0.0007500183845137552,0.006491780749639234,0.00455175881332108
2019-05-17,-0.007157448877985251,-0.008213195821220794,-0.0035469596466958355,-0.010012172628681535,-0.005439892777141095
2019-05-20,-0.009988350698765927,-0.01268781762305541,-0.005012352503537602,-0.0201622850278677,-0.008578419338118991
2019-05-21,0.007437328226981537,0.009816337302698805,0.002795766515929735,0.012749372116958584,0.0065529924309041705
2019-05-22,-0.006046823096956476,-0.007177463524691605,0.00011660555515680976,-0.008435733031287345,-0.0032498152482939
2019-05-23,-0.012142010303614236,-0.015535693457271064,0.0007676191477894946,-0.016084544821611955,-0.007885596432614921
2019-05-24,1.9645841612662474e-05,-0.00064552925535466,0.00108195849172609,-0.00408692856069227,0.000702947947815355
2019-05-28,-0.006779637979779301,-0.00785042393303059,-0.0014772551765370155,-0.00555555339437294,-0.004854190393016595
2019-05-29,-0.0059514191298813005,-0.007700841707383815,-0.0015917979246372947,-0.009663633723227864,-0.004644653567915394
2019-05-30,0.001079729943468975,0.0006981755414184901,0.0061001586141468745,0.0021479507110732203,0.003455613436478685
2019-05-31,-0.0093857284603829,-0.013862636550203436,0.001987523118907065,-0.015886194590616035,-0.0069660768729752146
2019-06-03,-0.001822271660336688,-0.005573348942714699,0.003128461032025335,-0.0127154138169521,-0.0018247553659136797
2019-06-04,0.024803879552080528,0.030313517605606098,0.00581578075718857,0.0360036746602989,0.01795366998948854
2019-06-05,0.0033284153873253002,0.00540658282155331,0.00315113759390804,0.00759327480805253,0.00510141329431844
2019-06-06,0.01019892600530575,0.011219433562251425,0.005421541724049725,0.013347980749508387,0.008202412200532225
2019-06-07,0.010444696310292349,0.01247159441052098,0.01017164030697405,0.01886276298762107,0.01149105060866597
2019-06-10,0.005313369172331124,0.00800980664573853,-0.003310513398809915,0.010232340544804371,0.002688051132857775
2019-06-11,0.0030949422053874126,0.0036407737292949247,0.0002330558797070801,0.005794240970649615,0.0015878350308517252
2019-06-12,-0.007169015805572614,-0.008197100565166374,0.00064652955191829,-0.009462636463369676,-0.0034127614941722954
2019-06-13,0.005642056485148513,0.005664235652283561,0.0042781664096838805,0.0061461790602291505,0.0046224278385113655
2019-06-14,-0.0039328034602452,-0.004956815355640109,0.00015660071318496498,-0.00772967210141508,-0.001856753293377695
2019-06-17,0.0022085469033042374,0.0023521537566440647,0.00101739536021613,0.0030334474451420746,0.001677490398352265
2019-06-18,0.017234539187106462,0.01960636156894088,0.008206086282267709,0.02583269478937124,0.013085387465873635
2019-06-19,-5.666098066750005e-05,4.7061810012579806e-05,0.0027437688358337296,0.0013553347535259898,0.00122260596556711
2019-06-20,0.010096171517691176,0.009305279244988805,0.01095120214446734,0.008754534186648014,0.00942593299721743
2019-06-21,-0.002120227004530413,-0.0026191565423947295,-0.0027856209472507097,-0.00504771817885906,-0.002763580677893115
2019-06-24,0.0019085683517116256,0.0007697786989808699,0.006200392720797005,0.0036413042920780602,0.002502450550754155
2019-06-25,-0.009543720405137587,-0.012081089024443199,-0.0037098089459540297,-0.01483425250105503,-0.008534881300302145
2019-06-26,0.008897825671015838,0.011583790986223594,-0.0035615626137076597,0.018256323178478695,0.0031106061070842956
2019-06-27,0.0036275910459331257,0.004443995882044825,0.003352785767832065,0.007402847609335306,0.003590012392940755
2019-06-28,0.005081954971663575,0.00451571255345039,0.0014578052209286848,-0.00022692227722394032,0.0030840384980615745
2019-07-01,0.00578320625194515,0.009223381410992736,-0.0013784323138127297,0.011024622635329287,0.00527649371219267
2019-07-02,0.001317327354441224,-0.0005702526827658654,0.00944533512253363,-0.0009614005306718354,0.00415766257889034
2019-07-03,0.005328112469792762,0.005919618912522225,0.006042688818805025,0.006122015448803705,0.00641823276240911
2019-07-05,-0.005367770461181375,-0.004207949893606075,-0.0079604454148108,-0.006209950673446185,-0.00522493239525349
2019-07-08,-0.006453175733678138,-0.007742688246162104,-0.0038482447344256,-0.011125712594439525,-0.005414775823313595
2019-07-09,0.0013820966028470249,0.0012905980021635601,0.0012405701433139099,0.00111446987435904,0.0011680206176268803
2019-07-10,0.007979227341850038,0.008463771429673675,0.00445640155640932,0.010619747782352244,0.005591976089417055
2019-07-11,0.003306067259595887,0.0058646585187004,-0.006244834030055949,0.00815399575765828,-0.0005635751183898153
2019-07-12,0.005308516121959111,0.005512599890849096,0.0038750399019352,0.005865169658416315,0.004516888369389585
2019-07-15,-0.0007209302964765999,-0.00044649293566859,0.00258549495835557,0.00217961473414902,0.00114515388142187
2019-07-16,-0.00457159913109355,-0.0044539444174622,-0.00495367947239991,-0.00548030655964566,-0.00449419366993445
2019-07-17,0.0011155769908039001,-0.0012810651863089351,0.00527759599019837,0.0013944079913204754,0.00027111710029487015
2019-07-18,0.003821322420268781,0.0036580120817579663,0.005277278763129035,0.005066375279696807,0.003967068822033058
2019-07-19,-0.006770898668346162,-0.006580420961335326,-0.0068434660972579,-0.007608675320222164,-0.0061365459576144255
2019-07-22,0.008112943925902725,0.00943136851656718,0.0031693675256949496,0.01375625633019692,0.0060645611420842
2019-07-23,0.0072111837016703255,0.009365086441720915,-0.00047649530252103005,0.010357751491817255,0.00462987619542062
2019-07-24,0.005570865562731813,0.006016598317528949,0.00467432077715377,0.0078090808426187,0.0050166287978346555
2019-07-25,-0.009143352555824588,-0.009500080093195215,-0.005457493889914025,-0.011615791810120934,-0.00674474763520468
2019-07-26,0.0043683394100003875,0.00537044300560025,0.003833681712935325,0.0065627089347774,0.00477843441140292
2019-07-29,0.0018450864927086624,0.0011406294659081298,0.00158216877273941,0.00150431305990981,0.0009275477405013751
2019-07-30,-0.0005372597242954748,-0.0013624269315338452,0.0004959456973557549,-0.0014568132995919447,-0.0008746622056284751
2019-07-31,-0.00907854762403385,-0.01100152146725726,-0.004179536179194231,-0.013650722314132729,-0.00679648234226751
2019-08-01,-0.005972815528381863,-0.00982987323632142,0.00991900741736802,-0.006868705988585419,-0.0012465675646036246
2019-08-02,-0.008020489207808162,-0.01042614790782124,-0.0014551386201901442,-0.0139022285211298,-0.005749312719599989
2019-08-05,-0.0250213753703018,-0.03364785629537011,-0.0038062141812624647,-0.04072905385626567,-0.020068617710878044
2019-08-06,0.011962835219439237,0.013269259407105605,0.01092114724596237,0.014917950957146793,0.012481854107014466
2019-08-07,0.0015958160728119625,0.0018301564949921897,0.004836424313255195,0.0070770135359957695,0.0023654130502158
2019-08-08,0.018442644166809276,0.02119519011349952,0.010331555300809635,0.022586356656332362,0.016273222372166347
2019-08-09,-0.009626090998803738,-0.010582855242313654,-0.0044077297820987954,-0.011916482768764784,-0.00719583418477549
2019-08-12,-0.004930276001632376,-0.00900699424918852,0.0052460506142789146,-0.008845236521742308,-0.002835749099376255
2019-08-13,0.01591843154382595,0.020207617456081454,0.005128187014583615,0.025217303816123582,0.013372927933186854
2019-08-14,-0.02252596752575512,-0.028834471819055726,-0.002268403459801471,-0.027516692468708224,-0.01715304539009272
2019-08-15,0.0003046572230109751,-0.001042876017844275,0.005987192611979515,-0.002685707818611795,0.002554117610273865
2019-08-16,0.019294974701289526,0.02409236449276162,0.0021182664624218306,0.030105042385626193,0.012718851013671298
2019-08-19,0.014700293744869062,0.02015285639057263,-0.0025459647719490996,0.026935103524641874,0.008533850796927187
2019-08-20,-0.004195937294638702,-0.006678153446894918,0.0028576434429871287,-0.0065676033419365,-0.0024487111605451515
2019-08-21,0.006637193553266138,0.009121603844627981,0.00041583279992107544,0.011228986097370679,0.005036708325445911
2019-08-22,-0.0009984417946514751,-0.000719172516414795,-0.0034576647887805496,-0.002171115923068345,-0.0020210658753148
2019-08-23,-0.021899595121520767,-0.02971393761878608,-0.0009610253115620356,-0.03475195679867593,-0.01692556887114772
2019-08-26,0.009185015855733827,0.011850584123249535,0.003659885251707095,0.014706763574397375,0.008114459382731466
2019-08-27,-0.0038062141651897135,-0.006442714600991514,0.006151465855423039,-0.007140640745313905,-0.0003669159997268849
2019-08-28,0.003201966839591775,0.0038335505901240696,0.00212818752599653,0.00167623702472132,0.00371477804997494
2019-08-29,0.013403646971341124,0.01676996943901947,0.00250540336920616,0.01928544096922947,0.01005757737738697
2019-08-30,0.00046613369233871254,0.00041503929993891005,-0.0008388440006969049,-0.00021154484656359004,-0.00019319807019863993
2019-09-03,-0.006126255719195725,-0.008923581566079579,0.0007883340440528701,-0.01204280664424747,-0.00470335466247436
2019-09-04,0.012301984075730073,0.01398791713218074,0.006921670260934544,0.0162427032866738,0.010294932288375696
2019-09-05,0.013729909507970163,0.020127654902915203,-0.006625391320929744,0.025372160967260946,0.007288765992888619
2019-09-06,-0.0002561155591386886,-0.0006657620174486859,0.00024725249028926963,-0.003190013091713427,0.0004264181783878143
2019-09-09,0.0018671902249385002,0.0028074870594356747,-0.00735514847274841,-0.0001835022573776347,-0.0023082257126011496
2019-09-10,0.0013400483746091496,0.0031506058999418098,-0.008277459121964299,0.00270784894524527,-0.00252430964883336
2019-09-11,0.006320088621138676,0.007826665338875955,0.004631777426730376,0.010872728751010755,0.006302387547295685
2019-09-12,0.0016914104545248379,0.002483565753112055,-0.00033736213653183967,0.0022256850123060852,0.0012381750499768152
2019-09-13,-0.004376195883552125,-0.0037961987558114145,-0.01078980251785046,-0.009969692207485446,-0.00661266704441437
2019-09-16,0.0015809287479165123,-0.0008262937933934699,0.005522857980867349,-0.0022740406555313303,0.001936874044960135
2019-09-17,0.0016971051279979499,0.0021765753503314848,0.00372406048638701,0.004796554888545205,0.00292187601787123
2019-09-18,0.0019241843556520501,0.0023104375817638097,0.0009735518282564648,0.0028837576287779796,0.002151640582542585
2019-09-19,-0.0011896387629730955,-0.0016450970200860614,0.0025597522122080703,-0.0013089205646397246,0.0006720301219694721
2019-09-20,-0.0046702196736183865,-0.008206011741419175,0.00485303401307807,-0.012005069090738845,-0.002021351720125565
2019-09-23,0.00256507097286625,0.002489905706260455,0.001374223217343775,0.003945385266134104,0.0013233817809277352
2019-09-24,-0.005985665807320162,-0.008363419123361015,0.002316444488998105,-0.007963978490521854,-0.003546051199932379
2019-09-25,0.0055305393684129,0.01011224143213952,-0.006491231425406029,0.014938452357993551,0.0023554528387550295
2019-09-26,-0.0022922711552204127,-0.002896760799302935,0.0013627208713823198,-0.002219783910889045,-0.0007842897360485652
2019-09-27,-0.005537150715128475,-0.007568353028174861,-0.00293480234513808,-0.013268035640330958,-0.004611579933458909
2019-09-30,0.003195072763804225,0.00622642894273301,1.683663776628489e-05,0.01164752924560152,0.003909480750187755
2019-10-01,-0.00710450568691085,-0.008478504038446546,-0.0017131061348561749,-0.004292896098696235,-0.006251485827806655
2019-10-02,-0.012224799102298251,-0.015547421518865085,-0.0036619572531222055,-0.014003845075054736,-0.011375312154297164
2019-10-03,0.012646897188365789,0.014083415331445644,0.00781353075643413,0.019009740104659365,0.010141608042831584
2019-10-04,0.01278883989120251,0.01415041298383528,0.00872010482989256,0.01369227239340824,0.012359152348182585
2019-10-07,-0.0038919728804790252,-0.0026225185882759903,-0.006678054376188539,-6.272155022202428e-07,-0.00487175136180253
2019-10-08,-0.013324710055959563,-0.01660073304372027,-0.0026432564822372003,-0.01695874761815103,-0.010260549875125525
2019-10-09,0.009175050226888276,0.011516043572722288,0.0026339721287943797,0.013762474879317992,0.00725053611020421
2019-10-10,0.0052145763502278635,0.00799433856027542,-0.004381352595464465,0.007967819737598282,0.0024292952865161005
2019-10-11,0.008373316752318725,0.01149649169447074,-0.0010680415668456547,0.012394305439613881,0.005864412921204595
2019-10-14,0.002031013459981262,0.00092133036246672,0.0030887446015864096,0.00052921180865816,0.001648957457978535
2019-10-15,0.011168689561231838,0.014617709108308393,-0.0023960899021958646,0.016756272728643253,0.00588302644530601
2019-10-16,-0.00467069287316225,-0.005486302908079181,0.0007649678770599698,-0.0057011271433541994,-0.00249264658132669
2019-10-17,0.0006735906402285126,0.000989873384070545,0.00032803229817550514,0.00018367063682070517,0.00079863501508225
2019-10-18,-0.005319309718348762,-0.006412580893743899,-0.0021558074053629147,-0.00847935147619956,-0.00407018388379368
2019-10-21,0.011218060336714651,0.01329311924108965,-0.0005534654991405549,0.013838194492552311,0.006392297084745024
2019-10-22,0.00017921591480001258,-0.001746060394170865,0.0009415910412494448,-0.004853123390675115,-0.0007428452263715498
2019-10-23,0.00445069732460645,0.0046861212351091,0.0028027967725095548,0.004889551995078691,0.003911438972192795
2019-10-24,0.003369051210861937,0.004204506737136014,0.002632538435463475,0.008098417293173595,0.0029584622105329503
2019-10-25,0.008603651303839674,0.010473462086411894,0.0009998738923644402,0.014729940083740475,0.00495189706242703
2019-10-28,0.003568021473001225,0.006864912171382244,-0.0019126400837013002,0.011361670645841074,0.0030538546850687296
2019-10-29,-0.00715450167275875,-0.008225965303434885,-0.002180948432702165,-0.012969200652804005,-0.004619179797594985
2019-10-30,0.002483482167140538,0.0020772523310677196,0.008031646640839486,0.004649548553930301,0.00500011023850848
2019-10-31,0.0020561276580848874,0.00028504613661250506,0.007123979282155349,0.001845186851175035,0.003248696106329345
2019-11-01,0.012353712547121788,0.013312464151168851,0.0034713815005400703,0.01093952821957289,0.008845840548415524
2019-11-04,0.009636156662262387,0.011682819746924925,-0.0035032018591182397,0.012647440056576415,0.0035588289486545143
2019-11-05,-0.0016042632659425881,-0.000392452847290065,-0.008416174510107864,-0.0031092160200458254,-0.0035726004004069207
2019-11-06,-0.0026948346736447126,-0.003228063539554075,0.00314199634757854,-0.002395427066929205,-4.274641016544885e-06
2019-11-07,0.0016125683064965497,0.004316996591789985,-0.008520651090994511,0.0029326972587759947,-0.0011475101971699904
2019-11-08,-0.0015425090599353378,0.0002561302941417695,-0.001597713555035745,0.0027996752113334297,-0.00010042967839918025
2019-11-11,-0.00029713964995008743,0.00010618674508700018,-0.0004923467060792149,0.0023447182767650796,-0.0002643043685267898
2019-11-12,0.0002855259966984627,0.0008061517107397049,0.003197198893046215,0.0038117246672109348,0.0018530345314878
2019-11-13,0.00044819428380428743,0.00019521974875221507,0.00392949718663313,0.002136179224408475,0.0020105901008656253
2019-11-14,0.0020729076833706003,0.0013510621757446798,0.005011645942713749,0.0019502691588372297,0.00293413022076273
2019-11-15,0.002376708604123312,0.0030717904351806294,0.00239759036430963,0.00042629870812365013,0.004071026248203175
2019-11-18,0.006422438887352262,0.00736603584486681,0.00197351452524032,0.01213206344867041,0.003586291166031325
2019-11-19,-0.0031102794323437247,-0.004118923728010779,0.0028212090706265947,-0.005328802412736839,-0.0001905296182846151
2019-11-20,0.0006145625474766252,-0.000510705509519805,0.0019635358771125993,0.0004751968165760755,3.884257121372976e-05
2019-11-21,0.0003652267995636004,0.00012996903787119548,-0.00431352242230658,-0.0033667260214815947,-0.0018201909009898402
2019-11-22,0.0008970637433686,0.0012428199791097352,0.000639737137219485,0.0011127576725453248,0.001117806757849425
2019-11-25,0.010255435909884536,0.013331606633052521,0.0035779162687460155,0.02042769622196292,0.008052248430271131
2019-11-26,-0.0012154868717696623,-0.0022430168512639253,0.003802979566613645,-0.004514826408433045,0.00118496776333196
2019-11-27,0.0025535575105326623,0.00421153916383481,-0.00023767595224593994,0.005707409220006,0.002424823284261885
2019-11-29,-0.0031815098668463125,-0.004067519765900699,-0.0007262386439659447,-0.0041645032928403795,-0.0028133992422271696
2019-12-02,-0.00981109632230285,-0.011341447183208394,-0.008524568758553945,-0.01651830544462877,-0.009680792045218144
2019-12-03,-0.0029924762453909246,-0.006279015948334035,0.006749784569764519,-0.006237105314006924,-0.0005566308693039499
2019-12-04,0.005850842628218151,0.007219663240287915,-0.001363017549071635,0.0055876109218143555,0.0032474889314405447
2019-12-05,0.0014264366249635999,0.0022231160266256945,-0.0002588523273722548,0.0030445521995696254,0.001169366563203365
2019-12-06,0.009064882342678427,0.01178954254911337,-0.00010616044057416984,0.012568945922371911,0.00661234800393816
2019-12-09,-0.002543025084898462,-0.0034284230345270252,-0.00108558182907837,-0.004520383557852855,-0.0024782732487437556
2019-12-10,0.0008381392545516186,0.001000795276499372,0.0006157385327430719,0.003192376268562102,0.00036963905840974975
2019-12-11,0.005220061851112175,0.005264608002786654,0.005939427846327355,0.008163737755258546,0.005078077153047285
2019-12-12,0.010116024348310687,0.012568226022446284,-0.00342146407359808,0.011209816584578034,0.004622056172892395
2019-12-13,0.0017192014611771252,0.0017455691955306646,0.006448756848162964,0.0063058627601023055,0.003927045649803375
2019-12-16,0.005196496281203475,0.0070791984811772145,7.597713039641487e-05,0.007769392926817644,0.003966975711507545
2019-12-17,0.0013350686459771628,0.00170622729332578,-0.0006424848903347249,0.0025808192894228,0.00021045652616904
2019-12-18,-0.000684863488877075,-8.725052136543927e-05,-0.003060587615108321,-0.00017625814361313713,-0.0017064483315848756
2019-12-19,0.004003365875296475,0.0053884004707859786,0.0029211754486332298,0.00972603734405826,0.003684610499727259
2019-12-20,0.004910617208415,0.005742522764795705,0.002470324292014815,0.007136700770420005,0.003969867586187255
2019-12-23,0.0027350145347866503,0.003037329596534335,0.0015326194100459848,0.003815425634650565,0.0023029055141773054
2019-12-24,0.0013965342661946282,0.0005035842548895861,0.003405674416191277,0.0005998355327346138,0.0015063299131233884
2019-12-26,0.007275056409717062,0.007626328814977999,0.005807023131618075,0.008918339544642028,0.00666330115908074
2019-12-27,-0.0013074613713576749,-0.001532855929611845,0.000293156093410505,-0.002062939115174275,-0.000378381182565625
2019-12-30,-0.004808789771751012,-0.005691907636875955,-0.00253566096208954,-0.006376555103195595,-0.004152444990180045
2019-12-31,0.00315395902401625,0.004324183857460335,-0.0018257423977806652,0.005177170262486795,0.001016085926616155
2020-01-02,0.014636450998236326,0.015226129285997156,0.010661829904457465,0.017565941598431094,0.012788198567815994
2020-01-03,-0.00478990394066785,-0.008310202627424615,0.00532698979303909,-0.009247357296286096,-0.0023227989931646096
2020-01-06,0.0037819720696248005,0.00409460596784238,0.00230694735044723,0.004499467662911879,0.0028575721916074296
2020-01-07,-0.0038363352264646497,-0.0035274301105930653,-0.002271186348711335,-0.0008991630563746051,-0.003609589162340875
2020-01-08,0.002228516271220389,0.004982294248327796,-0.0009894798664108096,0.008566335355525026,0.002724290274106065
2020-01-09,0.0075826966731779005,0.009426209139969445,0.0035363035481627697,0.012089027334130064,0.00699784095689793
2020-01-10,-0.00047918128706977503,-0.0014117512704235151,0.00363658747592267,0.001059886014483745,0.0004615240763525603
2020-01-13,0.009876979738656548,0.01269291956127821,0.0008162309760997898,0.01669423321917333,0.00685756707987697
2020-01-14,-0.004175582023357725,-0.005741737724127835,9.276979342123494e-05,-0.009815660096591374,-0.002427972122992855
2020-01-15,-0.0008218103219201375,-0.0011779603225789653,0.004567043366995035,-0.0002189093366852651,0.00174521516179332
2020-01-16,0.0060124310630638245,0.00852029082977372,0.0025429070623954647,0.01214480783506973,0.005891879665712776
2020-01-17,0.0022034319912869497,0.0034684670187225593,-0.0007632947670181102,0.0046502730966929895,0.0014586089407493696
2020-01-21,-0.003779861821722425,-0.004684651182636341,0.002844106602107105,-0.00364975009767078,-0.0009873188024629052
2020-01-22,0.0005688157781109125,0.0006562809676255949,0.0012891454568207499,0.002089941237910465,0.0007459147661329551
2020-01-23,0.0031360664927673125,0.0033167872470552004,0.0039054569261542547,0.00612631314220894,0.00330988699505428
2020-01-24,-0.006112102380840338,-0.008038893234742895,0.0009765550735009598,-0.006229938396752485,-0.0042551309701618955
2020-01-27,-0.014131959650141936,-0.019187455739953126,3.486092348261409e-05,-0.023077897944197453,-0.010093754802965161
2020-01-28,0.011342810407047614,0.015495642812705311,0.0005654372638413153,0.02079230021207695,0.00845409585308962
2020-01-29,0.003907070946016063,0.003578247921841825,0.0063557773754202105,0.007317368418099555,0.004879197816010875
2020-01-30,0.006785302880409046,0.007297596992950318,0.002376761587706689,0.007461565418378889,0.005049698994902372
2020-01-31,-0.020959900691408274,-0.025100518841044143,-0.0037586249352894747,-0.026291775607408065,-0.015127023349131704
2020-02-03,0.002938191616729637,0.005736506655680631,0.001402799367313545,0.01028101769558406,0.0040391866703038
2020-02-04,0.0106089288224843,0.016808355164815533,-9.678556501964511e-05,0.02451846797378931,0.009441974846352955
2020-02-05,0.010810951223968326,0.01194725834594395,0.00029116686398597476,0.0066523132946916,0.006556605470913965
2020-02-06,0.0057754496618171,0.006947805837113869,0.0055553371735158705,0.01258664336047196,0.00588657941867937
2020-02-07,-0.0028334331896673875,-0.004954341906179514,0.00282118088673509,-0.005702986411010834,-0.0013370375707640846
2020-02-10,0.0103173686992497,0.012913576946425465,0.005397062339338525,0.020421509511671612,0.008455842933707465
2020-02-11,-0.0006567947798837629,-0.0003362959569418098,-0.0035350452033591604,-0.0026390546140715207,-0.0021012936411687858
2020-02-12,0.006919900127929962,0.008924776442756648,0.0012170961930289249,0.011314985559027902,0.00516082976640435
2020-02-13,-0.0021187093901622873,-0.00328120760158922,0.0018191848181422798,-0.00443187899078702,-0.000934282049580335
2020-02-14,0.010236872966477075,0.011970924869171826,0.003516099484896655,0.02051263448654769,0.005899642001294625
2020-02-18,0.0007979372086286247,2.988857626940457e-05,0.004420226933843875,0.004404125792793994,0.0008059298717151052
2020-02-19,0.0138098218154834,0.015407605305866226,0.0037421228426619668,0.020658846878978072,0.00811357003377067
2020-02-20,-0.005592641499728813,-0.007916055012024475,0.001253917323088945,-0.011169373453927954,-0.00336676929646724
2020-02-21,-0.013998258669039913,-0.019043662676958093,0.0012238270748150197,-0.02573644212966283,-0.009248739345201885
2020-02-24,-0.03053596906777135,-0.03866486252344105,-0.007009506746639546,-0.04410745879150389,-0.024006401446826604
2020-02-25,-0.027160839218710188,-0.03021990137359446,-0.01421405031874999,-0.02803966039445054,-0.022568579791088488
2020-02-26,0.0032721796793456245,0.004598715271715379,-0.0004469467151613848,0.011833973090872342,0.0010472288489929455
2020-02-27,-0.04089398866553826,-0.049578791533897174,-0.016418988918549166,-0.054057757805144935,-0.03498537771014929
2020-02-28,0.007981954814554213,0.011090327238103609,-0.0012982179084742443,0.021871467939092597,0.004676618445141921
2020-03-02,0.03983650215012432,0.04761613101627537,0.019780499797304337,0.05220164142110441,0.036081242331226664
2020-03-03,-0.02311103379483106,-0.031022091816167996,0.0007188914517561394,-0.03139867333401718,-0.017917547707281885
2020-03-04,0.029104845820898027,0.037688467311242126,0.013487035302295683,0.044143789572865154,0.026901798385083275
2020-03-05,-0.022105765944917463,-0.029843926223268043,0.0012630507286752306,-0.026903715154370615,-0.016877726814008395
2020-03-06,-0.01651959404827645,-0.021720354718949203,0.01127379763118253,-0.016877401863405757,-0.00581893834783303
2020-03-09,-0.06641744157793335,-0.077500610782128,-0.02087257485977972,-0.06635056891509473,-0.05319037130788338
2020-03-10,0.03727971678896481,0.05140982137528899,-0.0006720576448878651,0.05517558012393131,0.02871174230056578
2020-03-11,-0.03813891010133818,-0.04260512438226391,-0.03239537600373326,-0.04332824318423839,-0.03957937385329621
2020-03-12,-0.08026238517995224,-0.09267491790023694,-0.0461859181543676,-0.09502624859705061,-0.07155258512034172
2020-03-13,0.07664417564323309,0.09556323213459461,0.02320450999119573,0.10401174987726569,0.06448610880745033
2020-03-16,-0.09519210516984011,-0.11826109712739528,-0.026822617037057867,-0.12888705251155919,-0.07556331355237039
2020-03-17,0.045226749745152,0.05856503379558449,0.0025630071229540475,0.06358483243487813,0.03127908672483888
2020-03-18,-0.05819549948975974,-0.05698878138002159,-0.04324357602059911,-0.04468252758094521,-0.051254863487932734
2020-03-19,0.01570502591799315,0.015408569332126367,0.005879324435294134,0.015443516707982415,0.010497486831559854
2020-03-20,-0.019754414450650484,-0.03352452464063047,0.012086983530802627,-0.03569097333027193,-0.013853090632640586
2020-03-23,-0.003825350903035688,-0.01103940245094065,0.016236598901998793,0.00106199481075629,-0.0023712611622874183
2020-03-24,0.09113937049425068,0.10314545582638468,0.04235957924712889,0.10578259979638203,0.07283213994532069
2020-03-25,0.007395021078848575,0.007491202688024765,-0.0004802812121080851,-0.005894425011073095,0.005669876488005024
2020-03-26,0.04366342115116011,0.05092618191531455,0.028203730639372426,0.05026644958032027,0.04212035934645371
2020-03-27,-0.028619845703168483,-0.03337515037335008,-0.005331163875582722,-0.028455106346609898,-0.020825736612089574
2020-03-30,0.027412756236517212,0.03448112843747809,0.012906482888457953,0.042120644641342325,0.024637334082488718
2020-03-31,-0.013088674549343262,-0.011971600397554556,-0.016162626162778602,-0.010549227733347915,-0.013405356312920369
2020-04-01,-0.032764104949013204,-0.04243579714419663,-0.010639846103202871,-0.04707945083995347,-0.02843892898159297
2020-04-02,0.031004541811859188,0.03154845121672855,0.015111763749003089,0.026700546891400265,0.022965750861199143
2020-04-03,-0.016872808238390363,-0.019473803169145806,-0.0034483109377474856,-0.019010181906789266,-0.01166075855513257
2020-04-06,0.05634723087116866,0.06699830456875679,0.03424389147916607,0.07683276251000462,0.051762881452075714
2020-04-07,-0.004981728589502238,-0.005904253317386404,-0.00581584289505628,-0.014954230633610325,-0.0046430969207599156
2020-04-08,0.023406557163893053,0.027879737156762674,0.0070781417649364705,0.02077631570149874,0.01967757295304119
2020-04-09,0.01359319817919967,0.011374743487305695,0.012096180665755674,0.0017528441911185129,0.011945192716118783
2020-04-13,-0.000757705206751775,2.923117019495017e-05,-0.0005560074724230091,0.01105832051143134,-0.0024611990462428597
2020-04-14,0.01927997972735104,0.027078608638315984,0.015728416162904074,0.04286442646583982,0.021915785359745907
2020-04-15,-0.015711822117087427,-0.018353858811106377,0.0006413582943694244,-0.009757158577689645,-0.009920907104250684
2020-04-16,0.0039586076855436,0.007731868943399264,0.007104434707704105,0.0230778204587993,0.006589447878254364
2020-04-17,0.02190107039915289,0.0225725339615369,-0.001679173552984659,-0.0007970313858320499,0.013645568517484016
2020-04-20,-0.0180888313814471,-0.020802537176950367,-0.0027172022424509,-0.016535547352209048,-0.012986809373343181
2020-04-21,-0.0240394685262752,-0.030742947512747434,-0.01002155624689123,-0.03760915360469604,-0.02079060713115213
2020-04-22,0.023497446614885027,0.027879977368966778,0.011138556267070408,0.034929432037441005,0.01864677929701124
2020-04-23,0.0029534257561840463,0.00041591846643731795,0.0035264111693968855,-0.00511170308438206,0.0016549884924421843
2020-04-24,0.012498265471119848,0.015525145775491111,0.00628788742299604,0.018687862617287356,0.01167499810352172
2020-04-27,0.007597106975164424,0.010688534457461997,-0.003957365514663035,0.006826676899765746,0.004132400281105154
2020-04-28,-0.0033556381396738616,-0.006718237144960878,-0.0004931731023026904,-0.01529301470969852,-0.003246415703635135
2020-04-29,0.02636878500354486,0.030108936143459174,0.011306583283053825,0.029465767718587686,0.021785252288182688
2020-04-30,-0.008875036698541498,-0.00648583322234418,-0.009852482203807975,-0.00028077038821562887,-0.007443926755441355
2020-05-01,-0.023012961297273562,-0.026842832154096906,-0.0055017036986679995,-0.02185776398017634,-0.017653784235930725
2020-05-04,0.012336589679051475,0.013778073131842974,0.0019877454214959405,0.017529585129258545,0.00716215739709699
2020-05-05,0.004825150861900074,0.00706179718850095,0.00287893785293305,0.00981669914056489,0.00524100624733384
2020-05-06,-0.004919888440122925,-0.0018055408235493908,-0.009886700632110685,0.00602166640634305,-0.006056425560832496
2020-05-07,0.012518308909592052,0.012218194015653034,0.01411242090959904,0.013394641072260734,0.01270840104562206
2020-05-08,0.014054266454208824,0.01741149166061478,0.000395104517028935,0.015209255260470119,0.009819098773489424
2020-05-11,0.0008077258963374873,0.004342538723809725,-0.0028842302019516947,0.014147093200157425,0.00024661989377287993
2020-05-12,-0.015232383630478599,-0.019217669495075064,-0.003118798522792521,-0.018954035617554564,-0.0120423452806034
2020-05-13,-0.01440690326792,-0.01651335053847695,-0.0018111314636386853,-0.00934194299559845,-0.010897716668894523
2020-05-14,0.015455270161000612,0.015361441871191175,0.009752305396761349,0.013397093855000304,0.012206947729182236
2020-05-15,0.006004335554530588,0.008637888337895666,0.0023224309497289,0.017335262959627937,0.004109934302971415
2020-05-18,0.024639093662340975,0.028940066503931255,0.001218782181899735,0.019012751359897946,0.016978028204831987
2020-05-19,-0.006728023868886138,-0.00791196353247372,5.534763793844936e-06,-0.0024678325372818498,-0.00536389367262909
2020-05-20,0.017112583172247224,0.018569890618012126,0.008403886076175279,0.015816795230369385,0.014175239708336649
2020-05-21,-0.011339489462320686,-0.01156221128953517,-0.0058146463001330405,-0.011934094849645211,-0.007934663916108375
2020-05-22,0.00530555047487235,0.005706553737233779,0.00449842108926213,0.00975089965038616,0.0042340225121455495
2020-05-26,0.0041898950770298754,0.00400509493633178,-0.00541814858101374,-0.012413889671260421,0.0017827224884804894
2020-05-27,0.007943844960043514,0.0077685480579566465,0.004555212590417349,-0.0018705177973592053,0.007739713207067234
2020-05-28,-0.0061655100239392125,-0.00550777606241935,-0.0010947126172526748,-0.0018686201010166402,-0.0034949842884077604
2020-05-29,0.007245825809392137,0.008490060226613123,0.00613701635452062,0.015143354945333176,0.006135411942275475
2020-06-01,0.004398469740109225,0.0043416717451458,0.0005074674365455899,0.0010507731265334598,0.002692584760004279
2020-06-02,0.00524169355326065,0.006849162428464165,0.00039259649123345484,0.005277252452442884,0.004511784408257275
2020-06-03,0.009744409814876388,0.011460293776106686,-0.004877084135788745,0.000814334653478135,0.00537019439151045
2020-06-04,-0.0012841315184187495,-0.0023067731173722346,-0.004313030163742655,-0.006007030620972904,-0.004036099151748854
2020-06-05,0.02421009715543064,0.028051828101161424,0.002720832241566535,0.019821708492675384,0.017884543125636372
2020-06-08,0.009650249950374888,0.008760946091194976,0.008282445209998344,0.0023506758476805846,0.009209483552992781
2020-06-09,0.004025116766652837,0.004381269085181475,0.006110306702920575,0.016579950338035887,0.0035201978264660706
2020-06-10,0.003461845476872974,0.005388702272512454,0.010237563853170002,0.025189673682493526,0.005791957250282451
2020-06-11,-0.0475342219955845,-0.05538989362469804,-0.017568318044038935,-0.048716910075343206,-0.03891942834326876
2020-06-12,0.0105708540391205,0.012265023212873089,0.0013985587541759652,0.00938883073550444,0.007271907926133305
2020-06-15,0.0083820731081735,0.01045580355488555,0.0034871363765113846,0.012780708874800772,0.0070856181189287454
2020-06-16,0.009180125193528276,0.012999279543500655,0.0028344096329764945,0.011979360605157594,0.009671868834590286
2020-06-17,-0.00442842530922325,-0.0034407239305777257,0.0007797215034936549,0.004813830440571285,-0.0021993277734266253
2020-06-18,0.0023691598747281376,0.0019800073532867148,0.003884501271538605,0.002778226083804175,0.00310827886097424
2020-06-19,-0.004039665692944487,-0.00502981895519376,0.000740693059608485,-0.0020110308991361896,-0.00324213361689135
2020-06-22,0.011792276300604013,0.014197098334496734,0.00628001904691532,0.021942842423000226,0.009679883807312526
2020-06-23,0.005548231845121813,0.00604838098164646,0.0024951301065231847,0.0057620772941855995,0.00439747687649085
2020-06-24,-0.019909472997079028,-0.02314134945822582,-0.006660244560946925,-0.01859113915106839,-0.016072312078148396
2020-06-25,0.014548365384216187,0.01580616687596183,0.005370186689582575,0.01508915985779185,0.01073344601624291
2020-06-26,-0.022970024375011087,-0.026999182904257103,-0.00480063042343714,-0.02431494236863744,-0.017021925216965196
2020-06-29,0.008909480165255224,0.01139802377404355,0.005132592734009666,0.011751618317556767,0.009217725240277714
2020-06-30,0.012384829529821173,0.01516311237332489,0.00494833812105242,0.01846592774160179,0.009985295305832689
2020-07-01,-0.0028945635947162877,-0.0005761799702749854,0.0004993395207152699,0.002567525297974605,0.0006261157417069948
2020-07-02,0.004583974398896063,0.005145765996314575,0.0029371280577300198,0.005048945808825064,0.004130654886614965
2020-07-06,0.015188658620145153,0.017966439285518047,0.00710896509456721,0.020383272714260905,0.012805677644893829
2020-07-07,-0.0069365429614195884,-0.008686048378146155,0.00266659202631689,-0.003385640159042365,-0.004181371044609504
2020-07-08,0.012290306735370139,0.014876488026627544,0.004713236992122656,0.021296822007900704,0.009186136074856011
2020-07-09,-0.0019256088889213871,-0.0010561509040124698,0.00375362871961751,0.00980244797887344,0.0003399857104547555
2020-07-10,0.01054176985477135,0.010140178227509724,0.0005919302109213199,0.00012200370878636469,0.006332306827378859
2020-07-13,-0.008223933010618563,-0.011917828153170813,-0.0029051630945525248,-0.020133643073058344,-0.0071043037652578295
2020-07-14,0.014110561217858739,0.015678979118161036,0.0066936226311513,0.016007968194776866,0.011117390580932274
2020-07-15,0.00306787203573555,0.0035695682389487557,0.001612381728523305,-0.001071791470228785,0.0035967315028695647
2020-07-16,-0.0067728630344672,-0.00773478853092656,-0.0032939250838333756,-0.01101731559781646,-0.005062638619817776
2020-07-17,-0.0033942006684317748,-0.0026144074937477302,0.0018400129976453702,0.0006085293521177201,-0.0007463496530866801
2020-07-20,0.009691251056220174,0.013319803834835988,0.007692538398437119,0.0251683363393872,0.010113448200273411
2020-07-21,0.005305130934463162,0.0017002761893249799,0.0024969208879090598,-0.010200772659505362,0.002089081144542945
2020-07-22,0.002650352142553887,0.0034572500107292402,0.0074133091901207645,0.008727020889381248,0.0048352076175364805
2020-07-23,-0.013129384312550311,-0.019249200322688727,-0.0017352938482869751,-0.030417490294319272,-0.01108836096333456
2020-07-24,-0.0016723062883118203,-0.002840273019994513,-0.0002379865427799216,-0.001091895821854183,-0.0026109075150053175
2020-07-27,0.010333082846236165,0.011489907909337349,0.007645535430746085,0.01655466888680964,0.00857027552716167
2020-07-28,-0.005464925330660276,-0.00834486179213328,0.00133393422660776,-0.0114812880909686,-0.0039040191597988294
2020-07-29,0.013389490836756624,0.014953087397276552,0.0064341593521216,0.015569867469387561,0.010628731950173031
2020-07-30,-0.006827054169634837,-0.00468096208428243,-4.856126066778026e-05,0.00580072437981939,-0.0026170866416402147
2020-07-31,0.015956184427397633,0.019038104478284978,0.009924538123763227,0.029158299074686395,0.014617821235720939
2020-08-03,0.015024976778503615,0.019192827826411126,0.004678249191530579,0.030522282577816306,0.011468808407506125
2020-08-04,0.008656149861560613,0.00653502225212524,0.009398111107636614,0.00497586421934374,0.006698536309928321
2020-08-05,0.00501310362374835,0.005277030579934181,0.0012233664929998105,0.00276830744296091,0.0031204925459088102
2020-08-06,0.009535851307254898,0.010449452112869328,0.009824118288713265,0.015751222666530968,0.009866435381467224
2020-08-07,-0.007128786334742923,-0.007098895319188874,-0.00812010628194028,-0.014175192080068514,-0.006461467686732771
2020-08-10,0.0029892035697377875,0.002813810233900215,-0.001802612363369975,-0.002061475270957045,0.0009797617618465197
2020-08-11,-0.014155123605003487,-0.013350293415569505,-0.02271609348793821,-0.024851932196594505,-0.015262245101287784
2020-08-12,0.013459757279256272,0.01935745805279866,0.0029221223314912846,0.0304537935259446,0.011058828534106554
2020-08-13,-0.00041447264495454933,-0.0004693960354199904,0.002388849371518725,0.00427416261493563,-0.0003627486593778556
2020-08-14,0.0009078810344761678,0.0016736158060180605,-0.0024324503493642325,0.002253978118108756,-0.00042609206799438534
2020-08-17,0.007362041840247987,0.00869787606192579,0.007455611289109895,0.01939702428063196,0.005559170378152131
2020-08-18,0.0009202782804160749,0.0006475653076643797,0.006107785740613806,0.00310868455311283,0.0032438146051082953
2020-08-19,-0.00818770811868175,-0.0060230164106424644,-0.011569040160092452,-0.006211186980561945,-0.0072807536540579944
2020-08-20,0.004688382845792562,0.005703434742184225,0.00809923372441386,0.012681441355279694,0.006783999762552925
2020-08-21,0.010307320586025936,0.0133261577449191,0.00337184307685376,0.022667529675739227,0.007898511822462175
2020-08-24,0.009814076185298913,0.01063553036531548,0.0018120068745681051,0.005656651244284269,0.00719422423248503
2020-08-25,-0.0028919741552307877,-0.00110956543821546,-0.001084826925148545,0.00198898932247835,-0.0009539803353155805
2020-08-26,0.002464869187211288,0.004927755434997824,0.006381619820320865,0.011158642735854136,0.005771070751736581
2020-08-27,0.00012921942988342494,0.0019232388077780047,-0.007557623003393965,-0.0007838622276698351,-0.0017917876592399953
2020-08-28,0.012613161081535937,0.012717661985717985,0.006455565436823306,0.014251014004999264,0.008173589764677702
2020-08-31,-0.00021738116006899972,0.0006510178606202949,0.0027913477183441047,0.009006200638006973,0.0008990250930017052
2020-09-01,0.011252606060278537,0.013845532772647353,0.009503941574600794,0.022354585548089723,0.01147927761994957
2020-09-02,0.007052447586850587,0.009820914577192075,0.00431585526318576,0.011132895980739436,0.007859211935375495
2020-09-03,-0.034956147792780015,-0.04460304599020745,-0.01845609255202204,-0.06412099897764659,-0.03138602504996366
2020-09-04,-0.0058895339514223,-0.007303379034323929,-0.009073990551659064,-0.012928365926202478,-0.008184184791234086
2020-09-08,-0.03231381667293971,-0.039040381569791775,-0.012597586089662905,-0.0482874544410643,-0.026366642964430212
2020-09-09,0.0225053968443581,0.028104949102250327,0.01153424219920321,0.04076097913141221,0.01913220219297641
2020-09-10,-0.01790319186217035,-0.021638978267896264,-0.007269131909266936,-0.025606095680126638,-0.014802311561635534
2020-09-11,-0.0024136520727025598,-0.003539151545638979,-9.730412501292415e-05,-0.007723351855886799,-0.0014782895884602927
2020-09-14,0.015412053123519568,0.018660999547823687,0.007741487310690377,0.026103640571956938,0.012339917005873757
2020-09-15,-0.001793780486736138,0.0009236372545112296,0.0009645277779476902,0.00731457452807306,0.0012119918011333948
2020-09-16,-0.005186135257845887,-0.008939521453150802,-0.003896070774850595,-0.021617500515217367,-0.005940177263283169
2020-09-17,-0.0066753943107892245,-0.00806167920094677,-0.00426137604660349,-0.00905986967960179,-0.006444780374222539
2020-09-18,-0.012215098178805237,-0.014716352219357085,-0.006420574396554065,-0.018352591618780105,-0.01094739429253898
2020-09-21,-0.0011906218215043374,0.0015268785707967941,-0.004532124919004236,0.014570832711574926,-0.0020057225092380104
2020-09-22,0.002295987125684875,0.006118165387174529,0.003557565301942085,0.01360500543388598,0.0056033605263479756
2020-09-23,-0.02591498147807638,-0.02897460911291904,-0.01563380408933138,-0.03337859589217753,-0.02194641245632303
2020-09-24,0.006130363238562188,0.007013052541525344,0.004231274142922996,0.011209030991013424,0.00517372195963769
2020-09-25,0.016782899422741776,0.021137875466598736,0.007152699577255225,0.028002689158651103,0.014435854778456396
2020-09-28,0.014516711733587376,0.01595355234038813,0.008084770653935855,0.01389944608186049,0.012448696357923204
2020-09-29,-0.004599445271696601,-0.0051429349160233406,-2.0404468407734952e-05,-0.0011732669437256298,-0.003777575503135155
2020-09-30,0.007003722221509837,0.010166323986349896,-0.0010870581008565543,0.013590408386083915,0.00483247723557512
2020-10-01,0.0017629201716217752,0.003084682171545689,0.005662798069799275,0.00769080466874657,0.004253996919180865
2020-10-02,-0.013939819905273125,-0.017462245985401588,-0.00746852760292447,-0.027244290157222156,-0.012118592922930261
2020-10-05,0.017847585305637476,0.022447999424109952,0.0022549546630180202,0.02581006039529553,0.01232725167221441
2020-10-06,-0.010535754711046588,-0.012393742911860066,-0.007814593908767396,-0.013207547141299814,-0.01075458994780587
2020-10-07,0.01037115752248896,0.013923416205733433,0.004357118252608115,0.015365380563295464,0.0100542856627685
2020-10-08,0.01056977160271685,0.00901989262128464,0.005568132528831595,0.00018925604129021,0.008005177498553796
2020-10-09,0.0053998458920309,0.00659775230254448,0.009265495832924905,0.011423373008331501,0.007830631770280186
2020-10-12,0.018571408059600336,0.02340862234268808,0.009694643956912065,0.03319945731863013,0.01706027800137566
2020-10-13,-0.00768835461894065,-0.007619593114193875,-0.004380443814520575,-0.0059994692843361765,-0.005742124175332356
2020-10-14,-0.0034342080081066254,-0.00490744088503019,-0.000722479489348325,-0.005415773518531559,-0.0031725084409065553
2020-10-15,0.0007692651284380749,-0.0005799172562730746,-0.0005335965834888251,-0.004659544860461875,-0.000609600180092555
2020-10-16,-0.005552426140286713,-0.00548761098013015,-0.002720489529363995,-0.006739408992484381,-0.0036924534195654
2020-10-19,-0.016036235626862714,-0.018596981870055092,-0.00827319640302236,-0.020700281738850544,-0.014032691416838725
2020-10-20,0.004943264079752675,0.006097533206858364,-0.00016374316529968003,0.006902527930430834,0.0027526313845713697
2020-10-21,-0.004674863169929863,-0.00490757314284216,-0.00013118701048263985,-0.00347925377057761,-0.0028166976839441053
2020-10-22,0.006325630564002275,0.005829644601618135,-0.004901611524850305,-0.005504973293145665,0.0016681584100825247
2020-10-23,0.0018331370084313002,0.0025863028802549496,0.0028973614402264696,0.00507684365170781,0.0026206357372287902
2020-10-26,-0.014942773419451133,-0.01823589082777583,-0.0038313775112505393,-0.01768038799359183,-0.011568479477603292
2020-10-27,0.002392448053632525,0.003329916915088855,0.003400097852603605,0.011950954137840456,0.0024887415363927753
2020-10-28,-0.03361235943175146,-0.038923031342287896,-0.01875649219192512,-0.04422137433178615,-0.029159534774939662
2020-10-29,0.015717372105794353,0.018718879736028392,0.0009710021205283055,0.02047105930012004,0.010028425185251546
2020-10-30,-0.015252900694458187,-0.018732445143779926,-0.00879050246840327,-0.027986869723493832,-0.013830832394110305
2020-11-02,0.01189453595527965,0.010447743983019125,0.00833444547675865,0.003093912007321555,0.00965325704591065
2020-11-03,0.012810147125706673,0.016427275413971935,0.0064665214574681955,0.020265184515106623,0.011615357476465804
2020-11-04,0.019516140441576325,0.02533825960931367,0.018611606680717194,0.04155713023412909,0.022191408257998684
2020-11-05,0.02215147829184826,0.02410525020322015,0.01557405817277304,0.027635301816433647,0.019490287579389004
2020-11-06,-0.0008487964148758127,0.0012788609995569198,-0.003903424242831625,0.006727481340623319,-0.00211022922438601
2020-11-09,0.012691353331161077,0.009915106723690179,-0.016842716591584306,-0.028315219374245075,0.0012909656761662257
2020-11-10,-0.010616888404422938,-0.013588253662799806,-0.003470400583620315,-0.025329979838340816,-0.007226284649749129
2020-11-11,0.011102419152408326,0.01539961714167144,0.00524040582950024,0.027916144906758294,0.00982487280098895
2020-11-12,-0.00471917226942945,-0.0066134435329435,0.004187746328239215,-0.0014464860794937498,-0.0023156387879430247
2020-11-13,0.00540538410453785,0.0058020339075713105,0.00566356949661936,0.00073006795374397,0.006726941457585139
2020-11-16,0.01554477559232111,0.015854068272849194,0.003491959133881097,0.008864167798094446,0.010201675094010704
2020-11-17,-0.003312120737646913,-0.00495921378013833,-0.00126183738871335,-0.0074630235413702195,-0.003158409306917715
2020-11-18,-0.010514169200239638,-0.011279760340570436,-0.00525598345371337,-0.007969134500582694,-0.008896464121870284
2020-11-19,0.0034559082885038373,0.003851475573806965,0.00317084100313374,0.0038880733272387146,0.003899544908247475
2020-11-20,-0.007820038750681163,-0.01021508335483646,0.0007806304608022949,-0.012117732908982489,-0.0047264551589999695
2020-11-23,0.0061191620590522,0.005654263687226471,-0.006282135571683891,-0.00708480659057684,0.00102056625377829
2020-11-24,0.014900972273367863,0.016380449326683876,-0.0010091030286152253,0.005046066201126175,0.01000735662975546
2020-11-25,-0.0018165420094644036,-6.246384649752042e-05,-0.0012823706180118315,0.0068139165793607275,-0.001298902098308693
2020-11-27,-0.0007873776092177751,0.00046930105891016503,0.002254885044961254,0.003692569085432275,0.002028250858936365
2020-11-30,-0.008109277584300788,-0.005440977200358161,-0.002648394779959505,0.0055113289150852006,-0.0043073633488086805
2020-12-01,0.010337604267117748,0.01159320119098737,0.005426918845390526,0.011947777667040358,0.008298845011260048
2020-12-02,0.008610924868272788,0.007754379001341041,-0.0003137372892576951,0.00294164124470564,0.00321355157985152
2020-12-03,-0.0001483446940708002,-0.0018092243378551396,0.004389688894319265,-0.0035080390091985,0.001142909675688025
2020-12-04,0.005475883224385837,0.006901411567241559,-0.003509387802014895,0.0021824685129710596,0.002181300869348459
2020-12-07,0.0018657692144606248,0.0007636492169980797,0.006866433302976545,0.004768584104175,0.002825789946742356
2020-12-08,0.004891917855633363,0.0036542347899879753,0.004059719582093415,-0.000588274394343715,0.0043737876279213205
2020-12-09,-0.011961860759690277,-0.013484766891848216,-0.01014049488685675,-0.020314793730908005,-0.01084546850053408
2020-12-10,0.004700546479301588,0.003821536097701275,0.002822984320764875,0.002586990793719435,0.00331313267322201
2020-12-11,0.0003741027467889501,0.00032555936651401483,0.001665959349051925,0.002454448653403135,0.0007358714690587451
2020-12-14,-0.0046749267031962125,-0.0028991671587076805,-0.0037271238945540547,0.004406635339280811,-0.00394126609055426
2020-12-15,0.014289022881916635,0.01560957574237795,0.008870205621369046,0.015973057601883337,0.01245710733682638
2020-12-16,0.004667737519695863,0.0045602954509991155,0.0020942449319167502,0.004046137992854485,0.003389821005353735
2020-12-17,0.0019004879541071127,0.0027184339294313497,0.003761606399892645,0.0049972671135406,0.00294697416011705
2020-12-18,-0.0069614772186349875,-0.00717459404759348,-0.0036530234895761297,-0.007039819427687621,-0.005498630248853465
2020-12-21,0.006466906935901462,0.006359317366788843,0.001056788140997855,0.008311948140439436,0.003485090857080641
2020-12-22,-0.0007613233737667879,0.0007992178510680195,0.0010512959435900848,0.007229872081194251,0.0012952621150122102
2020-12-23,0.00014485943874306272,-0.0017499778451051094,-0.0014875773619453247,-0.009946869470666682,-0.0013773145732516598
2020-12-24,0.0022142992100714996,0.0026752476599255295,0.004325693430438365,0.00456773773243153,0.003622776694076285
2020-12-28,0.0067286520121984635,0.008754392742437469,0.004109962628067585,0.01074747114742416,0.007438324914582209
2020-12-29,-0.0033740569881024625,-0.0037821432359593098,-0.0009524269222979,-0.00355833031500153,-0.002776317963157305
2020-12-30,0.0022676267764731627,0.0013421674536453153,0.0021218802411514903,-0.00027019438297613466,0.0010651562929940351
2020-12-31,0.00043670950224910013,0.00028938732855908006,0.00274573326098364,-0.0017960463755517897,0.0018854992092707395
2021-01-04,-0.004589434771938176,-0.008841588352950635,-0.0012405345422294549,-0.011365612730842155,-0.007287057930336046
2021-01-05,0.011449342830134388,0.012192735708904459,0.0008737247762477952,0.009694460330545378,0.0063464472285239305
2021-01-06,-0.009607688044863488,-0.010878104975220093,-0.012431234408494259,-0.030577622983874665,-0.008920418835520975
2021-01-07,0.02060044467854955,0.025287029249227995,0.003917501110727645,0.031773822732132945,0.014387581220187207
2021-01-08,-0.0012287808685650747,0.002227639940556065,-0.007236380950274294,0.0014038286376651249,-0.00024057095575156481
2021-01-11,0.003493185693285888,0.0016151416726671005,-0.004738363736476,-0.0029369763348855685,-0.002618241813048044
2021-01-12,0.0025758600954773744,0.0006480878663264651,0.0007453909358134949,-0.005485763729174655,0.000639849799241565
2021-01-13,0.006015744099063663,0.006182443240958509,0.004812228528370285,0.00731984544417414,0.0058275482330081094
2021-01-14,-0.002935541407648376,-0.0051279648195571795,-0.00598271993178801,-0.01476253799116562,-0.0051795826431856795
2021-01-15,-0.015379670254499074,-0.015039687117670541,-0.00467439040340154,-0.01183624764267867,-0.009138248583390669
2021-01-19,0.008900182624221174,0.009519847692423285,0.006766112557186275,0.010797652891601464,0.007985989353003464
2021-01-20,0.0157167816122795,0.018560750740074156,0.012034325439940602,0.02681349725129662,0.014867762308364322
2021-01-21,0.004152456312126787,0.0076912893878852895,-0.00036622601478748486,0.01900608155352397,0.002823771017845651
2021-01-22,-0.0025964572703222376,-0.0019135934286275307,-0.0008759150001446051,0.0015503585065296396,-0.0009871148454475402
2021-01-25,0.0040179028736968365,0.005133794172751615,0.007700274017924935,0.011025855404892116,0.006777688164259771
2021-01-26,-0.004256995948908462,-0.00352629462638126,-0.0010523227636022449,-0.0009742877036698697,-0.0018836545567515498
2021-01-27,-0.013948787955553339,-0.016822777040914942,-0.00828774919045666,-0.014792714467899174,-0.013108539999825756
2021-01-28,0.004809310556033324,0.00542846035977181,0.000422540951753235,0.0013652011822883295,0.003266240165350645
2021-01-29,-0.01691019457074429,-0.019774257241193128,-0.011542705634253764,-0.021145318326443594,-0.01702237056967026
2021-02-01,0.013132975576355437,0.0159112562263446,0.010229477368756545,0.020200585814119862,0.0133736616998559
2021-02-02,0.009002703171256538,0.011749366432304044,-0.0007687910469851152,0.008667367422784523,0.006555302777050239
2021-02-03,0.005742498259930038,0.0054740329606873354,-0.0029075223716239097,0.0008130684826531848,0.0014661980125720247
2021-02-04,0.007616812762782613,0.010586885531468164,-0.00182421857961198,0.008386825582697374,0.006063149074370425
2021-02-05,0.0036658141494693756,0.0030643678414422454,0.0006023337196242304,-0.0012531964124231848,0.0017689339103093603
2021-02-08,0.018121053483718334,0.01808642817879722,0.0063316166215755705,0.0179532653616888,0.010687758468780565
2021-02-09,-0.0032168769901967753,-0.00354188989082529,0.0008147739136589799,-0.00324122558675737,-0.0012728656275503702
2021-02-10,0.005849920358357288,0.005432305721895125,0.002690568537349,0.007117671225150475,0.0029675848445041954
2021-02-11,-0.0003084940705391369,0.0025988719871774695,-0.00335510775353044,0.009011359519911739,-0.0006465197542816146
2021-02-12,0.00027279263649581244,0.00097400115192528,-0.0034329930970375595,-0.00382215924957678,-0.00023256911915341526
2021-02-16,0.0033757221536699503,0.00421437311606042,-0.01024598127478908,-0.0007853250407303099,-0.0029796839577666792
2021-02-17,-0.0033819610784460493,-0.004468979157321025,-0.0012110651873386798,-0.010455470682519676,-0.0015633238793005607
2021-02-18,-0.004521592368207709,-0.004824398212583364,-0.0032240801049667916,-0.004714077143315494,-0.0042112978175794825
2021-02-19,0.001093924128908875,0.0008795121724468099,-0.004661337064091385,-0.0016617148996883402,-0.0023951360845303354
2021-02-22,-0.006116451918213225,-0.011157247707536075,-0.004058418387194974,-0.024496890766284626,-0.007977251376726805
2021-02-23,-0.0004267987832980121,-0.0009644761509200195,-0.001540135513392965,-0.005399067292154059,-0.0006739689954833101
2021-02-24,0.009749527224920364,0.011149991759515095,0.0009040194124404953,0.007959166454256945,0.006257841651975319
2021-02-25,-0.02875721553958926,-0.0318960678969916,-0.02057274727127632,-0.04053804535397494,-0.025046304392643805
2021-02-26,-1.3731141734749704e-05,0.0011533046878934897,0.00483090291475082,0.011575834013544539,0.0030501957775132607
2021-03-01,0.019002364868115212,0.023722441650765397,0.005890576085143104,0.023577286096264426,0.01647908397043583
2021-03-02,-0.009588019103197577,-0.012382545509404031,-0.002646588947081586,-0.017222825058756053,-0.007585650807810535
2021-03-03,-0.013007492609356736,-0.016114680580346496,-0.013096990775766326,-0.027156365533876084,-0.01392649463629646
2021-03-04,-0.007334474677098313,-0.009579077144711304,-0.00940222593984374,-0.016018597950472335,-0.009078611708686504
2021-03-05,0.012588277725643724,0.014681017969052225,0.007968814658762815,0.012786957033662392,0.012488809203472324
2021-03-08,-0.017547494662166277,-0.020353914148525377,-0.009799526745027045,-0.034035439815837766,-0.013189842976628894
2021-03-09,0.02199803110454656,0.025437811508073352,0.017888719287907563,0.04116906371483425,0.01966219262694265
2021-03-10,0.00582833632429705,0.004284380546195225,0.003094086277684395,-0.0034955547037583555,0.004004992553201375
2021-03-11,0.0085358013230705,0.012698199449160938,0.00213902263933037,0.020840530557218698,0.007169184352882451
2021-03-12,-0.0026830864050796004,-0.0020754295086452155,-0.007742182251507649,-0.006875113863164295,-0.0045339551949410105
2021-03-15,0.0040369639298699755,0.005937642432831915,0.00596972004906533,0.013045089033630504,0.005529199705125821
2021-03-16,-0.0006059991241056124,0.0011143796095424248,-0.00029913248781411974,0.007824657028212036,7.724612689063514e-05
2021-03-17,0.0015319974343358874,0.001478614411356445,-0.0002732531117333099,-0.0008822167076541354,0.00040712284274838453
2021-03-18,-0.020505726866158147,-0.023137525488216553,-0.012390104847189755,-0.029715855568884005,-0.017405070424047476
2021-03-19,-0.0011774413030538997,-0.0015583065751133703,0.002355787605724605,0.00114247819086768,-0.0001913526722304548
2021-03-22,0.007487729954227775,0.010667450315074588,0.00859105634327604,0.021516299238184843,0.00963894313061897
2021-03-23,-0.004674720862434525,-0.005452184330226295,-0.001034515637421615,-0.0033218393986331448,-0.0032496367455405245
2021-03-24,-0.003729934470902362,-0.0072707892201761826,-0.00022195017045769492,-0.015731049761994197,-0.0034825429196000002
2021-03-25,-0.001691273948617175,-0.0008137055483677996,-0.002435109125581795,-0.00413461272356384,-0.0008077411822277453
2021-03-26,0.01331939378420555,0.015466236779671695,0.005468427867678805,0.014187493881015893,0.010927509861074344
2021-03-29,-0.004633704826063163,-0.0025270068312501955,-0.00628441326836081,8.775114758739506e-05,-0.004061050506516675
2021-03-30,-0.005959761028194539,-0.00620285252189877,-0.004569140291909771,-0.00913894295083645,-0.004582680117858565
2021-03-31,0.007074753641397162,0.00942302494268972,0.0048386985882646096,0.01926045760610054,0.005750999479252055
2021-04-01,0.01840991910510135,0.018366043788758998,0.013949149261585626,0.020478824747220632,0.015468020614029304
2021-04-05,0.007930303851538013,0.011935484188178578,0.005251370957901896,0.017923942832024607,0.00937032833399462
2021-04-06,-0.0008793035107078625,-0.00210334499349419,0.004087862916220145,-0.0021984919259300296,0.00077172954208802
2021-04-07,0.006680545121144662,0.008105463600550278,-0.0017140185498263547,0.010175653121447739,0.0029148503774104103
2021-04-08,0.0074325575610848255,0.00795297309015615,0.00863330262085505,0.01288893821175651,0.007804848139838061
2021-04-09,0.004697826202998062,0.00722258413074896,0.0005546823101179601,0.00961141133178276,0.004665844052168965
2021-04-12,0.0035390627130625248,0.005370030328360175,-0.00220917057371345,0.010525213250936794,0.0005064319936429996
2021-04-13,0.009340440935762263,0.010454088778329118,0.00700271226398465,0.017504403025610616,0.007822963951118976
2021-04-14,-0.006933703119900851,-0.00842027763825738,-0.004676142314222666,-0.01457392533682298,-0.005945367491706565
2021-04-15,0.016796583678150727,0.01791959462173245,0.014820855682775785,0.02583513004840177,0.014960048869049197
2021-04-16,-0.0010304065458487627,-0.0008209255463274549,-9.117409423826002e-05,-0.002503776605516925,-0.00015960900752932524
2021-04-19,-0.006897499507941338,-0.00783367537085408,-0.003300578432316645,-0.010321993146101651,-0.00493204634204938
2021-04-20,-0.008681713214311113,-0.009806169565530704,-0.00042858218677431514,-0.007461398889633155,-0.00553430880211064
2021-04-21,0.008389562503047163,0.00875434276953249,0.0066146868794263155,0.00811187371117888,0.007586752332651701
2021-04-22,-0.012916999507679773,-0.01449703425497207,-0.004072126188025,-0.01597342395514159,-0.008814930440095708
2021-04-23,0.011335593284018014,0.014076906353021125,0.0031480302644346756,0.016682395100798393,0.00891856637333548
2021-04-26,0.003274225053758263,0.00379405390604074,0.0010130901701802502,0.0049856284117870495,0.002079513976765755
2021-04-27,-0.00010309526753858773,9.410176228304014e-05,-0.003789262895207545,-0.00235989761185884,-0.0015824174439035604
2021-04-28,-0.00015215727406552504,-0.0024014650396790853,-0.0008385333577018551,-0.010148230703139133,-0.0016181108746188453
2021-04-29,0.003419037230118587,0.0037626199893574797,-0.0005959466344474202,-0.0008134143758693202,0.002189447918173875
2021-04-30,-0.010296658707540525,-0.011020695683694733,-0.002825912187037645,-0.010291265823886906,-0.0067333713888922345
2021-05-03,0.004481230227625987,0.0030014722132291655,0.004449003005389169,-0.00013820362534420504,0.003525823656363405
2021-05-04,-0.008858574588612713,-0.012198480800500384,-0.00388566752367218,-0.022019763257791466,-0.007320222571337245
2021-05-05,0.0066749733682334505,0.005302399287919845,0.0015381635867647199,0.001361926026663845,0.00304980417891342
2021-05-06,0.010804904825843214,0.010449965806538574,0.008443223868894434,0.009736676232419195,0.00910000261962294
2021-05-07,0.008154819022559788,0.009221097565413186,0.0035194993025080353,0.010338878687717164,0.00596839814625033
2021-05-10,-0.012291705007692636,-0.015144621512460526,-0.008093388942546239,-0.022743613676860123,-0.011590837246418314
2021-05-11,-0.0089059177200345,-0.00860987381022827,-0.00517741438234859,-0.0037166345243390504,-0.00764267497987075
2021-05-12,-0.016974046351326835,-0.020373380972058232,-0.015249776987634344,-0.027356055278034825,-0.01795109244442144
2021-05-13,0.007383672319297601,0.008826179235005054,0.006911671319506085,0.009085614308874845,0.008733927171605784
2021-05-14,0.019668058441554025,0.021273946219798577,0.012204114936018945,0.02402443693420074,0.016377914452872757
2021-05-17,0.0009627737621896748,-0.0014210798296851645,0.0003447816164353549,-0.006572598266609824,-0.0011749157510771348
2021-05-18,-0.010249921494008211,-0.010980766156979991,-0.00398427359960512,-0.0089185204373206,-0.007961722755572644
2021-05-19,-0.00390346818865885,-0.0031913682443754903,-0.001402195875126145,0.0007100646403183301,-0.002616883428523925
2021-05-20,0.0116432357830551,0.013973607587781814,0.008990928583394314,0.020679350379577077,0.011088960445653315
2021-05-21,0.0026815016823934627,0.002132972715518495,-1.3840245276200192e-05,0.0015281839041978048,0.00032660820184246493
2021-05-24,0.0137937285124718,0.016169284617809844,0.00660491050799648,0.021194709020163464,0.01102928321526736
2021-05-25,-0.0015499498089856126,-0.00226631502748786,0.00495339413328636,0.0017000979149035902,0.000666259708235715
2021-05-26,0.0015126847794653124,0.0017825327554359999,-0.000507789932875765,0.00063243481936033,0.0007898290163125199
2021-05-27,-0.0035658506607743625,-0.00431995968779694,-0.00220402666689755,-0.00873976945105614,-0.0029047500080223152
2021-05-28,0.005629872616514187,0.006912046869460634,0.0007306782567995,0.011622575889211374,0.002545897638207595
2021-06-01,0.004060227917644113,0.0027344238901964055,-0.001604514521816145,-0.002915045216882015,0.0006026763759676802
2021-06-02,0.0067795636678714515,0.007172177063679591,0.00279837873588149,0.009960920053277708,0.00406901539904403
2021-06-03,-0.0037015404950694122,-0.002709806344840865,-0.0082509731357326,-0.0035157727620210347,-0.005065160135956245
2021-06-04,0.014402040059080624,0.015447348691561297,0.012217498162090674,0.02148449621236935,0.013082738001441985
2021-06-07,0.00040098410228480113,0.0008505160330646411,0.00024124421953551558,0.0035110529843548326,0.00021478132013501592
2021-06-08,0.0013057028170979498,0.0005094296490298402,0.00183938537968565,-0.0016233397507332899,0.0015748588568319302
2021-06-09,0.00037386180009125005,-0.0001859522641342049,0.0025189760236034647,0.0005434197911121551,0.001286212721519245
2021-06-10,0.0013956287458367,0.00180986131263495,0.004886360493609905,0.00376583998235989,0.0033858897765597852
2021-06-11,0.0017733523405212004,0.004076373224403565,-0.002264344173006185,0.008436959427767196,0.001018320589750955
2021-06-14,0.0016662362085874249,0.004504213441326465,-0.001857412074947465,0.010456896735348145,0.0015129885134533049
2021-06-15,-0.0013345819762746128,-0.002348827394314185,-0.0025323935519073948,-0.006799976048671556,-0.00206982165038344
2021-06-16,-0.002314150033988625,-0.0017335344946471602,-0.006188554589956245,-0.0013837538213896403,-0.003565769477386055
2021-06-17,-0.0005055546168651875,0.004025908046636808,-0.0012306727358915854,0.017620223932701806,0.0017208371591390804
2021-06-18,-0.008487643321651752,-0.010312477807423656,0.0003619406989266597,-0.005539904302219725,-0.00568490479685622
2021-06-21,0.009767287949955501,0.01094058783168666,0.002818498674637741,0.005695440151555449,0.00762455237251556
2021-06-22,0.008738246495505461,0.010310034918678625,0.00259371132663779,0.012864383207012236,0.0064390828029272954
2021-06-23,0.0018772105638348124,0.00178455580793279,-0.0015781834424308998,0.0011658773229905302,-0.00017982072135751492
2021-06-24,0.0038907740422932497,0.0044979381667118404,0.002345351520522815,0.0036783158844709003,0.003700937095614755
2021-06-25,-0.001105968238758525,-0.0008782229640148299,-0.002166133823270195,-0.004219789139142171,-0.0011942632596330855
2021-06-28,0.008146615601685954,0.010140410373579427,0.005513735467871808,0.01997235448932586,0.006728069152054085
2021-06-29,0.0009808414043735374,0.0024851481464099844,-0.000805984186470145,0.005529651827902015,0.00135297794217795
2021-06-30,0.0035181267660828624,0.00255375885540722,0.0031636576155275797,0.0009835396939214698,0.002709430062447085
2021-07-01,0.004638608657434959,0.005132631478281688,0.0027829589542414496,0.004835593015450779,0.003939135719917999
2021-07-02,0.009166375817311813,0.010623857805040935,0.0081383809922942,0.015645617045378004,0.009286317239387325
2021-07-06,-0.0006683707714863116,-0.00038813317287514967,0.005534006464603915,0.006830498380752282,0.0019301624782664308
2021-07-07,0.0015093562317698129,0.0016215531903317798,0.006419062539348795,0.0037495402155175005,0.004489677564430821
2021-07-08,-0.008474127400523574,-0.010224261068050071,-0.00214416292748772,-0.011355990606232111,-0.006187161372220151
2021-07-09,0.009049572852245363,0.01049501159856917,-0.00014292040355177427,0.00664916418922849,0.00562536155315171
2021-07-12,0.003875025848276362,0.0045952301728463645,-1.1461932970664955e-05,0.0045654801280373145,0.0020462025880635996
2021-07-13,-0.0026356134476526504,-0.0018877543698748753,-0.0023215843721842147,0.0012434976621785844,-0.002105496536268515
2021-07-14,0.0009253139233471749,0.0003268566042306797,0.008590395164705835,0.0036729623666148605,0.004537092428142586
2021-07-15,-0.006700416874447288,-0.009125077500526352,0.0023933994736407395,-0.01341270713121577,-0.0025279697498598744
2021-07-16,-0.015931072366657664,-0.01621844781554243,-0.006192517683104255,-0.01613842992551189,-0.01024714908879334
2021-07-19,-0.008089007768867076,-0.010150144372124421,0.0015280311954458195,-0.002601166226095131,-0.006329430109425789
2021-07-20,0.0073047625088934,0.009809285280236179,0.002316417824374075,0.00794791833097972,0.0074257990171827555
2021-07-21,0.011263427261634013,0.01330398062541833,-0.0028183756991359303,0.011692785505065981,0.0049640929649736746
2021-07-22,0.0031970163925606997,0.004098942864424554,0.00574938234298664,0.009872698567077077,0.004746466687820121
2021-07-23,0.002475608792055138,0.005139252581021594,0.001177755827853435,0.0066740364409175156,0.00413274359913811
2021-07-26,0.0020407428663829497,0.001630399735663345,-0.000855939145345235,-0.003084539291566915,0.0010274518672190249
2021-07-27,-0.004087143463262438,-0.005972181049780896,0.0016045049465702843,-0.007077193982515315,-0.0024974629837561106
2021-07-28,0.0018928766193661722,0.0012993831087122587,0.0004963072086355922,0.0007054948354099488,0.0002308085080278455
2021-07-29,0.0055193279941891,0.005443783655893615,0.0023559093812914257,0.004320908307656635,0.0034518240223767446
2021-07-30,-0.006427587548883162,-0.006327828806255656,-0.0019841678580795503,-0.0039699060195155355,-0.003918619950826675
2021-08-02,0.0014956068305317625,0.0010089377414606749,0.00205080855018248,0.0026258459664009947,0.0011125366184826452
2021-08-03,0.006764375414085925,0.007841177961216226,0.00348542531306119,0.007214051992507896,0.00622655989616298
2021-08-04,-0.0023160846866148374,-0.001792452286481065,-0.00094227981595578,0.003941214795679825,-0.002327202155505715
2021-08-05,0.005675634441752776,0.0074008274882797044,-0.00030933586827675496,0.0077871659715273754,0.0037707054842301747
2021-08-06,-0.0022754539035526747,-0.00039319043231378955,-0.011846103028849125,-0.006363209235910191,-0.004417866645861315
2021-08-09,-0.005294226560320263,-0.003677872221770075,-0.006145652669348964,-0.0031211257947601047,-0.00399883816752903
2021-08-10,-0.00015791993830799973,-0.0011042835178442293,-0.0016610586616347051,-0.00692843387952622,-0.000862619511933085
2021-08-11,0.0027733018770691375,0.001516775409101465,0.004155012854811465,-0.001049155297872195,0.0026302287750427002
2021-08-12,0.005555910394207525,0.007023904539775874,0.00192357668490099,0.010679202037233904,0.00442489209451102
2021-08-13,0.00459481286912935,0.003748629614468599,0.010250924703303094,0.00830851885305069,0.0060645263988307755
2021-08-16,-0.0004603160448566875,1.0881264612252216e-06,0.003777850235019115,0.002657415750919725,0.0021113851165655002
2021-08-17,-0.0079127871048873,-0.009017405326193254,-0.0030469075071030798,-0.010072065211493215,-0.00583249733775476
2021-08-18,-0.011259495071748112,-0.01351134600244025,-0.003494346987330796,-0.014710449378494412,-0.008825614696864022
2021-08-19,0.003751825861379887,0.006157511467597919,0.003464323906845885,0.01618122593224824,0.00407839356064222
2021-08-20,0.012419353035486764,0.015426422558921798,0.00454129898318915,0.02304173094943596,0.009268157194203196
2021-08-23,0.017540548812702724,0.018079776947041132,0.00601144841953688,0.018412993573149922,0.01072491894635531
2021-08-24,-0.0008822000719306876,-0.0007940198802271702,-0.002727554024680435,-0.0038692028977847497,-0.00143015850334957
2021-08-25,0.0022635749043785004,0.00332957791792075,-0.00453398982410149,0.0017613983788047,-0.00057976178934135
2021-08-26,-0.004011019386760688,-0.00537565603128157,-0.0012778060509203203,-0.0061211954884792105,-0.003662997084756455
2021-08-27,0.01165197336418911,0.011322528797320845,0.009285619343837094,0.011190197507335235,0.0095797106193827
2021-08-30,0.0025940908569253253,0.005132531608890145,0.00316508772338487,0.011949903089493405,0.0046679752862562
2021-08-31,-0.0060219644503145256,-0.00616175916891128,-0.003027830916026795,-0.00727169302036522,-0.004476781938013365
2021-09-01,-0.0007643036540564751,-0.0002776749963652602,0.0009760292926781044,0.00187003254459264,0.00032356076253643463
2021-09-02,0.00462546925491415,0.004236977498961155,0.0020492946369067597,0.0013513937093605048,0.0035565970904464003
2021-09-03,0.001956979382965044,0.0026570138310448976,-0.0003725459993289677,0.0060827493758423634,9.03318432162706e-05
2021-09-07,-0.0043506439158166625,-0.0023969734662721803,-0.008306048248658854,-0.0008429957264623302,-0.00444238090647204
2021-09-08,-0.004347359314013346,-0.005087538321279362,0.0008913796471702961,-0.006026791224090969,-0.0017079067154441823
2021-09-09,-0.0008099214989231499,-0.003307035090775655,0.003228788613034195,-0.005770000759888755,-0.0004000254629003848
2021-09-10,-0.007499816149029762,-0.007724292799833466,-0.008629855320181505,-0.008053885128460494,-0.00885481254744305
2021-09-13,0.0059161770356418,0.004332111885860415,0.00413871323155779,-0.000715685024698065,0.00462246069671207
2021-09-14,-0.0018282980408455749,-0.0030037924068337754,0.00422720314602717,0.0011007707271506757,-0.0002165332116063595
2021-09-15,0.008375711675586312,0.009790730704730535,0.0009582129706810601,0.007627633291558315,0.006182865607562245
2021-09-16,-0.00557701987871915,-0.00357465926378646,-0.00775473275807115,-0.00278133633865843,-0.004540708983902671
2021-09-17,-0.010225003039283214,-0.01188441783897833,-0.00679364892015606,-0.014593893745412532,-0.009605957203064605
2021-09-20,-0.016197860394194824,-0.02023031741871406,-0.0008721755986672447,-0.0204917330472273,-0.011260613281903533
2021-09-21,0.0019361239885596745,0.0016881644794657748,0.0013386047711427354,0.003005340660477995,0.000951590518075165
2021-09-22,0.015351759177528387,0.0167533902470628,0.00556544125044215,0.017176309233108727,0.011259935290611945
2021-09-23,0.01004208326905824,0.01329628838444391,-0.0066505190480775295,0.00877998659088832,0.004195037209680244
2021-09-24,-0.0008574594977489502,-0.0007822388368068402,-0.00325205368400385,-0.0047869134856399894,-0.0013834937350730501
2021-09-27,0.0003102710386202372,-0.0024472357205274496,-0.003017109956850335,-0.01223905278575508,-0.0025741749309885604
2021-09-28,-0.018093878127100078,-0.02145185954637173,-0.016926585853729536,-0.030380448057566303,-0.019105604726258225
2021-09-29,-0.00039420851155603744,4.472438122390498e-05,0.000394872597681205,-4.022671552866498e-05,0.00079108327664151
2021-09-30,-0.004080059563478988,-0.00633609149853049,-5.2757823535239585e-05,-0.0026754053392691497,-0.005252412484987414
2021-10-01,0.01428623633848405,0.01442070767354223,0.00875349645505579,0.01102855967312012,0.012334377269748911
2021-10-04,-0.011611561140476161,-0.01603121254015947,-0.005856191265358475,-0.025332310063071586,-0.010927470888852
2021-10-05,0.010169390448415012,0.013939609224757515,0.00028311145434857553,0.018483460854795734,0.007213594267588199
2021-10-06,0.003726777607815476,0.004866433126615425,0.004958320211084065,0.009425866217947417,0.0047860381076919156
2021-10-07,0.004399228903379938,0.007259562557277199,-0.0016334622721104798,0.00879457954058897,0.0032721629985142144
2021-10-08,0.00039077346758808725,-0.00034731540772315,-0.0030262012889534,-0.00417705881260607,-0.001555421177100305
2021-10-11,-0.006491170288792188,-0.0065207024116899805,-0.00366856967999044,-0.00362263593240399,-0.005380002391681436
2021-10-12,-0.0010721437531809373,-0.0030502210338446303,0.005690505000263794,-0.0030012216133714904,0.0009387844742615599
2021-10-13,0.0028014847458483626,0.002426606968270855,0.00930569350114546,0.007024780186641956,0.004922134151564825
2021-10-14,0.0167566876441413,0.0196453603808038,0.009056263050435526,0.02295632848372235,0.014526513855599025
2021-10-15,0.004036166679008813,0.006340739398410355,-0.0031111480407827507,0.0044736187943618146,0.0028472709245869147
2021-10-18,0.005340974208314263,0.006526313772143019,0.00300577221050587,0.0101539512078192,0.004700405778632876
2021-10-19,0.0056858698641267255,0.007294956739081374,-0.00080338935769607,0.005928028490790985,0.0035872095030698397
2021-10-20,0.002153887739348025,0.0018271463523791703,0.0010418487677099557,-0.0012323033644886401,0.001500617576774345
2021-10-21,0.001690801391023,0.003799294667100405,0.0007595073577953401,0.010041437452250345,0.00185375914508082
2021-10-22,0.0034336742842058995,0.0012882471265639201,0.004551350105108725,-0.0015326505819677702,0.0024987698141987853
2021-10-25,0.005130090932215062,0.00542381020650826,0.0026197185100202453,0.004997199534250709,0.00359424449731787
2021-10-26,0.013195920771628736,0.014545887404429865,0.0018642988426865448,0.019666565640907734,0.00696878484483388
2021-10-27,-0.0002759589876879,-0.00051599467890528,0.007643388754202745,0.007427551734159691,0.003369278378171246
2021-10-28,0.00907381299651679,0.01132159084983366,0.0030827295166513703,0.013436772433341659,0.007436711446380585
2021-10-29,0.0032080820188058875,0.004611359303033665,-0.0002356498426922254,0.007371340745764944,0.0021379628933976703
2021-11-01,0.0018726472923250627,0.0017439608362216652,-0.0013183371494677098,-0.00039665448584703505,-0.000173442562290265
2021-11-02,0.004836691830030977,0.006399129484065939,0.003155945739051995,0.010910068074055309,0.0046326030800791645
2021-11-03,-0.0007563140074274125,0.0022367865385422092,-0.003243571272505175,0.0049512774007315795,0.00018372740876705984
2021-11-04,0.018145762715219525,0.020342426425168425,0.008117813752383204,0.03285692484207791,0.011005933501202195
2021-11-05,0.005042722353562175,0.003194145148255755,0.009663811918159598,0.002123577850574485,0.006077170571317609
2021-11-08,0.00648980598549735,0.006862739839928175,0.0003581285135266701,0.008357128387830527,0.00261088967810639
2021-11-09,0.0014262392368139501,-0.0005220895489056847,0.00476567464529185,-0.0009481586019817949,0.0017467946716347702
2021-11-10,-0.013711686820905863,-0.015483403461157024,-0.007822314346091734,-0.019970488372381162,-0.011822227209687102
2021-11-11,0.0053054644444014585,0.005896653551083171,0.0012074894646205,0.009302605518272626,0.0025061457903374834
2021-11-12,0.0025246675471266252,0.00463873992852828,0.002562564912765355,0.00781763230795016,0.004071911822901205
2021-11-15,-0.0026020888830651434,-0.002018796892321897,-0.004772287272285962,-0.004122509719325593,-0.00299219997405186
2021-11-16,0.002488168558738525,0.004214629545081925,-0.000666238994069075,0.005812640418305215,0.002284503093950355
2021-11-17,-0.001961183796948837,-0.00348744879217327,0.00518770350838732,-0.0030163397262954893,0.0009908056498696856
2021-11-18,0.012725531280409711,0.01653110029285639,0.003276602913420655,0.02988081382666156,0.00825657553207798
2021-11-19,0.0006957167152720116,0.003328988346051025,0.00236569179585822,0.015808544039927704,0.0020616024503485653
2021-11-22,-0.004953990913149949,-0.004569454225707425,-0.010886266969935325,-0.011586785575504204,-0.0060380868936862255
2021-11-23,0.0022485123636001372,0.002629485474465655,-0.007021239271527925,-0.003575706194713115,-0.00149951511730651
2021-11-24,0.006083189794714726,0.006171927458501985,0.006379446341923815,0.009454622048614936,0.005792953841390845
2021-11-26,-0.01947236501478135,-0.02469971491034483,-0.00105237844762033,-0.02513105414499985,-0.01357204946359363
2021-11-29,0.013311001496291176,0.018080128819639458,0.0026696980902980853,0.02697160579005103,0.009877471361896937
2021-11-30,-0.007701870420509899,-0.00987109178573388,-0.0015151267892694,-0.004329266182821279,-0.0062919991449500385
2021-12-01,-0.0062892834344999,-0.009335853844363619,-0.00041350546880873504,-0.011810746555362009,-0.004960592467379474
2021-12-02,0.008879831665718063,0.0103190115276471,0.0032513079922554646,0.00559903787624088,0.00766118411587599
2021-12-03,-0.011103890646816448,-0.015005362691587986,0.002099327384084454,-0.019287151616715775,-0.006411083268732466
2021-12-06,0.0035960057962307126,0.00596182438996461,-0.0003021480612004197,0.0034604063669907803,0.004375426090592665
2021-12-07,0.023023136063374226,0.028836671788154272,0.0073754301541415395,0.038320770072708746,0.017490737467127492
2021-12-08,-0.0022811849697690375,-0.0003705648746501505,-0.00397382392561072,0.0006595545320897799,-0.0015372282282250552
2021-12-09,-0.007099145793912513,-0.009192629672087609,-0.0020232771102266403,-0.013671198019927609,-0.0047592822627279055
2021-12-10,0.007549543176258463,0.009700072988013746,0.00585219891776639,0.013196323945538595,0.008510566087946534
2021-12-13,-0.0153304380248929,-0.019322946674009977,0.0016534939964207949,-0.024787792871044455,-0.007938795930261365
2021-12-14,-0.005845351639283663,-0.006840072936295675,-0.007263855165939891,-0.010208254076847305,-0.007257142849665676
2021-12-15,0.015130140381780264,0.020844947135567955,0.004779202215280316,0.032730142128876975,0.011897264350255522
2021-12-16,-0.014435878457458712,-0.020317010302996933,-0.0029053193968261405,-0.03480469885972543,-0.011176790575951306
2021-12-17,-0.00957135714292905,-0.011239594428189986,-0.0002560833068566003,-0.008769500614078114,-0.0059229147475324
2021-12-20,-0.009740453283740413,-0.009955493544258455,-0.007876750577884284,-0.007952474388542855,-0.009428333813642829
2021-12-21,0.017653151214080752,0.021551457211434207,0.0059981231738969205,0.025221424805508163,0.013904666228258021
2021-12-22,0.010073348425215461,0.011084866543348976,0.008637694400932676,0.013339734981926718,0.009861725369329602
2021-12-23,0.0025179295413802626,0.00408277803849158,-0.00020106039766050948,0.00468186512212187,0.002090744143350035
2021-12-27,0.016139073153528836,0.0193039739351102,0.00799381451156095,0.02490957302147357,0.013491237729299485
2021-12-28,-0.004836359915812987,-0.00504824596338618,-0.0031732457008338045,-0.0078872264041233,-0.00345323157607838
2021-12-29,-0.003404067053827125,-0.00237197794149795,-0.003386276712237875,-0.00237750145732569,-0.0025036930711938854
2021-12-30,-0.0027118959596607118,-0.0047675136710767846,0.003186768928534155,-0.0066620523073971346,-0.00101075902896617
2021-12-31,-0.0007823715753473624,-0.0023580727740126696,0.001019212073040965,-0.004511227920136729,-0.00105214444364048
2022-01-03,0.008524120477955826,0.011993328895680526,-0.010279693699292849,0.009905974109923107,0.0014567378684293597
2022-01-04,0.0026212110947874748,-0.00098510064412854,-0.0012060951697014301,-0.01424672783702994,-0.0007993338653690802
2022-01-05,-0.019504077705963362,-0.024189291579913015,-0.011661796208516696,-0.03393962442613644,-0.01777625897464058
2022-01-06,0.00246861550824175,0.002126682520481025,-0.003666505995611745,-0.0015739806985039452,-0.0007480116913131051
2022-01-07,-0.002503446731566013,-0.004041032470286166,-0.0024892431545566448,-0.008610358723173296,-0.0029632134415549702
2022-01-10,0.0007155791291454124,0.00043397059085623497,0.0012902963484953149,0.0017043186387681551,0.0004764149627083401
2022-01-11,0.013146832211591426,0.012660524877414566,0.009032232570315515,0.010868125386134995,0.010545786397460306
2022-01-12,0.002975291775847187,0.0038230916465817493,0.0007816131616968348,0.0052356535360346705,0.00220941425525257
2022-01-13,-0.01611509283703006,-0.020843509649653848,-0.004942202619770436,-0.02984507757725486,-0.01248491520082846
2022-01-14,-0.003106185068165299,0.0003076949006389295,-0.004744047745983374,0.0083212262595979,-0.0023887719527910752
2022-01-18,-0.017540515401339878,-0.019992484642584074,-0.012813227809056586,-0.02389211109226161,-0.016684450653695355
2022-01-19,-0.0067113566188397745,-0.010619466110044126,0.0023394411290951446,-0.013180429095700405,-0.004905954148257605
2022-01-20,-0.008296382013209149,-0.011112340120367624,-0.00258914443113977,-0.014634846385011864,-0.0066413589826481885
2022-01-21,-0.0133547299089749,-0.017228832252424792,-0.004099267189870979,-0.018353817260472593,-0.01116989910876438
2022-01-24,0.0006773925570287683,0.0011249179684464968,-0.0004136189276611697,-0.00044932941658282845,0.00040157698872657707
2022-01-25,-0.006642491040115451,-0.011365127145395924,-0.0053271778184973894,-0.022455628254105093,-0.008300669152995068
2022-01-26,0.0020715378357177134,0.005093844210228261,-0.007630648438404894,0.01021027676711462,-0.00114995104633479
2022-01-27,-0.00413304556387145,-0.005758125734868154,0.0021014366080999137,-0.007656238451599265,-0.0006447652161321647
2022-01-28,0.0214960435332894,0.02798838077893275,0.01171988164245923,0.03826632818290911,0.020845154726607713
2022-01-31,0.018548531301839283,0.02285353214621793,0.00682253638887341,0.029493342708420477,0.014090975924220523
2022-02-01,0.010454873094470112,0.00940661534364072,0.00066779862520871,0.0004133296952842599,0.005347137183869095
2022-02-02,0.006613183937699899,0.00873605914956583,0.00611953169175599,0.013503085963274519,0.00736217689705169
2022-02-03,-0.019949722756064436,-0.024370940346833174,-0.01292240116745154,-0.030721061708789833,-0.019056867148782533
2022-02-04,0.008569117659611988,0.009689727416378345,-0.002669349273682075,0.007390583166522464,0.0033984547569625005
2022-02-07,0.0020619124384786127,0.000579245677685475,8.733460738450509e-05,-0.0010105823403184647,-0.0006980019077850297
2022-02-08,0.0054237242397607004,0.008046094893981812,0.002415512133948845,0.012510045189687043,0.005310869596751864
2022-02-09,0.014129013543058401,0.017921297669350748,0.007405782293817325,0.02589293125788049,0.012001182969159207
2022-02-10,-0.017048431938164577,-0.019597275739564782,-0.014499700132764583,-0.024919794105911833,-0.017381341664903197
2022-02-11,-0.011346718102681985,-0.01958430708326144,0.001813171565463025,-0.030538547364843033,-0.009502056868634609
2022-02-14,-0.0025523899287100754,-0.0014494627342646253,-0.003933269332031835,0.002796562338200065,-0.003536049584370045
2022-02-15,0.016358789040544035,0.02322401909921161,0.0005744637026565547,0.034753076953132844,0.011288454498536651
2022-02-16,0.0027255654920656626,0.0014403936061027852,0.00485390490523093,0.000490504594127345,0.0027019069088077352
2022-02-17,-0.018870103985143986,-0.02566270606727284,-0.0029155400119121357,-0.03368440678335428,-0.01468484697098961
2022-02-18,-0.007174660099077163,-0.009914865925472199,0.0006092504007475297,-0.01405238894675034,-0.004219378137108156
2022-02-22,-0.006080917313001562,-0.00816917165566684,-0.002712821706118015,-0.008675234876013918,-0.00608384403236226
2022-02-23,-0.01731707627371631,-0.020782680415622153,-0.011606311174157615,-0.02678428513534708,-0.01667821896588812
2022-02-24,0.012168434258123688,0.018710125638579697,0.006521376413649205,0.03410989887545827,0.01254708776404844
2022-02-25,0.01368226706215394,0.016356433969948927,0.00715243902471968,0.013034854705020615,0.013145216067454136
2022-02-28,0.001441707640211063,-4.1916835612924886e-05,0.009826118780659195,0.0052439947433727055,0.003945977129527741
2022-03-01,-0.009423300938850111,-0.014395211778848394,0.0027944380928015293,-0.016227220179924572,-0.006919918301580654
2022-03-02,0.010237844458430288,0.01668802339319882,-0.007129052162231354,0.018074330852728148,0.00588391960191832
2022-03-03,-0.003339016292449487,-0.0060797724447915445,0.0027494156803981496,-0.009214175771393315,-0.0018139289501144453
2022-03-04,-0.004639892820068951,-0.010174999152442219,0.005642984415812259,-0.017482608996226952,-0.0028516310797704197
2022-03-07,-0.01942316451964807,-0.026849895142363907,-0.010873163886378651,-0.036699292382944004,-0.0200890688093774
2022-03-08,-0.0006012290961964373,-0.0032361708964878744,-8.805533068730474e-05,-0.004037326540080814,-0.0037883561657222195
2022-03-09,0.015136810070347761,0.025635427690337775,0.001228747780398725,0.039690542389449156,0.015185402617249169
2022-03-10,-0.00616268514322785,-0.007682241516609276,-0.0074667033239667,-0.014424999579642746,-0.0076824921314067
2022-03-11,-0.013992448943165862,-0.016310404936637265,-0.00656209527328735,-0.019057452220836053,-0.011422823730665535
2022-03-14,-0.018245322948892237,-0.01748955246353109,-0.016109120208021688,-0.021608500000425957,-0.015722707927627626
2022-03-15,0.013477446106131687,0.022375424027971595,0.004730698283152675,0.03863776097288026,0.014211922137424251
2022-03-16,0.024962179319576863,0.028518652374765932,0.014361664212628529,0.0342606349624228,0.021132799166199593
2022-03-17,0.008691673455212162,0.0099729887004685,0.00283026689422233,0.0068222063219555195,0.006819954850291014
2022-03-18,0.014597287081373287,0.018483798098581323,0.00729121833924054,0.02848513089596312,0.012445518800187875
2022-03-21,0.0050980088599272754,0.005556978286824455,-0.006066682113440724,0.0029136600994553647,-0.0009243857863133948
2022-03-22,0.004731353356768275,0.008009659783342959,-0.0009275219353725048,0.00808320343681508,0.004977586413779284
2022-03-23,-0.002725554994668238,-0.007908444445084581,0.006881937178308635,-0.010240664856045622,-0.00132323756709292
2022-03-24,0.020030148521331087,0.025124993075314794,0.005499401192770671,0.036287917799925046,0.013625994685647786
2022-03-25,0.0004460914464838499,0.0012919484884858102,-0.004296581355205645,-0.00364512513665252,-0.0005245371719028854
2022-03-28,0.0011490173204543376,0.0048280759869142,0.001982946900843435,0.01238023706487375,0.004373405541990331
2022-03-29,0.008379570276375226,0.010648289731909368,0.00818085718488412,0.01470042648695635,0.00993288851265145
2022-03-30,-0.002877918469553813,-0.006284237589545575,0.0023096244076839197,-0.011452603498478675,-0.002009580944431624
2022-03-31,-0.013356910236047587,-0.015637514476869462,-0.005443374250950331,-0.01468023871055369,-0.011349415699341846
2022-04-01,-0.002483892159813975,-0.0023917412665366497,0.0006852641564700898,-0.004491404155077061,0.0002035322144532797
2022-04-04,0.00965857377763025,0.012411418220243966,0.003430834508565795,0.01765208789392591,0.007714804912305155
2022-04-05,-0.017806747051285838,-0.018905029863342727,-0.01485941272503092,-0.024376762611274912,-0.016210575799764253
2022-04-06,-0.01654156488183681,-0.02013705878093323,-0.00799980895115871,-0.030244511737271138,-0.013466282119343155
2022-04-07,0.0018601826048491373,0.00242614561861405,0.00022404383641658519,0.0005422601123821,0.0017176182114260398
2022-04-08,-0.0049224105062824,-0.007685518440209313,-0.004352048513708305,-0.018502948122609497,-0.005408015240539746
2022-04-11,-0.02287482988786746,-0.026167392133697207,-0.012673811016680785,-0.03234196798469415,-0.019650686580947548
2022-04-12,-0.0007567702936286374,-0.002402910572907555,0.0003396874713849901,-0.004875473423132695,-0.0012222461174849252
2022-04-13,0.0085921783958677,0.011678704753232173,0.007147542208404139,0.019199126471886784,0.00922008465111384
2022-04-14,-0.016619329207198948,-0.01897752429458754,-0.014430957929283244,-0.027943777849187487,-0.016408923611170287
2022-04-18,0.006390271013634125,0.0065590618624969,-0.0007847734133819849,0.00642586530672831,0.002145720336568005
2022-04-19,0.0069413410020367616,0.011614988037856966,5.313122809557437e-07,0.013842948140217535,0.00729780662203018
2022-04-20,6.394358805517504e-05,-0.002788905647254794,0.00818044348681939,-0.006249061869986104,0.0032017911023434
2022-04-21,-0.016116044001330026,-0.018822766033655885,-0.009176137280811455,-0.023964299538989056,-0.013431364924750404
2022-04-22,-0.0223840269201476,-0.025475396425535327,-0.015463463631487083,-0.026182365843035,-0.021213818114830803
2022-04-25,0.0018475790994198623,0.005295266579461695,0.002304378960352394,0.013216494008145695,0.00463741651083996
2022-04-26,-0.022161452449137226,-0.029188200428744156,-0.008520181155553022,-0.03644103379394592,-0.01970315522830397
2022-04-27,0.003096171609947175,0.00525731292044992,-0.003202678199864375,0.006099873023312481,0.0021123834867344147
2022-04-28,0.027528258089349365,0.032568191832369336,0.012838027184810759,0.039638424385858725,0.022471840186899024
2022-04-29,-0.030689811208668438,-0.036483237569868834,-0.019576130111006795,-0.04140930560177097,-0.029234939980705407
2022-05-02,0.00913192763645835,0.014010744057379239,-0.00754580895362561,0.019152076663786845,0.0032818803415749095
2022-05-03,0.007461614813154762,0.0063722610983939455,0.00440550621716097,0.002081866952555765,0.005511906957667375
2022-05-04,0.028264899832681392,0.031785823601809336,0.017025430426876632,0.03219759223583837,0.02526488127528411
2022-05-05,-0.034934630925421206,-0.040345980741079764,-0.02616858128034338,-0.05002866038022561,-0.03390051960567562
2022-05-06,-0.002383711085206587,-0.00283275671143625,-0.006770009027765485,-0.00497137135711373,-0.00510762726254898
2022-05-09,-0.036761206888555734,-0.04205263011345217,-0.013652732207582872,-0.0457126218880986,-0.027220770428389107
2022-05-10,0.007244200811250625,0.009748763482165313,0.0034915708620262193,0.018568001358496344,0.00626438401396533
2022-05-11,-0.014229041758398737,-0.022132930133128982,-0.0002311896905034058,-0.035984966146175384,-0.01141073932700408
2022-05-12,-0.011095244922626136,-0.011883415808757958,-0.00714213596614602,-0.01956957111198876,-0.008140364401783057
2022-05-13,0.023592707674250972,0.03106310769851601,0.0026973206447085513,0.03973290698299876,0.01671246951209504
2022-05-16,-0.0016479661449673002,-0.004061210760299954,0.0003443301969752652,-0.008728572723073714,-0.002015590892654735
2022-05-17,0.018345146780707623,0.02361237607911724,0.0026604239920208056,0.026830377211409642,0.013671009054074215
2022-05-18,-0.027691420636585303,-0.03779790009880533,-0.009597006888477741,-0.04748228777148676,-0.025043317230375978
2022-05-19,-0.0019761494605907252,-0.004222200831742651,0.0012581473342477402,-0.004404051076823521,-0.00295075297908849
2022-05-20,-0.0016835888099868876,-0.0031665395988453755,0.00425082450452777,-0.005745805718043925,0.001167754592030255
2022-05-23,0.021905991316826426,0.025140054606998658,0.004624211460980631,0.02330917882887516,0.01574736505094636
2022-05-24,-0.0035024297491834744,-0.008669568872343278,0.005338223636895364,-0.01658157272685889,-0.001513581831074445
2022-05-25,0.0121229728164449,0.01428406248303785,0.00314251657902749,0.01700475022471391,0.00840683196077477
2022-05-26,0.015263426877375051,0.019910639144813006,0.0057519820218972055,0.024598395108641296,0.013132226255344047
2022-05-27,0.0217024809109036,0.027003204824296738,0.011767673331468382,0.03436547041641626,0.0198561015184563
2022-05-31,-0.007924384216789763,-0.00651583244315787,-0.012081486827928065,-0.00683170522037136,-0.00904010675755793
2022-06-01,-0.0023678509612875135,-0.004253951073031439,-0.0011767208620901402,-0.00537743893482721,-0.0031691140978618655
2022-06-02,0.017548941649818225,0.020963017556197113,0.010207997260912911,0.027040825265658604,0.01466249948189154
2022-06-03,-0.015973113428985948,-0.01960866904197206,-0.01097207754927581,-0.027994549600214177,-0.014900934200675188
2022-06-06,-0.0026974779642615376,-0.0003564343522258601,-0.006616624134422195,0.0003267407244163901,-0.0031261345340099704
2022-06-07,0.01429447120465365,0.013958137931077065,0.009864328629462125,0.012052823050374105,0.012118433131148344
2022-06-08,-0.006495499077783902,-0.00769763086561401,-0.00722987498420802,-0.00891849666505929,-0.007870907565869901
2022-06-09,-0.019396648013887872,-0.02353780012086405,-0.009601871229034,-0.02578852177529676,-0.01738999949163673
2022-06-10,-0.028590708192693187,-0.03471741340622417,-0.011675955222545945,-0.03966384937107062,-0.02455427622944982
2022-06-13,-0.04128786623726256,-0.043779764514905416,-0.03301110118915152,-0.04830384862186176,-0.03796797162341011
2022-06-14,-0.0012131594387963626,0.0010061276151461396,-0.006525825471188304,0.0055062298688279086,-0.00288767150792305
2022-06-15,0.017336399275111658,0.01909627719576943,0.01656194269918081,0.02709435096984984,0.017154919179704117
2022-06-16,-0.023825708293226347,-0.031116685977705266,-0.007670245657742455,-0.03466812129596984,-0.021037087406322617
2022-06-17,-0.0029599448645932632,0.0002232940209275742,0.00084241702484923,0.010162545036174345,0.0006585920413678851
2022-06-21,0.024005846483755627,0.02904268595322781,0.003552258612017575,0.02787932257148307,0.017292343012859344
2022-06-22,-0.004272100587544262,-0.0061971603956117345,0.00976602028884904,-0.0033641717778580753,0.0017600968779222755
2022-06-23,0.0008431015719784995,0.0038384348596606443,0.006494030923470095,0.010564151024194845,0.0064141584434060156
2022-06-24,0.022603815791278185,0.029304159259447647,0.007377011849235926,0.03257675326305762,0.019386771721282038
2022-06-27,-0.002808690375174037,-0.003612781326357485,-0.004934969994964315,-0.007430995103412415,-0.004129338053754451
2022-06-28,-0.01357633718682778,-0.019782600437216694,-0.00798810896795935,-0.03144451909559938,-0.014020883903814762
2022-06-29,-0.0033963708652213877,-0.003569785865147725,0.006415102822909394,0.0006776379551165045,0.00208818818796824
2022-06-30,-0.014092908827128527,-0.01542069493277579,-0.00244318502474436,-0.015045873056200861,-0.00862132949816843
2022-07-01,0.005002346461716951,0.004362380668838331,0.00790206270148655,-0.0017125670991269182,0.00801588020050523
2022-07-05,0.001916166080666075,0.005578509580075128,-0.00040942646574241475,0.01508902638412694,0.003027522575435835
2022-07-06,-0.002536841665758725,0.0017829590105677999,-0.00770476599407835,0.00724577807379471,-0.0021928326611376204
2022-07-07,0.018038459009527448,0.021106726612520575,0.003163187007986845,0.021919881176700656,0.012027597623906745
2022-07-08,-0.001534956354634775,-0.00078432683097739,-0.0039176340453828595,-0.0004814746383284099,-0.0024027374766138502
2022-07-11,-0.01095095678345175,-0.01456050140671287,-5.792253119531451e-05,-0.018579364276478365,-0.006815109512757775
2022-07-12,-0.0072160371441632246,-0.009149811204120928,-0.0032115335448664097,-0.01090799450680275,-0.0065430045163022595
2022-07-13,0.0005997985724525625,-0.001162832116509855,0.00332055279129012,-0.00018620097626095505,0.00030968282960256506
2022-07-14,-0.005003799722016089,-0.0012780290533276166,-0.005802659198780255,0.008420566297245165,-0.00336305814154963
2022-07-15,0.016576082273270436,0.01830621767826417,0.008291279930520095,0.014849579701013759,0.014197781937580908
2022-07-18,-0.0022882941745758635,-0.003033266797084431,-0.0074009530479978046,-0.00390156039669318,-0.006421231462732509
2022-07-19,0.022102606759584604,0.027026711040014372,0.009188964643129665,0.029609351836810315,0.018631455260139703
2022-07-20,0.01030508328235845,0.013140415245518282,0.0016833177601757697,0.018624718458134633,0.007160853504930329
2022-07-21,0.008777918185462398,0.008907473504104865,0.01387394328366118,0.012731822798600466,0.01110776378773078
2022-07-22,-0.0084985455801935,-0.012432123557984658,0.002472939605264665,-0.01680771780032654,-0.004787770602899174
2022-07-25,-0.000538191983902263,-0.001137556675990436,-0.004408587023153074,-0.008021016910055336,-0.0021191783098842404
2022-07-26,-0.012025629887267573,-0.01459632579300023,-0.0053575329285170045,-0.01790624710581753,-0.010083930286449513
2022-07-27,0.030667679145091848,0.03705658484507495,0.013424287257366649,0.04840250056718459,0.02477792347012287
2022-07-28,0.010457472402769489,0.011390873965180851,0.011200995649646595,0.013643057250610501,0.011354706433648509
2022-07-29,0.015522824899496662,0.01752096902147397,0.006548158290354136,0.016794362773980543,0.01273858824698164
2022-08-01,-0.001128317258599438,-0.0028629370464244752,0.008163847009670194,0.0009004768336708648,0.00176235934409588
2022-08-02,-0.008721631103502549,-0.007419634814832525,-0.011907851067607979,-0.006382719514821305,-0.009976857852648482
2022-08-03,0.012226156091166451,0.015515398938334193,0.01412231020383947,0.024731606117143663,0.015376147414319868
2022-08-04,-0.002282176811242475,-0.0017726212727348,0.00392754523665536,0.005532492209843471,-0.00022629271543588998
2022-08-05,-0.0009735494943035371,-6.783461387609991e-05,-0.011849625501277534,-0.0059458591255746405,-0.00522913364272485
2022-08-08,-0.0072648660352427116,-0.010968732895493027,0.00681578485165946,-0.017704087112802268,-0.001012462709385924
2022-08-09,-0.001215159984049113,-0.00314480275672202,-0.0014183831026340298,-0.00872891420980194,-0.001739026500222855
2022-08-10,0.01965097695110979,0.024806893834020287,0.00591190960620868,0.03011493867254667,0.015581037327348656
2022-08-11,-0.0003293894538019251,1.400308180799502e-05,-0.009409446957765836,-0.006396697827226446,-0.004351688704970525
2022-08-12,0.01784189468501259,0.019906487565914423,0.0128505940251812,0.023809156159861216,0.016119586029643234
2022-08-15,0.0005200134549152879,0.00316787781200334,-0.0016995678255509001,0.00716707553265002,0.0012549544979545552
2022-08-16,-0.0008685433955531249,-0.0010990641945635548,0.001429536838843765,-0.002474139292634685,0.0006006294174220549
2022-08-17,-0.005873901389007963,-0.0060518973896184205,-0.007092130668146635,-0.007576577640871799,-0.00606059381107036
2022-08-18,0.00441457781564955,0.00490689325820132,0.00042451880629985,0.0047917289967140805,0.0024173057458863104
2022-08-19,-0.017870028572263837,-0.019049340783179845,-0.012945111050008876,-0.022730732039041895,-0.01540854650876513
2022-08-22,-0.018266576173223862,-0.02213900846407617,-0.01170183562717376,-0.028134689913928593,-0.017008747741399165
2022-08-23,0.0041921938420436625,0.003010723279018995,-0.0012415694118473846,0.00018250032668326498,0.00013786059770656004
2022-08-24,0.0011253055591860252,0.0016903173746396852,-0.0008918295071254047,0.000718871897790875,0.00043222051499722497
2022-08-25,0.01577237929851055,0.017192657016309645,0.0111794629605611,0.019502937882091474,0.014088642662218381
2022-08-26,-0.031508833093814165,-0.03848193121428084,-0.014369032111154815,-0.047449466751063145,-0.02604953459407412
2022-08-29,-0.0057882649384741,-0.007869068563321015,-0.005942630999928775,-0.014521392105412376,-0.006726962412332896
2022-08-30,-0.012451763720110726,-0.01356034895798635,-0.00570011940866291,-0.013164684660904941,-0.009509682778904741
2022-08-31,-0.009854095799500225,-0.0101861927477408,-0.00837730395564018,-0.01213515772349004,-0.00886167144270903
2022-09-01,-0.013891773889534874,-0.013089763043495416,-0.007633332877546534,-0.019893887266111816,-0.007770383031501126
2022-09-02,-0.0044789613729463735,-0.00844220281019694,-0.0004960903610851298,-0.01363002656593382,-0.00518001209130308
2022-09-06,-0.009167252857708013,-0.007995644217781745,-0.012220339199746364,-0.010227740044987315,-0.009765603441159211
2022-09-07,0.012696214436167037,0.013910543895279551,0.01488544814998629,0.01578412514305078,0.014767067441089904
2022-09-08,0.004240663376257275,0.005794619303769015,-0.003527421873041375,0.003210835726962525,0.0014207926532009548
2022-09-09,0.014349076561924287,0.016944076136608005,0.008849582264182825,0.020254060430891636,0.01308836283193098
2022-09-12,0.010740565722021037,0.013111565135267188,0.003954868029075745,0.01520243499540915,0.008880825824779219
2022-09-13,-0.040082136408756124,-0.04847307818375788,-0.021165863028132056,-0.05915249134214861,-0.035061943495456924
2022-09-14,0.004483784055816726,0.00469194242791952,0.0019089256319943049,0.0031116733301230102,0.003784716033601735
2022-09-15,-0.0132368096827256,-0.014386468784001018,-0.010604900775239975,-0.017971186973586076,-0.012034267622803137
2022-09-16,-0.003370460605139412,-0.003339502569865335,-0.00449732424263779,0.0005256399711177953,-0.005288174450665715
2022-09-19,0.0072628852631128,0.008724601522137729,0.0045454917413774954,0.01084997667779551,0.006829629551499055
2022-09-20,-0.007902849004081662,-0.007669944159509726,-0.007999812666467045,-0.004554095430651166,-0.00802561016988597
2022-09-21,-0.008656827200441888,-0.01202442707239265,5.586581787343015e-05,-0.00860991686756911,-0.007685986530664104
2022-09-22,-0.012593695374632275,-0.01256194902808169,-0.011500419628759995,-0.01523288561554731,-0.011312635262498465
2022-09-23,-0.016647828970421188,-0.016742116365203022,-0.00930692744448044,-0.011023914278232391,-0.013327724612293597
2022-09-26,-0.013191978303366263,-0.011636603932765001,-0.012550663604433535,-0.008702529740660481,-0.011678675934785582
2022-09-27,0.00032960277096352525,0.00196066475388063,-0.009359945250317104,0.00273197578176591,-0.004371802206661335
2022-09-28,0.02045399375782919,0.018255248606657875,0.02317123185935767,0.013935059382400075,0.020499102322072606
2022-09-29,-0.018709148295107877,-0.023054327570081034,-0.01132303258173191,-0.02951257255475463,-0.0177327744987362
2022-09-30,-0.014428953222927777,-0.01602222518131249,-0.011612123905603088,-0.01697092267807792,-0.014814476217859817
2022-10-03,0.030681617048327545,0.031252687949575565,0.02278000835629946,0.02975588071352279,0.02701278549578738
2022-10-04,0.02969191687045476,0.03341402234305224,0.014872150597314716,0.03317102950400096,0.0244419269283783
2022-10-05,0.0021456545736212003,0.00244869509619315,-0.005262646821270095,0.0005279525805899499,-0.001384434442313615
2022-10-06,-0.0037499224795365747,-0.005326936951484825,-0.006136573020705075,-0.007450963607476315,-0.006299602480845605
2022-10-07,-0.030809582263650402,-0.03619047358583384,-0.018885252222363105,-0.04717907234252368,-0.027074895108999342
2022-10-10,-0.015246054729555687,-0.01443314715082749,-0.01247934278403523,-0.01582457671286395,-0.012428303259074566
2022-10-11,-0.00944079888683105,-0.010331135679511154,-0.0022155848743930203,-0.009382328079116604,-0.006465480229511181
2022-10-12,0.0021261003162309122,0.00016730533206579,0.0019103853939291947,-0.00261182119360766,0.00070955162677752
2022-10-13,0.02645787395413332,0.03151054067117833,0.006398988759640026,0.030939333717562044,0.02028027935258925
2022-10-14,-0.021367682895887176,-0.025365864878513913,-0.015663310355256893,-0.0338979029911325,-0.020068619006603023
2022-10-17,0.025920662977617966,0.031053026091386597,0.010142184778899666,0.03556611394028529,0.02090917530137585
2022-10-18,0.007986662993956525,0.008933891652690984,0.005557952183894835,0.007021799320771164,0.007853459004902525
2022-10-19,-0.0036648730392882627,-0.0024489299416472457,-0.012232745137856015,-0.002814433000515645,-0.00737789364903586
2022-10-20,-0.0027212385562958626,-0.00214082837142226,-0.009126877308790544,-0.0003906543872404398,-0.00648029296016011
2022-10-21,0.021231155096693665,0.02437219292161799,0.008056265723739131,0.022296868938944885,0.016587806048675158
2022-10-24,0.0069506922339331,0.010304406139996076,0.0017670107248783653,0.012924981540107816,0.0068488974113881645
2022-10-25,0.016111723944690463,0.017998791412828133,0.01720606488840191,0.025383123985734675,0.017372580792644757
2022-10-26,-0.01095992956116475,-0.017151963333502395,-0.00046598443781103587,-0.031168476001717002,-0.009004096192838935
2022-10-27,-0.0021441332781585378,-0.00438790915733661,-0.0008356007586759556,-0.007482334322464409,-0.0034776452550214303
2022-10-28,0.026698171221046296,0.03406695234744918,0.007967479228265035,0.04414243851547622,0.022063572349957372
2022-10-31,-0.009841524246899824,-0.010973539578853634,-0.00826553618574122,-0.015754598650557027,-0.009144206057928612
2022-11-01,0.0014923726547325497,-0.0019996514924949605,0.002778909999459965,-0.0074775164696188725,-0.0005339334481405149
2022-11-02,-0.020345730825754398,-0.024305216342479907,-0.014424605148081214,-0.028479275110983655,-0.020300395786445314
2022-11-03,-0.007224711284205176,-0.00954928170719148,-0.009378775562574115,-0.015430361820921138,-0.010428019868164586
2022-11-04,0.0190851722641995,0.021039447886271302,0.0076807712804529155,0.024389465153980775,0.012535651810684134
2022-11-07,0.007020486943762137,0.00991893608256781,4.581382534354522e-05,0.011591615139412922,0.0056418428077004
2022-11-08,0.00910216911460825,0.007869898047219345,0.01164882339937848,0.009913793481109923,0.008482875566075899
2022-11-09,-0.023610682001686277,-0.027332725983977464,-0.00889653489236481,-0.030378725165113824,-0.0179947395086586
2022-11-10,0.06178240510068267,0.06994986955987552,0.046125446870872534,0.09032282793484515,0.057054682502572444
2022-11-11,0.014796542203713623,0.016786957838765482,0.005086081090540065,0.019824127155205016,0.010416236836206575
2022-11-14,-0.006258929547391575,-0.00796723815178079,-0.00446274677543427,-0.00977567819681908,-0.00691340274827304
2022-11-15,0.008007911942256874,0.008519673687339496,0.009781633360163489,0.011358370129448934,0.00904531159157156
2022-11-16,-0.006157804081959739,-0.009642676624298095,0.004465725736458914,-0.013133166010056206,-0.0019118002179860203
2022-11-17,-0.0032235188251969627,-0.002240821456906145,-0.005789809481835069,-0.0018200552275158951,-0.003515302270948455
2022-11-18,-0.0029133576573749506,-0.0017219109077565853,-0.0026744121051538354,-0.0038116648435807757,-0.0010855687559976756
2022-11-21,-0.0056283701797858006,-0.00618986126130767,-0.0019250831221084602,-0.00666658457345697,-0.0039014310920988593
2022-11-22,0.018343743470814387,0.019627468169824892,0.010646318295289049,0.02129783078106139,0.014910692708947825
2022-11-23,0.010246403695691748,0.010274906428209104,0.01036968845554245,0.013710056396994416,0.00973353705383469
2022-11-25,-0.004925095532804912,-0.005598570453930829,-0.0020366186339037798,-0.00891770669711166,-0.003500437791311105
2022-11-28,-0.018149833081502812,-0.020491398942176768,-0.008247661781304975,-0.021809027773803474,-0.01449045120319182
2022-11-29,-0.0030434341280881874,-0.004300154466718046,-0.00473737545935059,-0.010332297677004216,-0.004597631566691345
2022-11-30,0.03291670678564339,0.03968144091590082,0.020730573103088228,0.053881031752398424,0.029869968059170842
2022-12-01,0.0054201482532164995,0.0023419949961502548,0.015563029016383309,0.005570039622919134,0.00766491334776551
2022-12-02,-0.003204488288091138,-0.004052199851100875,0.003087583869954435,-0.004014811181394945,-1.817922942310013e-05
2022-12-05,-0.01840505313434589,-0.017996445783581557,-0.015933108328923064,-0.014918190603236377,-0.01706197273943956
2022-12-06,-0.013512463668774012,-0.017912099114464675,-0.00141582232769292,-0.022176589790736313,-0.009944256127294385
2022-12-07,0.0024346147363613875,-0.00036382166858813474,0.009154075306204774,-0.0007564322140525047,0.00360760778055245
2022-12-08,0.014183078056141,0.017096828934415775,0.002827940537752635,0.023481816973037025,0.008880969380796536
2022-12-09,-0.008126145747348799,-0.007559110725125574,-0.011031734392576669,-0.007549877465221425,-0.00978824711678573
2022-12-12,0.01577280895713601,0.018868422930119966,0.00564292447106579,0.0210816696748093,0.012964726737738156
2022-12-13,0.012392980381361614,0.012456578732117965,0.01113325977618321,0.016190166862469456,0.010743002519680175
2022-12-14,-0.006663613207502725,-0.008201369744780996,-0.00174984477574652,-0.009964808946436437,-0.00478290408296429
2022-12-15,-0.02386686405681491,-0.028121051896826246,-0.01400140246301246,-0.03419806993211331,-0.021056615769615244
2022-12-16,-0.010239417315918263,-0.012559537445549853,-0.00687063335304208,-0.015494749059628107,-0.010474099828333064
2022-12-19,-0.008753130822923375,-0.00991163668193674,-0.010792043264958334,-0.015344885511952589,-0.010368672188450345
2022-12-20,0.0017737939205011496,0.0014168546196219101,-0.0014016448779816792,-0.00118084039597432,-0.0004595499622530799
2022-12-21,0.012556024634953625,0.015272249756036919,0.006685824307266995,0.017423002372707268,0.011536706311483666
2022-12-22,-0.022223659030218865,-0.02529102554432274,-0.00983377396050081,-0.03268414944706266,-0.016267609569640896
2022-12-23,0.002009787265968125,0.0025937094746007203,-0.0026823894066796247,-0.0020207109700249902,0.00045394718669120466
2022-12-27,-0.011316803883751725,-0.013710144897968131,-0.007060679828068369,-0.024320243006683083,-0.00931884045843804
2022-12-28,-0.010093220117826963,-0.01176684774729134,-0.00896394862712981,-0.014123887102992179,-0.010921718566245535
2022-12-29,0.018075445745474126,0.02113046787428731,0.013570257095090795,0.027635068910305538,0.017410584132148306
2022-12-30,0.0007354587251628124,0.00042972319317444017,-0.003637571117017244,-0.00114623757679721,-0.0020542742468368396
2023-01-03,-0.007796898103668088,-0.011184975080457795,0.005588814433869434,-0.013975069973421175,-0.0030208481774051
2023-01-04,0.0049945893351016745,0.0038425761262637203,0.007792615886348274,0.00153585517638142,0.005168082341222424
2023-01-05,-0.008823768865063199,-0.01201041003620909,-0.00708578608719455,-0.02039013788271934,-0.008961138444994689
2023-01-06,0.02268473933814675,0.024243399131392042,0.02042424917685723,0.0278499667706548,0.02207734710443249
2023-01-09,0.006226498688291914,0.007796616261493365,0.002946074397773335,0.016688111761246415,0.00392274475031558
2023-01-10,0.0060101702255835505,0.008006415282632845,-0.0021660173043847354,0.007921652343114465,0.0028128319532168843
2023-01-11,0.013050498736024875,0.01441603254729412,0.011878167725833165,0.01695871923508319,0.013985464977675936
2023-01-12,0.011674369981580661,0.01046786636376456,0.01142419210207314,0.01283240451990552,0.009843876544356266
2023-01-13,0.008470399159661822,0.009058698542596774,0.0015407832092482704,0.009872872185502054,0.00440312161439096
2023-01-17,0.0035895070459158254,0.00629503863647244,-0.00377650295871384,0.01431358563012899,0.00026117951785402995
2023-01-18,-0.010954043046753976,-0.014330381044143518,0.0018139400196297496,-0.01195479028004522,-0.00683974692086696
2023-01-19,-0.006976047800592274,-0.009714702030800888,-0.0012083075136740946,-0.013418860498584298,-0.005920442029518185
2023-01-20,0.01734928061016611,0.02360244366031614,0.0018292031545107507,0.0315736639442937,0.012678223621726296
2023-01-23,0.01617751255490346,0.02034366943401679,0.00409209084102894,0.028965659029918538,0.011125424366288125
2023-01-24,0.005802735537124262,0.004160636098617475,0.006007599180647975,0.003635960625780205,0.00472890529294112
2023-01-25,-7.848212865075004e-05,-0.0007378847151516699,0.0015816602683319048,-0.0014919113744067199,0.00014455086055102496
2023-01-26,0.014245248524893337,0.017245382883593806,0.0016809679684142151,0.018539718166766497,0.010120473086551791
2023-01-27,0.0031641872926779376,0.005209868787445165,0.00017423215328557517,0.010839016152704165,0.0022232377414280503
2023-01-30,-0.01826164509127781,-0.0212357776000709,-0.007787078969987109,-0.027470900232771156,-0.013847307669051614
2023-01-31,0.012934860564008801,0.014452012732649363,0.009620042190944499,0.015187981416477534,0.01246771802241436
2023-02-01,0.015181940307431726,0.017498867115987707,0.011936643430453024,0.02777528873719033,0.013085851089901955
2023-02-02,0.00995962965012136,0.017150263864516218,0.0038294259471075994,0.031341281149270366,0.011704831570340706
2023-02-03,-0.006926778178861501,-0.006503768793564465,-0.01462367981496971,-0.010408399957882637,-0.00941168993716497
2023-02-06,-0.003977534709417662,-0.00506063467128028,-0.005108029472858625,-0.0073246482649662395,-0.005633418642564469
2023-02-07,0.019922764191920534,0.023888671803274766,0.0044080212721381495,0.029773542759758874,0.013798189036962286
2023-02-08,-0.004843628900665413,-0.0068422425832883995,-0.00203470365319813,-0.00610668741708155,-0.0054182407417991746
2023-02-09,-0.006308778146370787,-0.006109439619347696,-0.00882302367292942,-0.005326241166562745,-0.007869416978433456
2023-02-10,-0.0009863898313358871,-0.0023503615889116543,-0.0027153542565097246,-0.011991233230124566,-0.00125338682200176
2023-02-13,0.01208500714614385,0.01499412940823361,0.007700244647424889,0.020588799571482977,0.01186655260251577
2023-02-14,0.005487555803746063,0.0070586435887476946,-0.0008097399242450049,0.013154672624921435,0.0016948599340740004
2023-02-15,-0.0022450527079322627,-0.0004995147711160554,-0.00448524110221638,-0.0012527179603883953,-0.0015253058918509451
2023-02-16,-0.01449748768078899,-0.01644023706679517,-0.01114678670156968,-0.020446135837538237,-0.013948358137993075
2023-02-17,-0.009785071182458163,-0.011293713911224194,0.0015613811940098897,-0.012600345889140774,-0.004505226160618835
2023-02-21,-0.01805134937129242,-0.02038336895928347,-0.016133915367657722,-0.02462730899077027,-0.018719564744296816
2023-02-22,-0.0019198519830800872,-0.0017645895424471902,0.001302692896199495,0.00074463409202804,-0.0001727997177837398
2023-02-23,0.023530401115503224,0.026983460329122414,0.005696104031215385,0.040376604148843115,0.013259904501438996
2023-02-24,-0.009691271162997023,-0.011133764550347413,-0.0115431894907989,-0.016552989802989575,-0.01138057967774191
2023-02-27,0.004784168088516312,0.005066139125469075,0.0035733551632831048,0.006158577366583825,0.00414834066008479
2023-02-28,-0.0013185165684496,-0.0029908024931662148,0.0012999621395268948,-0.004732693620382584,-0.0010472353992998051
2023-03-01,-0.00683234615551075,-0.008252114525262524,-0.0048115100072877,-0.013120829869814075,-0.00655030885103954
2023-03-02,0.0054328094531130135,0.00853157476487972,0.00027218700192645044,0.01342427153413238,0.0043359772972385545
2023-03-03,0.01980584100257135,0.020324988983517846,0.018558290108651693,0.023263819340686356,0.01949066694783662
2023-03-06,0.00019709134075164992,0.0014346697244990447,-0.0025304946507003247,0.0021300825162013353,0.00010784578992183479
2023-03-07,-0.013953264290443464,-0.014705096711867394,-0.00807657289680394,-0.011919522953071774,-0.011388328982187064
2023-03-08,0.0033217075188498374,0.005124418573996139,0.00104533635897708,0.01150846414027446,0.0022723614264729955
2023-03-09,-0.014896769283594374,-0.017858316827241504,-0.0032310675535032144,-0.014943128126851744,-0.011650681178319204
2023-03-10,0.0007356779979719125,-0.0068162431694002755,0.011698984572151586,-0.011551670699254635,0.0007834672058410913
2023-03-13,0.0036355277317795844,0.0031710777418757106,0.00784042085809324,0.009734884859294867,0.004250350368826374
2023-03-14,0.014079881329947164,0.01930059814842619,-0.00018607984160864485,0.023595622993642294,0.00989241258282696
2023-03-15,-0.006102737123950988,-0.00581061271481616,0.007856089636158714,0.007244914629234,-7.96768426654014e-06
2023-03-16,0.017346641343739186,0.022470427511929972,0.005991879715315525,0.03069751757317167,0.014091192612110942
2023-03-17,-0.0004599011329658254,-0.00365604449227076,0.009337520386364484,0.0038137023884205197,0.0003276882805731556
2023-03-20,0.004304041946601687,0.005132391965009006,-0.0006133660098981193,0.0001515089821408054,0.002791563145701175
2023-03-21,0.010808595728639937,0.013448926937667326,-0.0029049836210849936,0.007891774398408345,0.00691190534077588
2023-03-22,-0.004959124130018826,-0.008255880500274556,0.0030806246577549344,-0.002108792106089575,-0.004973832350611515
2023-03-23,0.006911588256824612,0.008008217957639074,0.005280100883895296,0.014534143249122134,0.0055371009695001205
2023-03-24,-0.0013602937201630007,0.0004289370104044347,0.0015750739340490043,0.001541676411379675,0.002435583060486045
2023-03-27,-0.002097350863041737,-0.0015844094590388446,-0.011336247079941299,-0.010478903129711866,-0.0056257135398267355
2023-03-28,0.001321832182632875,-0.0004148480838296449,0.001604019095674665,-0.0030117152396492847,0.00013078849486113507
2023-03-29,0.010933506902897999,0.014310908868991255,0.0043658712558192906,0.017008883846664005,0.01013317064257139
2023-03-30,0.007329572959597901,0.00792474341747958,0.006752488239687715,0.01088439622346984,0.006956138482233275
2023-03-31,0.010315891454071087,0.01212819237467992,0.009698860629169099,0.01385132028437204,0.011871507478520515
2023-04-03,0.010540750838578875,0.00894676822598991,0.004789780226265205,0.0038566095034459494,0.0066246439642304355
2023-04-04,-0.003324243165156238,-0.0057588686292918394,0.00456489121874177,-0.005084682220463549,-0.0014874162481713252
2023-04-05,-0.002044762729494349,-0.004612121262376409,0.0016150829707076353,-0.010413651855511389,-0.0011341074829407448
2023-04-06,0.0023132066610251248,0.004504648257435844,0.00184352866440615,0.009565759373774334,0.0036782716086593806
2023-04-10,-0.003392617966517075,-0.0015591407870894052,-0.008363285142302314,-0.0018984335726888856,-0.005015408191201105
2023-04-11,-0.003059796951455838,-0.005082894526785614,0.0008688971325993849,-0.010822121708839746,-0.00203122564662595
2023-04-12,-0.0035301954772596,-0.004969766184368079,-0.0004622528146800399,-0.00712534436195495,-0.0026457687848421797
2023-04-13,0.010341724023771986,0.012747680119019087,0.007438281229125845,0.01609900051222268,0.01044359183631912
2023-04-14,0.005612199707161775,0.005279611439968176,-0.009105513556112969,-0.002642178158102155,-0.0014893180648502798
2023-04-17,0.0002587910256700498,0.0024895421285157197,-0.0037296640904819,0.00435471465835114,-0.00035622664322224035
2023-04-18,0.00868712278548735,0.008207482275156655,0.002713785439220835,0.008130945963945544,0.004699801922273155
2023-04-19,0.0008055038875283373,0.0017453756248953498,-0.001218847843324165,0.00388469996317235,0.00025098002624627
2023-04-20,-0.005927320492565588,-0.008363188749096466,0.001641695506472285,-0.011086067197328114,-0.0032267342888687494
2023-04-21,-0.0029873361834739745,-0.0020205040595324855,-0.004755763728925345,-0.003271479124999895,-0.0028493097903634352
2023-04-24,0.002382861935622863,0.0006808722402835654,0.00385457049574255,-0.002938761789211875,0.002264962654795555
2023-04-25,-0.011704065662609063,-0.01581346117310138,5.7337368456554625e-05,-0.01678957835751367,-0.008582398490959911
2023-04-26,0.006547978218455738,0.01038887626430876,-0.0027416416781868794,0.02346516531108313,0.0030966309426206555
2023-04-27,0.01323630189007211,0.017590647602300714,0.00553417163441271,0.020102618978366772,0.012802403723944538
2023-04-28,0.01015832194731335,0.01032299371903136,0.009049554643687945,0.01078089191796803,0.009832645603615586
2023-05-01,-0.001020003732951075,0.0024876172311181248,-0.011821025974309904,0.007126225384080866,-0.005563855628437135
2023-05-02,-0.0067398274218799115,-0.010833335065297236,0.00984023522073035,-0.007198840638293814,-0.0016990011867091942
2023-05-03,-0.007239104424281312,-0.008735785470072005,0.001525587695873455,-0.006385845238552095,-0.004182270432813069
2023-05-04,-0.007043316120241725,-0.007316225426627269,-0.00415393205497658,-0.00501173569915414,-0.00640214084775457
2023-05-05,0.018577108431497187,0.023819605401763193,0.003681869395518945,0.027989953788973433,0.014907492676213798
2023-05-08,0.00042875490543331236,0.0015014330150643798,-0.004860459208484675,0.0017958827408794697,-0.0021314244345291104
2023-05-09,-0.00507877344799745,-0.0066568936991149245,-0.0015620017793374998,-0.009285671376920194,-0.00429523730097418
2023-05-10,0.004917600907729025,0.006156503211530185,0.005826768994307615,0.010791474951176865,0.006138713224031905
2023-05-11,-0.0046977750759242005,-0.00494815587115595,0.0007338767105962946,-0.00430657946903663,-0.001543083276230785
2023-05-12,-0.005404884293787713,-0.004887571577548841,-0.004204529455406555,-0.00505601796276524,-0.00435060875880158
2023-05-15,0.003235816728693038,0.0045329261124883195,-0.002120349972790135,0.00518650705417899,0.0008172182436667599
2023-05-16,-0.0046047375969565495,-0.0030936399982293447,-0.00581283064743618,0.002309251387112115,-0.00455397038918012
2023-05-17,0.01312895743709325,0.014947279173655608,0.0024084350592650052,0.01302391927141309,0.008935540849082265
2023-05-18,0.01045805629918075,0.01471885453011311,-0.0015433856055995447,0.01986746962002828,0.006716246337206895
2023-05-19,-0.0011617769448845749,-0.0019393445054460199,-0.00043358476896899475,-0.0033282915215483303,-0.001463813012440885
2023-05-22,-0.0031591543291217506,-0.0021400185057229653,-0.001537738442563565,-7.777932464499523e-05,-0.0016209750803849253
2023-05-23,-0.006649167328953362,-0.009668716547508725,-0.003738531467686655,-0.013789488144775005,-0.007214041061378339
2023-05-24,-0.0032447512080112746,-0.0034180888207778304,-0.006064815753998161,-0.00366970615633008,-0.00475920575146301
2023-05-25,0.03373778008986696,0.04333681760249892,0.0015806634887926357,0.07290546653291212,0.01749673536788856
2023-05-26,0.011097301319499988,0.013263015524523244,0.00948573920312034,0.017777398008024546,0.011510044296022716
2023-05-30,0.0058782585556989495,0.005726973841128379,0.0054393693368675,0.00974772608545328,0.004554380450117481
2023-05-31,-0.01143281184746515,-0.013768944464258323,0.0013321036449015695,-0.01670990010687516,-0.0052920261971702905
2023-06-01,0.01582540560009585,0.017491983351627445,0.00763719820507418,0.022004399394400864,0.01160296624217204
2023-06-02,0.004387112278368062,0.007069956857667411,-0.0025211777750791652,0.0014127508527663295,0.004374843198766079
2023-06-05,-0.0027443394701966873,-0.003187202141119495,-1.9721714304219753e-05,-0.002561520132087475,-0.0019490324209285547
2023-06-06,-0.0003564404234384375,-0.0014074526440340145,0.002551081896457665,-0.004820328891829146,0.00101016188480097
2023-06-07,-0.008403392090099512,-0.00934990810751428,-0.011166364068813274,-0.019117612230685702,-0.0091569003888063
2023-06-08,0.00962554585728005,0.009807159700615655,0.01027509759955895,0.014376837225704377,0.009143746518490531
2023-06-09,0.0007436276092902001,0.001747623039751635,-0.00026964115439841494,0.003470211170731485,0.0008390046171036451
2023-06-12,0.006440016454148904,0.00888395147184678,0.005088225925631685,0.013835799906898635,0.007251322624057847
2023-06-13,0.005064101149335425,0.00808992592899376,-0.0030853478047147597,0.011063082093552811,0.0023899885110712305
2023-06-14,0.006843949780414076,0.008263929689255932,0.003927789744356564,0.01579660767097953,0.004953852585156475
2023-06-15,0.0102973269995596,0.011020458006625945,0.010993768290014064,0.011465151413023164,0.011785437865067066
2023-06-16,-0.004542472350417125,-0.0049498711212649545,-0.00388771539286737,-0.006162481743310835,-0.004620164049700341
2023-06-20,-0.0028141973295723,-0.0021518047038725707,-0.00232295607665797,0.00258151805129901,-0.0027624860733536103
2023-06-21,-0.003850301090253676,-0.005716178584084545,-0.001999597792450135,-0.009813421696862414,-0.0037344190596308655
2023-06-22,-0.0010774157523566002,0.00250378767628815,-0.003872702621430875,0.008066567244475912,9.374492300576484e-05
2023-06-23,-0.00540731855471115,-0.007820362782005005,0.0011347872241648294,-0.009118392256015686,-0.0035735147635262703
2023-06-26,-0.005556679181313374,-0.008402281983357839,-0.00175401850623381,-0.016492053204002696,-0.00453751603730084
2023-06-27,0.008770977422869202,0.01221363454405339,0.00288834989638107,0.017245123500958644,0.00783751076643027
2023-06-28,-0.0002201346895126003,-0.0005968813858758703,0.001574926313084565,-0.0018192090060939706,0.0010953464409563648
2023-06-29,0.0030395580073743875,0.003590830417954205,-0.005431957102344745,-0.0023050310855845155,-0.0003920110161725303
2023-06-30,0.01564645222791075,0.017151520208827205,0.011308820057084504,0.021628904296593317,0.013875684778525944
2023-07-03,-0.0007553794618653751,-0.0008367812210750798,-0.0021221991434396997,-0.0032169832611837197,-0.00151488357613637
2023-07-05,-0.004245123432824662,-0.0033506469833952347,-0.004924491322145725,-0.0027900644991031153,-0.0040160390253711304
2023-07-06,-0.008185373013470325,-0.00653280267301944,-0.007457423917551144,-0.00036113403290876983,-0.007306963678097255
2023-07-07,0.00011509821618827518,-0.0007736306631118994,-0.0018769449899434898,-0.0023692093629506298,-0.0021272071043257597
2023-07-10,-0.0011711094332073249,-0.0023839598328761146,7.256001241728475e-05,-0.008125319355732977,-0.0008150579382274052
2023-07-11,0.0059468807901382,0.005491004950540171,0.00460262377369861,0.0025129100260356803,0.005203715830693749
2023-07-12,0.012636530377739274,0.013008222369891605,0.010855604470494164,0.017069189287835986,0.010975724816648956
2023-07-13,0.00915341760410885,0.011327618965237948,0.007251739920407746,0.018630528626955068,0.008667596965627326
2023-07-14,-0.0051028153960410005,-0.0038585374083725554,-0.002628909007971405,-0.001230375431000055,-0.0028548858969722852
2023-07-17,0.009210955587351813,0.009856193048487675,0.002329922624683375,0.010716886698342604,0.005772227581606059
2023-07-18,0.010175921099513,0.011490214261258215,0.00860494950167105,0.017087692109424985,0.009476217106827152
2023-07-19,0.0013104958415359248,0.00011016517911100023,0.004402083722025885,-0.0025873731627404704,0.002634244958175315
2023-07-20,-0.007524988094284924,-0.009469528839762743,-0.00916680745696393,-0.018428571249567524,-0.00873575206580302
2023-07-21,-0.0059393603296202125,-0.006698118667261339,-0.0014178566042689252,-0.01056405272130702,-0.0032396669337962304
2023-07-24,0.005859784610633213,0.006501671799240039,-0.00059723904394688,0.00401325421263092,0.003330382550495625
2023-07-25,0.005738908212231426,0.007087961694972335,0.002630976069225475,0.011954148952592555,0.004187891875687085
2023-07-26,-0.0039536424089896376,-0.00533632737302917,-4.264497947967508e-05,-0.009198977636499612,-0.0027976739214022705
2023-07-27,-0.008410113188075,-0.0068441811862548,-0.0140982177587811,-0.00715191388456072,-0.01042926992686626
2023-07-28,0.008977287119164325,0.010752407721825676,0.00856208152321087,0.015913899268967757,0.00952949497625268
2023-07-31,0.004842531541554975,0.003678483524948465,0.001882586132708915,-0.0005904779506087249,0.002799843821004685
2023-08-01,-0.006013668503767825,-0.00429142609215069,-0.009336411365338134,-0.00371098466306759,-0.006391533979107985
2023-08-02,-0.01788358650497386,-0.020114998885217557,-0.011197886222840674,-0.025333451873097906,-0.0152584362405157
2023-08-03,-0.0008883887807534501,-0.00018675782780778016,-0.00951267080173896,-0.0026825456086025,-0.005186860010189101
2023-08-04,-0.002923111354217876,-0.00612778661868139,0.003518021374961689,-0.00983296211862772,-0.0019177806297227197
2023-08-07,0.0007070323841240001,0.0027982509244315152,-0.00190205814145633,0.0022908735777306156,0.0008041357236843895
2023-08-08,-0.0029141392750556758,-0.0044256049129898405,0.0008254107682161347,-0.00628049260485904,-0.0013947096656331353
2023-08-09,-0.0088256487551489,-0.011479556384245589,-0.0024188087373986896,-0.01796015894189176,-0.006031628682908309
2023-08-10,-0.0020649764093277497,-0.0008697047684522,-0.005874500902297849,-0.00156343383547211,-0.0031942215366882096
2023-08-11,-0.0029167164494459377,-0.0043944698766975295,-0.001260759349510965,-0.010646000154249371,-0.0019671996267075598
2023-08-14,0.011615005267753874,0.014870435378985683,0.001066767876214635,0.023007361624732412,0.006761284787529925
2023-08-15,-0.010647883774994362,-0.01051088257217759,-0.007187888519537059,-0.005598385768750419,-0.009697170514073724
2023-08-16,-0.007466000010947937,-0.00727949028817489,-0.006753296757776495,-0.0062106312122185495,-0.00701964705052261
2023-08-17,-0.004155257669859413,-0.005617513379245395,-0.005439402521260675,-0.008634686840654026,-0.0059414271001992395
2023-08-18,0.0027646275334644375,0.00212455059451224,0.001501073329710415,0.0003863330564683199,0.00186631472969597
2023-08-21,0.01209528833070655,0.016657445578540476,-0.0007895283087271045,0.027824346829731766,0.006167217491747496
2023-08-22,-0.004710699542493013,-0.0055385951477384945,0.002771069716474385,-0.004427794254298395,-0.0009779556438450402
2023-08-23,0.013973839211315264,0.014489421130385228,0.016356089194562457,0.02035163109420756,0.014957187036588965
2023-08-24,-0.009470785761661101,-0.011648130102271665,-0.00890540112087503,-0.014087755514573605,-0.01132989303055959
2023-08-25,0.002929897892098175,0.0031914046712810205,0.00403730948681371,0.0005994218546109306,0.004814689321259601
2023-08-28,0.006370784031931562,0.00729321061176996,0.003541579322174875,0.00835455321559319,0.00530558504069886
2023-08-29,0.0158338692356785,0.017726346157250262,0.01223173376155798,0.022669680618677232,0.014534397895312762
2023-08-30,0.005182691627250438,0.006199215598573849,0.0025140714274186396,0.00823309246907769,0.004294469123691555
2023-08-31,-0.0010407685619405749,-0.0011980637831767154,0.0006114092832692498,-0.00010746259226887501,-0.00036607525637778006
2023-09-01,0.0006447719470473253,0.0012529301759894253,-0.0042075160975100345,-0.0019571962582024447,-0.0009338636067144049
2023-09-05,-0.002562792608100553,-0.0007418693729164328,-0.007437434228696325,0.00247991443008125,-0.004025818178835266
2023-09-06,-0.00877113419183181,-0.01133909143508001,-0.0041795765200457495,-0.01820000129977457,-0.007273055505338976
2023-09-07,-0.008533585724323313,-0.01025928598767342,-0.00159191336776928,-0.014167336396884183,-0.005773698963570386
2023-09-08,0.0029056711568804,0.002454112608204975,0.00271167801595388,0.0009941801416266248,0.00304068515050578
2023-09-11,0.0002522592172864251,0.0019037349800281548,0.0007944760790124149,0.0029578497613580754,0.001965856129415905
2023-09-12,-0.0006038933024708495,-0.0034430762582182296,-0.002683552646158685,-0.011326483882270961,-0.003046459548383845
2023-09-13,0.0006209337059267625,0.001536856600824735,-0.00024825020288066484,0.003744364247737485,0.0005045826319843199
2023-09-14,0.007240267620666199,0.00835848066733981,0.001019426089354495,0.00564505196291919,0.005257452651199254
2023-09-15,-0.011989139493655276,-0.014727540425000029,-0.005556080751445576,-0.01829935552330579,-0.010453629825223604
2023-09-18,0.004652139900987813,0.003975426080173116,0.0043133371856967,0.004393409354326125,0.003856394669661465
2023-09-19,-0.00244001373673865,-0.00210715483178327,-0.0031954389770937246,-0.00202976297779103,-0.002505855329639705
2023-09-20,-0.011362899280149651,-0.014332029246181566,-0.00368133779901996,-0.01953741958983622,-0.008996582969936759
2023-09-21,-0.0141310188454498,-0.01422220187753772,-0.0163943197862822,-0.01454686385676845,-0.01546218238670386
2023-09-22,0.001562828670374025,0.00092625516210081,0.0027956501727131144,0.0031041242884331105,0.001170798552317325
2023-09-25,0.0017961853655182752,0.004743697569418925,-0.008186669020804204,0.005082777741204735,-0.0015162702319316353
2023-09-26,-0.010344800708403563,-0.012294679672322215,-0.00964193174686495,-0.014719539996722047,-0.011486454609077976
2023-09-27,0.0034691713298035,0.0040360922758389,-0.005124277066362895,0.0008015002636960396,-0.00022807627694445496
2023-09-28,0.003632838895532288,0.004816351246127805,0.0017708575056309798,0.005488901916095415,0.0036126998490918546
2023-09-29,-0.0033166702377260752,-0.0015448153005709502,-0.0027686541116708247,0.00395008912477901,-0.002062867942482935
2023-10-02,0.0013313574725970752,0.005541959033959005,-0.006903210762929559,0.014451223616748703,-0.0009228821379715297
2023-10-03,-0.013197656319959276,-0.014453639686771559,-0.013962198141883425,-0.0187659102018845,-0.014361264369015535
2023-10-04,0.003187138091291913,0.004798705465755904,0.008346877986460239,0.011072598027781004,0.006823826646511505
2023-10-05,-0.00029330855148973793,0.0012068422730109444,-0.0018932951265352301,0.005388317949368785,-0.0006471223313107853
2023-10-06,0.008390810380396501,0.012017825062560768,0.0025834699952760154,0.017312985443831978,0.0073326157200205135
2023-10-09,0.010820248339067163,0.0078031543622508,0.015545090969409755,0.00445000087445582,0.01150216290780536
2023-10-10,0.0009867329492565498,0.0019186145825020647,0.00027361745966104494,0.0016048908744570251,0.0012804832830208648
2023-10-11,0.005256331098066487,0.005519297300679299,0.01137355683051698,0.01257026177678019,0.007838245151786214
2023-10-12,-0.0043184507320870626,-0.0026483264785758854,-0.012022514616522505,-0.001363172195831145,-0.0077144166706372705
2023-10-13,0.0049689593547854,-0.0018870760154318445,0.011772637851817,-0.011310544000340926,0.0037520936527844404
2023-10-16,0.0021847789188804375,0.005784041986652134,-0.0029799899341849748,0.007580531046338546,0.0020857282206179595
2023-10-17,-0.006950421957153315,-0.007975057176176392,-0.003933909796430012,-0.014796019853226868,-0.004880772188407879
2023-10-18,-0.007192762248462825,-0.010682343856094331,-0.0041223829324336155,-0.014943673401366672,-0.008134115666334025
2023-10-19,-0.0026702153800696998,-0.00308148042665571,-0.006657910736505405,-0.00191451111418105,-0.006086102749891525
2023-10-20,-0.010355987856050639,-0.012833387853490214,-0.0024531254881740953,-0.012847358138236524,-0.00827741570765023
2023-10-23,0.0032204471306281,0.00424332791470884,0.0032807666537814748,0.01196575032549386,0.0028416677836827953
2023-10-24,0.004294323426928663,0.00502438577404509,0.007157164782564739,0.00734104101278509,0.006261473113868864
2023-10-25,-0.007747046897479262,-0.008746003351746549,-0.010185544958589254,-0.00954608543627203,-0.009673923534855501
2023-10-26,-0.012313510372214438,-0.017337702333894967,-0.0009353189798672506,-0.025174779677155555,-0.009244064357236745
2023-10-27,-0.00426040896762465,-0.0035503450643487302,0.0007517846499126102,0.00422398457783115,-0.00242860521361909
2023-10-30,0.008631777576020037,0.011774375673136021,0.0023524372440952256,0.01412787645302692,0.00783409042073262
2023-10-31,0.0004408985017220375,0.0016083402872438053,-0.0009289812867770349,-0.0005914380947847152,0.0013149471994045598
2023-11-01,0.013314639090618925,0.01533325208638406,0.012114608759264324,0.02256830901266337,0.013734153579103636
2023-11-02,0.018884976822442362,0.019431450089423742,0.015918887428470595,0.017955028846004372,0.018248714966890782
2023-11-03,0.007582391299732438,0.009020374633963279,0.0064031845430171895,0.0124233252923315,0.0073527184878472655
2023-11-06,0.002049084793687125,0.0049465852921849246,-0.0033940245338868447,0.009908840184566755,0.0009240276893935052
2023-11-07,0.003426870092030675,0.004144659635132439,0.006263568646070294,0.00848948709292155,0.005513364976008585
2023-11-08,0.0034007330970688247,0.003815167571720149,0.0043540828910059995,0.007153222693810789,0.004301199975356331
2023-11-09,-0.0038698917930454,-0.0033879134362135603,-0.00987116543895486,-0.0024862890499688203,-0.007615426831466101
2023-11-10,0.013801936017243511,0.01752855822814163,0.00631992352272817,0.021479318778697014,0.012902601653238796
2023-11-13,-0.00029544861457854996,-0.0010830020696241899,-0.0005222951799633697,-0.00267194712928562,-0.0013000767185941298
2023-11-14,0.014808587201594437,0.015446833681471504,0.017187521885693353,0.015835475721279385,0.01679357353671675
2023-11-15,-0.0029819539239620873,-0.0018354524581077247,-0.00476369007305617,-0.0035207676134110747,-0.0026223690515139652
2023-11-16,0.007939303259369238,0.00728598717187683,0.008869275414236131,0.011052766030854621,0.007302341583337626
2023-11-17,0.0023352777518630755,0.0007966591469526756,0.0011408141540269648,-0.0047307044088413745,0.0011594064017488152
2023-11-20,0.007900178925850286,0.00986788613116287,0.00552876015297285,0.014462478722888621,0.0077939105020769645
2023-11-21,-0.002415795109109738,-0.004029020586546375,0.00110073293983742,-0.006067424303071005,-0.0019368697477053947
2023-11-22,-0.0008853428504159626,-0.0005057841988597699,0.00214592488717441,-0.0015224710347977802,0.001937429874557225
2023-11-24,-0.0033268828673055253,-0.003611074566615275,-0.003041992113335385,-0.007089085661813566,-0.0030580754144956556
2023-11-27,0.003182523686364987,0.0017004366587158649,0.007099405031062499,0.003885073683069505,0.0036841175073317155
2023-11-28,0.002911351192631038,0.001976897289783705,0.005020818543809296,0.002236135325420845,0.003124682946636531
2023-11-29,-0.0006732801102014875,-0.00178661407099493,0.003785180951125795,-0.0016027639513962898,0.0007057846953571799
2023-11-30,-0.002713254788898375,-0.002055878631631385,-0.0037426147403097697,-0.006504692427664315,-0.0016840642489110204
2023-12-01,0.005549562739841137,0.00327534051709772,0.012443628265690483,0.0014606540851792302,0.0074422787462213
2023-12-04,-0.009948320071715326,-0.00999843049360017,-0.009560964165924434,-0.014726928073058759,-0.008421822509809666
2023-12-05,0.006433483645935576,0.006907589263159541,0.00802680893001524,0.01423407825354186,0.00705903589065379
2023-12-06,-0.006159535909380825,-0.008307379330734969,0.00359041726038563,-0.00937944471687902,-0.0022743605739539603
2023-12-07,0.004955267035692775,0.007312591804307846,0.0014921547023451053,0.010937583690067795,0.004291628986296076
2023-12-08,0.00513439540465185,0.007617765723239405,-0.004096627324249269,0.008514705917992405,0.00226179250123343
2023-12-11,-0.005520808031952874,-0.005138294723333509,-0.0033720955082974747,-0.00988939329368279,-0.002948769002243345
2023-12-12,0.00480772382806045,0.006325409516076295,0.00308360412219197,0.010382684456813965,0.00452203855163017
2023-12-13,0.012220053839253654,0.010828701583267951,0.018822742882450737,0.010796861300210904,0.014505748384082539
2023-12-14,0.007978582385517675,0.0044535614269731755,0.01044358102167133,-0.0020094785029612645,0.00725993205421552
2023-12-15,0.0015906383119522996,0.00250637359313635,-0.001877207094124805,0.0047403580174597195,0.0003702173560089348
2023-12-18,0.004580288917641576,0.005726810828570581,-0.00013119803983888427,0.00591120492557539,0.0023854253244458053
2023-12-19,0.005296596094562175,0.0044168792493303405,0.005763749096818359,0.0009101879169479901,0.00544183811457429
2023-12-20,-0.0110491887020803,-0.0133786505269554,-0.004036824378409825,-0.01398342889228151,-0.008722281314875006
2023-12-21,0.0057312696981494,0.00723910519352578,0.0027529497412281845,0.00780418366469775,0.004896881789507325
2023-12-22,-0.0003701938536506375,-0.0002904893707477649,-1.8599554446684995e-05,-0.001211649402578905,-0.00014389049510832018
2023-12-26,0.0036781246213417255,0.00338110712034999,0.0040355947314188395,0.00279854842757713,0.00341412980796073
2023-12-27,0.003388532553933162,0.0019563603955207298,0.00782595535026536,0.00182007187449459,0.004729861240302245
2023-12-28,-0.0017827573638407,-0.0003363519110328651,-0.003609505880870685,0.001299150462806635,-0.001706947423275445
2023-12-29,-0.0025189057036008877,-0.00208999532719482,-0.004587137152841404,-0.0018133420890345104,-0.0034773530943826006
2024-01-02,-0.006893286426678263,-0.009791969089461599,-0.006761718013242221,-0.02046450151595955,-0.007895330771652645
2024-01-03,-0.0036176594926575385,-0.004943382910110665,-0.0034853416377723747,-0.006596129773174555,-0.00409913799681391
2024-01-04,-0.0037941601842319496,-0.003351977095029945,-0.00702709942511625,-0.003907477442766884,-0.00570681808184763
2024-01-05,0.0022971139251317376,0.0034318983286234952,-0.0031240511042996896,0.004326969643712245,-0.00032369549512595503
2024-01-08,0.013192412053670513,0.017959182857375244,0.00793414706313488,0.029075603016400206,0.012801159685271105
2024-01-09,-0.0012772117181343125,-6.41096138621603e-05,-0.0025732026450705297,0.0038815789530347498,-0.001872782720928055
2024-01-10,0.00475027450164945,0.007346567415479509,0.0007067297937817699,0.01225482593519074,0.003995955589492531
2024-01-11,0.0016320653053369378,0.0013762178613943602,0.00240826943023113,0.00289370502865984,0.0015434204186027254
2024-01-12,0.002984151712636175,0.00258571856411345,0.002556730231959695,0.0029250721988982797,0.002184553954146945
2024-01-16,-0.004596993591289863,-0.0017293839373384255,-0.01002196028547421,0.0038136585804172344,-0.006440637659174336
2024-01-17,-0.005480088944034012,-0.005240855325326805,-0.0053365253503597256,-0.004728310722340046,-0.005008902424844189
2024-01-18,0.008827642892524724,0.01158271850043847,0.003666092570510845,0.016948756542648408,0.007409615539333172
2024-01-19,0.013366356001375451,0.01572694513392705,0.00699251104838772,0.019545749227721985,0.011101602166141821
2024-01-22,0.0014072734038631251,0.00180852108505819,0.00211021724873382,0.00279709203175368,0.00223834445307201
2024-01-23,0.0024896950996425374,0.00344808681237991,-0.00028966535658045986,0.00432427031658425,0.0015112101744860149
2024-01-24,0.0054682085100027,0.006771787136967835,-0.003499305287295025,0.007098932608966955,0.001508837550850415
2024-01-25,0.007981688262983087,0.007085810537790735,0.005113479814490224,0.003390381262500725,0.00620517878165058
2024-01-26,-0.0025029589780885876,-0.003104645702764685,-0.001792122028473055,-0.0055323090490970945,-0.00227117613723793
2024-01-29,0.008076584739602601,0.00843265289307581,0.008708561300490195,0.010677749313884509,0.008224230200051795
2024-01-30,0.00372356804885175,0.0014876223069233059,0.0021860185297180048,-0.003857974473570895,0.0015861029972129052
2024-01-31,-0.012962506148279287,-0.01657991755174997,-0.00395879976688134,-0.018535830506483015,-0.010959410810025834
2024-02-01,0.011090081180983636,0.012000190384238356,0.014838919429503614,0.016792625538579846,0.01327165483050879
2024-02-02,0.005421171027683574,0.010629640131284514,-0.006285171688545049,0.015684455401179683,0.0021917267161923595
2024-02-05,0.0011827015738468628,0.00389765538087177,-0.009723594566403239,0.009229863724176729,-0.004108964307471595
2024-02-06,0.002559418174934775,0.001345187468360585,0.006009933755529645,-0.0007541141209025749,0.004033959747364115
2024-02-07,0.006752057706872062,0.00936741106020232,0.0018265826089274304,0.01329321343446266,0.005548332318807476
2024-02-08,-0.0006111921803483001,-0.0006940592858853797,-0.002408663431431965,-0.0033054557070125896,-0.0013098127661466251
2024-02-09,0.004419112381596738,0.007468492163340506,0.0010399101627979399,0.014429296794003565,0.003986887735937255
2024-02-12,-0.00045644644637784994,-0.0013583225450845343,-0.001453423061648535,-0.005134378852673945,-0.001348051503692095
2024-02-13,-0.012059133672142675,-0.01189030159002843,-0.015216384726972695,-0.01222815836654405,-0.013855360569555445
2024-02-14,0.006028357353787599,0.0074323359334426044,0.004601160856505175,0.008943542268384485,0.006113934261714615
2024-02-15,0.00546656921117745,0.003536648823739626,0.005124440397452695,-0.004754351181747395,0.0049320041717277555
2024-02-16,-0.0033717267929839,-0.0040980768400735,-0.0033330023273052296,-0.0046529687869915,-0.00425668405646987
2024-02-20,-0.0068632228350209,-0.009202172792111347,-0.00019663579050205972,-0.013176750667650838,-0.004327228380403319
2024-02-21,-0.0006299404345950334,-0.0013071263814836331,-0.002069492572573282,-0.006676237737458043,-0.0009102941174169017
2024-02-22,0.029492557981762715,0.036372878387183304,0.009763412345824585,0.053069532743531156,0.02049873475637687
2024-02-23,0.0007884021682010003,-0.0007009082959315448,0.005644286877180125,-0.0013606036797919447,0.0021520373243438854
2024-02-26,-0.0023916671812263504,-0.00274152152293063,-0.00341313243418838,-0.00350626044276705,-0.0033279114537916404
2024-02-27,-0.0006066494166388625,0.00035024780337936475,-0.00177820482761023,0.0006287725718300552,-0.0003979211264008953
2024-02-28,-0.0005666026970746876,-0.00202069249433386,0.0019758433453783497,-0.00459685721335382,0.00011775373141569497
2024-02-29,0.007039402272830337,0.007034604028715725,0.005377421555044625,0.008520677068492485,0.005751684566394141
2024-03-01,0.010189881297276162,0.01022798446208937,0.00964840125697738,0.012289910906737119,0.008695987553150646
2024-03-04,0.0017215527942214372,0.0010674043491891599,0.0009753095741285743,0.0027401679269201604,-0.0007666077940667904
2024-03-05,-0.002110805581141926,-0.006672640441071775,0.0005907142393457138,-0.012845124762055633,-0.004305932692899575
2024-03-06,0.007450444927152112,0.007244153529131965,0.005264443630321679,0.007603863741758015,0.005427877737408165
2024-03-07,0.009137949366324687,0.011640498135546254,0.004911954912463995,0.017118733719188782,0.0076178601080308704
2024-03-08,-0.005053758526777288,-0.00789620424363286,-0.00015295578006432954,-0.01366068790703025,-0.003510441654647525
2024-03-11,-0.0007078098396795124,-0.0013804744228510097,0.000400296657772205,-0.0031614285935894896,-0.00014535161299761995
2024-03-12,0.011777035342684976,0.01704781877869015,-0.00096551696785221,0.025885955737873244,0.007605688314767521
2024-03-13,-0.00047911003170237514,-0.0019117480098016903,-0.00104307617695158,-0.006054077443942259,-0.0016665476650635502
2024-03-14,-0.00233744627154775,-0.0010441173308382004,-0.005246362484989175,-0.0005442867338058216,-0.0022749554165316754
2024-03-15,-0.0029863314967234623,-0.0044485811403415995,-0.004116107545095295,-0.00723291639856214,-0.00460718812908234
2024-03-18,0.005220039287384388,0.00591644869385439,0.0015557686336737798,0.00471329112120656,0.003925817702997895
2024-03-19,0.006769922832545651,0.007869025885247365,0.0035309375922233147,0.009427985749948105,0.005907730301035414
2024-03-20,0.008466335510807398,0.009314488055174045,0.006828539163070961,0.010634150768827136,0.007897252194501901
2024-03-21,0.0004237733764546499,-0.0001889654349498841,-7.061275660448041e-05,-0.004288369816938936,-0.0001240541631837202
2024-03-22,0.0028053520580163874,0.003635732809027955,0.0009642959979402152,0.008556724368474005,0.0017785217577067304
2024-03-25,-0.0022445562306633,-0.0028423502905020243,-0.002881432058170485,-0.004118076374220815,-0.0034178506306109854
2024-03-26,-0.00423632219126365,-0.00572826361607204,0.000750956035899625,-0.00878333978392053,-0.0021465289574302553
2024-03-27,0.006377469357633387,0.00529082860743619,0.008837183498233266,0.00104944896839085,0.0079564547038982
2024-03-28,0.00196875316090555,0.0003900830720688552,0.002259735085566345,-0.0021933157144165853,0.0006362027750640851
2024-04-01,-0.0012172129044063017,-0.000774454892971357,-0.004459463071253055,-0.0004894681168508084,-0.0032597746748173157
2024-04-02,-0.00029709517090438725,-0.0028770945322809244,-0.0008616829984680198,-0.006603749665658425,-0.002832828581092915
2024-04-03,0.0004997649724304627,-1.3535014874624866e-05,0.0025690037046145653,-0.00015924424766587463,0.00105788345484423
2024-04-04,-0.0075306840252654505,-0.010196811203915065,-0.003135372169242091,-0.013106384878849214,-0.006435190427195691
2024-04-05,0.010486175207961988,0.01215943672279907,0.0036802422735376203,0.01354308445828742,0.007235617470820015
2024-04-08,-0.0017065516997794125,-0.00252687191751535,0.0012442057891075347,-0.00430798629928139,-0.00066225156669085
2024-04-09,0.0006607335529630251,-0.0004975442402597249,0.005537966826838085,-0.0013852093238049049,0.0028425550435164947
2024-04-10,-0.004982067930382462,-0.0038488799847909852,-0.013908767957197395,-0.002685340748304965,-0.00965016317558968
2024-04-11,0.014284535065149212,0.016585271065843767,0.008247073736186135,0.02572662487092782,0.01098312919769262
2024-04-12,-0.016289497501414698,-0.016321378616567725,-0.00585336489678455,-0.010535461443866414,-0.010790223041272291
2024-04-15,-0.010089825629353764,-0.013422696472444358,-0.006577701991840845,-0.01827321953993984,-0.01125633909892905
2024-04-16,-0.0034239336958468373,-0.002764621802381565,-0.0034093554911231545,-0.000657566700318275,-0.00369592741683753
2024-04-17,-0.007512325355095351,-0.009755242925625424,-0.0004708884959015751,-0.014056903142715594,-0.004221863426415054
2024-04-18,-0.0018299968372401001,-0.0025177242214145397,-0.002732413687118745,-0.00452165583825117,-0.003139365420783925
2024-04-19,-0.011301662935071538,-0.016937183879609508,-0.0018222240150077252,-0.03222191913606377,-0.007689762785267299
2024-04-22,0.0076462703115275366,0.011479879526722681,-0.0035168036954703144,0.0133732470467809,0.00481876385328124
2024-04-23,0.010933227501651724,0.01360313147843838,0.00420703553422428,0.016526245861159326,0.009004697902438349
2024-04-24,-0.0026638815222729253,-0.0026033865955242246,-0.0022661659763173695,-0.004757485458636265,-0.0015444719131158997
2024-04-25,0.0020882041944588377,0.0020402361269293203,-0.00307094785757374,0.003812605769922721,-0.002025626245667145
2024-04-26,0.008416028376567276,0.011556102771536264,0.006225425670122625,0.020976897846270746,0.007895307005395936
2024-04-29,0.004761859345134775,0.00477507039827673,0.00422926262335983,0.00460942020075206,0.004863073701374481
2024-04-30,-0.0161961158145584,-0.017200715397182306,-0.015245492260861611,-0.020257786819848914,-0.01602833232511127
2024-05-01,-0.004458170946484575,-0.00640211595539147,0.00428927107075664,-0.0072997424592115895,-0.0007805728541813099
2024-05-02,0.009266094694293911,0.011895914392113113,0.005004776857659279,0.017164235578844715,0.008470473037530065
2024-05-03,0.016283704993147588,0.02025107773886295,0.01116017765102465,0.03147981041221474,0.015809365503870087
2024-05-06,0.010572632073195675,0.011564050612710717,0.0074818646063373444,0.013657998187460316,0.008828016940747295
2024-05-07,-0.003405163227242037,-0.00381213170382465,0.0009973452292500898,-0.00565269746547694,-0.0006642948601018453
2024-05-08,0.0018111613016209215,0.002074922075835988,-0.002587924239289468,0.00037131349196487077,-6.299978821977993e-05
2024-05-09,0.006440634801580825,0.004780683469748865,0.00809827622289932,0.0008807583644987754,0.006543100211979831
2024-05-10,0.0022342067474749624,0.00244245439061792,0.0003938673306288954,0.00324822128012567,0.0007905281662766001
2024-05-13,0.0014802336719456377,0.00268596530337583,-0.00110764584484164,0.00483330839992776,0.0012144228519364551
2024-05-14,0.007797428876489001,0.007402050521621186,0.006119647238282755,0.007299726431046645,0.0064172037267128355
2024-05-15,0.014389898223836612,0.01532205859704109,0.01318611228632755,0.019566656855842118,0.013644922066787834
2024-05-16,-0.002288229583122475,-0.002254281091055,-0.00214799699292005,-0.00234503895156396,-0.0020891984891521598
2024-05-17,0.00200669999222785,0.00025212188837336056,0.002112557920091975,-0.0047009893315743895,0.000963372270486215
2024-05-20,-0.0009508903000786627,0.001521197252101414,0.0012361184624617402,0.011039211753190904,0.0006418312319550747
2024-05-21,0.00516576885826895,0.00541356385928453,0.002951509079600745,0.00603974265874001,0.004280116785453645
2024-05-22,-0.006860866998178163,-0.005494918675434446,-0.0052413957695095405,-0.0034554720645446754,-0.004551133423346606
2024-05-23,0.0007763655127158357,0.004042516763918263,-0.01089103845108695,0.013576017088647793,-0.005304757990723895
2024-05-24,0.00983400996929785,0.011150679563987534,0.004453372533902365,0.013614818808750696,0.007608826169975346
2024-05-28,0.009221623445724697,0.011184707911613296,-0.002158288493269581,0.017470983862581384,0.0022948541867355166
2024-05-29,-0.004883166192511637,-0.003535692543042175,-0.00871699435935559,-0.0003659622516490147,-0.006389146707816225
2024-05-30,-0.006492884147368888,-0.010077290762648863,0.0004401587216144346,-0.016966224768016916,-0.00446928721851704
2024-05-31,0.0066947569395216875,0.00658981093391366,0.00394936802466112,0.0009829484411644697,0.006442061641896235
2024-06-03,0.006535147049254113,0.00681255826442936,0.008404069736813884,0.014960598282169831,0.00599972140773217
2024-06-04,-0.0005749309507474373,0.0005881149981957496,0.002570342462232965,0.005380734436139751,0.0017995428917368902
2024-06-05,0.012997806095146724,0.01514479144897066,0.01044039852994692,0.02235694767522005,0.011802782059663789
2024-06-06,-0.0007572125677631127,-0.001786671108886335,0.001022753919923545,-0.004125944664490745,-0.0004584758676141
2024-06-07,-0.0050757940782969625,-0.0010462956537374449,-0.01516594239017976,-0.00040763413481467487,-0.006390408532398785
2024-06-10,0.0005769866426900874,0.0006898724720618597,0.00040253765160374986,3.8061275116980176e-05,0.0001329936430442848
2024-06-11,0.007250618968176186,0.009339130235293725,0.009250892122867489,0.020207857172422936,0.009511396469157125
2024-06-12,0.009525120640923925,0.01251465467874606,0.0081565661816833,0.022597535857319242,0.00993149397083059
2024-06-13,0.006694289816059863,0.00742465389753408,0.0040447875831533244,0.01110295538013254,0.005412628945787971
2024-06-14,0.00321730610555795,0.0021757489720312,0.00607123417569892,0.0040568653412212195,0.0030832853025358604
2024-06-17,0.002263686549904287,0.005058440477369945,-0.0007464532461019354,0.006925880665077994,0.0031831143740713385
2024-06-18,0.00688799865280575,0.006212765598375815,0.004199669696796579,0.005942167081054105,0.00431840445916774
2024-06-20,-0.0031486475073866623,-0.006135110101269518,-0.0011722947379942295,-0.014703791997026119,-0.003596575900304594
2024-06-21,-0.008876906345101512,-0.008202026085518035,-0.004339973469569515,-0.009346180484402415,-0.00479208838561294
2024-06-24,-0.002600114135505275,-0.006387728441299373,0.00135173135982059,-0.017187293169069615,-0.00128865937565692
2024-06-25,0.009834538789625662,0.01257652666576322,0.0010979505700574,0.020254096091821962,0.005685052632849645
2024-06-26,-1.4752101147248221e-06,0.00261848782138441,-0.005798721715146665,0.005295320902806569,-0.001096561665307795
2024-06-27,0.002053358464625775,0.00043595810503557547,0.00497300089156539,-0.002386714492406255,0.00273251953572764
2024-06-28,-0.0047412821337190535,-0.00510323297529997,-0.009133374514153556,-0.009743884630999672,-0.007327341326546573
2024-07-01,0.007365383870975887,0.009790617151059408,-0.002222755523802934,0.013860448357022619,0.0036542564745541
2024-07-02,0.004105701575513728,0.004342532802717021,0.005823421911387826,0.0035738197069355715,0.005917862957932652
2024-07-03,0.011008230847985577,0.010995052316210075,0.00920644823633141,0.015586643411025317,0.00872848328384068
2024-07-05,0.0024283687660721625,0.0025822881045215835,0.009816984524256594,0.006267689837549986,0.0064352553715545605
2024-07-08,0.0006027647085808001,0.0022948810007237,-0.0018122739072998952,0.00529865416393173,0.00047707801169568487
2024-07-09,0.00167433484598225,0.00233203191442184,-0.0013610088821325698,0.00356210213225267,-0.00014646682822448998
2024-07-10,0.010827696788381974,0.012820124298178996,0.006652884048420985,0.0168927309061319,0.009623919060686433
2024-07-11,-0.009329339484236638,-0.015312253366619134,0.0028471847844442444,-0.025835849351205187,-0.00637423113307693
2024-07-12,0.0028748522005994253,0.004311778497634795,0.00375834316836361,0.007369702266098344,0.0041784211324468
2024-07-15,0.005999887243606174,0.00619875983060363,-0.0015096534283493797,0.0028633567858017805,0.00254420461297723
2024-07-16,0.004997439312644312,0.0019766513230556103,0.01129842571562718,-0.0034546882920204395,0.0064908584413675054
2024-07-17,-0.011791504838113486,-0.01655896538422441,-0.0072248706656426,-0.02854538073267388,-0.011055350144644755
2024-07-18,-0.005622932025588638,-0.005017989639460501,-0.00795805304087055,-0.0021948968987602797,-0.007402161420113226
2024-07-19,-0.010914274467520937,-0.010182370736828086,-0.0088772978154601,-0.010417000287505775,-0.008478588207924116
2024-07-22,0.007819895045852312,0.01089928930340239,0.0027438834025048297,0.016253973683653628,0.006389782556153455
2024-07-23,-0.0017553099968100373,-0.0016796396407862148,0.0003675216064480302,0.00019808677640445506,-0.0007572746707629847
2024-07-24,-0.020472614882389415,-0.02569388623783954,-0.014688325138793675,-0.03727525128538339,-0.020014794487205362
2024-07-25,-0.004720475796941113,-0.006511881855531004,-0.004070305155242924,-0.012786227502636065,-0.00446855781703375
2024-07-26,0.00891521504964131,0.009171632513026731,0.00965362898949485,0.00897876436275946,0.009552206471753056
2024-07-29,-0.00259458020683045,-0.0026003097340651002,0.001942883679942335,-0.0017842581978188806,0.00011066364232131492
2024-07-30,-0.003702098168463699,-0.008253427559416708,0.002006037922636965,-0.01926794088544688,-0.002242048566765495
2024-07-31,0.02116855087979838,0.024571368056126898,0.013193500417677445,0.036931710692615555,0.01599297852042344
2024-08-01,-0.016500983844063916,-0.01990680972553112,-0.003076010965945075,-0.02347890253193606,-0.01071281833299286
2024-08-02,-0.007991650863151888,-0.012226937062235715,0.0041549006417805085,-0.009220101387417896,-0.004893064781165026
2024-08-05,-0.02753376657070514,-0.03324561969018327,-0.01409929660310377,-0.04083897670771493,-0.023632696411648224
2024-08-06,0.00510195653991515,0.008951379351772936,-0.00698639264733459,0.009706593972501565,0.00112824645694053
2024-08-07,-0.0053084142539633755,-0.006947228398816405,-0.004161812100176705,-0.011808010670160645,-0.004741257293667495
2024-08-08,0.019826853964749362,0.023281912501080134,0.010070378144494704,0.026092675670973484,0.01609384724682461
2024-08-09,0.006663233783036612,0.006371662105452705,0.00648846186967401,0.006254645168094904,0.006690412253589676
2024-08-12,0.009287813775494013,0.008962037852053266,0.00617010624842326,0.013577729943791897,0.005729158958713305
2024-08-13,0.015119599593308863,0.019302408040459428,0.008722527944091675,0.027787155625422052,0.01368978071208016
2024-08-14,0.005900013568785613,0.0065685349003120844,0.00154803470776496,0.006784358892643355,0.004285061262000445
2024-08-15,0.011307716830854112,0.015155576290380383,0.00436993172094114,0.018783326930565218,0.009879317847797225
2024-08-16,0.006086505495241137,0.004602931056058306,0.007487065637998555,0.005090205031823755,0.00474377736643789
2024-08-19,0.00907693422053924,0.011052290838456815,0.004405495978267405,0.014110887575732357,0.007440250780351241
2024-08-20,-0.004785180526215362,-0.005186576182852695,0.00374352871596769,-0.0023249795404149654,-0.0004981495376377348
2024-08-21,0.000562103216486125,0.00139064409643224,0.0008084130305486099,0.0024251859902130798,0.0011783733612660198
2024-08-22,-0.009764506472024426,-0.011171584538771664,-0.01024808455370002,-0.018661137836509436,-0.009773654068198849
2024-08-23,0.013638872849672678,0.014538414302472701,0.009031236167117464,0.017191557076088788,0.010866600886845315
2024-08-26,-0.0006627199882866873,-0.0023658015031888992,-0.001127996909515135,-0.00755325377166104,-0.0015228109605240694
2024-08-27,0.0020728534081336505,0.0027724490579806495,0.0007116235708294553,0.005039249092082759,0.001345925039276775
2024-08-28,-0.006802794888680987,-0.007677897248489635,-0.004656175661594675,-0.010170684199043545,-0.005726923370701031
2024-08-29,-0.0028961022613858602,-0.004555900614563857,0.0012121906173475476,-0.010676448784622096,-0.0003278253908660162
2024-08-30,0.002904301532838338,0.0057163364281796305,-0.0023352887209287746,0.0059000475444691905,0.0023843332778593
2024-09-03,-0.023802806917147822,-0.02977639502247356,-0.0038134384728794046,-0.03771388180411447,-0.015740904356175874
2024-09-04,-0.003959305407354175,-0.0054749614948018345,0.00355266092782242,-0.006260019061217736,-0.0007307067519180898
2024-09-05,0.0013872536719093003,0.000800368765075315,0.0036169445169397197,0.004108540767745405,0.0013742437989338204
2024-09-06,-0.014627867971162263,-0.01706419191952437,-0.00810464524420396,-0.018962347110874966,-0.012455183385731964
2024-09-09,0.013381141052794974,0.014248729060153682,0.00644271630640818,0.013558962695113483,0.01009017660636889
2024-09-10,-0.004996336381686699,-0.0022844728729008554,0.00572204818722157,0.009370887945593105,0.0014425427708022504
2024-09-11,0.015062259383305786,0.019429195526379412,0.004048262276365729,0.03002607521687682,0.010550203253371885
2024-09-12,0.007632235487077062,0.00817531001330745,0.005776521151961965,0.00916241619494914,0.00625024915744879
2024-09-13,0.0016208852009176379,0.001791095841568325,0.005356190688824475,0.003130320160981755,0.00347655500010421
2024-09-16,-0.0004495455375187441,-0.002867621734964976,0.002327309330360381,-0.010702680296708027,0.00033180054613833425
2024-09-17,0.0013233892412954375,0.0016790656198589552,-0.00240232422575304,-0.00025317422594592505,0.00020030152635263504
2024-09-18,-0.004872258228179762,-0.003896817957414226,-0.006755117158094614,-0.0042475655097308765,-0.004682728949247801
2024-09-19,0.01886858788707665,0.021795642100280434,0.010612507017117905,0.026933418572079246,0.015714528743574742
2024-09-20,-0.0028536821566121752,-0.00431577789971163,0.0007830517007344348,-0.00646225577655295,-0.002134916736234915
2024-09-23,0.001590190892852075,0.0011869821694402553,-8.983132083466006e-05,-0.001980161380737295,0.0005829327867017501
2024-09-24,0.006038849572415299,0.006252717169085475,0.00397778692206592,0.009521299414432706,0.0036400779879146206
2024-09-25,-0.001712614877286275,-1.5189289084003565e-06,-0.0037936858597184047,0.00525799334765391,-0.002539964706608215
2024-09-26,-2.4125773984162626e-05,0.0005795086690615301,0.00344536904125008,0.0028465589097242004,0.001948167375455175
2024-09-27,-0.0002130305775430879,-0.0016374727361982541,-0.0009206856683056002,-0.0072854562904946145,-0.00045897185128745494
2024-09-30,0.004195767676659799,0.0060225529259896205,-0.0010566612624292348,0.007094865991985619,0.003175231450749685
2024-10-01,-0.009285147481320912,-0.014059294273452275,-0.00011147231139120521,-0.022467304955865096,-0.00736780752657051
2024-10-02,0.002066634239617962,0.0026212556563863947,-0.0030691390224630646,0.0021194943874430147,-0.0005977730402790602
2024-10-03,0.001773945611328737,0.0030179143389040394,-0.00433396813363696,0.006056860189549979,-0.0016019201729430051
2024-10-04,0.008667990390625737,0.01004756204738404,-0.0018855123052917545,0.00582444869542458,0.004441112673654119
2024-10-07,-0.0040997292724519255,-0.00487904329319379,-0.008106466637340055,-0.005849060334942611,-0.007561743950924266
2024-10-08,0.0059831615626689755,0.010064750987562694,0.003136135226394665,0.0190111934042087,0.006666366702612035
2024-10-09,0.0037996732903487125,0.005711433503265159,-0.00010680010121049506,0.005863294791702639,0.003639262108694769
2024-10-10,0.0022228907961138753,0.0018557837135318703,-0.0003632669087827849,0.0024649730508966602,-0.00015921745265429482
2024-10-11,0.00695672962499014,0.005848639077433237,0.00284359504721791,-0.0001143552591176998,0.004251414843883066
2024-10-14,0.006870741187349475,0.009143062385638414,0.0034703181651015596,0.013060551454820034,0.006395096662838469
2024-10-15,-0.006860800891494738,-0.009274909753841959,0.0032948058291916047,-0.009581682170975159,-0.0025746973372658697
2024-10-16,0.0047446272068496,0.004796754355630111,0.00327390585765555,0.00516229189382076,0.0033285481487090106
2024-10-17,0.0003879316745867508,0.0014136494665649266,-0.003870299209065248,0.002508563957922156,-0.001744181063320568
2024-10-18,0.005020666871913725,0.00520262713931531,0.00485635013629239,0.007031819162916109,0.00459172078337224
2024-10-21,0.0024890559050273,0.00508629175870115,-0.0062683204909162946,0.011159540194873849,-0.0017386562047132551
2024-10-22,0.0048508643760366375,0.004082306130446835,0.0037903000192384003,0.004855781146088385,0.0033779789724482957
2024-10-23,-0.010890257098494612,-0.012169676291855483,-0.00812321645581899,-0.016232468727597767,-0.009527586494501455
2024-10-24,0.0029013851271122246,0.0022191181918471553,0.004789227933984525,0.002422854928203445,0.003129457960963915
2024-10-25,0.000392390645617275,0.0014270370381708898,-0.000968742473675825,0.004706233512978149,-0.00010078424814479508
2024-10-28,0.0009472899458626207,0.0012426660177434882,0.0002353900341805464,-0.0002326878329825219,0.0011490590182575418
2024-10-29,0.0009748082102987001,0.0013475335743873599,0.00442848281191171,0.005592868456421171,0.00233476529444753
2024-10-30,-0.0025373826658452122,-0.004278539689016319,0.000799060849196685,-0.006896155663060649,-0.00190385944975444
2024-10-31,-0.021219671383520503,-0.025520709158672453,-0.01312284976043279,-0.035123903490864444,-0.018836703249968226
2024-11-01,-0.00106946014941115,0.00151248273759451,-0.0048631498392957195,0.0038477121249372,-0.0016508079808261603
2024-11-04,0.0035710032710049872,0.00149174882280022,0.004708329892326764,-0.0004485390086150397,0.0027471785671529803
2024-11-05,0.009074039630748775,0.01080486528339023,0.0067417877257233,0.012742821196038449,0.00885819836179933
2024-11-06,0.01979382299327776,0.02538692867990487,-0.00882668877420277,0.015507608301789034,0.010645851657712835
2024-11-07,0.006334010402277087,0.007613043572558564,0.012416807802530756,0.016671130867898096,0.009229574947649831
2024-11-08,-0.00048824475011584995,-0.00085628271077471,0.0036535123664194246,-0.00314801922371699,0.002271877576042205
2024-11-11,-0.007715523781533925,-0.006552803908647403,-0.008422450606444386,-0.010974701383520285,-0.005841254782097715
2024-11-12,0.0007837456914966751,0.0029857005631161496,-0.00773684212827674,0.006569912252783979,-0.00269844572004373
2024-11-13,-0.0009524735692787005,6.309334521317483e-05,-0.005239741875195835,-0.0020362781257884355,-0.0017072793429034551
2024-11-14,0.0026817807180829372,0.002076591873001219,0.00033258451494717976,0.004468283292903479,0.000769039798134455
2024-11-15,-0.01098937131186005,-0.014217928829316918,-0.0073136488801475805,-0.020775697995646217,-0.01082358221504424
2024-11-18,0.004312263432223001,0.0031428278126863804,0.0073686076374321445,0.00224554870685771,0.0049342402187068845
2024-11-19,0.006350119125408074,0.007674071867324429,0.00542166429204371,0.01499367912414993,0.0051503670971855
2024-11-20,-0.00030653665061967515,-0.000814619165360705,0.0002731619143756552,-0.002319813644168075,-0.0003364497696854351
2024-11-21,0.005222183293507925,0.004551395351043365,0.0031036335013639046,0.0009168863183600749,0.003679488516032935
2024-11-22,0.0018263899259151621,0.0004402264457316996,0.005142186326504715,-0.0029303945087471596,0.0031835872358742796
2024-11-25,-0.0040692372282605995,-0.00378960793766233,0.0035807857326299298,-0.00577769910998672,0.00266732103793107
2024-11-26,0.002914628178122012,0.0051115721225296895,0.00226078324441105,0.01018330050658018,0.003815447171747935
2024-11-27,-0.0026251731684680006,-0.004200954482311456,0.0014599517301811347,-0.005940665128917566,-0.001420400065242205
2024-11-29,0.007531992944624212,0.007651496383703751,0.00819869968994698,0.010086156994742771,0.007422245735614805
2024-12-02,0.0013302874757622997,0.0031521807407138246,0.0005540514691809548,0.007458721179359524,0.0023565492399771947
2024-12-03,0.0014441812785246496,0.0028077416131369343,-0.0017136785928377298,0.005998814817512604,0.00018723578110515056
2024-12-04,0.004510005166960101,0.006385472440483506,0.007177730981368704,0.014295579069438007,0.0062258119573027045
2024-12-05,0.00217834875347015,0.00234120887381719,-0.001035560653577115,0.0023666160756050996,0.000911348222878445
2024-12-06,-0.0019837706357367126,-0.002232384224342275,0.001247333355856385,-0.0038074380896635646,8.265475111558009e-05
2024-12-09,-0.0035697218205518375,-0.0038563812318639706,-0.0012096506441118548,-0.0017022735514504801,-0.0027781260356613104
2024-12-10,-0.0036779887567314376,-0.005273729448117214,0.0006167466716702403,-0.007253513832986274,-0.002546304539812155
2024-12-11,0.005363036522951525,0.007395640259789379,0.001773721504451445,0.01091155702426626,0.0039030134321488955
2024-12-12,-0.005997228464163288,-0.004575504240643575,-0.009101726296227514,-0.003840424608038855,-0.00613835010552025
2024-12-13,-0.008094345315153937,-0.0067354926711299945,-0.0068765091148423755,-0.007871659398259566,-0.0056538308878234305
2024-12-16,-0.0010720155470363996,-0.00025630726254253513,0.004002307201766935,0.0020675770132566446,0.002491485731686815
2024-12-17,-0.0013726069704454126,-0.00145191613125794,-0.0005404454034580699,0.00028117222134608035,-0.0008083340381400548
2024-12-18,-0.022508442935595716,-0.02440948386735987,-0.02106286024895563,-0.023638308181526704,-0.023728412570385195
2024-12-19,0.0010733080641235628,0.00249469901073354,-0.004726705519343209,0.0042484424896751805,-0.0015533501534431649
2024-12-20,0.012507886270371062,0.013431267536551756,0.0090963561477922,0.014756630797442405,0.010873880218698184
2024-12-23,0.004545380639582014,0.00707206348997519,-0.002592471139777535,0.009421568712656911,0.00200192396110101
2024-12-24,0.007438779979793312,0.00854674885104066,0.0063552157548339,0.00817580906859344,0.008086565058134805
2024-12-26,0.0011062402522990936,0.0005023951656913475,0.0015284618426755251,-9.83595692038876e-05,0.0007345708179943625
2024-12-27,-0.010650370834414512,-0.01191639145548617,-0.009272292963103885,-0.015185254367223712,-0.010518620663779588
2024-12-30,-0.005499579321076525,-0.007503711565161549,-0.0027331383998670696,-0.00721922347043026,-0.00590238869580214
2024-12-31,-0.0027730675800441,-0.004716745249395309,-0.0021514023713327998,-0.010044383888741511,-0.0034367565469133597
2025-01-02,0.0011804006795448122,-0.0004024666817045358,0.0019634823948408496,-0.0003588873353762049,-0.0008315401581521852
2025-01-03,0.009269729757699137,0.01254057762212177,0.0011352655382631043,0.01480343002466712,0.007055445315430479
2025-01-06,0.005721728303498437,0.008311527880486674,0.0007248298080102,0.013504363286297135,0.004153516910996274
2025-01-07,-0.01053832638187546,-0.0141623639122466,-0.00713968340739842,-0.02356922420735186,-0.010226255670839865
2025-01-08,-0.00023115305776931234,5.414134196260501e-05,0.0025756752277924047,0.0022974558450011553,0.0011640514621794802
2025-01-10,-0.012085554784806612,-0.015469883167682013,-0.006375516971755635,-0.018966953110922075,-0.01179626341177238
2025-01-13,0.0001111167271504749,-0.0008766117483412345,-0.0028727801099981153,-0.008848583698465164,-0.0007678619493389456
2025-01-14,0.0003519269601246751,-0.0006653682235712146,0.0007304844883454301,-0.004476837733727574,0.00014911044875118
2025-01-15,0.019777799108384026,0.021278240327983727,0.015625298728525923,0.023783305446177194,0.018591540007770056
2025-01-16,-0.006242028094245224,-0.008991803324776209,5.7377887070604915e-05,-0.01579554373362302,-0.004467057790668346
2025-01-17,0.010460233014547887,0.012503898272040976,0.003189172860035785,0.013579564908655735,0.00809001045811368
2025-01-21,0.003806868406435712,0.0026722536434105205,0.008090895522452296,-2.9105217252110107e-05,0.00472743375749758
2025-01-22,0.009795334338465963,0.013232186549156219,0.003472789352914125,0.0235787325022979,0.00740959109079201
2025-01-23,0.0018961281737710498,0.00286503832218574,-0.00141683078160995,0.0007102930757762301,0.0011786952461592499
2025-01-24,-0.006377863142598101,-0.00813132830096591,0.0017574898158687299,-0.010180637131014,-0.0029356505406579704
2025-01-27,-0.019290707038851662,-0.025589336654699837,-0.0021921984563566606,-0.04187527961451252,-0.010189388540900127
2025-01-28,0.01962221410114385,0.02433226920194466,0.007785541527586745,0.040410101088224834,0.014039051599637465
2025-01-29,-0.006739261451654039,-0.008133968161211268,-0.0033330895998739452,-0.01278759075310832,-0.004852451225237041
2025-01-30,-0.0028487878571363994,-0.005494920125562433,0.0032487008983752403,-0.013631144849167514,-0.0016698500512614797
2025-01-31,-0.010206411270283162,-0.010897270195014736,-0.0037266105559383748,-0.011844325437320594,-0.0068913309356749405
2025-02-03,-0.008110015357490022,-0.011782944568879752,-2.6391371956060318e-05,-0.018393082009531967,-0.005966254772947609
2025-02-04,0.01153112062102895,0.011665328182755185,0.00677340961542234,0.012050409421941155,0.00880363441360882
2025-02-05,0.011029933503473399,0.010941112467359253,0.008587956390006535,0.014969089780040665,0.008455986428828876
2025-02-06,0.006412309472272188,0.007815431186985383,0.000691764324362195,0.010413965387200224,0.0038757382097851303
2025-02-07,-0.005388301960347525,-0.00692769951024675,-0.00648768645458799,-0.00899452044534261,-0.007708781542850919
2025-02-10,0.007311389443683963,0.00796926998571836,0.005574112315872871,0.01070017128904509,0.005715925622745975
2025-02-11,0.0032200578017611125,0.0039016481472156457,-0.001929311747125645,0.003154960648790146,0.0013699019024910604
2025-02-12,-0.0055276933561008625,-0.004282385999845985,-0.0048323614569009,-0.001125161494909005,-0.004538841490197186
2025-02-13,0.01280669283655525,0.013254011893341735,0.012617860810083294,0.016654392848543823,0.012443467570700816
2025-02-14,0.003282343812572924,0.0047913279300201535,-0.0014990498930728974,0.007985315350963654,0.001728191120370072
2025-02-18,0.005476543233381338,0.004902075781788455,0.0010202433054546799,0.002277535642439215,0.002254281754011555
2025-02-19,0.002006209455278925,0.0025150473251905696,0.00198996169630087,0.00367833051627235,0.0024318974116146
2025-02-20,-0.0016927894890254383,-0.0014145760818242447,0.0006510046379001502,0.0034717416901743556,-0.0008776558184708846
2025-02-21,-0.010993023062739249,-0.014953681326983609,-0.0021406519037845653,-0.01718524773697133,-0.008770343788462425
2025-02-24,-0.004603290922939788,-0.00652536394806782,0.0008077491525181499,-0.00898400250415359,-0.0026997991520250455
2025-02-25,-0.009148700913958151,-0.010435819393793944,0.0004802664501805742,-0.011382735498485895,-0.003990937908821266
2025-02-26,0.0031447845512294625,0.0029339243363769294,0.0014784207651424748,0.0040175071038372895,0.0012496913551386397
2025-02-27,-0.018310751149369035,-0.021703695386257237,-0.012609666145234214,-0.032390664437696205,-0.015472324526151231
2025-02-28,0.015516306007717126,0.01796361600610063,0.008933018826386025,0.020189454748128416,0.013939526959387176
2025-03-03,-0.02138349437223558,-0.026832197186119698,-0.0021857676250345093,-0.03276085574640816,-0.014308609437572381
2025-03-04,-0.006109791530277438,-0.00606213560836784,-0.00611254815330714,0.0001454300942058904,-0.007833012245226353
2025-03-05,0.004106919342685888,0.00731402679067623,0.00250662284283223,0.01192284756113716,0.005329994083107186
2025-03-06,-0.01183944565202696,-0.015185427119904189,-0.008355205636710189,-0.020435204068004573,-0.011413244568812833
2025-03-07,0.0030867957884661247,0.004746785291938484,0.001032794306195205,0.007217916248413564,0.0028047327200522946
2025-03-10,-0.02169571648195061,-0.02806488597210286,-0.010624180617229764,-0.03705748474604669,-0.01963764867394229
2025-03-11,-0.006548639469827662,-0.007304670468420815,-0.00348195676927865,-0.0039644951735225645,-0.007019122647344595
2025-03-12,0.006525353977911574,0.00880807563098174,8.460814393037005e-05,0.014267060836321158,0.00302008882456272
2025-03-13,-0.006207052428397451,-0.010630954116805525,0.0012475746067085738,-0.012364012295232986,-0.006544726450212406
2025-03-14,0.02179836692348745,0.025617231151747397,0.006644402612013696,0.02703063867923735,0.016342753184334615
2025-03-17,0.0032884823240331004,0.0025252991694561903,0.005550862181677854,-0.0020329777639975497,0.004785460726825815
2025-03-18,-0.0060626663478508995,-0.009792096559831676,-0.0009493267768344651,-0.014425258009649925,-0.005907414399237525
2025-03-19,0.01183527856177125,0.012702788474023575,0.007267655786304604,0.012424978713556543,0.010143995085988846
2025-03-20,0.00013548979440496242,-0.00025569353436089,-0.00134851181950072,-0.0002721730848032399,-0.0011698055020832549
2025-03-21,0.00222159863109745,0.00372019564341841,-0.002439776045902075,0.005326182966669819,0.001242507108710045
2025-03-24,0.009981677680542799,0.01377905190618345,0.0014666869924290853,0.013811655311864079,0.008400602526518867
2025-03-25,0.004866773130197387,0.00469172128575682,0.0027310280686689546,0.00383581874820952,0.0038199191258993705
2025-03-26,-0.010725198396981439,-0.014024743353180059,-0.007241378655826555,-0.02227956930638549,-0.01005165040948709
2025-03-27,-0.0019270051641744998,-0.00288672430620116,0.002135957493005335,-0.0019851364813680897,-0.0007328161578493245
2025-03-28,-0.011752972258820162,-0.01711217194419408,-0.0021834283764203006,-0.02009218585102634,-0.011133897465738066
2025-03-31,0.006234829803651838,0.004715345989340935,0.009580853407597074,0.001880712512848185,0.00722746389181105
2025-04-01,0.005371148633526563,0.00634711362757245,0.00453012205861704,0.010562568131910722,0.005341074729306666
2025-04-02,0.0023671405406145247,0.0030459941079736203,0.002332097952669825,0.00238314779512769,0.0029998085733054947
2025-04-03,-0.0458931068207403,-0.05374194667297065,-0.020490278377341235,-0.05600224585905468,-0.03855861584621183
2025-04-04,-0.04998390075743639,-0.057244751492720125,-0.025023096189328693,-0.05491391984812906,-0.042515638929280404
2025-04-07,-0.006748187309075925,-0.0034300418256359463,-0.01857228375831717,-0.004581264093036086,-0.010943189378343581
2025-04-08,-0.013951172263045148,-0.016476792630226143,-0.012897330482512499,-0.021212024596440286,-0.01579086399597792
2025-04-09,0.09002753457129106,0.10772373197790068,0.055544931481706125,0.12836000685766577,0.08298053727888102
2025-04-10,-0.03227828023764185,-0.038484607335762734,-0.019978837892455827,-0.037961975113356,-0.03226115203480178
2025-04-11,0.0256204609896649,0.026468938966451423,0.014988722523096175,0.026514737268087656,0.020331825151522116
2025-04-14,0.0032139860165079507,0.0048760840986105895,0.00500163911919694,0.006132473144638989,0.00600134640463712
2025-04-15,0.0003267261756202876,-0.0002865568624038949,0.001345667390042655,0.0015732839428170052,-0.00027859467794784983
2025-04-16,-0.016611240486750275,-0.02574200137846509,-0.00035727571741524564,-0.03749213247086317,-0.014625861589455015
2025-04-17,-5.3467639567024525e-05,-0.00042100140206593963,-0.00357890028946144,-0.00671413795259351,-0.0009556398563195105
2025-04-21,-0.015737710740533074,-0.02123670140894056,-0.007671845108154814,-0.02491433099614161,-0.016658068612416106
2025-04-22,0.01877074453433414,0.02314685314465213,0.00898539612618666,0.0224563974825565,0.018216468600931193
2025-04-23,0.012336728376662822,0.01708680200759337,0.0043019193297730495,0.02251029142981528,0.012089716597505
2025-04-24,0.020326635490289624,0.022620416013093114,0.016286826412705423,0.02669380513396224,0.019399023529642814
2025-04-25,0.007236331606537863,0.010004053808660278,0.0028411406888959045,0.01569713968276103,0.00643075076297897
2025-04-28,0.00024130877633664956,-0.0016863421161922448,0.00599724705235875,-0.0034632487112245354,0.00198541851284615
2025-04-29,0.0029171748612574376,0.00410243341946396,0.00301245794173695,0.00465757095252444,0.004450170151449705
2025-04-30,-0.0040107185500785,-0.00195595947268708,-0.00412388045865081,0.00135239924507365,-0.00261311483716407
2025-05-01,0.012094157873749898,0.017270976840796683,-0.0008361280864741896,0.02597324415381047,0.00917012687146595
2025-05-02,0.0055442119569455005,0.007703668622942411,0.0003950431797931502,0.00471215995607142,0.0044279192476206096
2025-05-05,-0.005535959104415676,-0.008270688474105205,0.00232106442639539,-0.008484210695643557,-0.004749809369103981
2025-05-06,0.0016125414571077504,-0.0020774930115585095,0.005238607013516255,-0.0024182502557999795,-0.00038601012051394415
2025-05-07,0.0015944910788297745,0.0034301991389205392,-0.0015718158603992354,0.005019959958061139,0.0012191949848806742
2025-05-08,0.0033163192118561124,0.00624486224345995,-0.00586327173725678,0.0045253549458406294,0.0016318930820918046
2025-05-09,0.0022546894195533997,0.001195587861466735,0.00228207569297449,0.0003488044773050049,0.00143389137985391
2025-05-12,0.022739495129513787,0.03210266983157975,0.003967205145364489,0.0384782429633783,0.020562115215611847
2025-05-13,0.010895238645951075,0.01300806397490717,0.0021196804116131998,0.017557272979803133,0.006437668881842551
2025-05-14,0.0027413619703091745,0.006132545434394809,-0.006916650650892129,0.0106281522605807,-0.0002852542875172399
2025-05-15,0.0051357793726640125,0.003320697164861515,0.008438497450641815,0.0005561081887894151,0.0055419350366308
2025-05-16,-7.071015354607481e-05,0.0016565444410723753,-0.00010536764621910502,0.0019406288640760553,0.001749311162695705
2025-05-19,-0.0018992266081202128,-0.0018723459028615603,0.0024538188448214103,0.0005739830825297599,-0.000302645430543055
2025-05-20,-0.002837611964167575,-0.004320266878445615,0.0005890140822808103,-0.004808387398620925,-0.00282946051096696
2025-05-21,-0.013849881227267175,-0.015845991549523493,-0.010956178047463195,-0.016633390582357323,-0.014553848570542325
2025-05-22,-0.00025475066500247516,0.0004995858372180949,-0.00019060378195039985,0.0021937239831536447,0.00043179376853843003
2025-05-23,-0.004331503608946487,-0.00827365172917347,0.0019827386773806346,-0.01287738340848089,-0.0044628474264169
2025-05-27,0.015103999308438476,0.0193869874933689,0.009316780369202525,0.023146706184007458,0.015956972543879237
2025-05-28,-0.005505577429662324,-0.005506778495528565,-0.004121716991468009,-0.004014832533131345,-0.00500755887052526
2025-05-29,0.007647283115306388,0.007602515455830989,0.00593173863669365,0.0096089143836749,0.005954695095372925
2025-05-30,-0.004048541255052687,-0.004203427433934284,-0.0010433903164631998,-0.005672378959601964,-0.0016492171101250147
2025-06-02,0.007139794745224111,0.006912039447566446,0.005464208309514449,0.007803615369107135,0.004865268523248456
2025-06-03,0.005793407640559837,0.00791595752896412,-0.0006221199273108351,0.00979959244667338,0.0038185966450894403
2025-06-04,0.0006179849913002247,-0.00044528904936080036,0.007198115034709099,0.0022652282153456296,0.00291026351912989
2025-06-05,-0.004819683256815538,-0.005172075856897675,-0.002598473937719515,-0.004988551713029055,-0.0036552664205687898
2025-06-06,0.007131274125448875,0.010278865267999846,-0.003618190158290565,0.008865740163087554,0.004462366885793964
2025-06-09,0.0020669211202393374,0.00146741716848927,0.0014653898971129,0.00026058866064892984,0.0011375419685138552
2025-06-10,0.006378878976059812,0.00625691909992694,0.003686056016712985,0.00400013293786426,0.005148935453422571
2025-06-11,5.076852230999872e-06,-0.0020139597512811996,0.0007778194222845597,-0.00584689501816031,-0.00090808539272558
2025-06-12,0.007882427640677312,0.007209701348649106,0.009249225859242365,0.009447473324745185,0.00752670199979955
2025-06-13,-0.005133342499777976,-0.008100259876518315,-0.004550094409953095,-0.012220523634897455,-0.007296303655233846
2025-06-16,0.0058493279186250125,0.009222847888265526,-0.0032962804323583344,0.009707233878605495,0.0039108421923667895
2025-06-17,-0.0007127154705749749,-0.003498385004289095,0.001008794930131015,-0.005709113583390066,-0.0018128557358968738
2025-06-18,0.0030512391685199253,0.0035431280729589106,-0.00031430606232196983,0.00450568673808056,0.0016364728096855401
2025-06-20,0.0022361134660951005,0.0018182248949663202,-0.0006270754542231299,0.0008760624571667502,0.0007204984023449705
2025-06-23,0.0031235644256422126,0.0048017741779452705,0.0058871472304927105,0.00747823269927539,0.005876499030169334
2025-06-24,0.0014098728229496255,0.00462658927739625,0.0020505744579468357,0.00832749846343539,0.004306286925822005
2025-06-25,0.008640824184620775,0.009483814069474012,0.0019028946086376499,0.013808360143152641,0.00450001282430382
2025-06-26,0.0069437278855061626,0.007149791533928659,0.004217384949782235,0.00445602845999611,0.00621069732450506
2025-06-27,-0.0019718985624507367,0.001140927035400235,-0.005400831382689605,0.0032639596705241756,-0.0012914065541547602
2025-06-30,0.005842464103303325,0.005541173382905364,0.009040055643529629,0.008014879614217846,0.00701195000132848
2025-07-01,-0.00017294956919563825,-0.0021343075885164953,0.003108505542313915,-0.006364730831257876,0.0007588054780424399
2025-07-02,0.008974706055022525,0.01020337835723392,0.00153208924699787,0.012150289286580162,0.005287184290484801
2025-07-03,0.007166056082166201,0.009319309269487156,-0.0007287881380298047,0.009067072892176915,0.0048952402818152755
2025-07-07,-0.008197851178633886,-0.008536678778306064,-0.006343727922841574,-0.008059179635445375,-0.00786395265356797
2025-07-08,-0.0008532364407907119,0.00028118555742585524,-0.0033183949728342044,0.001631343633142885,-0.0013155754863793303
2025-07-09,0.0070140232433968,0.007626798157672585,0.0075410266448004745,0.010959709599785093,0.0073600989874819354
2025-07-10,0.005362957884111325,0.00504127955968014,0.00174332192801349,0.00293725610799815,0.00330527520757392
2025-07-11,-0.0006490227576083502,-0.0006978103401847449,-0.003593168376595255,-4.1660569276194914e-05,-0.0030141474868255348
2025-07-14,-0.0035364160547071,-0.003144185752680575,-0.001707027757844975,-0.004446178934786505,-0.0019708853157527953
2025-07-15,0.002071820360816675,0.003990936588202679,-0.004378054896996295,0.01088202246669277,-0.001316495194740765
2025-07-16,0.0012154295087934749,0.00158137210523004,0.002975329950140105,0.0029591531831349304,0.002181558281953115
2025-07-17,0.0042222486988941505,0.005459695354343085,0.0017783220278528547,0.006015159496952215,0.003948875131183895
2025-07-18,-0.003478550922014925,-0.00315471194922086,0.00108002396032034,-0.00018139778908780004,-0.00113706213839551
2025-07-21,0.0034939674619295685,0.0018753761994568829,0.007840620460674262,0.0015490523246642581,0.0043810559318615706
2025-07-22,-0.0004933326283732245,-0.002436644191787779,0.00451276918174299,-0.005636254758755149,0.0012091067554753604
2025-07-23,0.005515829358055038,0.007709885540124654,-0.0024887283028799797,0.005996829178519375,0.0033074273726828546
2025-07-24,0.003124952319535125,0.004213443588012185,-0.001636294246668905,0.006010307796272575,0.001186008731140845
2025-07-25,0.0011801394878503753,0.0019618804220385548,0.0014603248861926653,0.001665365056791805,0.002524964821669355
2025-07-28,0.0015311422503489372,0.00269345348034423,-0.004039442267840385,0.0036075277977218093,-0.00083644403073303
2025-07-29,0.0007370692169258002,-0.0017811576587130893,0.00516379374322375,-0.00438051606054002,0.0015313587934973302
2025-07-30,-0.00142821332039425,0.00040102539375502506,-0.00695983339264312,0.001745436060144805,-0.00304575241131354
2025-07-31,0.001802187204620587,0.0017473220112383494,0.00235711422404476,0.005944773846710749,0.0016338462153692149
2025-08-01,-0.011114450108560537,-0.01637276452246234,0.003003341217607819,-0.01721676350120054,-0.008345700096111654
2025-08-04,0.010361609818074276,0.01328858510346823,0.008311848621133103,0.01844336577441354,0.010745293557571676
2025-08-05,-0.004842889516746475,-0.006153914732146275,-0.0010890032554959,-0.007194866798914865,-0.0038002486120631107
2025-08-06,0.005622344481665271,0.008646083945656812,0.0020258833830609905,0.013776663159730236,0.00585383648267958
2025-08-07,0.002125719587361438,0.0028138152585543406,0.0024595593967291956,0.00808776544783471,0.00196385680132997
2025-08-08,0.009117887225462376,0.011458742319706006,0.0029994233641688897,0.014776246175399034,0.007558167336161661
2025-08-11,-0.0042344907361692745,-0.003640628611634435,-0.004228641597190975,-0.0040474482780153255,-0.003276630650604665
2025-08-12,0.0062664327369769375,0.008468728979366956,0.0024641872965085747,0.009107551459771775,0.00615923759244617
2025-08-13,0.0014714465744430122,0.0006786122936992949,0.0046704876791002145,-0.001147608612414305,0.0029931077495854
2025-08-14,5.631096458984144e-05,0.0009296640719119078,-0.004087079066267155,0.00024142950482422461,-0.0013139954444985192
2025-08-15,-0.004821922861114937,-0.00478970799657383,-0.00352625636351541,-0.005217828162660151,-0.004147226587927045
2025-08-18,9.848420078521257e-05,0.0002549005565473802,-0.00191460528611288,-0.0003252587695933699,-0.000984243417068795
2025-08-19,-0.0065152250747753755,-0.008572603526153374,-0.0017446965443582204,-0.013447858268940455,-0.004416918871490411
2025-08-20,-0.00045234558821469987,-0.0028284671070460446,0.0011169000115844898,-0.007044244065391076,-0.00152701197971045
2025-08-21,-0.002151478154506175,-0.0023315567720264,-0.0041140186361536745,-0.00317123180497688,-0.0032903122671314646
2025-08-22,0.013056441705064748,0.013635479612106476,0.01080829173374695,0.012171351790349182,0.01240828265957327
2025-08-25,-0.0010427355748462877,-0.001143244790176025,-0.00335374111622461,-0.0004905963234355152,-0.002713474547924845
2025-08-26,0.004630386390943887,0.00479620303299685,0.003123083632618985,0.00495299720952801,0.0036380603644634796
2025-08-27,0.003799561270952912,0.004016730373018225,0.0015102207906997,0.0037781975926810445,0.0028568036570799254
2025-08-28,0.004458781442855338,0.0037398454177181807,0.005954667412537014,0.0029383573095262505,0.00493877469892307
2025-08-29,-0.0043509251492622626,-0.006544426426109386,-0.0022442355847986143,-0.010977680914872365,-0.004492945593589539
2025-09-02,-0.0033074029443654622,-0.006219657295218019,0.0004067496315804799,-0.0085623090902232,-0.004156354212458885
2025-09-03,0.004620522158694901,0.00544928504396697,0.00935328602202818,0.011155486487359981,0.007439576485433242
2025-09-04,0.005888068060114387,0.006642481668183931,0.00460477004993095,0.0056071958858004605,0.006318990397728025
2025-09-05,-0.010814469232973987,-0.013162579053261306,0.006508657433261165,-0.012239418372503894,-0.00353571925885975
2025-09-08,0.004311007207499813,0.002913524923000155,0.008193094564065289,0.003263306741476275,0.004975059048357355
2025-09-09,0.0023307000024191627,0.0026159144382176857,-0.002583848148350815,-1.622489255140456e-05,-6.0990612801429864e-05
2025-09-10,0.006012206517116111,0.005285429164269891,0.0023493879206751447,0.0034360802554387402,0.0028927367838457894
2025-09-11,0.005215941041401913,0.005895502646581976,0.0052386673906490745,0.0051860906287192554,0.00628607141202014
2025-09-12,0.005111546195701062,0.006105122421997174,0.0006468683771410854,0.009576542380992035,0.00316059564995301
2025-09-15,0.0059739166001360365,0.006018242411759845,0.0061127117866817595,0.006823087356784546,0.0059543697232699155
2025-09-16,0.00026637589970499986,-0.0013132810311857251,0.0005192464780638948,-0.005571725669602825,-0.00019694192022894498
2025-09-17,-0.002337323819022675,-0.0025828853199948744,-0.002919850528537305,-0.005897952732025845,-0.001802620360249675
2025-09-18,0.001314417277207487,0.0038295741426502346,-0.00359786829969045,0.006788978008074245,-0.00020691451674685542
2025-09-19,0.007747123371591938,0.009161446214394955,0.006004432845222075,0.014457364252190616,0.00736305036911251
2025-09-22,0.009947166927825213,0.01176476530881712,0.006306591596058975,0.020310028765310437,0.007543125337595642
2025-09-23,-0.0026225115531455997,-0.005708451812428825,0.0010055551328122848,-0.011463215401362215,-0.002258726193919975
2025-09-24,-0.0029040042087326253,-0.0028923816168643,-0.004878888067550665,-0.00479781063117815,-0.0034665444708386547
2025-09-25,0.0030830175924923776,0.002367426803673037,0.00025511982297476504,0.0035227008502226745,0.0006552890845583965
2025-09-26,0.004886559393200688,0.0048280388232909005,0.003009545774978695,0.0026184592655784504,0.00398951667660477
2025-09-29,0.002925234382091512,0.00265870182247098,0.007946604454452694,0.0073187453648724905,0.00417510760614578
2025-09-30,0.0036273935935124124,0.004850305954529906,0.00261459349828022,0.009173628220390405,0.002937701819014845
2025-10-01,-0.0004978676999883249,0.0004127323135858798,0.00265094588756164,0.00325798461399004,0.00162020175363423
2025-10-02,-0.00101129725965485,-0.00022023928671888507,0.00044082915005846484,0.002081650385525965,0.0001505120089218249
2025-10-03,0.003968045742198805,0.0028584596503230465,0.0016684816206019577,0.00026934359825359164,0.0020288032030788207
2025-10-06,0.003792687688131362,0.0032993245939117754,0.0038337384353006906,0.0024447766650001752,0.0031703684253216948
2025-10-07,-0.0011608787288040624,-0.002640229642855995,0.0017155770531563149,-0.003059800856234225,-0.0009309905111912299
2025-10-08,0.0048824064602190995,0.005427390169686905,0.006577405939884359,0.009212248032570706,0.005075197732801761
2025-10-09,-0.003610607890298913,-0.002458649631837435,-0.006769089176920211,-0.0018837706379964056,-0.004365906416396575
2025-10-10,-0.017570433390407498,-0.024687087938785744,-0.002753503544872151,-0.029063548438431105,-0.015030637158741988
2025-10-13,0.015028014732423062,0.015334769238734619,0.01127495702243331,0.01448008751909848,0.012536315491256797
2025-10-14,-0.0067586087621908,-0.00833282834189941,0.0025150302175164048,-0.01079375111682508,-0.0022570584682425746
2025-10-15,0.0038023339557129504,0.0031989031832409553,0.0051977905036856955,0.0026607868318159955,0.0036924704579455155
2025-10-16,-0.0010147053444059253,-0.0033834245900980853,0.005872656050641301,0.0004942205254551051,-0.0007107798979469696
2025-10-17,0.0034588241106672125,0.006194274968774865,-0.002367365746215495,0.007625328810758695,0.00308614408647527
2025-10-20,0.014174126942497962,0.013013548483897918,0.01584832514588518,0.014202873524723318,0.013470016567564705
2025-10-21,-0.010138490985786086,-0.005365302680549037,-0.014166115479444656,-0.004069582672830488,-0.006350809243784887
2025-10-22,-0.0015576457761592752,-0.00285057640529592,-0.001848745070871305,-0.004675557857021241,-0.002623434144411495
2025-10-23,0.0038076752535939388,0.004819633883633382,0.0006049473583791956,0.004457196310400933,0.0026962137730245314
2025-10-24,0.007631210777070674,0.0095190414344097,0.0026836886326600403,0.011292205422565321,0.00631925682649647
2025-10-27,0.008804948308482387,0.0133349924715142,-0.00033949309495037494,0.01704144088858164,0.008072572588035279
2025-10-28,0.008076159133592713,0.01060563675158091,0.00094831113939101,0.01776462531940153,0.005088982987950955
2025-10-29,0.0038701858111346876,0.005439827571843495,-0.004257838563871849,0.007262113455538566,6.897743970294533e-05
2025-10-30,-0.00529036353778095,-0.008718087236259381,-0.0015681103161691795,-0.011683097152859439,-0.00644893954326376
2025-10-31,-0.002933410269175787,-0.002478479290542645,-0.0023628179301266646,-0.005150436722153405,-0.001853816642068
2025-11-03,0.0006905364043489252,0.0016339225021252703,-0.00018357441773343003,0.00406896098868077,0.00023428146352129999
2025-11-04,-0.008156950475238713,-0.009595691785720064,-0.007232440421040541,-0.012825084559054034,-0.007437516646189385
2025-11-05,-0.0028904448445247373,-0.003380207694414635,-0.0005614246681107498,-0.007217997818679215,-0.001851264203235585
2025-11-06,-0.005983956539460037,-0.00967269973189058,-0.0014317826183166498,-0.015652403175312336,-0.005383799237272605
2025-11-07,0.0032815828486886627,0.00232232539670731,0.0008151773189373451,-0.0009047430958363898,0.0013273435500280699
2025-11-10,0.01759267450513616,0.01910685359428077,0.012589721469987391,0.02393627235788379,0.014203241528822835
2025-11-11,0.002162563299441725,0.0015129602808846353,0.00461855076090796,9.59288613457557e-05,0.0037803181664167696
2025-11-12,0.0026807537867870376,0.0014177148364473348,0.00473560997772135,0.0013985591909964048,0.0022300219086185255
2025-11-13,-0.014299776361781162,-0.015767661887714165,-0.010735943416954314,-0.016571168750320213,-0.013196945556502943
2025-11-14,-5.836675409793732e-05,0.0025877247563523193,-0.0059725249670299655,0.006144084034932729,-0.0012451139589917805
2025-11-17,-0.010586205118526076,-0.011527837622357128,-0.005966740620555831,-0.01240101042608902,-0.008403515881588238
2025-11-18,-0.006043156067172111,-0.009198137739732982,-0.002174371115607469,-0.014701126227103381,-0.005977274653320413
2025-11-19,0.0026726447834426997,0.0036937507660664195,0.0003929489456522901,0.0053427914255250505,0.0015403251931455498
2025-11-20,-0.010832702158186727,-0.013941109187154244,-0.0044979120201408,-0.016135987431210804,-0.00955989862144077
2025-11-21,0.0009368002005998748,0.0020071289162510355,0.003985145093028745,0.0007552418455530447,0.004064173470111914
2025-11-24,0.008441205139947781,0.009924398339411793,0.011386037077387475,0.013488939173839939,0.010453972946326728
2025-11-25,4.633897205312629e-06,0.0005127616453007606,0.00414281054025175,-0.0024264617709538502,0.0036967821323697155
2025-11-26,0.008821922029677525,0.009154350908590084,0.006618871615809434,0.010071241445588965,0.007661424112912605
2025-11-28,0.005106195389848713,0.0045201052292699155,0.00398783301207285,0.001204764847799925,0.004494257302383175
2025-12-01,0.00020895815686057452,0.0009150853658091045,-0.004294940819576255,0.004190569908704875,-0.002685819907767365
2025-12-02,0.00099381306212815,0.0026809639216104596,-1.600122451426986e-05,0.00652135982712359,0.0015794182734677699
2025-12-03,-0.00029346370513339947,-0.001933344855679829,0.00018324674663011982,-0.010004882175755798,-0.0003112298889735399
2025-12-04,0.0023290827465625875,0.0029865296843269748,-0.001787047498077695,0.003754689449154034,9.325100407983985e-05
2025-12-05,-0.002536442859881075,-0.0017889146629914599,-0.0015965293614168498,-0.00186179517297004,-0.0013289049114042803
2025-12-08,0.0021363828605172625,0.0030693809514597296,-0.002058553979504065,0.006825317920181929,-1.8280262942980077e-05
2025-12-09,-0.0031761731511183488,-0.00316070601016773,0.001357851935348625,-0.00073251732791908,-0.001144880824771735
2025-12-10,0.003699174844854188,0.0021471026443651256,0.0033280035191726796,-0.0056033575779016855,0.0031828573578231946
2025-12-11,0.0034054316115230496,0.002205924640862321,0.0032935174817719597,-0.0011649020074982295,0.00277344422427396
2025-12-12,-0.007401280737424413,-0.009430795989083649,-0.005666363835144069,-0.01231077242305291,-0.007818102281779255
2025-12-15,-0.0024508654079922875,-0.00304126203695193,-0.001122124556984265,-0.00401718059427088,-0.00242192593910718
2025-12-16,-0.0029866626944370003,-0.0024230265170367953,0.001415903230383555,0.003186718751488685,-0.0009226481619156049
2025-12-17,-0.003766311947261875,-0.007487665133287152,-0.00200537585671864,-0.013467592169557174,-0.00504745351415071
2025-12-18,0.004169001400987749,0.006144660697298185,0.0043787413653163295,0.010410745932587964,0.005450204808445189
2025-12-19,0.00874742619166425,0.01092675586011747,0.002167162423866465,0.013424871751065957,0.006186865599673625
2025-12-22,0.0076479802446881,0.006156996010977456,0.006283635106705066,0.002728568573740175,0.005160529936796346
2025-12-23,0.009765610369679713,0.00971332772809695,0.00570058521845977,0.011218422070784771,0.006635851824455555
2025-12-24,0.0022828235369784376,0.002485538761097935,0.002528148860499565,0.0017627327344500949,0.00305665313221024
2025-12-26,0.0014472178510362625,0.00112580754442877,0.0016290840687138905,0.0024157045720896303,0.000531509572582015
2025-12-29,-0.007019179573024651,-0.004764433751094815,-0.010631442451166396,-0.005537387847833335,-0.005485694621073136
2025-12-30,-0.0006746935076590875,-0.0009059114448844048,-0.0011042096946642399,-0.001595183433562005,-0.001042703841114775
2025-12-31,-0.0061072561732793,-0.006171964522827,-0.00724743778886463,-0.00631594244351749,-0.006803333928117769
2026-01-02,0.0027519490723519877,0.0016720832478218902,9.976877610220114e-06,-0.0027034602786829695,0.00041494608467259524
2026-01-05,0.008552034978482613,0.005383291564185261,0.009604306202565584,-0.0019115019436574691,0.006774286510783549
2026-01-06,-0.0030620036740939497,-0.00254737100556071,0.00344889551620115,-0.0014306893492005408,0.0004730941710877498
2026-01-07,-0.0047807736810628375,-0.0034915419204578605,-0.00118047934813294,0.00248441871520305,-0.0023494463035728355
2026-01-08,0.001088919963954188,-0.0010477956220475446,-0.001206107984216615,-0.009380584574705605,-0.0008726446671582399
2026-01-09,0.004406950731186275,0.00396087993805321,0.006304588130529219,0.00237318478835259,0.00529095654236053
2026-01-12,-0.000268959800551925,-0.0007956856016777651,0.004067444872167976,0.0008848844456474252,0.0008067055837959853
2026-01-13,-0.0036522665569559618,-0.0035294604250075356,-0.000884702744512315,-0.0017515480762820548,-0.0024035985417631594
2026-01-14,-0.0015299810061063122,-0.004889346633710024,0.0017055035369080798,-0.010568795447602254,-0.002112432212732764
2026-01-15,0.00017033411787457475,0.00129730867772871,-0.001426937274526945,0.00226497751187259,-8.793404472075519e-05
2026-01-16,-0.00036529533823756227,-0.0002760004649838647,-0.0036459583836752248,-0.002594269840398245,-0.00167328186435267
2026-01-20,-0.01404420582386759,-0.020025031054682493,-0.003540638327692225,-0.024312753328925386,-0.0141059864186515
2026-01-21,0.008248805710682825,0.007742440337102969,0.008817821089907385,0.00544803584335087,0.007680194994471114
2026-01-22,0.00755929353957715,0.0070375453412662645,0.008638779707731015,0.008661104564625816,0.007099492710074056
2026-01-23,0.006777836963856862,0.006997079741166025,0.00608203783160712,0.012601066044671975,0.005496735078714225
2026-01-26,0.0084104114156929,0.008150365581030728,0.008802709504917577,0.0098848925149471,0.008285810128543795
2026-01-27,0.009839677739334363,0.009758706539790406,0.006804378439507835,0.012536261075537585,0.007078921589523241
2026-01-28,0.006802553619352888,0.0041528093535044795,0.008620850357333952,0.0045628720319235,0.004042777809329925
2026-01-29,-0.005818975232268975,-0.009479084346448974,-0.004475856291171625,-0.022047560615011143,-0.007391002314250957
2026-01-30,-0.01458000513863654,-0.00719100720853181,-0.028675628553755633,-0.00834590131968156,-0.012840677715591126
2026-02-02,-0.007022235496426988,-0.0029458400376400867,-0.008295992246746261,-0.002495081345587617,-0.002523564560005936
2026-02-03,0.007345966690300699,-0.0016461110995369596,0.012675124784996748,-0.01273708268630551,0.00241080776878009
2026-02-04,0.003201978124928687,0.0019548949815184347,-0.0008537482265543047,-0.0010991482576642756,0.0010750582908422904
2026-02-05,-0.015725175259812874,-0.0169101283061946,-0.009184987506994419,-0.0188872558475044,-0.01232113374960129
2026-02-06,0.027012563518993612,0.028202005104046697,0.01502777396632077,0.030874312270492966,0.019549190899034296
2026-02-09,0.010991272259251563,0.010476198047813154,0.00868735035956866,0.013075138052009756,0.008048975137871386
2026-02-10,-0.002808913661084613,-0.0033297279619215647,0.0005584870576699245,-0.003342724226995875,-0.0008903939823403596
2026-02-11,0.00020557440264359992,-0.000514114026296885,0.00015589551583851966,-0.0014537103272262552,-0.0009621974755266604
2026-02-12,-0.020697297786538865,-0.02143319481507669,-0.011478424037378296,-0.02154004794825845,-0.01546895592681906
2026-02-13,-0.0031517713380652627,-0.006240261933767704,0.007151690354497871,-0.009905856245328606,-0.00018306320280841494
2026-02-17,0.0005499201938615507,0.0037753842040215957,-0.005695637394018346,0.006859635579975585,0.0004240072523629748
2026-02-18,0.010598502210413913,0.00954703690315468,0.006243880225644655,0.00793051836873658,0.00674196962650032
2026-02-19,-0.00181782506476415,-0.0028029894568784596,-0.00048303803539478,-0.00402168588533423,-0.0019698353288560197
2026-02-20,0.003942245301520512,0.004494116932214505,0.006891269246213741,0.0075738318469458265,0.004993905939632165
2026-02-23,-0.0018816451974133243,-0.00542040297731895,0.003678439504548025,-0.004236760908682361,-0.0032154542844168845
2026-02-24,0.00312003650324465,0.006238110590778595,0.0010485691599625602,0.010726572016403146,0.00471175026952192
2026-02-25,0.00955453790588915,0.01160678322254107,0.00381862103691526,0.014033988001495771,0.008119631337490881
2026-02-26,-0.005445695862605375,-0.008640371878376985,0.0017854378635,-0.014312448518184565,-0.0029088138653785497
2026-02-27,-0.009261640064583226,-0.01389734660653935,0.0012505203636411946,-0.023791755467014293,-0.006298970856980656
2026-03-02,0.006536674625165375,0.007505360477758855,0.0007277091917181097,0.011902286634950026,0.002766812237488601
2026-03-03,-0.008167568580604188,-0.005699253125726411,-0.014008637460947656,-0.00452364134605159,-0.00795149572515483
2026-03-04,0.001336702924651125,0.002647650749674695,0.002899292052568455,0.005064420576596715,0.002496547897545985
2026-03-05,-0.003524390624748526,-0.0025196184159731157,-0.0058389368338888446,2.8011891342574697e-05,-0.004037523982580195
2026-03-06,-0.007129964322036149,-0.010534258138502115,-0.0020279120923845347,-0.012652429116611805,-0.007303049187533855
2026-03-09,0.00618558686319565,0.007813827392937997,0.00568215169193792,0.011061269379502395,0.006829415569658341
2026-03-10,-0.0017607834252872374,-0.00136399015469382,-0.001651474472185105,0.00137739698135999,-0.00248242151975092
2026-03-11,0.0007711043168759741,0.0014752097144544141,-0.00585608124714731,0.00015361860493706337,-0.002286910567709901
2026-03-12,-0.010298157958282638,-0.011553870658262239,-0.011492895102768741,-0.013947206159150072,-0.011291181977034274
2026-03-13,-0.007282700650349012,-0.00845783497620078,-0.008550414410174225,-0.015126614404021792,-0.00788727895299431
2026-03-16,0.009016420711834587,0.010316837695641581,0.006636295967652685,0.0114681028236213,0.00887238678636942
2026-03-17,0.0015811624305816375,0.0015071835877000202,0.0013338560050462649,-0.0002972776223404499,0.00191980020651276
2026-03-18,-0.012534490137786363,-0.01247673008418464,-0.015854185860420304,-0.01504565862820581,-0.01341987827047997
2026-03-19,-0.006794850641277525,-0.005109051729632225,-0.009459376515903685,-0.0074233181787752645,-0.005153293398460855
2026-03-20,-0.014288701146786247,-0.01385946439227246,-0.019694662698305405,-0.018400375178613378,-0.015503922781764143
2026-03-23,0.0061701126488488255,0.00901939260058654,0.0006386628680991944,0.00929561471657421,0.006320643231423625
2026-03-24,-0.00015812401970725004,-0.0018560930340183997,-0.0038004966230823197,-0.00788665482468133,-0.0030285632844819998
2026-03-25,0.007752263371118362,0.00601059027257125,0.012538289035477636,0.00762205360374245,0.007691348602732481
2026-03-26,-0.014691121205481189,-0.014843402711961783,-0.018328045488648248,-0.018537332931151285,-0.015004465848658386
2026-03-27,-0.005885422806259861,-0.011899692549216741,-0.00031807937504126516,-0.01683495158406963,-0.00859937079255821
2026-03-30,-0.00010469231178473755,-0.0020669511233250898,0.00345452334339795,-0.00400329264349711,0.000808206876331275
2026-03-31,0.026015657859092912,0.029136983302993122,0.020843849454287806,0.035238579836772095,0.02387876977857005
2026-04-01,-0.0014141094125321003,-0.00018539248563672998,0.00654519466745319,0.00516339375807729,0.00267647531423063
2026-04-02,0.0007717643563509122,0.00248264059934386,-0.0017711975227616195,0.0048665128928838,0.0011504128595311248
2026-04-06,0.004381879768195375,0.005067331983411295,0.0003255209392698801,0.0032594829651197647,0.00322064006581265
2026-04-07,3.2382882095274715e-05,-0.0013736451654085854,0.00140911358065708,-0.004378081508729855,-0.0005003840568184703
2026-04-08,0.009094243511150001,0.01307572136255146,0.011685801684957739,0.016579066837495708,0.013417355104982442
2026-04-09,0.0029939981136951747,0.0036394693617992297,0.0029282497955620997,0.004334197154617419,0.00307634676109799
2026-04-10,-0.000367054608890281,0.0008037260801123471,-0.0017883580917111125,0.0046229068711672325,-0.001094508454673405
2026-04-13,0.007121149734370925,0.008969529998473025,0.004545940553820354,0.010186674852442085,0.0076030056839356056
2026-04-14,0.00859310018887755,0.01028680065239752,0.012164265203056383,0.01804626943047308,0.010071109778674005
2026-04-15,0.007793691246264136,0.012528635577398275,0.0020132171370258103,0.022305927154208302,0.008082629776531585
2026-04-16,0.00454103020277335,0.004761075506216,-0.0011649275468725647,0.00200775257227929,0.002090881573933275
2026-04-17,0.00598979871047345,0.007919168457609444,0.011751140619261465,0.015119999896447186,0.009657217362597406
2026-04-20,0.0025469222272199244,0.0022374061355832746,-0.002869523516326475,-0.00045307416066430514,-8.258329296342501e-05
2026-04-21,-0.008722760121885737,-0.007339461713327215,-0.01150550695494686,-0.008028376499660666,-0.008227781583907036
2026-04-22,0.011642938946388907,0.013075848248291392,0.00938436400298059,0.017294332636157803,0.010999623289984273
2026-04-23,-0.008244796079988261,-0.009225298100328285,-0.006290147897204414,-0.014384575379775916,-0.007210923849782
2026-04-24,0.006114715964103675,0.008500135736970303,0.0048869352681403,0.015484936893916884,0.00593768324856909
2026-04-27,0.0028534184051463626,0.004566238450492918,-0.0037704947673384854,0.006569542288797649,-8.625831158438023e-05
2026-04-28,-0.00010492634393498762,0.0003686987901960503,-0.00463483990865941,-7.314883703813985e-05,-0.0011728480968800849
2026-04-29,-0.0037357769538732748,-0.0036677802237995143,-0.00608557100438286,-0.008830038612077963,-0.0038952478502221497
2026-04-30,-0.005816064551776399,-0.007921888468347899,0.0046550708788822845,-0.018102987764420108,-0.00047933926633005487
2026-05-01,0.004457630009906575,0.006015039409657029,0.0042351400021694,0.011315921482991442,0.00552972423963673
2026-05-04,-0.006773233172020712,-0.00526986268751831,-0.009449924784627445,-0.00534066818225265,-0.006637669572903871
2026-05-05,0.005841137447359,0.005728392594678451,0.0075457268758206105,0.00469898887220045,0.00705890657302445
2026-05-06,0.0131632162475646,0.014500515225088936,0.015317121990151093,0.022894433592168882,0.012992833640745594
2026-05-07,-0.0017651230350865252,-1.2472592085290436e-05,-0.0014401834212074494,0.007840357354275039,-0.0014812851171841198
2026-05-08,0.0019141252920760882,0.0035027540971679155,0.005795829384838559,0.007862226003200187,0.004589069573425074
2026-05-11,0.0048967519498560996,0.005085343767237495,-0.001283317316442995,0.0032695051029234647,0.0014778288691042248
2026-05-12,0.0014974022112264626,0.0015766351360497202,-0.004005847411815365,-0.0003832487848620899,-0.0012830284013536201
2026-05-13,0.0024002831923993755,0.0046719418600940504,-0.00013076532129028986,0.008047182208007292,0.00239900904506866
2026-05-14,0.00757578567787905,0.01016056927691442,0.0013632805797959599,0.013894933941286049,0.0056390487103056795
2026-05-15,-0.0029189933418012617,-0.0025827840049266098,-0.012743016755952944,-0.00543768512138146,-0.0062990509473193285
2026-05-18,0.0011845787626997627,-0.00010645348720796002,-0.00015253777975119992,-0.004387547000215989,1.4007128006145089e-05
2026-05-19,-0.0064903391047848626,-0.005957541897670025,-0.00893332980515643,-0.0067371658005418045,-0.006924608391185635
2026-05-20,0.006328422537122212,0.006979945319745455,0.011395809227393614,0.010954064943795236,0.0089155614135126
2026-05-21,-0.0011800104768355,-0.001341057531265435,0.00196951566272775,-0.002361463276970995,0.00095508807689059
2026-05-22,0.00035482490880453716,0.000594335968948605,0.0017564695381136048,-0.001448596869874515,0.00232643125718012
2026-05-26,-0.0037017598771626505,-0.0027272409489747206,0.00345353865635729,-0.00119389781528207,0.0008938665506566098
2026-05-27,-0.007327966349971226,-0.005861490138134975,-0.002551877910742265,-0.003179354111685705,-0.0032912550375685354
2026-05-28,0.006759819597343276,0.007843648277281309,0.008081828097129444,0.013559786224989611,0.007658575677065355
2026-05-29,0.0061106791605675375,0.00664841977550919,0.00611428076572158,0.01053611353493325,0.006404169642130616
2026-06-01,0.009434209404123536,0.011982283139389899,-0.0022864490697227548,0.016487652429833338,0.00418927307464648
2026-06-02,0.00019502257933851248,-0.0008072129483571991,0.0009293623262138851,-0.00449580786412155,0.00025063064235981026
2026-06-03,-0.010617998874788637,-0.01303058489380493,-0.008336975465861426,-0.02263274997016076,-0.00980942142071652
2026-06-04,0.008585392514099038,0.008116051340165034,0.00423648558624565,0.007140405690212835,0.005558022256507085
2026-06-05,-0.0222228251484548,-0.02462001564760525,-0.020634539659124086,-0.03123061647593979,-0.021185361997780604
2026-06-08,-0.0006975028977905251,-0.0007618956948880699,-0.00201652416389495,-0.0031499615828400698,-0.0017808645668118807
2026-06-09,-0.010725203465973438,-0.011440810858707861,-0.0057305549421687455,-0.01567027788379137,-0.00793509780547116
2026-06-10,-0.013589503884317025,-0.013461370201891497,-0.016653054732675927,-0.016772070201684877,-0.013233808130194858
2026-06-11,0.008388327346679613,0.007966451031540756,0.017281546205075195,0.009371272308762557,0.01177658696386306
2026-06-12,0.0020949829004630748,0.001949126506869395,0.00020010707408742992,-0.002441164517601625,0.0014127113737251397
2026-06-15,0.009255348142500588,0.012615546142255765,0.01362300897154364,0.023069985631782145,0.012262461944038777
2026-06-16,0.002078515048176701,-0.0010939331969592944,0.0005454308457962548,-0.007744835508857196,-0.0002644651096701447
2026-06-17,-0.012080984505112063,-0.013592999862834418,-0.011299151238126482,-0.01847388720593125,-0.011914512744679145
2026-06-18,0.000461486138823625,0.0037642980175111944,0.004282393162329015,0.011054277832549746,0.004255702440882484
2026-06-22,-0.0047597385414585875,-0.00581391627456916,-0.006997927283101875,-0.01238550762864129,-0.006073110541013671
2026-06-23,-0.005930755261952499,-0.007662752127356526,-0.008193057986494392,-0.011165219384309174,-0.00704025862352105
2026-06-24,-0.008915959715949126,-0.007977185525261155,-0.004242300965246846,-0.008901184892858205,-0.004503880605936635
2026-06-25,-0.011448264625821152,-0.01501425831108415,-0.00205474861372904,-0.027346331325589196,-0.00850024303860342
2026-06-26,0.0063451088216655,0.007023653797739899,0.005114666322863216,0.01749704533331314,0.005372451544093495
2026-06-29,-0.0006006980836561752,0.00229933853760124,0.0009747208217814297,0.00026880746984324984,0.00323161500478034
2026-06-30,0.00743037519698485,0.010997375621022251,3.399390339851437e-05,0.01689704338235215,0.005470312877335454
2026-07-01,0.006284707328633425,0.00661106067994724,0.0011118120158045757,0.00850808828061147,0.003772287258875325
2026-07-02,0.009584607393839425,0.008992923918143169,0.007872811741409455,0.01347508427127565,0.007666352987275105
2026-07-06,0.0044097625965729,0.0047005879088978806,0.00518991103138901,0.0035904205952781505,0.0049784981414153495
2026-07-07,0.0026979398170442997,0.0028838221479149805,-0.008195850105928711,-0.00032396181581347005,-0.0025817054524775703
2026-07-08,-0.0014425945215131375,0.0004552068665982902,-0.003994480014242745,0.006809965891355811,-0.00251144825252066
2026-07-09,0.0017198414800813368,0.0023268675244009253,0.006153756159541685,0.0031264661918188347,0.0045412630904495
2026-07-10,0.006713690124051487,0.00815492134413602,0.00039075879236515,0.010334645250681491,0.0037423049489934248
2026-07-13,-0.00232789446687015,-0.0020851822425125505,-0.009839860118214468,-0.00615826925594936,-0.00434592402416803
2026-07-14,0.008118835118805024,0.00714911235337973,0.003781072050208935,0.005634911904421501,0.004031889010315085
2026-07-15,0.010672184107529573,0.01257263235080815,0.00538658209032555,0.01852835341698082,0.0091673826327594
2026-07-16,-0.002385220625177088,-0.0013401202380363053,-0.00514129470103508,3.051036970951504e-05,-0.002054755221339975
2026-07-17,-0.003989612741223775,-0.00727502994079704,-0.00015292080636356486,-0.01053809393393549,-0.004375640032473934
2026-07-20,-0.0010771852900346504,-0.0005012407718943449,-0.00363861564856201,-0.0001245536095872057,-0.0021390111922007502
2026-07-21,0.009815523300383162,0.008858125315007365,0.00605803420360864,0.005085364871170765,0.006609832139211765
2026-07-22,0.004142004538755162,0.0026325640390007796,0.0003918242107027151,-4.673807926845047e-05,0.00027474932354541997
2026-07-23,-0.008245468261760288,-0.00983382629091848,-0.011620057644357631,-0.0157623904746115,-0.010261775328657966
2026-07-24,0.004901682396610837,0.005296217237708111,0.002678748038028885,0.006860174866726101,0.0042424705410042205
2026-07-27,-0.0013340492914851753,-0.0026457904130554296,0.0055556491432876545,-0.00401868621849725,0.0023526867473268247
2026-07-28,0.0011274109951057,0.0028144356157502547,0.00027265346918302477,0.005668736925674645,0.0023615703883601248
2026-07-29,-0.010814039870940699,-0.01277742473844179,-0.009869096021688145,-0.014959775356993799,-0.011820515144664924
2026-07-30,0.027403409481310263,0.032021771483710104,0.015964306876623202,0.04517009431411034,0.02376943432354197
2026-07-31,-0.004435144886349737,-0.002094460212901621,-0.006057452573474734,-0.003514625919678379,-0.00352283146432349
2026-08-03,0.00985966919288995,0.012881981370862248,0.007119331375095709,0.01755146405191497,0.010312507112537011
2026-08-04,0.011862790525553325,0.014275394730036183,0.011250499239673944,0.017385307478468066,0.013144350409844876
2026-08-05,0.0074945102928773,0.004955287048661836,0.010223889443031103,0.009060183931576015,0.004512474457667306
2026-08-06,0.004325567724444694,0.004952220899086947,-0.000985619380945477,0.006705666835879217,0.00188584410132303
2026-08-07,0.006163265351470025,0.005868332019554965,0.00865860155924506,0.008666879167155644,0.00602558132735875
