,Annualized Return,CAGR,Annualized Volatility,Maximum Drawdown,Sharpe Ratio,Sortino Ratio,Historical VaR 95%,Historical CVaR 95%
Equal Weight,0.2168897753838937,0.22521646725942057,0.16542796370592422,-0.26524390513182117,1.1901843616590608,1.5442328086768924,0.01526104658491814,0.02412832830191635
Equity Heavy,0.24659189946339927,0.25455571654203846,0.19843992533584265,-0.3095261319062619,1.1418664821603406,1.4700270340036985,0.01872414226011837,0.029295146485915757
Defensive,0.09893323723885779,0.09840648923650575,0.10056554734534275,-0.24018736914499839,0.7848934284402642,1.0703507198909168,0.009666529018524822,0.014585529970059652
Growth Tech,0.3140468730706108,0.328670928021888,0.2438395742842935,-0.370462428735543,1.2059029955809404,1.6374879774557027,0.023688465369484112,0.03534169650537247
Balanced,0.16170232439220478,0.16401738416397316,0.1398374429922711,-0.24118231906202037,1.0133360662210962,1.3003215716688024,0.013185605240503575,0.020667902893748737
