,Annualized Return,CAGR,Annualized Volatility,Maximum Drawdown,Sharpe Ratio,Sortino Ratio,Historical VaR 95%,Historical CVaR 95%
AAPL,0.2556713649478669,0.23837926961952483,0.28720483103534933,-0.3851592425013367,0.8205689441166133,1.133134702471997,0.027172705739926525,0.04124150945132102
GLD,0.11539779279251858,0.10758508111754983,0.16046221485779308,-0.26210926006964497,0.5945187337533839,0.7991428497843514,0.015513590361137027,0.023409502183759704
JPM,0.20830449954971858,0.18685875463582247,0.27035868929515455,-0.436264828659237,0.6964987884822292,0.9473858723498367,0.025226764190365757,0.038524525905307805
MSFT,0.2317609864361819,0.2141774951501041,0.2724453568070079,-0.3714848604350107,0.7772603978939786,1.0665876395375709,0.026612295948442524,0.03888088895938076
NVDA,0.6395393304980179,0.6854772073872906,0.4829331460865009,-0.6633510111976101,1.282867691974592,1.900185668523613,0.04427987868613046,0.06501972603395341
SPY,0.1442651286708994,0.1368451251049254,0.17654178487539468,-0.3371725618342719,0.70388508170237,0.86296329493997,0.01665008268756167,0.026828249047319272
TLT,0.005633480427641707,-0.005353177922352237,0.14847579315105242,-0.48351131242157996,-0.09676001230545682,-0.14602630760214344,0.014841772641430018,0.020298370540813904
XOM,0.1140765538723989,0.07893275827186219,0.2752007596985831,-0.6134249050136217,0.3418469991704869,0.4800642803567688,0.025965895783704996,0.039652495171170477
