,Annualized Return,CAGR,Annualized Volatility,Maximum Drawdown,Sharpe Ratio,Sortino Ratio,Historical VaR 95%,Historical CVaR 95%
AAPL,0.2648186165788979,0.24971165062140388,0.28734515723573156,-0.38515917298027824,0.8520018883702785,1.1776583166823555,0.027154119727795932,0.04124149448542301
GLD,0.11699002184399417,0.10935823591285998,0.1604825511065806,-0.26210926006964497,0.6043649055627274,0.8131535353984906,0.015503062705483867,0.023409502183759708
JPM,0.209570854892671,0.1884304885724557,0.27022421112766376,-0.43626509654938694,0.7015317173157029,0.9539460152565894,0.025286156422153788,0.038525031742965385
MSFT,0.23494979476761454,0.21811822295038086,0.2723231527403036,-0.3714847681017269,0.7893188390507428,1.0834194888002238,0.026598551246310075,0.03888087190088688
NVDA,0.6450985007245941,0.6953943863064125,0.48260624585616246,-0.6633508898321557,1.2952557205629296,1.9188897350568113,0.04423480959210543,0.06501971580085004
SPY,0.14555626201854396,0.13836701025568754,0.17636257316497775,-0.3371724789931757,0.7119212413684439,0.8728611079177104,0.01661803616950739,0.02682821581440191
TLT,0.0029440931570583776,-0.00800149760694202,0.14835991092995715,-0.4835112034316581,-0.11496304315654356,-0.17348053220468843,0.01483932897122813,0.02029835102038869
XOM,0.11519005908777577,0.08014637629484045,0.2751948261288985,-0.6134247614406829,0.34590061312849574,0.4860846045342946,0.025981887279829696,0.0396527123105562
