Date,AAPL,GLD,JPM,MSFT,NVDA,SPY,TLT,XOM
2015-01-05,-0.02817179680903914,0.015077149308345472,-0.03104503734763442,-0.009195730032738991,-0.016890449331308455,-0.01805962468244926,0.01570792557137679,-0.027361885198517233
2015-01-06,9.46735923064157e-05,0.011398960794795965,-0.025928985750129363,-0.014677096028387626,-0.030318237021081718,-0.009418921250407997,0.018017597129555973,-0.005316162351078013
2015-01-07,0.014021883996486073,-0.005891414149803764,0.0015258170240857183,0.012705163036922595,-0.0026055737556617276,0.012461154805294417,-0.0019747847964276533,0.010132536958840976
2015-01-08,0.03842227261629616,-0.004208518959763041,0.022346658439054146,0.029417979128633753,0.03761774651514771,0.017744442517814596,-0.013243459580843941,0.01664434747178345
2015-01-09,0.0010726538066845315,0.011385196369056105,-0.017387282995286024,-0.008405047259971932,0.0040281615019066574,-0.008013026978046178,0.010952717209434137,-0.0014093425110807134
2015-01-12,-0.024640985599407972,0.011086435260788896,-0.008594366149036747,-0.012502586209852784,-0.012537665320165536,-0.007833560313096455,0.005722425847932255,-0.019218492641913665
2015-01-13,0.008879012273989018,-0.003373767752371193,0.0001702020461011866,-0.005150029864751993,-0.0015238473457122037,-0.0028127179774392053,0.0,-0.0036525538584134543
2015-01-14,-0.003810623574642902,-0.0016080097792615655,-0.03450019594089271,-0.008627945903497691,0.004069457317347203,-0.00603730617161069,0.007586088777048916,-0.002889212452407919
2015-01-15,-0.027139945702837953,0.025175902263039784,-0.03203703389958645,-0.010444072609308463,-0.007092056950392722,-0.009160536037358447,0.015735345814342105,-0.008691647724969664
2015-01-16,-0.00777062365510528,0.013064281211881523,0.01709429135718077,0.01671032005677242,0.018367276629366103,0.013114197793564708,-0.012749295606742539,0.024280277676367312
2015-01-20,0.025757213493380116,0.013712049879254229,-0.00393396963349224,0.0032440110714393455,0.0030059072709971435,0.0021325786501180666,0.013289551660379928,-0.00032935690802482487
2015-01-21,0.007634668691436364,0.00024159749942587183,0.0032312204988695914,-0.010131377677829678,0.013985673000920906,0.005048073582641033,-0.011559122572650904,0.008563107628318356
2015-01-22,0.026014959929715253,0.008049585228834255,0.03041704380313548,0.02635035008695641,0.017241960214725127,0.014871129160648255,-0.0035982456619300107,0.010885070288620069
2015-01-23,0.005160408473799949,-0.007985306821000182,-0.015801297000964887,0.0010606941981714524,0.0029052264930062854,-0.005482778691708656,0.013918128654970996,-0.021320200015747193
2015-01-26,0.0010621525564482592,-0.00998152990144685,0.0015877324184723207,-0.0036032631831279804,-0.0043456062036889564,0.0023417046669076402,-0.0030422255723613345,0.009572178870300485
2015-01-27,-0.0350130821970166,0.011464376669647391,-0.01004088326520669,-0.09253328450283493,-0.04801180981508146,-0.01319037496450648,0.0015629259641087856,-0.008827774422165313
2015-01-28,0.05653288764810149,-0.007877840393190949,-0.02580043518806341,-0.034458781166371244,-0.016301691263725826,-0.012824365383069969,0.01634792220419512,-0.03298499411697653
2015-01-29,0.031133242864111788,-0.021552390797103027,0.016803454392581685,0.01990818724650678,0.02433998702217699,0.009243330763100577,-0.0065797447938188425,-0.004207186755985748
2015-01-30,-0.01463395502673892,0.022275544587827323,-0.02317196854372361,-0.038324189316984,-0.029322556673653688,-0.012574485961470594,0.017737910542433788,-0.0018265573586062622
2015-02-02,0.012546893315761531,-0.008343449208254805,0.02004418547622988,0.021781759813713997,0.021874953042752,0.01238386996028873,-0.0037756530019381618,0.02470850260113
2015-02-03,0.00016849732213497504,-0.01119094214735139,0.02253448730237584,0.0077521684347250375,0.02497478024779376,0.014461071686822757,-0.021166577730182157,0.029805406110625654
2015-02-04,0.007669513784413162,0.0043783458565487265,-0.005994480107989308,0.005768914704281425,0.002486063161946106,-0.003807922010871434,0.0017086926479537023,-0.008563579797222554
2015-02-05,0.007137696735447063,0.0017272502164005221,0.006917612220521452,0.014579576409715855,0.016369004476683546,0.010094962205223323,-0.010979085400644184,0.009840452255093002
2015-02-06,-0.008420995515588392,-0.025864204796777424,0.019728645667551614,-0.0009425511824564525,-0.004392446865527755,-0.002765097803247074,-0.01770199262351957,-0.0018547394920963578
2015-02-09,0.006642609160626867,0.004467285755423989,-0.0012093300316987632,-0.0011787440678573402,-0.0009799721991713417,-0.004475984485171058,-0.0016031553935388354,0.0006556484476747393
2015-02-10,0.019211493089443143,-0.0058739360493219595,0.011068891769274725,0.0056655188620529096,0.027968502979930143,0.010653535013228854,-0.00795441517803741,-0.0060067997932909956
2015-02-11,0.023438663190540332,-0.011817350480741395,-0.0015394778433183154,-0.0051639325407099035,-0.006682621397304911,0.0005800612735498145,0.0018506206122468338,-0.004504836317770211
2015-02-12,0.01265216638622868,0.0023062837940568404,0.02055869953266609,0.016753168345858604,0.07160051561315783,0.009616882477495148,-0.0033091528655965208,0.019536474845574414
2015-02-13,0.004902667334278021,0.005454295543013465,0.001678705569897243,0.01810148993896865,0.0004482381419319559,0.004116152751779678,-0.010268848755462634,0.010825969222147958
2015-02-17,0.0059020343905418216,-0.016697755252160107,0.007206293272383091,0.00045904390785711513,0.0031373759996253803,0.001573157503666378,-0.015055655357723907,-0.0034270650263620306
2015-02-18,0.006962262307072642,0.002844532329829841,-0.012146439190140912,-0.0011471856262280644,-0.011617538182992493,9.530502311094757e-05,0.005940421572508292,-0.02192400845693021
2015-02-19,-0.002097669251939993,-0.0034381460295277444,-0.002358104925602289,-0.0006891429178440545,0.0027125519137460863,-0.0007137525317379989,-0.00661428336193659,-0.01725055159054334
2015-02-20,0.00817437180437941,-0.005692631086866795,0.009623505424229961,0.008275930992216018,0.007213529904359417,0.006000454650543663,0.002932742733040561,0.005366406206376295
2015-02-23,0.02702722054821116,0.0013011929863573357,-0.007525250528002236,0.00661182928430204,-0.008057295831109479,-0.0001420178905813252,0.011459088393084738,-0.010120324328627972
2015-02-24,-0.006240906733506857,-0.0014727381832786435,0.02476823186430499,-0.0013590316310745365,0.010645885636920926,0.002840761250547219,0.013125720687263476,0.004606472887315638
2015-02-25,-0.02557303957904611,0.0038174111040851777,0.005261624632319384,-0.002268236419357139,-0.007620401398147125,-0.0008499014698629681,0.004319258136490367,0.002012698253735623
2015-02-26,0.012656373902078633,0.0031979494930109986,0.007196549272016961,0.0015913548158117408,0.002709890327551312,-0.001180836029814225,-0.013668796076723,-0.010602243801703382
2015-02-27,-0.015028547387003433,0.0007754283408443197,-0.004871652125686188,-0.0047657701710500655,-0.0063055424825601,-0.003406607600507594,0.008408338762662337,-0.0012409892641628284
2015-03-02,0.004904402252416062,-0.004132260173905,0.007995996723947574,0.0006838082193789674,0.024478229749734792,0.006313432360723237,-0.018626719293250438,-0.0056467198967684595
2015-03-03,0.0020915904866951607,-0.0018153447779967191,0.0032380016674218304,-0.013673837440533188,-0.018583896945149725,-0.00410394833361194,-0.0036255931924953355,-0.004770954636634683
2015-03-04,-0.006338863691632279,-0.0031176981600916642,0.0025818235745818097,-0.005082873201665561,0.011271513039717185,-0.004215621713859918,0.00031598346369787755,-0.005021397886695977
2015-03-05,-0.01657067356943298,-0.0009556129768769628,-0.002092272368037329,0.001161142584204633,0.019170881838693976,0.0010940641200130052,-0.0012653585988297023,-0.005047092320306534
2015-03-06,0.0015028557111134155,-0.02730434251868208,-0.017903270741535082,-0.017397559645314864,-0.01356119646242282,-0.01406430676363657,-0.022091473111596538,-0.012796889843960435
2015-03-09,0.004265457161981567,0.000983377523255502,0.010017731890250126,0.011567389068716682,0.002660509242234488,0.004144321232969483,0.009230626355260396,-0.005488891206482993
2015-03-10,-0.02068566021574625,-0.004912057209624288,-0.025040360332131417,-0.019136507755297405,0.01724934077416962,-0.016221436986358695,0.013158141542251478,-0.010568562259385628
2015-03-11,-0.018231546725328895,-0.0060132667380716764,0.004669630220830445,-0.0011894921152209026,-0.005217342033858485,-0.0023416801951928745,0.007285062632859107,-0.0028480849114421725
2015-03-12,0.018079366118419316,-0.0002708693390236494,0.018758266351387443,-0.022868083657694105,-0.009178396976578962,0.012713631997334884,-0.000707824852086758,0.0023801098537017396
2015-03-13,-0.0069108567570694834,0.001445050857576291,-0.006028740038105496,0.008776172456750553,0.0013232676974486157,-0.006132244694661559,-0.0030677915538120937,-0.004155703826738244
2015-03-16,0.011004494247454977,-0.0006313103946440357,0.013934366361324502,0.004350018525519639,0.011894216488121279,0.013360416868412495,0.009627983806290041,0.01061209829071963
2015-03-17,0.0167264310785753,-0.005414660114976044,-0.003880458356083194,0.0033690160497046318,0.012189951183028791,-0.0029722306334065696,0.008284647311676885,-0.008023056036510434
2015-03-18,0.011256445534599147,0.019598980855210835,0.002272117767126103,0.019184616342994953,-0.01634442917524137,0.012021276605194586,0.019302151001747925,0.02366817461320081
2015-03-19,-0.007550639447242546,-0.0007119500676272539,-0.008906803540564612,-0.004941645233686898,0.015304203959852991,-0.004561240219174034,-0.005095300684212822,-0.019286949813284604
2015-03-20,-0.012548808929463418,0.011399045051747603,0.008986847626825778,0.013951528231081811,0.010766781756895272,0.008826832371218396,0.005274382066251304,0.001540572364566728
2015-03-23,0.010405075702570654,0.006339713151693793,-0.009878300947991359,-0.00046684393204377006,-0.03238191089725362,-0.0019485900516672539,-0.0012163531821529627,0.010527117596804247
2015-03-24,-0.004087543060160015,0.002449897428068226,-0.011121816676521123,0.0009333949834315902,-0.013650445478021966,-0.005618804569552327,0.009668127727516795,-0.01065164977785038
2015-03-25,-0.026127078378117785,0.001396558108890389,-0.014059334436224313,-0.03356641072094246,-0.060714085833380005,-0.014654098646377012,-0.008444950587063071,0.00402248288278062
2015-03-26,0.006970723407050627,0.00653708688272836,-0.001174088759547609,-0.006029765791882302,-0.003327651240388807,-0.0023814275819974418,-0.01558960952070998,-0.006363207491443812
2015-03-27,-0.007968800101723628,-0.0036370435238181065,0.000167911707643853,-0.0058235173576949295,0.01955217661042763,0.0022899040576878082,0.012437117110462914,-0.0087758904560431
2015-03-30,0.025314576614390294,-0.011385343180862262,0.023677484986720954,-0.0002445762892819836,0.00420990786734432,0.012199698189764296,-0.0049592340656726686,0.024527235972092276
2015-03-31,-0.015351753870804785,-0.0007911765968406925,-0.006233288533154746,-0.007323827939624494,-0.02515205290169309,-0.008739679336383088,0.0021472566244191693,-0.007357666922080841
2015-04-01,-0.0014465226496646055,0.017068403567705115,-0.0038219777043327907,0.0014753528799293925,0.0038226642690328827,-0.0035365828344102734,0.013134375723476976,-0.0063528727507221605
2015-04-02,0.008611552335544337,-0.0027681634865752702,0.009508000319663035,-0.010560087689251207,0.002379580536283621,0.0035978607024778064,-0.01059529426538608,-0.0018943727357133566
2015-04-06,0.016198367988922158,0.012231121417764834,-0.0008262855990600615,0.03127381800650153,0.028965047478043182,0.006733408034157451,-0.00558397631835772,0.009846029208894436
2015-04-07,-0.01052203011922781,-0.00497045007215513,0.0062842156474454125,-0.0004816799415109374,0.00876789510721765,-0.002646536893032181,0.008384450030054058,0.007283117605222822
2015-04-08,-0.003253657682070865,-0.00551200918339656,0.003286711189525837,-0.0026484743785923914,0.007319273868733545,0.00337692702036696,0.0003053431702890741,-0.01970872891576847
2015-04-09,0.007643332130240266,-0.006928232816320157,0.00687960050760017,0.0014484977789233078,0.02316094045245798,0.004423484071345518,-0.012964187780587166,0.007018912995887305
2015-04-10,0.004266872282283174,0.011336906536289382,0.0037416034069313042,0.0057856106714861966,0.010208421994882144,0.005457354284502891,0.0014682135880563774,0.010750159211430299
2015-04-13,-0.0019670796520673273,-0.007157039081814864,0.005996725574717754,0.0009588999621168437,-0.0092266819181962,-0.0045230818317246735,0.0013886578494761714,-0.0025713996325668065
2015-04-14,-0.004335698594156945,-0.006079528851423044,0.01562755958867368,-0.0026339944754948386,-0.00842573333753771,0.00191286793330403,0.0070876077810464455,0.01511603687984353
2015-04-15,0.003800280520849908,0.00865080253975381,0.01855971007042756,0.014645681374717556,0.012074965930570558,0.004487289334868194,-0.0008413099176212135,0.016737864987536488
2015-04-16,-0.004811329398769382,-0.0034653168571547877,-0.006229366639028067,-0.002365931099135077,-0.006186275369558958,-0.000285085559315279,-0.004976815259563283,-0.003973584201579561
2015-04-17,-0.011254851959643486,0.004955226470251928,-0.015201335096404756,-0.012808507696527749,-0.012894957864698187,-0.011503361725589967,0.011464917083240822,-0.009118742191399076
2015-04-20,0.02284569734101738,-0.007612433088526105,0.006365174037131549,0.030994661850532124,-0.004954370750943182,0.009136550437941482,-0.008824730735044417,0.0035660488826469994
2015-04-21,-0.005407584384880981,0.005753103431764384,-0.01470611186526094,-0.0062920067382409295,-0.0013578992680332025,-0.0011916070271600354,-0.004528133292467151,-0.004127112236866681
2015-04-22,0.013474106244837802,-0.013433831333510171,0.010110811631117045,0.008207953381529576,0.011332599045965619,0.004914607682483307,-0.015265575865077152,0.0066762652388778765
2015-04-23,0.008163634488496996,0.007291591124513719,-0.0022243660495504525,0.008141546649877762,-0.004034637178607969,0.0025160097008170013,0.004305928226228994,0.0009145557400451754
2015-04-24,0.004704230324540815,-0.01404151891618699,-0.003184492575451836,0.10452203241461877,-0.008550424131543943,0.0023206146175467346,0.00623687872228329,-0.006511195372114864
2015-04-27,0.018191715461594038,0.02016805588455428,-0.004153377798401858,0.0033427359339310847,0.0077162451528156595,-0.004157790269589068,0.0,0.0004599603263002461
2015-04-28,-0.015755828508982384,0.008670770693864016,0.0067372406866537116,0.02352675399395099,0.004955598378683312,0.003178872573472491,-0.013791585177960974,0.009079262428240309
2015-04-29,-0.014705856242095972,-0.007048909841977591,0.01338414425382628,-0.0020340352024370567,-0.007620401398147125,-0.004114429213839088,-0.012254519213540926,0.0007972513636669287
2015-04-30,-0.027129882087982726,-0.017660816187341166,-0.005345880686984716,-0.008561033161130105,0.002709890327551312,-0.010020790765249532,0.001749316016854685,-0.005690126144090479
2015-05-01,0.03036336175066956,-0.0034370263986327476,0.005532663280240602,0.00041128457699346477,0.02477497862532707,0.010841672725302898,-0.013461237992325237,0.016939421212448735
2015-05-04,-0.001938459729487807,0.00902013288424186,0.01745031527099572,-0.008631499078246452,-0.006153970807517561,0.0028474552603214853,-0.009435955208492497,0.0029264123755643467
2015-05-05,-0.022533314983355313,0.0028045547686559313,-0.004944476700547318,-0.013267091940234677,-0.025651949800654328,-0.011452167410928693,-0.0013836264579162316,-0.005611496897736212
2015-05-06,-0.006279717274859875,-0.0005243625201354352,-0.007453409406385614,-0.02773102112558845,0.0031775486517855445,-0.0041167414268741265,-0.017120800023288196,-0.004739227277870017
2015-05-07,0.0061852689241386205,-0.008219678527363938,0.009073726804809557,0.00907567459968428,0.017646833289723496,0.003989755505151793,0.01343784247680091,-0.006690280131158244
2015-05-08,0.01884077587768007,0.004849259924502469,0.015348824976628705,0.022483589667129156,-0.07381102832697906,0.013165741495268835,0.0027003664007800854,0.015867616312599697
2015-05-11,-0.010186166424655752,-0.0038606864674344266,-0.0006105181492178646,-0.007958187965710795,-0.009600756951308465,-0.0047726217430037465,-0.024324517109852728,-0.016768724331372442
2015-05-12,-0.0035627455280392573,0.00854400802548061,-0.0013750940527260669,-0.000421934328626028,0.009693825009149837,-0.0029911897215892935,0.0025937531035289396,0.0027655393676915274
2015-05-13,0.0011123079129142788,0.01790395678391099,0.002447794334625941,0.005913250333599018,0.005761584126383834,0.0001904059570614347,-0.008011077544554324,-0.005285969276508373
2015-05-14,0.023331563307902092,0.005405381698172951,0.008088995346323014,0.022884698263441416,0.01622864644003852,0.010427689107875393,0.0026923342421951713,0.004736614147869744
2015-05-15,-0.0013960462088311587,0.002986844796122101,-0.0025735983119535843,-0.008620320044325891,0.00047014590931748756,0.0010838058554114571,0.020049736105395954,0.004368987775882127
2015-05-18,0.011027417888954893,-8.510283616403047e-05,0.00819655758002491,-0.006004310165983462,-0.0014083791112764477,0.0031065302234616343,-0.0167773959860954,-0.005723904101491151
2015-05-19,-0.0009215266712752079,-0.013869956602948319,0.008882808135709297,-0.0025159862697786695,-0.006234705170373167,-0.00032820251173737436,-0.008866539313561295,0.0016119954770572598
2015-05-20,-7.70400122948045e-05,0.0016395067944336983,-0.007908903619049501,0.0,0.0,-0.0007042742923049072,0.0016880706589477157,0.0016096816231367939
2015-05-21,0.01022607463648706,-0.003359746584222556,0.002556641786370495,-0.0033629234935371732,-0.0071294747783621215,0.002912643082565447,0.01398558031436603,0.0009179797807812307
2015-05-22,0.008752569911951724,-0.0007779753253158717,-0.00270021088022232,-0.010965679076929913,-0.0014362518902012456,-0.0023887270619836753,0.0004158859046430319,-0.00791213270856228
2015-05-26,-0.022030851849670574,-0.014619332476808355,-0.011133165525243793,-0.006609862657140919,-0.006231842953585254,-0.010751653883073198,0.017109616949158912,-0.01352293441112773
2015-05-27,0.01866988420503013,-0.00017561471177085508,0.011258508362409714,0.02189297882717378,0.05354541118784795,0.009491866097365964,0.002286240050771937,-0.0028120180412273266
2015-05-28,-0.0019696587850097647,0.0011414281685366845,-0.004062288003598313,-0.003360153083265316,0.01373653548741438,-0.0011284317150960232,-0.0024446845463783617,0.0
2015-05-29,-0.011382308780209849,0.0007016473724792416,-0.006344095673621819,-0.01243424909600832,-0.0004517951002286358,-0.006212996290518524,0.002206119731111178,0.0010575968870127905
2015-06-01,0.0019958087425753224,-0.0008764108278561666,0.004560417541911832,0.007895905326357644,0.011296973911415487,0.0020369692587143273,-0.010748176036415424,-0.0008215710844781121
2015-06-02,-0.004443129261939571,0.004035079688356591,-0.0009081451691134168,-0.006563677417028679,-0.019660516253843907,-0.0009927706201786624,-0.01395158341105529,0.0001175866406097903
2015-06-03,0.001231249513980348,-0.007164072177032299,0.010300084115212327,-0.0014921753417552752,-0.010939004467189206,0.0026495841246656493,-0.01607533029618713,-0.0022316624380575023
2015-06-04,-0.005840635359567914,-0.007039801619628361,-0.005547196136931443,-0.010458659741490961,0.017972739042520613,-0.008446613518226398,0.01301920648104038,-0.008593682680652859
2015-06-05,-0.005488559887702804,-0.005317250031845577,0.016432869241433723,-0.004745823347357958,0.00769555559921975,-0.0017131305408272235,-0.01217937122881374,0.000712491370901569
2015-06-08,-0.006607255114096322,0.002940144666210953,-0.00786095967602174,-0.008885947036468611,-0.02291080201267892,-0.006149675985850589,-0.0011056780523482912,0.006763450759681211
2015-06-09,-0.0029732310857258915,0.002220840372015198,0.0043354208122485804,-0.0017491943504455154,0.005057270452736962,-0.00014387604536181264,-0.007916996101764773,-0.0031822246326789205
2015-06-10,0.01145808009738758,0.008509121495031247,0.016076122288868788,0.02102992984939589,-0.01784051054243785,0.011993366104031233,-0.008752545290481861,0.007448341935257785
2015-06-11,-0.0022500791445121404,-0.004570193783136278,0.003808837146814348,-0.0036476429608406358,0.010712112297874388,0.0032235861611418226,0.02103515581140969,-0.0014079256902733706
2015-06-12,-0.011042917862800428,-0.00026486649065049495,-0.00394045268092047,-0.01012042836118654,-0.02718879104054228,-0.007655140404491667,0.0,-0.012574924134944765
2015-06-15,-0.0019660888500313556,0.004415790737229308,-0.0038093956959409647,-0.010659155146966581,-0.001895006078949546,-0.004285273930016986,0.001610449470237807,-0.003570282235689559
2015-06-16,0.005357827697073825,-0.003605061549348698,0.005588926695625052,0.007695837400948813,0.012340047796924214,0.005451696751346935,0.007872544393402459,0.011466334900479325
2015-06-17,-0.002350846955534558,0.004677010066397758,-0.003364221718188398,0.003054651349899684,0.01172044409373263,0.0016169843006621498,-0.007726706115944726,0.0005906974516087793
2015-06-18,0.004555944667231637,0.012911736850284239,0.009392774686568073,0.01631498220194283,0.016682121117026494,0.010399376327354437,-0.004908613360813829,0.008851559330587566
2015-06-19,-0.01000927207895419,-0.0017342780850800876,-0.010177268872812784,-0.013270749564374573,-0.003190720943768155,-0.0044391679453370525,0.012843709728828312,-0.003158985299696493
2015-06-22,0.007977699235484526,-0.012856178957809772,0.012925780902550699,0.0028200357208372218,-0.004114665299058351,0.00512293160627153,-0.020407243750020232,-0.0004690460732532653
2015-06-23,-0.004545012338902921,-0.006599788842205134,0.01145625551759899,-0.006922157455460876,-0.02571191660985328,0.0007080045629455078,-0.0060002327430122016,-0.0011743114009407085
2015-06-24,0.008502006115909122,-0.0026574812063053788,-0.01046591368453087,-0.005881133602362865,-0.00989659910527907,-0.007262766181308389,0.008624120204335783,-0.004584453172342795
2015-06-25,-0.004761528478338439,-0.0013322133525455193,-0.005360883004364547,0.00021939626190747852,0.007615869630848371,-0.0030402565333824683,-0.0035056168885340133,-0.008856715887852529
2015-06-26,-0.005882463785405467,0.001067192410014961,0.004369763605051702,-0.008543114537613583,-0.020311856739557932,-0.00019055188797678646,-0.011240578469501994,-0.0008337120565985456
2015-06-29,-0.017514911733009675,0.0045309359212180045,-0.025380665624698984,-0.019664039307894843,-0.029894039563430397,-0.020970721115986857,0.02646907651073338,-0.012402131125742621
2015-06-30,0.007227229650536238,-0.006190828249150626,0.008333581306500193,-0.004958373390472559,-0.0004967252902609021,0.0020933547479888848,-0.006933096246585446,0.004588649992656624
2015-07-01,0.009328105767747674,-0.0034706717105630336,0.01114076272875364,0.006794873546186908,0.01442034744392906,0.008016031885955899,-0.013498417468206347,-0.009976114571460415
2015-07-02,-0.0012639270033023564,-0.0019646473844250334,-0.008079936700797541,-0.0011247526696415155,0.0009805403658704748,-0.0009160550959600444,0.0032864117801225667,0.009347850670481161
2015-07-06,-0.00347984296516346,0.002684282539629823,-0.0028142118682651374,-0.00022532368556438254,-0.012242936527006032,-0.002846117718515173,0.018534964277322707,-0.007337060217527669
2015-07-07,-0.0024603629676627214,-0.011600887477117294,-0.007871477986918118,-0.0020277708097506952,-0.018839895005421492,0.006288910052402175,0.009394985856755023,0.004120201010581637
2015-07-08,-0.02482294590585199,0.00297936254329656,-0.020509224433787998,-0.001354193600634379,-0.007074414221629355,-0.01677735346737752,0.008636640659266392,-0.010860584043745902
2015-07-09,-0.02039659088372492,0.0024305003273175085,0.01039291443784518,0.0063291754630354635,-0.012213328497233111,0.0018087844429863775,-0.01970252124209393,-0.004514111780656638
2015-07-10,0.02673435075464181,0.0011673603870820948,0.014218829593594773,0.002021849682677823,0.017516336398074817,0.01259191607473431,-0.015858106574339503,0.007598053342238176
2015-07-13,0.01930615334136143,-0.00448470723455352,0.015510799069277326,0.02084701012563106,0.006582524614930918,0.011037387588044067,-0.003102249361442544,0.0024329645665452926
2015-07-14,-0.0003982421280840365,-0.002252455219495131,0.013952217465458716,0.0017567840092438392,0.0005028459455433953,0.004338070789546844,0.003284332515484989,0.008371664513795007
2015-07-15,0.009632817824177575,-0.005237440968471452,0.0021721542460311216,0.0030690047819783572,-0.007038784858919067,-0.00033262392673616414,0.01059749301301105,-0.004211449882579377
2015-07-16,0.013326250809525986,-0.0036310957932227383,0.005347607398163312,0.01966751255409216,0.022278915461468873,0.008024213415921633,0.006905036058313385,0.001812171978702981
2015-07-17,0.008637483758769271,-0.010112979124889954,-0.005031134296300865,-0.0008571650693306454,-0.0059437608253265495,0.0008481027171527433,0.005164495687379089,-0.0036179350518340536
2015-07-20,0.018901278897622165,-0.02715144534014624,0.0007221991336265887,0.006435061769496819,-0.0184357409067738,0.0005177501031883303,-0.004211133155918367,-0.0102894158023481
2015-07-21,-0.009994826110172217,-0.003121988752958438,-0.002310003553454565,0.00767277543668432,0.004568718334643229,-0.003951322067528573,0.005413544941629267,-0.0012231396474218226
2015-07-22,-0.0422943312248355,-0.00540950631077719,0.014182575119045415,-0.03680226470280368,-0.01920134057404821,-0.0017946473631155202,0.00622591043270293,0.0015919391747911682
2015-07-23,-0.00047939240818861695,-0.004484744341763047,-0.0062789607591188235,0.01251648962985219,0.012364338221584115,-0.005630088394890098,0.012457694640722883,-0.00794697008061307
2015-07-24,-0.005272976563812315,0.009776637833459834,-0.010482216884660556,-0.003686813134499034,-0.011704784946759528,-0.01037183867120095,0.002477879661616278,-0.014789601983223766
2015-07-27,-0.013895836475198986,-0.00465114258060384,-0.013060699528241515,-0.012843048731728701,-0.005664294543316184,-0.005817126206614676,0.005354298720457562,-0.008506087440909305
2015-07-28,0.004968776179012702,0.0015258061394580746,0.0005880588239048912,-0.0002205058511789426,0.021750548356628707,0.012282734236367165,-0.007292553409872449,0.0406254600900966
2015-07-29,-0.003161031532285641,0.0014283139466166883,0.013078739161152653,0.020952871663404427,0.012164116989215268,0.006879161008493728,-0.003714205818330374,0.008001928225375154
2015-07-30,-0.005040945648118411,-0.008557588110186698,0.0014507221904418444,0.012746135492426092,0.002503887103965763,0.0002373134553863565,0.0077050898291264325,-0.0015633074205486652
2015-07-31,-0.008744234325077871,0.006329756242044127,-0.007387277333662068,-0.0038397549337332304,-0.0034964772228235352,-0.0015179943445464694,0.00739917992386907,-0.045777854855883926
2015-08-03,-0.023577835078505638,-0.007910052688847147,0.0,0.002355445623153818,0.017042522153096984,-0.0033729041396716175,0.010526676573461513,-0.014518090201143918
2015-08-04,-0.03208371316477243,0.0020172823011603835,-0.001021275606321037,0.015594860834233781,0.003942452302325483,-0.0019543976214676517,-0.007931811839470448,-0.01140172602864542
2015-08-05,0.006629603752690949,-0.0036429610038531957,0.003943808524239367,0.0008412982578158701,0.01030944747165563,0.00329549570716714,-0.007506178915811179,0.0
2015-08-06,0.0021759516482189323,0.004426047177157111,-0.006983821499627507,-0.020176422534253002,-0.006316749524098775,-0.008187893431755522,0.008877824104315701,0.011921422871599363
2015-08-07,0.003387510634717872,0.002490680503407061,-0.0029305530830596727,0.0025738915377573335,0.12371651893724556,-0.0019195930072809508,0.01311833393212214,-0.016134583492493526
2015-08-10,0.03635757989837085,0.010224554985406531,0.012344379079600953,0.012623418704519329,0.03481277522284243,0.012599351312684082,-0.012384881573527018,0.02498995237959889
2015-08-11,-0.05203790376153994,0.005107840610028447,-0.009580688989087371,-0.019438518787248227,-0.005046190721285426,-0.009023258376936405,0.015879246302994865,-0.006793381540230237
2015-08-12,0.015419336921563831,0.0140221892886776,-0.014509825202894455,0.007110685501729108,0.0025355792551968737,0.001197982190682234,-0.005451248772654016,0.01677677629275154
2015-08-13,-0.0007806859622400131,-0.00825985512434746,0.004610157719999508,-0.0002139482087838429,-0.008431316955821888,-0.0012444667614105454,-0.003223701024469783,-0.0017771477166501626
2015-08-14,0.007034324169799211,-9.360037594363657e-05,0.005033257163732818,0.005777742897653315,0.0008504686175403453,0.003642447565481488,0.002344993607650503,-0.003687102226876404
2015-08-17,0.010348451270191239,0.0026204846354271893,0.0026516570844470344,0.006808658871962248,-0.006372623073823691,0.005586641489521815,0.004517686924212727,0.005232056381174521
2015-08-18,-0.00563358057467378,-0.0001866577389999513,0.0020565788389732553,0.005530833190809492,-0.009101598439033132,-0.002896777573942688,-0.007870354481658626,-0.01104491690072995
2015-08-19,-0.012789561679008465,0.013444145581183564,-0.008943042741472729,-0.013962216988794629,-0.00389921106016089,-0.007905695745938357,0.009875222433262332,-0.021437308605156358
2015-08-20,-0.020520107670342624,0.017411325071518213,-0.024556195918607915,-0.02038188903293514,-0.03610268111320836,-0.020880922654981426,0.010099492589374037,-0.021776360822370444
2015-08-21,-0.06116275374514146,0.006247689213677798,-0.035486836843686476,-0.0567235989951268,-0.0311370233828836,-0.030102562929205545,0.0030151265818980644,-0.03272096687972714
2015-08-24,-0.024962040022737053,-0.005399068558895603,-0.052672988739034476,-0.03227304794314223,-0.03539867142885744,-0.04210696343618725,-0.00031634561484683577,-0.04727566861862931
2015-08-25,0.006012090873621645,-0.01239478089494117,-0.005643350042314976,-0.029030917740307194,-0.020762532635171693,-0.011767658924964564,-0.01606542800535604,-0.00014589843358381316
2015-08-26,0.05735520203133193,-0.013649738394807764,0.05007539210029921,0.05534985496212208,0.07544309775624303,0.038393605554758015,-0.019303428064571304,0.05516003013387416
2015-08-27,0.029446545821248504,0.0005573064828525709,0.024956385283757543,0.027862609553675588,0.037597815089999154,0.02473525536696153,0.0005746445880645545,0.03241349025382112
2015-08-28,0.0032766743763852357,0.00900393169110747,-0.0054280601053185995,0.0006830044488617126,0.0044189695336358525,4.996300074466831e-05,0.002950642020764338,0.0029390631864270045
2015-08-31,-0.0046782651238787,0.0011039811403044109,-0.0004678675346359018,-0.009333405003528972,-0.010998496251649503,-0.008078999313134938,-0.007681905695833824,0.0022649183199641154
2015-09-01,-0.04469676080334195,0.0034919799162254073,-0.04134164198223933,-0.03906217653977573,-0.040925562565075846,-0.029847420039864292,0.0072047232121286164,-0.0419992362913576
2015-09-02,0.042888893243479886,-0.005311302361437398,0.018226070594649535,0.03682467794050481,0.03014858324622316,0.01898110764753813,-0.008604298290030732,0.015954532332938642
2015-09-03,-0.017536022596233214,-0.007181056794034801,0.001757986665322564,0.0032287431087700824,0.002701409595991633,0.0007162960153224152,0.004876966654384196,0.007647323251175342
2015-09-04,-0.00996644767323851,-0.0032455349221681695,-0.018825552207751506,-0.02046010136927312,-0.0233496555225563,-0.015137300677092846,0.009130560303576729,-0.018024471236121387
2015-09-08,0.02782114089523957,0.000279084378947525,0.026991848368120852,0.030040090053996105,0.042758258126697646,0.025131475552878646,-0.014754061709725153,0.014353070522042488
2015-09-09,-0.01923261431597001,-0.012927822107945408,-0.015516321526198307,-0.018682919847002544,-0.01984087796485956,-0.013371471234488674,0.004798772823948694,-0.020408228709114296
2015-09-10,0.021970100362705303,0.0023556016816155267,0.007719904254164911,0.005107712016077848,0.01574424582039957,0.005441464722227396,-0.006751952726360089,0.0072222156471350996
2015-09-11,0.014568622689004274,-0.002067997715627934,-0.0015960366258701564,0.004389126843720392,0.003100345882269595,0.004544354837579201,0.0063005544570289285,0.002344308607715284
2015-09-14,0.009631502022154015,0.0005651616100608159,-0.002877082931958319,-0.010119401705686704,0.0017657013515395281,-0.003710295029153543,0.0015649994001758483,-0.0027515351687266154
2015-09-15,0.008412041598798048,-0.0030126124190049675,0.019236523826915652,0.021839926858707503,0.011017886843400326,0.012499049947459984,-0.019163696920197926,0.005104405799343903
2015-09-16,0.0011179538275480905,0.013314409937664529,0.008807739693819983,0.007275904689905799,0.006974700691978253,0.008666705152567289,-0.003773841354066221,0.019763582532857926
2015-09-17,-0.02139003025479791,0.010250732723341871,-0.023230406289454053,-0.0011287258644100406,0.009091240593834149,-0.002247714298096004,0.012204612900575729,0.002153286366589402
2015-09-18,-0.004125732173635321,0.007379350570420495,-0.027294294800785046,-0.017400925266988776,-0.000858011795765834,-0.016341780082144597,0.01538531322342851,-0.023905452155980722
2015-09-21,0.015513609313057009,-0.0062265388780913256,0.008368842529408393,0.014489550944899898,0.010304772455343114,0.005167374454720042,-0.016298750898424585,0.009769110237239254
2015-09-22,-0.015710276995472672,-0.00681837162160448,-0.008787575687435933,-0.004760567856394116,-0.027199042968417686,-0.012979592918580862,0.013904292048384947,-0.008856804832349963
2015-09-23,0.008112765093013286,0.003989241131120869,-0.004432657042760413,-0.0006838072751313984,0.004805652284793016,-0.0015983633840610523,-8.210014551957023e-05,-0.006048801676090676
2015-09-24,0.005948126051043889,0.020975758801156985,-0.006926281507358967,0.0009118313328948524,0.019130139897750142,-0.003615829070445664,0.006816316525277255,0.005947439748851924
2015-09-25,-0.002521467406991884,-0.006154405994415635,0.02075729081638067,0.0006831501599966483,0.007252652429435402,-0.0002593725713316841,-0.008646348646434765,0.0068745144148674164
2015-09-28,-0.019789106152712788,-0.012658222571280353,-0.024239431737704487,-0.014792952505601753,-0.013130196268516192,-0.02509674708861831,0.01711395999362364,-0.008603073602680311
2015-09-29,-0.03006053104172679,-0.0040582440457720415,-0.002334222240538253,0.003464875180230198,0.01759679279500337,0.0005848217121766641,0.002831236976611251,0.005096505966567966
2015-09-30,0.011369826664481497,-0.010372316278596583,0.018883552563807138,0.0188768682732654,0.03964611651038519,0.018658158430539418,-0.0034684420530399773,0.018911791793383648
2015-10-01,-0.006527440227764747,-0.001216519302596475,0.0073808279906220076,0.007907722762974023,-0.019473353393727022,0.0026093952671362164,0.0042667797571216415,-0.00390034419009333
2015-10-02,0.007300381314975901,0.021174875253005432,-0.0027879635210742437,0.021519653508168535,0.02606560768372268,0.014937586401261305,0.006057596764253992,0.024574605941317884
2015-10-05,0.0036237360028821275,-0.0020185450501439828,0.019898502536352503,0.023261142358848463,0.024999923255404788,0.01779501046531906,-0.01356798795327585,0.012256215717679986
2015-10-06,0.004784186828842074,0.010021182319808863,0.00048326237009810313,0.002573487382930173,0.012981780988709168,-0.003426102706572509,0.004313604376028346,0.014060602436513303
2015-10-07,-0.004761407366432713,-0.0014564323795778211,0.0012894936016440983,0.0010693847711049642,0.01048595438321831,0.008190362904647364,-0.0033231500848008855,0.016818796084094867
2015-10-08,-0.011554178449523334,-0.005104809244962705,0.0,0.013889128148328655,0.005764301837471564,0.009026645600871852,-0.008373828152818286,0.0104796450582616
2015-10-09,0.023927018710304893,0.015851231139897726,-0.0032192559263576337,-0.007165430493114355,-0.003821031079683901,0.0005964954984587489,0.002623479386784755,-0.009621396790300163
2015-10-12,-0.0046381878682439925,0.00396856499604703,-0.003390865467750248,-0.0023351730306078178,0.010740169532143629,0.0009437676023826835,0.0076057349965084065,0.0005047674600360263
2015-10-13,0.0017022176878562778,0.004941182857076898,-0.0027543728246168797,-0.0023403576244169777,0.001897930590206709,-0.006302264957500525,0.001704165603082508,-0.0017656423735878946
2015-10-14,-0.014133048800376802,0.017432477539802038,-0.025345517340577106,-0.004478137662967008,0.03636344185947005,-0.004793840753383516,0.008750947960781907,0.01263299141376173
2015-10-15,0.014971331624089368,-0.004568989141737756,0.03167256510832339,0.007068916962003069,0.002558422382493264,0.01535470848400422,-0.0048997411792464085,0.01646638078739282
2015-10-16,-0.007330697613935566,-0.0070615504042085275,0.008725023783751507,0.010636109542697447,0.015676198970522304,0.004546136742034523,0.0003230555536333224,0.012273219029241611
2015-10-19,0.006213970076637709,-0.004178160099818862,-0.0033639509343009744,0.0023154201231057048,-0.001794446374904557,0.0004915643596850039,-0.0027437102436627114,-0.01806465870242524
2015-10-20,0.018258178528915314,0.006338214025568112,0.004821329178242406,0.0031498197367241243,-0.0014382613912695685,-0.0012779049306413937,-0.006149612290700324,-0.0019757169706529076
2015-10-21,-8.77555956536602e-05,-0.008870752862782494,-0.0073573898958414485,-0.011931953530112782,-0.012963704175223412,-0.006203537228170575,0.009932300220059975,-0.007670283386570498
2015-10-22,0.015295279726244448,-0.00035801409044600163,0.018208015386456777,0.017584331915605267,0.03611785495319464,0.016893721811662932,0.0016932927804544917,0.03341215505013273
2015-10-23,0.030995602407529965,-0.0017011588974216174,0.010761512283275376,0.10077073984347451,0.006690400567953336,0.010961394337259067,-0.008530618093897213,0.0010856982747451394
2015-10-26,-0.03191115020421309,-0.0006277999535804213,0.0004697410771623556,0.026101419229256573,-0.004547188125445634,-0.002457526529248466,0.0066559160834118725,-0.0212097341332661
2015-10-27,-0.006332435007208703,0.0022435609738429285,-0.0040690456235562555,-0.010322377888147938,-0.0007023182715877319,-0.0019321461106005522,0.0024996196104292157,-0.0016007568269342798
2015-10-28,0.0412046473584502,-0.008058752895948817,0.02922689688795388,0.005401325296469306,0.008086697228059547,0.011374027341940707,-0.004021785028894276,0.014674958664843807
2015-10-29,0.010564155475218273,-0.009568492239339532,-0.004427469026373254,-0.011485750032543485,-0.034530715531493894,-0.0005737030685795119,-0.01590904484424882,-0.0006073600075212626
2015-10-30,-0.008545578099570128,-0.0038279088978544484,-0.014721585845605123,-0.013493198785809457,0.024927620530714067,-0.004309950987537947,0.007550073972552918,0.006201864991238315
2015-11-02,0.014058526719391784,-0.006495944135801679,0.02007766720281512,0.01139817139496091,0.011632328798665936,0.011830860514897124,-0.0045956326936152925,0.030698698159987492
2015-11-03,0.011470467136298401,-0.014826347133739204,0.0036619429333235587,0.01709253823625989,-0.006968557633158179,0.0028995932123245804,-0.008199958369754179,0.018409808189530752
2015-11-04,-0.004650095003210342,-0.009441036684777915,0.0010642115133872032,0.00461687721317916,-0.016491778798118584,-0.0030333283860791704,0.0011572366915864052,-0.010017015698517984
2015-11-05,-0.004609797314031772,-0.0031141061362016664,0.008959873151112019,-0.0003680706449448179,-0.01141578775690577,-0.0009979429219924008,-0.002642711529269537,-0.013608029974778724
2015-11-06,0.0011573133872464503,-0.014577820185771806,0.030403297649549854,0.009930467768471285,0.1385779125759492,-0.0005237286324999424,-0.014655862319326585,-0.004008609810355335
2015-11-09,-0.0040471046039568526,0.0028818737382825255,-0.015629636048655193,-0.013838372316324676,-0.004437535090885403,-0.009331502110921819,-0.0056300153163230116,-0.021375913641228705
2015-11-10,-0.031517204487766626,-0.0021072913552456773,0.004303523131474529,-0.01200135614242559,-0.019102050760329115,0.0023065059392528564,0.0029575409062476687,0.004881246660761507
2015-11-11,-0.005651894100527466,-0.0033595553186394067,-0.0048759704104871515,0.0026162193082863716,-0.00973714204092524,-0.00393159190711545,-0.002106560270523361,-0.0088645827384215
2015-11-12,-0.0033589080515983305,0.00019259022164863637,-0.02004461620106701,-0.006151045374706676,-0.0036053406467767557,-0.013959760789478137,0.004813075609094497,-0.027076695907735537
2015-11-13,-0.029208792079608248,-0.0027924980239609765,-0.006666449504293626,-0.00900213112046444,-0.019736688509792155,-0.011228214136737913,0.00571445645240698,-0.016496734649533162
2015-11-16,0.016378986137846052,0.001448450457852024,0.014490393013674607,0.017600364179965355,0.02013406834515541,0.015206670320541793,-0.0009197857444318558,0.03585148347223055
2015-11-17,-0.004291410328229217,-0.013209938855231806,-0.005713596965637446,-0.008238475990092864,0.0,-0.0007293623741811972,0.001673532551742296,-0.011619553114619263
2015-11-18,0.03166519139142987,0.0008794603332600293,0.019960572031414436,0.016613246283360805,0.02459938719042354,0.015866194177164505,0.0020867857097988107,0.009755047835640074
2015-11-19,0.012703536623495326,0.011031897393842804,0.0031135130616521955,0.0016713372607768395,0.0029006802051716463,-0.000862333506218782,0.006665508562855305,-0.005449489578302935
2015-11-20,0.004377944697062208,-0.004538443721353036,-0.0017734889297269518,0.004634812021986789,0.008676007006906072,0.0036438539189806995,-0.0030623309746845573,-0.006351475941457019
2015-11-23,-0.012992472994301618,-0.008051161423458852,-0.009771931704059988,0.0,-0.014972977030066392,-0.0011463023875761813,0.0030717376520423834,0.0061412066806225685
2015-11-24,0.009596506105663538,0.006649719254551378,-0.0014953078584367674,0.0011070454572617017,0.008085440794437737,0.001339468128130461,-8.265734580692463e-05,0.01993032888919677
2015-11-25,-0.007150086658967658,-0.004662942933256642,0.0011977795634585675,-0.010322235299631277,-0.0012832348727180865,-0.00014332557247387356,0.002317753424783797,-0.0076943142709021695
2015-11-27,-0.0018640680772596951,-0.011809477798990442,0.004637047020706442,0.004469745471468833,0.008352018990091858,0.001146334031768781,-0.0009912934357939607,-0.0002462867116522771
2015-11-30,0.004159325840594974,0.006617265866126765,-0.007295093983432754,0.007788058985742863,0.01051293800238673,-0.004151756220857505,0.003968341530744324,0.00529366599572656
2015-12-01,-0.008115121037982398,0.003532188155604077,0.01394701624267336,0.01600735911304163,0.03247191380415959,0.00953599716350717,0.01350746098938349,0.002816536220249244
2015-12-02,-0.00903344017488339,-0.015545525585325737,-0.01405118520150117,-0.0001808414850683615,-0.007634163743709732,-0.010205037547928786,0.00032553536039947595,-0.028574541102588724
2015-12-03,-0.009287943974523594,0.010626672647534141,-0.012900964938596715,-0.01829389504414214,-0.002153555233030846,-0.01400300246445163,-0.027183066018899193,-0.014330959902880691
2015-12-04,0.03324680839511851,0.02220906504905895,0.03176266687976281,0.03154953143944472,0.040703039469284885,0.0195030000324099,0.008784406351561858,0.0057391820609205
2015-12-07,-0.006301317153931341,-0.012978259158702543,-0.013109380268972237,-0.0017885233016777802,-0.018962943847086744,-0.006058651505764345,0.009702912434548017,-0.026122285435398518
2015-12-08,-0.00042246986516580876,0.0016557725915760102,-0.015522198657261455,-0.00035840829706978994,0.013591025355313091,-0.006719437256633043,0.0004931415065243527,-0.028255091143932876
2015-12-09,-0.022075566469672125,-0.00194473896697811,-0.0075806657929806676,-0.014518661797280452,-0.025327998872085256,-0.007779543985312554,-0.001067355610012144,0.013399362645394097
2015-12-10,0.0047565739531798545,-0.0008768154562139863,0.0022915791206343794,0.005274857626281326,0.008255025686025208,0.0025810312953036263,0.0013148705460628296,0.0007929719710153549
2015-12-11,-0.025737973608056963,0.005460726883753653,-0.023472001418297306,-0.021892582342627143,-0.014857771923961538,-0.019381261022331064,0.01575840244987381,-0.017835568821617187
2015-12-14,-0.0061848382577257555,-0.012801859053540698,0.003121541557030705,0.01997764881242947,0.002462274467210035,0.005052754271910986,-0.012928300810581383,0.0227334875177736
2015-12-15,-0.017691887595809308,-0.002652561843328849,0.028473583861129637,0.0010879723541217245,0.012281132816288176,0.010497542317922992,-0.005894384318235191,0.04471920847030941
2015-12-16,0.00769294788820174,0.012115872710852793,0.021634009264277276,0.016848296441482224,0.006065956911269987,0.014632242082468272,-0.002140285089056504,-0.003525132949595333
2015-12-17,-0.021196198541131417,-0.021897810218978075,-0.018510498255083774,-0.007661104250877182,-0.015073604850531108,-0.015238238106124125,0.011305386835081421,-0.015034833680407256
2015-12-18,-0.027069280438650534,0.0153233921943019,-0.02836440822476649,-0.02818664672607263,-0.016222926436681218,-0.017815017428053248,0.005548339408827152,-0.008722134147414518
2015-12-21,0.012260370838150125,0.010878092908588544,0.017701763468121134,0.012932163841308686,0.023646455791026533,0.008248849585901663,-0.00024327564014670067,-0.00025917135560338256
2015-12-22,-0.0009313789667703132,-0.005235103320787249,0.0021361398249002406,0.009483571312504102,0.0009119113559399317,0.009074527763233808,-0.007223830819930721,0.005047823423733888
2015-12-23,0.012869517080120962,-0.002923721371925758,0.01598685983601178,0.008491287579375006,0.003947743220165556,0.01238305475781143,-0.007521667867248838,0.032710949910856435
2015-12-24,-0.005340361111321412,0.007232973422174327,-0.0019482771918213349,-0.0026870711394950675,0.0033271718491660884,-0.0016502179308512943,0.0057287793749369875,-0.01072456545834155
2015-12-28,-0.011200464688112421,-0.007569203159553783,-0.0033036904901937447,0.005029626729929015,-0.0009042673008240465,-0.002285119925237278,0.002954593738727862,-0.007437072925668087
2015-12-29,0.017974196130292386,-0.000684459735229237,0.010395062007535927,0.010723778812187668,0.016294496296161753,0.010672176639468622,-0.01661319258731675,0.005334073730940636
2015-12-30,-0.01305883920909634,-0.007632082217105096,-0.007156510082822809,-0.004243922426517943,-0.008610603877644674,-0.007088060481431735,-0.0009989509989595247,-0.01326424166160911
2015-12-31,-0.01919466723104779,0.0003944085609299819,-0.008409900907922041,-0.014739733189761295,-0.012877842176147625,-0.010003193948618705,0.004498492124112019,-0.0020489615363138425
2016-01-04,0.0008550070246811092,0.014094227459880093,-0.030034886337195643,-0.012256784340809235,-0.017900764735669372,-0.013979462980666102,0.007215383034917089,-0.006286017203019356
2016-01-05,-0.025059611919165947,0.0028185529910356166,0.001728898050354255,0.004562075489612516,0.016064536584499356,0.0016912637010007003,-0.004034568933624749,0.008520951380162733
2016-01-06,-0.019569516999852876,0.01444076235086822,-0.01443578027512038,-0.018165270912680942,-0.0413500389110153,-0.012614073615458521,0.013475382677399894,-0.008320727564774089
2016-01-07,-0.04220460003410276,0.014139709399294542,-0.04043968617077198,-0.034782961409865365,-0.03964483703527533,-0.023991671504351775,0.0017948846958202314,-0.01600601987083261
2016-01-08,0.005287746147412786,-0.004427708091822691,-0.02239936781153884,0.003067069894299612,-0.021466341776040343,-0.010976468536262551,0.004478503608867479,-0.020202075773856687
2016-01-11,0.01619254487367172,-0.008894799760520322,-0.0015270105539227918,-0.0005732388042615222,0.0016877224631235421,0.000989748207867347,-0.010943928950942095,-0.013389000378775107
2016-01-12,0.014513104587250636,-0.005060137388834041,0.002209388110108401,0.009177750898798465,0.01684623320767642,0.00806824667553907,0.014425233977387597,0.02049174330066994
2016-01-13,-0.025710367398156353,0.004893984653210337,-0.027476252914860555,-0.021599177527940827,-0.03048378277704622,-0.024940186021473187,0.009857100770088945,0.005984084295678649
2016-01-14,0.021870675489892744,-0.016233809757639994,0.014998339383610393,0.028466730075398905,-0.020164279175097333,0.016416779705595186,-0.009360768948692755,0.045868853855999925
2016-01-15,-0.024015231501691048,0.010289314914859293,-0.019931072698545438,-0.039917225684426794,-0.054411861209053725,-0.02146599574133412,0.015586937656393518,-0.019464009755630673
2016-01-19,-0.004838703907253161,-0.0009607847075502329,-0.0005261034928044639,-0.008433375628799977,0.008114631099149117,0.001330586262648481,-0.0031013717904196936,-0.015210050728742819
2016-01-20,0.0013450178618197306,0.013367949074563734,-0.026311334848804768,0.004549291113086884,0.0054888196016611435,-0.012814572939961355,0.010529871393808454,-0.042146597700314925
2016-01-21,-0.005062697929922422,0.001138797703897465,-0.004683786775370735,-0.006103588952694361,0.011644730487023747,0.005601481171385814,-0.0067887889305425775,0.012571320128611507
2016-01-22,0.053167261822254286,-0.004644969889963435,0.03076929528450001,0.035855930969921124,0.02338123529162761,0.020515489334053116,-0.0038151556943725184,0.03333354624802132
2016-01-25,-0.01952285560621081,0.010285731724330116,-0.022651661194048378,-0.009562290587953437,-0.0010545477122858582,-0.015116723690204226,0.0054251959896880475,-0.0338253643833305
2016-01-26,0.005531034167704396,0.011406476843766944,0.025512142720824027,0.0073371560731854135,0.009852347784631288,0.01364327658947695,0.0004760053791457164,0.0367667037064241
2016-01-27,-0.0657065914084839,0.0037282274439891516,-0.000700450536703201,-0.018209243871018854,-0.011846352716610609,-0.01088348539501749,-0.00023760455536525615,-0.018383004264650116
2016-01-28,0.007172160148637863,-0.010678814187088603,0.004207238505901323,0.016399459534042427,-0.010931081186000613,0.005209488312972965,0.0014280830330137828,0.02257905031007068
2016-01-29,0.03454110259608845,0.0038482826092702815,0.038757118761240994,0.05820227280483459,0.044206252876097585,0.024377295316090786,0.008476683936138762,0.01117024289998314
2016-02-01,-0.009348657055644916,0.010285237353002907,-0.01075637914816474,-0.006897883475034172,0.00034162987184860327,-0.00036129527017125795,-0.003061915511125446,-0.020038581079448337
2016-02-02,-0.020221808672485797,0.00037013683482878257,-0.031090502407602028,-0.0312557564679804,-0.04232075003312841,-0.018022130440431106,0.01855293780860756,-0.02228340964352926
2016-02-03,0.01979254800395247,0.010731831819877025,0.006663291759922529,-0.01584893795751041,0.004989069490280773,0.005994974904025785,-0.008293791263921602,0.0521519731189406
2016-02-04,0.008034850053780351,0.012082377069329242,0.01724434559088084,-0.0030674892948708843,0.00035500820978184855,0.0015679147793092874,0.004845495734442595,0.017201730593631392
2016-02-05,-0.02670766207497166,0.015827077912906162,-0.011130177155521004,-0.035384542753121084,-0.06309826751216285,-0.019049834007555666,0.0011661547892216628,0.0031318445776535864
2016-02-08,0.010529368808979811,0.013443751249405,-0.020952696260474468,-0.01495225642190634,-0.0457811542802915,-0.013460913631477833,0.021520046244894342,0.01348623604739907
2016-02-09,-0.00021044792314428573,-0.002196257541759894,-0.006013365647872471,-0.002630923097443172,0.010705779170895768,5.378454302507052e-05,0.0010646926810966573,-0.004351486612130695
2016-02-10,-0.007579938458534885,0.007747818623272673,-0.012099669196721896,0.008725389800972927,-0.0023540114126265888,-0.0008627513755316008,0.008812834940372438,-0.009115653965335757
2016-02-11,-0.006046457394740523,0.040188699204219525,-0.04412825457500935,-0.0004023011980652802,-0.0051125209670506155,-0.01300812960475628,0.007002979600696957,0.003150433263140018
2016-02-12,0.003095327114910784,-0.005879363032052054,0.08328659131378569,0.0163012530605251,0.0169964754383074,0.02061686589193701,-0.01660131765365569,0.017965086638200845
2016-02-16,0.028194394806548173,-0.030331226332987904,0.014958850938207258,0.018947018157429163,0.048970101190397575,0.016878452660935128,-0.010570321573116881,0.0023445378065054534
2016-02-17,0.01531440172887466,0.00618634429410414,0.007198105388293907,0.026032432472885114,0.02482396311576207,0.016334600864891913,-0.006149025535650221,0.009603374050574986
2016-02-18,-0.018956299584343528,0.02433319602449635,-0.016335021476669653,-0.004388085380925721,0.0860447716242767,-0.004095808590012684,0.012296508500725611,0.005487793928707463
2016-02-19,-0.002285479198846696,-0.006002190201855662,0.00017285780476505863,-0.007088993748834982,0.013315627702877642,-0.0004684776361288945,0.0008401300448690474,0.0006066989792983257
2016-02-22,0.008746652005531708,-0.01777516528948675,0.012971241397585542,0.01601688895507003,0.035479687193705756,0.014479086225203996,-0.0005344139937496495,-0.0013333527167376236
2016-02-23,-0.02260532938102877,0.014979681261872546,-0.04183013314407469,-0.027920562666123305,0.002537971383282045,-0.012629574964011292,0.004047837438760693,-0.014079465595158935
2016-02-24,0.014890452779510177,0.003327072049028157,0.00035648550525624323,0.0035171149707786675,0.006961713864184427,0.004575087372179043,-0.001977542300051205,0.0035702415886620376
2016-02-25,0.006867765343047116,0.0026358095143694804,0.015496928067984417,0.014408122649146149,0.00220011556084887,0.012112131223592337,0.0035817902346564345,0.006011074150662266
2016-02-26,0.0015503360019624157,-0.006869043174790979,0.009296383630434724,-0.015354896375193716,-0.006585013137958118,-0.0023011535294535923,-0.00964464189629699,-0.0031705284276790646
2016-02-29,-0.0022700628481572283,0.013064629590324062,-0.021550093425842354,-0.008187148073830475,-0.006494597694509663,-0.007842487107392104,0.00437101675310303,-0.01957195619552743
2016-03-01,0.039714397803060075,-0.0073331317520045625,0.051510107717543274,0.033411989260575314,0.044324218189483844,0.023506968840836695,-0.017608808846510504,0.01409878326573688
2016-03-02,0.002188571499484704,0.007726956678680841,0.009459300911370372,0.00703707094698891,0.005801322080074112,0.004492354035723123,0.004126855592375023,0.01746986556848773
2016-03-03,0.007444103129605528,0.017273365743903035,0.0033467067875914136,-0.011331648850994358,-0.008803978278073665,0.00391964224078456,0.003644598128571097,-0.0036270361514705307
2016-03-04,0.014876691682616183,-0.0015737798071993048,0.0015010282661036545,-0.006112875182662902,-0.003062860767504061,0.00325340413374664,-0.00641260947468969,-0.001335330901511167
2016-03-07,-0.011066713037785614,0.004977588099916774,-0.0018319336541586795,-0.019219505547224403,-0.006451813414074303,0.0007983645852296384,-0.00031156950015232,0.026370457722099783
2016-03-08,-0.008245833764997657,-0.0046227304062675945,-0.019352576951588873,0.01214974413413139,-0.01824345648575365,-0.010917798314837412,0.011045913047959433,-0.021667240063768745
2016-03-09,0.0008910036168290336,-0.00829324916913754,0.005784377134705476,0.023039405369574606,-0.0006295679183244696,0.004939731228556177,-0.006077684906014236,-0.0027832263725752204
2016-03-10,0.0004940797129719954,0.016056181130168712,-0.008626708411240913,-0.014950574784284298,-0.0015759868586326942,0.0008022964669724963,-0.004102734718575141,-0.002670229470548402
2016-03-11,0.010773900644785783,-0.01720161594971703,0.012455318298711493,0.01959676565093038,0.01704550875755584,0.01613692361780572,-0.01010416302451056,0.00012166619103171072
2016-03-14,0.002542519232314744,-0.012896749587957612,-0.0037073657815689387,0.0018838191965842022,0.002482974048952924,-0.0012820214126676444,0.003140732158901205,0.002676836260551818
2016-03-15,0.02009403131148435,0.0007635219800927739,0.001353242572479818,0.007899206688131821,-0.0049534973792561,-0.0016296548015201084,0.0009392536482606406,0.004975111832666856
2016-03-16,0.01329133386074477,0.02229567034444102,-0.0047302034769383106,0.014181758480974471,0.029868788301680826,0.005786915804851356,0.002971179091111553,0.0006037016568207765
2016-03-17,-0.001604355408512892,-0.003814570847019194,-0.002885103632922492,0.005704146390169251,-0.008458742549129039,0.006344291855227446,0.004132326270116504,0.01484270238993557
2016-03-18,0.0011338326467476012,-0.002746975852867317,0.02944693495606665,-0.021404952108421638,0.030164242429824295,0.003929438166231591,0.002096717650914126,0.0011892382725893214
2016-03-21,-9.42265093869521e-05,-0.007011719080860401,-0.0003306198906423141,0.006916864013827961,0.0029578482294005948,0.0014191610351312889,-0.0076704530150886185,-0.006888613190795145
2016-03-22,0.0076478703677616,0.0029421526295791978,-0.003638771363380089,0.003899125308457263,-0.00176925944070494,-0.0005376336518020386,-0.0002347039672475626,0.0059796854288978185
2016-03-23,-0.005528589523277949,-0.02263009809313099,-0.004980226750650352,-0.0018497023432857418,0.017134162443497303,-0.006599435845591195,0.01132464959015378,-0.004398393551620194
2016-03-24,-0.004334023966555911,-0.0024011557999429334,-0.007674277473599056,0.0044471418775196,0.0014525400795497578,-0.00044296197748716626,0.00038577840465237045,0.002746004702818494
2016-03-28,-0.004542586036116902,0.0023209545157449885,-0.0013450523261260283,-0.012359373425844367,0.010150841242104303,0.0005907595071590332,0.001312766629824269,0.002857613919596602
2016-03-29,0.023671622084891375,0.01852490300494125,-0.006229033685334673,0.021852805224820582,0.01607809735504251,0.009250329005131341,0.010484659632227888,0.003680998808790026
2016-03-30,0.017459170436552096,-0.013977800877817304,0.011519590548044967,0.006214736555875122,0.01045464166707255,0.00438775795953239,-0.010528760191821473,-0.00011870519186307771
2016-03-31,-0.00520246953037673,0.004611451089358232,-0.008206501480530926,0.0032697824243888007,-0.00363507961578291,-0.002426790310668614,0.007093810487950991,-0.01100324047448098
2016-04-01,0.009174634064548215,-0.006035354370591106,0.010976661697957857,0.006155986642532474,0.014594324333643716,0.006811911035910834,0.0026088770548684526,-0.007536317284348781
2016-04-04,0.010273908562466794,-0.006670647201412416,-0.0038703953454974904,-0.00251916662027607,-0.009681977302222533,-0.003238151412447876,0.0006121872338857859,0.002410945594232494
2016-04-05,-0.011788942383806789,0.013000448699038714,-0.014189103878297082,-0.015695432821716482,-0.0013964772467288666,-0.009987758225744159,0.010935381312785708,-0.011424144413625603
2016-04-06,0.010472599604496757,-0.00611933705841794,0.007710346608351237,0.010263758207653906,0.001398430122576233,0.010920984636440423,-0.007261872767568067,0.013380273755897232
2016-04-07,-0.021809835518601495,0.014280811818710992,-0.025335666939026447,-0.011974186790818742,-0.010335320681127413,-0.01196563541388429,0.01234567421308963,-0.01128299458289117
2016-04-08,0.0011054433259538587,-0.0015175811841288134,0.007327329758100021,-0.0007342156792663479,0.006491885177928536,0.002696510093328053,-0.0063240028486581945,0.010197681810328207
2016-04-11,0.0033132886224260805,0.013510077429689682,0.007966754117246122,-0.00202135508393797,0.0061694017605944396,-0.0023469155767253946,-0.0012873184984097952,0.001322118669301764
2016-04-12,0.013025211188608221,0.0001666606070513943,0.0185564810405765,0.006260508547919041,-0.0011148809774537138,0.009312485547704474,-0.006902872471911348,0.012362008945101088
2016-04-13,0.014487526946917573,-0.010662277185778501,0.04234170378232194,0.012808351974714416,0.0251116635436468,0.010101003034830525,0.00351376631003264,0.005690651283055681
2016-04-14,0.0005353799553775573,-0.01397656040779005,0.012946951700758547,0.00018117157882624468,0.0027217613117109796,4.830579960479753e-05,-0.004794777973809117,0.007072766301178923
2016-04-15,-0.020071193901378126,0.006916553277877435,-0.011503059949903638,0.00523850473248566,0.007871762364287882,-0.001105958933743434,0.008565377659543794,-0.005384635860325115
2016-04-18,-0.021574942071988845,-0.0015264612277039458,0.006464982570034694,0.01455494692528947,-0.004308867376210834,0.007026923033592425,-0.0043225217681119865,0.009532770961523829
2016-04-19,-0.005303228868688947,0.015627688132066497,0.01686195087657083,-0.0012396511369753282,-0.017852577963925476,0.003153970108280557,-0.0031220871993259403,0.0050130548736602165
2016-04-20,0.002057728842304707,-0.005101192515562736,0.014529228457288879,-0.014187117391635362,0.003855806505298931,0.0009529957514524678,-0.011000616926226336,0.006843571417552097
2016-04-21,-0.01082767009523089,0.0037824404776412024,-0.009962652990352483,0.0034180188964891833,-0.0010972460108216175,-0.005378198246594024,-0.005947858707816445,-0.00011477999725295618
2016-04-22,-0.0027368462583813313,-0.01281191427529893,0.005817849817608023,-0.07171024026742523,-0.0038452155139053756,0.0,-0.002564391233579655,0.008525890102023537
2016-04-25,-0.005677515462632954,0.0028840781155776707,-0.005784198221042702,0.006372988884881803,0.004962749637913655,-0.001722922521221193,-0.004128756671384126,-0.00228479804469095
2016-04-26,-0.006947156861494941,0.00397524805856353,0.005188873958693607,-0.012857531517035836,0.0008230515423406359,0.0014862818233403186,-0.004538168810812815,0.003435351396899433
2016-04-27,-0.06257794818525264,0.0028643974391455718,0.002815506912072996,-0.009720183945365446,0.022752254931742266,0.002058176230046893,0.009981090418332839,0.009471804046163435
2016-04-28,-0.03056611151952371,0.018901209532051544,-0.00795519753037699,-0.020415796110370366,-0.02975102723235601,-0.009075907945590989,0.004123854401090865,-0.004861243438509466
2016-04-29,-0.011494469479357394,0.01945750344247421,-0.006288893855430189,-0.0006017443882829765,-0.018508006219390416,-0.005398639772274061,0.002556763243201976,0.004203033014812174
2016-05-02,-0.0010664056240462516,-0.0033158403319839547,0.009335019951458357,0.014838780724779399,0.01322810638140215,0.007948131493119348,-0.010067935240123504,0.008257844579586004
2016-05-03,0.01644606579992658,-0.002271979748055264,-0.01928177371939932,-0.01639974478793238,-0.011944310937640257,-0.008702791049116865,0.012595470563249611,-0.011443806401419843
2016-05-04,-0.010401750221784467,-0.006099544612754526,-0.015824918596517135,0.0018075777219146438,-0.022772171581074918,-0.005578891432679978,0.005486187137701215,-0.0019293243692178885
2016-05-05,-0.004059095112466826,-0.0011455641166617792,-0.005359385103558267,0.0014038120820711875,0.006041543942326477,-0.00019472385311869456,0.0066848020160032995,0.0011371063903393708
2016-05-06,-0.005576910513963029,0.009093148301192455,0.005878030739689066,0.00901102256844677,0.010294059216144236,0.0036587453880243537,-0.004273855018936956,0.005338167931054683
2016-05-09,0.0007548908869110527,-0.020539038586043668,-0.006331155365241092,-0.006350559105630982,-0.0014148483595252115,0.0008269739868189685,0.0031424403036646176,0.0006784606389524939
2016-05-10,0.0067896154658111385,0.0027351995597273415,0.013559968287921942,0.01897350995963487,0.019274341321585453,0.012433453122741245,7.60214260591141e-05,0.016032295193730173
2016-05-11,-0.00974112398439897,0.009423039824896229,-0.003707329008183269,0.0005881091082908796,0.0027807310744749625,-0.009354548909851101,0.005655112884792146,-0.004818576786933648
2016-05-12,-0.02345664521474289,-0.007861112535878512,-0.0006471907625712481,0.009010755662414827,-0.013588143012149723,0.00029028327950864075,-0.004559275219917502,0.009683749486276927
2016-05-13,0.0019920353827180826,0.0045394140453900444,-0.009227449399659693,-0.008347941183069696,0.15209415312849472,-0.008713991106781172,0.009693720917399284,-0.011263539603384998
2016-05-16,0.03711903403931793,0.0007394952589119264,0.007516180911189663,0.014682905132969104,0.02952669138427111,0.009864947159449411,-0.008617904590476066,0.010263684331357048
2016-05-17,-0.004153968036802347,0.0034482607423815814,0.0,-0.018651791506669957,0.0021331656999437065,-0.009333440384045044,0.0016775968762505755,-0.00044647217956395036
2016-05-18,0.011444916315989317,-0.01734579222228738,0.03859872577378076,0.0059392743388821945,0.025544537672684164,0.0002931488777890845,-0.014235226606715501,-0.002010153755783395
2016-05-19,-0.0038070687059519326,-0.0019150352244892144,-0.010149987282067952,-0.009643536298449495,0.004381594626545304,-0.0034650851284209194,0.0043244142649523365,0.008505765577550228
2016-05-20,0.010828198945063816,-0.0013348098643799489,0.0018930995802559636,0.005962042471782114,0.017910583768986132,0.0063171632331382455,0.0007690987506197011,-0.004106685481406469
2016-05-23,0.012707385475984045,-0.0028401665733093218,-0.0007871567259822854,-0.011655752352915494,0.001578619634931222,-0.0013626867264621145,0.002228226365141639,-0.001559758403769984
2016-05-24,0.015244013430872005,-0.01734103750687499,0.017018547933253858,0.03118141676871855,0.024274775263453563,0.01296261831412071,-0.004446779006675561,0.0007814589467916022
2016-05-25,0.017569134751928228,-0.0027280450681915758,0.015184419924187509,0.010273095312429259,-0.004188597969957963,0.006783065179708059,-0.0037733375434422234,0.006579366393641095
2016-05-26,0.00792999588563359,-0.003419400875365186,-0.007478841756276333,-0.00441265729984186,0.010626422835602334,0.00028668540733423065,0.005178622981827807,-0.005095962545588528
2016-05-27,-0.0005972798483887543,-0.008234680643287695,0.006151139855282262,0.008286705716014309,0.005476138813498732,0.004299220666261316,-0.0014605628456240138,0.0023384990869519395
2016-05-31,-0.004883121844936222,0.003805525009163979,-0.0024454597075304063,0.012996620857135932,0.01786491437647242,-0.0019024804274820895,0.002387305781453186,-0.010998716649586071
2016-06-01,-0.014019831713020792,-0.0010339059082519197,0.006434924806379971,-0.0028300801603678982,0.0019267560025599817,0.0020491527208295057,0.004057062191311189,0.002471164456715469
2016-06-02,-0.007515578742961604,-0.0023288275554191884,0.0018268164044186186,-0.007000578905014709,0.0070495932475489465,0.0030434656390245785,0.007207616568635888,-0.007956032210496455
2016-06-03,0.002046510112515554,0.027751354156539065,-0.017778639133928853,-0.013148062477118527,-0.014000798206521115,-0.0029867625053391356,0.01423564955430634,-0.0018072003896790756
2016-06-06,0.007250876369315096,0.00033648146409448465,0.009901157046757536,0.006565103603888067,-0.005163359211157292,0.005088613810219522,-0.00743092290218228,0.010976167234256318
2016-06-07,0.004055681500688024,-0.0008408886281602301,-0.0033701471275283668,-0.000575809686332307,0.0019465458118663737,0.001561155745988696,0.002419727332306998,0.01533479684687733
2016-06-08,-0.0009088275566125903,0.014812339174809175,0.0029203784580551506,-0.001151123463374426,-0.0032381501358885734,0.003259587494902405,0.005356390126047161,0.000881852016455964
2016-06-09,0.007175869824086689,0.005556461757929565,-0.007662961194645601,-0.008070798573283411,0.025985567785393293,-0.0013653435730285324,0.0064524988469509825,-0.0013216774096731498
2016-06-10,-0.008228528553247294,0.004041219495006354,-0.014053998041185789,-0.002712322620787355,-0.024904783555137477,-0.009477586937949867,0.004846644148742474,-0.007610027365318128
2016-06-13,-0.01507669624171526,0.007392817000753116,-0.008928485420148458,-0.026029575912968284,0.012770120981866251,-0.007711995443998809,0.004451203008482452,0.006779573843580078
2016-06-14,0.001233009749685765,0.0010599906561068462,-0.018808459606795336,-0.006182484223461238,0.0019235613768746607,-0.0019667599599184626,-0.0007380541880238622,-0.0017661698720823349
2016-06-15,-0.003283289079883178,0.007412264290884263,-0.001771812603756695,-0.002809581983763354,0.010239228940856826,-0.0013941936180761338,0.0038433003679025912,-0.0029856767471020396
2016-06-16,0.004220700866634397,-0.010511020767707935,0.004034236348337883,0.01408705572069402,0.0040117135629123,0.002984609176110986,0.004860596625178459,0.011756760975095037
2016-06-17,-0.02275740207769794,0.012828891404313314,0.0009644292582862146,-0.0051594182844934,-0.01745575597038862,-0.0037243477962547455,-0.00622898184033982,-0.005481372518328587
2016-06-20,-0.0024129863753938885,-0.005970132166106867,0.0014450092111308876,-0.0011970481762831886,0.017979656029506685,0.006440271940133524,-0.010692808990229175,0.004408968300898319
2016-06-21,0.008517375615409994,-0.019235474102691663,0.009299165316463798,0.02236883558621905,-0.00609757780832576,0.0028382907685957637,-0.00462128895288183,0.004499915545812527
2016-06-22,-0.0037536562309915533,0.0004965672774475127,-0.003812425579826084,-0.0039071142688689164,-0.0008461092399552061,-0.0016311386955170093,0.001647643898900819,-0.003933167480257627
2016-06-23,0.005756264977942571,-0.0065343333792947655,0.02136849479668257,0.018042630247336433,0.026678151236797953,0.013022826853912983,-0.011438339602333536,0.00690994768069908
2016-06-24,-0.02809549782230314,0.049038376152841456,-0.06947713741235928,-0.04006915063477834,-0.05691917054591622,-0.0359091121525108,0.02684693727699483,-0.02625226736459263
2016-06-27,-0.014561078855720666,0.005396827818855421,-0.033389317468635715,-0.028095733250417365,-0.01071481358999693,-0.017909952079891656,0.024966253779213687,-0.005929575562057532
2016-06-28,0.01684026012483364,-0.010735716822507735,0.033153926751188445,0.020854785528532593,0.014588372876673805,0.018036165307478313,0.0020846472966029594,0.023070422438153937
2016-06-29,0.008654976121132085,0.004149350816571085,0.02822606014782303,0.0222494680004357,0.016340319356625388,0.01702733347638108,-0.007672106154348768,0.017049469672873796
2016-06-30,0.012712061472176961,0.00500639622652943,0.015359305030824277,0.012465248742808077,0.007716813148279655,0.013646045013312236,0.0036843849717509425,0.013843914649496414
2016-07-01,0.003033414801069556,0.015339625386899147,-0.006487180522833258,-0.00019536885589399589,-0.0074453589289226185,0.0021001177858315234,0.013884861202597687,0.0010667156758337182
2016-07-05,-0.009385964260796631,0.008254789567508913,-0.0279139869901609,0.00019540703234244283,0.014788149596045796,-0.007193481510052502,0.012520174510962878,-0.008738337641535865
2016-07-06,0.0056848842515864195,0.005870043250717272,0.01074732766402997,0.004104095089740634,0.006335866550290836,0.005998091688185436,0.001616023841642944,0.01150295875366747
2016-07-07,0.004291746119896356,-0.003762499043616141,0.0064796131997402195,0.0,0.026022551421985618,-0.0006202927491281152,-7.036508093360982e-05,-0.012009681436000452
2016-07-08,0.00771315940692463,0.0060120143847071095,0.020633736558094196,0.017905591994686665,0.04009035505266789,0.014890623499868472,0.007366369158201991,0.006239028306683769
2016-07-11,0.0031031769953087096,-0.009423926954219786,0.007116223302528146,0.00554485099058577,0.023008960249061516,0.003526979255862983,-0.00877508783669656,0.0037418344468320708
2016-07-12,0.004536952643424019,-0.016551874633622066,0.01493504424130121,0.011789417238615929,0.01499439697672278,0.007263282076438671,-0.01643843894045227,0.011290012871946642
2016-07-13,-0.005645770595740451,0.00920177573180525,-0.0006328557975030513,0.005637982340214398,-0.0003791603454088577,-0.00013967294030958755,0.011784786089223065,-0.0007371790499269837
2016-07-14,0.01982032412027923,-0.007715129649756736,0.01519964980016919,0.004298273594907087,0.01023135434895206,0.00558378067284937,-0.014542289613473813,0.0007377228837814886
2016-07-15,-0.0001012638646259445,-0.003848311365095225,0.0009355857128665601,-0.0007441834026308269,-0.011628216626183852,-0.0013420056299421335,-0.008596649986986282,0.0017904248577171877
2016-07-18,0.010629711282242216,0.001576825791636871,-0.0034280989711683585,0.004841638201014797,0.005123628009916947,0.002687203072028188,-0.0009401103462487459,-0.0031539045631896467
2016-07-19,0.00040083571224625025,0.0013381467862105811,-0.0015630298718580793,-0.01612305460316532,0.010383395600230383,-0.0010164751753254375,0.005642301887800016,-0.003691010720703103
2016-07-20,0.0009010995243072806,-0.014307049036417885,0.0010959347246455309,0.05311722903294647,0.013078909846742759,0.0041630056765096235,-0.005465841391024462,-0.005716424366244088
2016-07-21,-0.005302153961281086,0.015232503958900523,-0.0037540865345814245,-0.0019673255569966352,-0.018443404564520205,-0.003777232404917674,0.0020246013786389128,-0.0008519346802856598
2016-07-22,-0.007744094834868376,-0.007462722347700623,0.005495391439437558,0.013799275449503767,0.027245654489335358,0.004485159216940149,0.0017320963336024953,0.0017051967093091314
2016-07-25,-0.013379516372307387,-0.006964758718206121,-0.0026545511421751655,0.002828199161478251,0.018474462194035368,-0.0027159384199285652,-0.0007209582474854148,-0.01925339566309614
2016-07-26,-0.006882819659606687,0.0042241075487405855,0.00407064368072696,0.0005288916373744623,0.01706201153193132,0.00046170269571033096,0.0015863603286623285,-0.007266682874311536
2016-07-27,0.06496301899063694,0.016111101422991103,0.0031189327814558077,-0.010042260838960648,-0.010065572799202505,-0.0010612443178470432,0.012453206654716276,-0.0067736061773816525
2016-07-28,0.013501944945790045,-0.002889909558035031,-0.0035755781625984584,0.00035605969916363556,0.0021404135952867165,0.001154618814462438,-0.0018484950842853065,-0.007810138568917546
2016-07-29,-0.001245845108570398,0.010339903082906332,-0.0020278642683055903,0.008361546221315352,0.016375769705059717,0.0016144863979705715,0.00833424666124749,-0.013858458548224206
2016-08-01,0.01765670818955556,0.0018607962561190128,-0.0026575331140784586,-0.0017639939996951792,-0.006479804995246696,-0.000828919428817021,-0.01084219169601941,-0.03473819363114139
2016-08-02,-0.014804434780953057,0.00812570067976126,-0.0023514734267171544,0.0,-0.0121627128314028,-0.006407304968427563,-0.01030237605555917,0.013743330957653344
2016-08-03,0.01253790666060195,-0.004759425467430023,0.015868391216623756,0.006892671540679407,0.0026764720965311017,0.0029227232277755366,0.00057878388196686,0.005169958836907851
2016-08-04,0.006177744454439971,0.0016968857004249216,-0.001546721991319222,0.00737207548084351,0.018508925394172593,0.001063876948573128,0.007513620581434788,-0.00011454083057582665
2016-08-05,0.01520749884922279,-0.01786395743940905,0.026951764633648123,0.009931946092162747,0.016949040212602018,0.008179231392461572,-0.010398541922981397,0.0009146816705869476
2016-08-08,0.00828065000012801,-0.000862411663815732,-0.003016774993003568,0.0017254846844718674,0.009278619946797795,-0.0005963163364975932,0.0018837123806840772,0.011763595961003404
2016-08-09,0.004060222416001791,0.004080325118523964,-0.00347953379651067,0.0024113243066217205,0.0025532811065394068,0.0005966721418433352,0.009836918845767428,0.001241513032198105
2016-08-10,-0.007444363714564695,0.004688953410549868,-0.008957041149441625,-0.003092901050741226,-0.006452614958440517,-0.002475414779761431,0.003867940795945435,-0.017509781220998222
2016-08-11,-0.0006479909272011364,-0.0069228329694296376,0.0027574908960774636,0.004825973876858347,0.020338419884430747,0.004640718599838278,-0.008918668266699403,0.0035874469759080707
2016-08-12,0.002316150979874365,-0.002114801025603019,-0.002138522639108409,-0.006174896185871415,0.055946280779691104,-0.000868916214225468,0.00842263214506489,0.013029958692360122
2016-08-15,0.012016723903834237,0.0034536484045673,0.006123538952087504,0.0031063333485741307,-0.0009517872217530421,0.002883955299881613,-0.009423332333042378,-0.0004551525541905965
2016-08-16,-0.0009131766666121699,0.0049280733796905896,-0.00015241151017164611,-0.0055396985748316085,-0.006033728563516916,-0.0051578114683895615,-0.0026661374424095108,0.0012529209613310055
2016-08-17,-0.0014627076219719815,0.0002335080486637331,0.002739446366677445,0.002089089807794764,-0.0231626158014272,0.0018812422477860746,0.005997635242350974,0.002160933107689278
2016-08-18,-0.0012818107468998141,0.004747086461879935,0.0009106039049200376,0.0006947377156538703,0.01553529954328936,0.0022437360863671874,0.0015799536849441242,0.00907963237533771
2016-08-19,0.00256714097746924,-0.008829675348611454,-0.0013648136404635913,0.00034735102411609375,0.00257636157326413,-0.0014621369232626913,-0.005235696369399134,-0.01248457493670252
2016-08-22,-0.0077725339934535675,-0.00148474204574367,-0.0009107175180995686,0.0008676295303020609,0.004176161048140781,-4.5738192292255064e-05,0.008435510952325531,0.0021638867430069375
2016-08-23,0.0031331834912149414,-0.00015649274735818341,-0.00045607542759240616,0.003814959483017244,0.008092341232603273,0.0020134742024795482,0.001072145327116969,-0.00306846911941161
2016-08-24,-0.007533345240593348,-0.01111463505476229,0.00273679598898946,0.0010361661157458624,-0.015418860950414781,-0.005114908324897027,-0.0023565116628637695,0.003420066689570067
2016-08-25,-0.004258134548134507,-0.0008706109240564919,0.0018194004689549015,0.0037962310724899417,-0.0066190784899305966,-0.0006883281306493405,-0.0037942683972193025,-0.0063622807612159216
2016-08-26,-0.005856315747110541,-0.0014259708499477775,0.002270683493752923,-0.002406452885056587,0.008125772817720645,-0.0018835709430937708,-0.005819691695579721,-0.002172031952947018
2016-08-29,-0.0011224309216782968,0.0019833398964483884,0.01102367608303867,0.001206276717736099,-0.0006447658083821306,0.0049243661773628045,0.013370465629125361,0.00653088190787976
2016-08-30,-0.007676430946408019,-0.010055457179525717,0.00821506817583284,-0.0036143224973770316,-0.005807262586017048,-0.0016487525412594017,-0.003850654926165875,-0.003643163394366211
2016-08-31,0.0009433133829510609,-0.001999520134694288,0.0,-0.007428116299776688,-0.00470536311847769,-0.0028440250575937354,0.0014314102453512056,-0.0043414875751900395
2016-09-01,0.0059378469588886595,0.0040872106204499214,-0.004296176195187074,0.0022626112593566727,0.029507156376803234,4.598226650220916e-05,0.0011033472978705383,-0.003442763413408101
2016-09-02,0.009369629433392923,0.010216288370529014,0.004165680312639308,0.0013890495895767518,-0.009817546978298175,0.0045082797646707196,-0.008156841456505082,0.006678922820918087
2016-09-06,-0.0002786273772670267,0.016907695537669243,-0.0007403813096060752,-0.0010406395159583415,0.009435489817858578,0.0030223827276287807,0.007286299422867959,0.013154890416761544
2016-09-07,0.006128338328410532,-0.003418556588101307,-0.004151840896637005,0.0008682270290498728,-0.01473385251121817,-9.143529366339997e-05,-0.0007163320671716988,-0.003725850441430034
2016-09-08,-0.026208964043711758,-0.0053013792150961025,0.0013399284494901575,-0.003988818101996916,0.0072359665930969985,-0.002283065060442735,-0.012541755638659002,0.009179590893729328
2016-09-09,-0.022650023980334333,-0.00658355954228651,-0.008922034116367716,-0.021243289538552923,-0.04980863218621123,-0.023934688697795026,-0.016473599445173792,-0.02481759136887063
2016-09-12,0.022399139471740215,-0.0012623563085552014,0.006151332760231165,0.014943780317115074,0.020665337542082884,0.014347272668479905,0.0005158116748233965,0.005182153540668866
2016-09-13,0.023804898466417646,-0.0066355664917512325,-0.007903010750731299,-0.009114510227827832,-0.014485718059133457,-0.01437552211602533,-0.011357360334206756,-0.023828790498420016
2016-09-14,0.03538667188305,0.0034194855282367875,-0.0019540948409734193,-0.004776402614103836,0.008852665495780343,-0.00037535358467277735,0.001491804798834817,-0.007158368768903078
2016-09-15,0.033998463667251455,-0.006419381491794995,0.0036147379696021,0.01653035167925343,0.037913978225029066,0.009993045619475227,-0.004320150963644354,0.00567330507492092
2016-09-16,-0.005624271819038018,-0.00247272219188599,-0.01230532628534009,0.0010492236914318998,0.002392725692704989,-0.0038654065666478,0.008079690520839788,-0.012341322133258559
2016-09-19,-0.011660378020692863,0.00207901920123299,0.005621614532397068,-0.00558964500848369,0.013208135065581939,0.0001872792452164429,-0.003265326142251168,-0.0023801214766535628
2016-09-20,-8.819002088111816e-05,0.0009575705942725943,0.004078844722828379,-0.0021080310953416337,-0.009109662349859549,4.7019836023398653e-05,0.0034991201786460646,-0.015388333202754345
2016-09-21,-0.00017595534285652636,0.014588601451239303,0.005717970344845114,0.016722500418149266,0.028055375573674546,0.011245229652705024,0.008087456704063634,0.009207703236106646
2016-09-22,0.00942348705348417,0.00235721740921524,0.008228661837277107,0.0010387954041488623,0.00246668161353103,0.006301735766609973,0.00794871562197419,0.0028815541427307245
2016-09-23,-0.01666389786880118,0.0006271210413582029,-0.0020774977327521205,-0.0067448295634593425,-0.0010766017605148281,-0.005479355148498843,-0.0009494201681609082,-0.0010776090245770975
2016-09-26,0.0015082147761722453,-0.0007833801247612016,-0.021858843419857776,-0.009228613412836872,-0.009391745218299552,-0.008102207332866374,0.006359094388377784,-0.004673347354564705
2016-09-27,0.0018605219782188431,-0.007291260548213163,0.008817400668204023,0.018453109869365436,0.0341933697185306,0.006208112317224845,0.007334864087577664,0.0021670407379199563
2016-09-28,0.007604380060427962,-0.003159070582864243,0.005274209081705283,0.0013806427362164087,0.0036069693112912304,0.004963429515489448,-0.002162687398116092,0.04396914392392737
2016-09-29,-0.01553298614069365,-0.0011884132817953086,-0.015889539810191144,-0.010856194894120708,0.009284321273072438,-0.009047548333407929,0.002528530857707656,-0.0050631569457052494
2016-09-30,0.007755431684438152,-0.003410805950794571,0.014318228430576507,0.0034840433518710245,0.016617358727750053,0.007546416029392544,-0.008936353789643303,0.009484175046525323
2016-10-03,-0.004688316720923291,-0.0025469571504198596,-0.0012013505191398322,-0.0031251170150859986,-0.0010218918330399118,-0.002404040468962143,-0.0033006916739332093,-0.0026353715707360115
2016-10-04,0.004265889010899526,-0.03471112739159021,0.008632304782188127,-0.003134689959022885,-0.002191592883205029,-0.005098109765183434,-0.0116942769146553,-0.00918992600938584
2016-10-05,0.0004426233775791655,-0.0015706575141682944,0.016366296810027103,0.0069883902633427475,-0.001024757559914491,0.004425433022693381,-0.004660108498361737,0.00869548324797531
2016-10-06,0.007430084911149271,-0.009273018119780652,0.002659186464736507,0.0017346567350291497,-0.013044204176919538,0.0006957217780754199,-0.005572573013389315,0.00045993483741990637
2016-10-07,0.0014928813202155222,0.0006685124453615909,0.0035364688737109518,0.0010391551244799402,-0.0072762140189635005,-0.003429274041592323,0.0006722178787943456,-0.0034465169111336236
2016-10-10,0.017446804375717884,0.0035076482865625813,0.007781349045335784,0.004152157237454102,0.0037395209878654523,0.005207984963606194,-0.005898858419111863,0.019598479725602802
2016-10-11,0.002154306077339019,-0.005076569505331419,-0.004807485320228233,-0.014644965059091852,-0.014456188341316456,-0.012629327169725313,-0.002253215469412262,-0.007915033612966638
2016-10-12,0.008942063388507115,0.0015892497462293154,-0.0026354106145811684,-0.001398764984089973,0.004536959514898964,0.0013117553420960437,0.0009784768508660502,-0.0069521555321813144
2016-10-13,-0.0030679946443605832,0.002421921836488483,-0.005723999801917734,-0.003326945381964541,-0.016257869058946772,-0.003275259034192346,0.0037602364986257797,-0.006541979865027581
2016-10-14,0.005556838216400406,-0.0055819226506638175,-0.0032481288159041943,0.008784051060856113,0.009793486942735408,0.0005160975062816764,-0.014011346614764997,-0.00023113635318228187
2016-10-17,-0.0006800246874678617,0.0026809625769763645,-0.005183246012191889,-0.0034826818405067073,-0.005758804398801276,-0.0034718255593731984,0.006383695909404352,0.0
2016-10-18,-0.0006806292187082619,0.006183137214928136,0.00789024388813142,0.007689396664388504,0.015241678342351017,0.006262061631348681,0.003246709471148579,0.00265756946875384
2016-10-19,-0.0029795415360901467,0.0057299655530487215,0.009601367969768404,-0.0022549114897787437,-0.002101805837706694,0.002667194417714791,0.0008278427911125874,0.004610329217821896
2016-10-20,-0.0005121504820212452,-0.0030550965627723636,-0.0013169702161953678,-0.00486667095483273,0.018955875505025865,-0.0018664197736857346,0.0010530086688103069,0.0004589707415361133
2016-10-21,-0.003929732940896269,0.0007454362173064943,0.0033693553322740044,0.042096026251483565,-0.002805036424195717,0.00046733161978407267,0.0015028997758117502,-0.0067658591916180955
2016-10-24,0.00900524818963433,-0.0022345797266346556,0.005548433390070162,0.022460674575617734,0.046934885725118836,0.004252913544387171,-0.0043511197777007515,0.0033482467064307464
2016-10-25,0.005099707360746608,0.007548139354159211,-0.0010163856063435395,-0.0001638546255893214,0.016405108543332103,-0.0033506650362606916,0.0026365973021142963,-0.0021861128764829596
2016-10-26,-0.022494614717355255,-0.00559809251948773,0.004796448051246349,-0.005902826649673343,0.0040352162609151865,-0.0020076041627743457,-0.00676324913698878,0.004266483588798442
2016-10-27,-0.00960286321045778,0.0018213529185830968,0.00144681372531541,-0.008741607161775633,-0.02050980813939063,-0.0026674029236863905,-0.010893723386734666,-0.0019517979118256479
2016-10-28,-0.006638538156016782,0.0047103519110964776,-0.0017332839972632463,-0.003827019298479728,-0.0016979845446735142,-0.0029551342824422067,-0.002217786768710095,-0.024620624415820802
2016-10-31,-0.0015831206103558149,0.0029610183001298473,0.0021703134079942288,0.0008352378408149619,0.008503331167861061,4.712844774568126e-05,0.006132556417577817,-0.01722080864352682
2016-11-01,-0.018055303463279326,0.006478603409139305,-0.004187008922656998,-0.0020028406732659487,-0.029651400371560777,-0.007245363873587984,7.647505783303643e-05,0.003960475265440078
2016-11-02,0.0008967879176551286,0.007414617516698918,-0.004205042151469884,-0.006186862566652684,-0.004199732548749724,-0.006018575025033779,0.004350598492611324,-0.0023909334641700752
2016-11-03,-0.010718581288816642,0.005338107937297609,-0.004368019775815246,-0.0037023405900815654,-0.011634644177016651,-0.004577081400616523,-0.007675931113736767,0.0025165738692294326
2016-11-04,-0.009013893897236724,0.0007240252267184388,-0.009067017896773999,-0.008444323006145393,-0.005739139241244029,-0.0011015973417561886,0.00896085539328495,-0.0010756448233912863
2016-11-07,0.014424679863530576,-0.018007861361529542,0.03128675491177013,0.02912621075590116,0.054758203663184624,0.022056842174533076,-0.008501961323802765,0.022495711544755492
2016-11-08,0.005887311999001499,-0.004175211869501427,0.0021463999397235423,0.0008277766178368395,-0.0015433627942508243,0.0045040246400180894,-0.004057493725638461,0.00720200822430761
2016-11-09,-0.0016208949657374738,-0.0006576934516285826,0.0459808546618059,-0.004961488175577067,-0.016863200171285952,0.010602145385486539,-0.04243213926509215,0.011018635499532747
2016-11-10,-0.02786793423315581,-0.014889746585601271,0.04641609126307711,-0.02443065371393016,-0.031303842265966275,0.002495406006552292,-0.014770587662375712,0.009275879934478759
2016-11-11,0.005937651619826845,-0.02212944906788228,0.0005217678058726527,0.005451279146968968,0.29806749943491195,-0.0023045692719934063,-0.0056226670837498105,-0.01585325626745282
2016-11-14,-0.025085589172735512,-0.008454294420749409,0.03677174120094806,-0.015248843435573756,-0.049221553489830816,0.000785254768435939,-0.0059813343493217985,-0.004552412626708691
2016-11-15,0.01324399327894743,0.008698666186558013,-0.0018865579939882915,0.019747066038047656,0.030488030634037377,0.007802690088479336,0.004945729195845905,0.01805793818933954
2016-11-16,0.02688824815682045,-0.002988440021410854,-0.02469772138141213,0.013249720898389272,0.0631159458404098,-0.0018782697023167483,0.009023648321356825,-0.012324434644896742
2016-11-17,-0.0003638453364104288,-0.005138293152093798,0.00801037038187169,0.01659666273121374,0.008294530248184273,0.0051407459169969805,-0.014714721130116404,-0.0060637504633704875
2016-11-18,0.001000542988172315,-0.008780207102896287,-0.0039733255642845355,-0.004782476040210093,0.010498975298413704,-0.0022377770129066166,-0.0028879875535078314,0.0005865616744580304
2016-11-21,0.01517363225559376,0.0037342622620732957,0.004375417321731634,0.008450678580131932,-0.004070465310115234,0.007551602658955048,0.0024828613333485183,0.01418824913857053
2016-11-22,0.0006264238212017048,-0.00034608855246254233,0.006149597181853705,0.004272231127514958,0.00720564791999645,0.001953232998934906,-0.00033035569959161126,0.0021969187202965923
2016-11-23,-0.005098576256284737,-0.019819983532816443,0.004202223005510541,-0.01178017020129607,0.004919563172643526,0.0005440388236706006,-0.003880447370455564,0.002769119596484959
2016-11-25,0.005034589932295885,-0.005651208738617575,-0.00038042165659113447,0.0021526306596462152,0.002021835117855586,0.003715429153993144,0.0014916748137219216,0.0023004949452889445
2016-11-28,-0.001967778653565455,0.010567466787642088,-0.0064700042299044025,0.0013215093394354227,-0.0005311779313273979,-0.004694861367183001,0.007366429863662649,-0.00746087626537717
2016-11-29,-0.0009856434463072494,-0.00465734968785847,0.007661209101988087,0.00791957534211063,-0.009138026092843643,0.0019503903852633453,0.0041901532597918845,-0.006591811612504994
2016-11-30,-0.008433840240971158,-0.013419234467324848,0.015838748447423168,-0.013586519829765331,-0.011260161633998345,-0.0023993763025464965,-0.0162000989722747,0.016298189569105004
2016-12-01,-0.009319269698604304,-0.0018791864382340373,0.020207527705092376,-0.017590486999718546,-0.04945747762049191,-0.0036751302009619957,-0.010558357220805004,-0.0006874626721226074
2016-12-02,0.0037444193386197977,0.005379222424209074,-0.002323306660159785,0.0008447060971721321,0.00924271434904056,0.0005009217251970011,0.007327597332942082,-0.002292455347699396
2016-12-05,-0.007188492256579582,-0.005350441210868029,0.020343211875400335,0.01637128223560058,0.03877820671314103,0.0060086190690959995,-0.0010871576104648506,0.005054990104035095
2016-12-06,0.007698654783210523,-0.0009861987578327902,0.0051647700545085495,-0.0044836991596645115,0.016434795314079986,0.0031676226176498012,-0.0007532596816491877,0.0009147972439789154
2016-12-07,0.009822573845373439,0.0035897112517579988,0.004540298058432368,0.023686166131461572,0.017988709909608103,0.01308036460439066,0.0085440237453982,0.005824527917815514
2016-12-08,0.009817530740593883,-0.0023249765892273677,0.012489319809544597,-0.0058659183564269135,-0.016724477497718993,0.0024488352617675346,-0.011793983597851887,0.002838431247318418
2016-12-09,0.01632161280836142,-0.010486673587394413,0.004347256512552411,0.01573530618050567,-0.01775758720121512,0.006040280675978282,-0.0124391800517073,0.00769923381789539
2016-12-12,-0.005704269278237972,0.003804331187865717,-0.008889980200830871,0.003227381678536867,-0.02428667960118014,-0.0011474849872090687,0.0018728189996546352,0.022247414200885274
2016-12-13,0.016681416311267627,-0.0033387723118654122,0.0003538920099228626,0.013028716571601429,0.017635813801968325,0.006673819607249998,0.0035669833012703656,0.01758618094976594
2016-12-14,0.0,-0.014667226454942117,-0.000353766814673806,-0.0047634373167099175,0.0579137078056311,-0.008254140960675671,-0.011172641725036847,-0.021602580770980984
2016-12-15,0.005469261467966557,-0.013691128072175318,0.014988675223164716,-0.0015954800349592402,0.023431962438913656,0.0041171532005819245,0.005050262211258705,0.00342183448686062
2016-12-16,0.001295149021594444,0.006614558767378487,-0.012325525269749393,-0.004474483046252975,0.01722227672123333,-0.0019558370132155556,-0.0022995991748144817,0.003190826393220103
2016-12-19,0.0057772731516649856,0.004997623978540311,0.005768419861177598,0.02118798005106881,0.012150044159424889,0.002177375903785528,0.010755997606747503,-0.008335093465559829
2016-12-20,0.0026578099537939437,-0.007367118973593101,0.012876140725359697,-0.0012573914089010207,0.034832120798251154,0.0038574784320530853,-0.004982871326772442,0.00011059156825043992
2016-12-21,0.0009405847873951156,0.0005566152526592649,0.0025425134454153397,0.0,0.00627605267843756,-0.0027827340260062616,0.004413767057087181,-0.0016586900866198961
2016-12-22,-0.006577835608432281,-0.0024107755207141146,0.0016139114557280898,0.00015738856179292604,0.012094453422295315,-0.0017273846423340178,-0.0017875034571845916,0.00653534107619258
2016-12-23,0.0019778974258102267,0.0031601819765598727,0.0018414496334107078,-0.004878143589771122,0.024927789147024093,0.001464174425438891,0.002036979363344571,-0.0017610842787150194
2016-12-27,0.0063508173397177625,0.005837091185366905,0.000918749563625143,0.0006326081518830406,0.06868303581479962,0.002481233936390881,-0.0032189227424583855,0.0004413348702010378
2016-12-28,-0.004264217298251882,0.0027634769574849116,-0.007230080281465656,-0.004582886952246956,-0.06878659389837238,-0.008264430451086602,0.0073090609291399655,-0.004958841582977658
2016-12-29,-0.0002567598455436304,0.01313614088883086,-0.007052697593341373,-0.001428594901049407,0.01995420837231232,-0.0002228277648765875,0.0035432493979663526,0.0005537567309064073
2016-12-30,-0.007795827475856387,-0.006165566230220687,0.0046573970599299575,-0.01208289768529458,-0.042089217247692434,-0.0036546527677080443,0.0015131137224728697,-0.0009962232672511284
2017-01-03,0.002849213314902066,0.00784600497730814,0.010893556824044026,0.007080844091887251,-0.04431305368047267,0.0076497016264414075,0.0042812813003128,0.00697961943943004
2017-01-04,-0.0011193733679075724,0.0035303646722089077,0.0018448873965970503,-0.004474483046252975,0.023331060777024293,0.005948993612126197,0.0038444420821910352,-0.011002098778857605
2017-01-05,0.005085557736340451,0.015515074970534615,-0.009205534051278108,0.0,-0.02538565734269893,-0.0007944463981719441,0.015654082601064268,-0.014907032386959895
2017-01-06,0.011147869525931053,-0.007372551230725999,0.00011661042062582894,0.008667803805884278,0.013367416555349232,0.0035778903344838575,-0.009181726759146636,-0.0005645698224980844
2017-01-09,0.009159673053645179,0.008232645807116912,0.0006963958613472876,-0.0031826327761494966,0.04054340038153259,-0.0033010795068081356,0.008024968226260087,-0.016497314473542857
2017-01-10,0.0010086277527452392,0.0042602588509306205,0.002900956326625348,-0.0003193678189836735,-0.007550357703685062,0.0,-0.0006562048997945658,-0.012752760309019728
2017-01-11,0.0053733476748822895,0.0030932255360247574,0.007520669315993267,0.009102680139130293,-0.012304158297868906,0.002826282155003801,0.003368211501753038,0.010240979880013379
2017-01-12,-0.004175480685684407,0.003612367067042932,-0.009646223393011355,-0.009178694305155943,-0.01635610025603962,-0.002510051205949826,-0.0022109727418647696,-0.005414420879347626
2017-01-13,-0.001760902187056046,0.0026336178800692167,0.005333840117248023,0.0014375376229487369,-9.65173811404707e-05,0.0022956348053246867,-0.004758410344134267,0.00011588462529377175
2017-01-17,0.008064167896160823,0.01435950794847174,-0.036332251283900274,-0.0027113151726253504,-0.022430742797304393,-0.003523398694932345,0.010469183804674875,0.011696624408639611
2017-01-18,-8.304548951409974e-05,-0.008459177733679102,0.00466768769770165,-0.00047965599905452905,0.01819844998783937,0.002210057421552225,-0.012807755309107272,-0.012362784859178855
2017-01-19,-0.001750318684168417,-0.0008706024299161008,-0.007624255655315659,-0.0032003542516778616,0.0214663143367555,-0.003704583820780538,-0.00685927609799597,-0.017964145754529426
2017-01-20,0.0018365856810411696,0.0024397178433506195,0.004441548773596482,0.007063070207522282,-0.010935467285679512,0.0036739656294955125,-0.001997309790245261,0.013690252922385904
2017-01-23,0.0006670584037096194,0.006431967354547874,0.00047817075566669587,0.0035062913660919293,0.010383616287910069,-0.0026021851353252856,0.010005532401061057,-0.010711513224339053
2017-01-24,-0.0009159983843853858,-0.004490925540628465,0.012065466381024903,0.00889454790366373,0.02131474763193819,0.006411844502977271,-0.006852081444662206,0.0014123555984222325
2017-01-25,0.015920311162462175,-0.008241493674922662,0.015462534104449865,0.002518808759352842,0.004285930384562375,0.00865552518510948,-0.01255002458224741,0.0029379742626653993
2017-01-26,0.0004925597023717199,-0.009272197003353577,0.008369254272422522,0.009265243478503438,0.017255712974485693,-0.0010455168775026502,0.003366728699487176,0.003046610378953707
2017-01-27,8.186022882639143e-05,0.0020306880028342356,0.0020751454244885004,0.023494407414130114,0.019334311853161257,-0.0015699166906504303,0.0036074108558128426,-0.00105103129784212
2017-01-30,-0.0026241398156159335,0.004229477187142061,-0.010353451715915618,-0.009881240580334016,-0.015657390833784257,-0.006201631491844717,-0.003009444359040603,-0.007601821015415511
2017-01-31,-0.002302086853695595,0.01386331327657886,-0.01627322733667158,-0.007369959613013677,-0.00763464568150074,-8.767923044095127e-05,0.006958757169246876,-0.011430578640779898
2017-02-01,0.0609807629781014,-0.0030290445198761784,0.0037810465664638304,-0.016550380730566028,0.04368937512146176,0.00039536988149024843,-0.00618292578210955,-0.011324209518605022
2017-02-02,-0.001708630742448758,0.005555550404536591,-0.004237769937572855,-0.006448802834587375,0.012636923252546062,0.0006591823880914838,-0.00041983103815923517,0.006148901815861807
2017-02-03,0.004279081408204766,0.0025034610211953634,0.03061821741201931,0.008073359484668474,-0.008752904152427687,0.006892817676979135,-0.00042059538060790214,0.001078317993133071
2017-02-06,0.009373893247423437,0.013519329475210506,-0.004702345475581127,-0.000628036471061022,0.02561636743857587,-0.001787876189129567,0.006050482934391255,-0.002753225806563342
2017-02-07,0.009517445022132254,-0.0020390643159921007,-0.0005766975574690303,-0.003299832398282687,0.015514285043827236,4.3575348860125374e-05,0.007351015040332198,-0.006481407067358669
2017-02-08,0.0038774739658020696,0.006214910289660258,-0.008763676370031837,-0.0014188864115320943,-0.004364968909350231,0.0013105314939301227,0.013598520740455644,-0.00658360682878445
2017-02-09,0.00722562942568028,-0.007614870186038569,0.014424974326590734,0.011367220086374363,-0.018800896058284944,0.005932687131235959,-0.01153463002817745,0.004417924044418209
2017-02-10,-0.002265464486611024,0.0026430007347089113,-0.002293281918640977,-0.0009365993948904361,-0.023715371565557364,0.003946244160314638,-0.0005790170862183253,0.00830888520016182
2017-02-13,0.008855754162724994,-0.00680268225121905,0.01321794738404325,0.01125012852298557,-0.046118799331269056,0.005442699918366767,-0.0031469376671818816,0.005816768693783336
2017-02-14,0.012979372809188261,0.0011129901542927811,0.015995661349671453,0.0037303038489240326,0.0036907154185366053,0.003995015251348599,-0.007226970143753508,-0.002168785857838751
2017-02-15,0.003628699964680182,0.004447076385096116,0.011500830988691702,-0.0006190570571684706,0.0020224426352326574,0.005220119591916372,-0.004602548518047644,0.004105630244292557
2017-02-16,-0.0011804608329516464,0.0053640263872472005,-0.0006622499368461598,-0.0001552865627525435,-0.016054846195265093,-0.0008507940329469665,0.00546422821979653,-0.010341471070484443
2017-02-17,0.002733369744109204,-0.0033875467452244568,-0.0033136604358336985,0.0015502197446002342,-0.0001866291468273218,0.0015764415630710182,0.005935763823569751,-0.006561486395106009
2017-02-21,0.007221188023011971,0.000594830851824435,0.008644247804520777,-0.0020121139572037983,0.03581064913959664,0.005954940854576929,-0.0017452455191747651,0.001589941085420099
2017-02-22,0.0029988914107950126,0.0013588421410561935,0.0005493999226706681,-0.0020155142672979576,-0.0015323567348121125,-0.0008880770430998997,0.0016652863520703054,-0.011722686221633416
2017-02-23,-0.004229881946099745,0.008735465586520386,0.0007687805801679382,0.004039827319352041,-0.0927227339713691,0.0006772422748562157,0.002992133026691768,0.01050256766355906
2017-02-24,0.0009517394170004412,0.006389730042341002,-0.00877839298433758,0.0,0.009652232920593695,0.0012688106176315106,0.01110466997802595,-0.008559769804157402
2017-02-27,0.0019760274460809413,-0.004845398633643638,0.0011067458245694883,-0.006035359170170174,0.029076130256025623,0.001562915858214664,-0.005901378135721891,0.00567381052996363
2017-02-28,0.00043779572085123064,0.0009234436519076628,0.002101304841299223,-0.0038923216188430088,-0.02806276120561968,-0.002699261968078126,0.0037100920638428736,-0.0026982154940736747
2017-03-01,0.02044006634083595,-0.0014258642418292222,0.03288445555660302,0.015004828997381647,0.0129090338624962,0.013997408151024127,-0.01675585191420914,0.02090532063571393
2017-03-02,-0.005937484277294125,-0.012430671576410313,-0.015598271812712672,-0.014320811044122528,-0.036871514167478026,-0.006297362865222977,-0.003599714609392679,0.003372615004396451
2017-03-03,0.005900593112735164,-0.0005953367386808406,0.00716284092071362,0.0037492829014471596,-0.005757406825946831,0.0006296444832560866,0.0026048774017264353,-0.010084318000219916
2017-03-06,-0.0031474839794033427,-0.006722839768239508,-0.00948288457039781,0.00031133359035107055,-0.0077208969942860195,-0.002977911728067051,-0.004776567755575334,0.004487118727211525
2017-03-07,0.0012916187439104831,-0.008053482107396648,-0.005548210140310816,0.0020225444709476292,0.010954794967795944,-0.0029866570937802095,-0.003030312197279339,-0.0037427083096072122
2017-03-08,-0.0037270294122450087,-0.0062187012290058075,-0.0021878761333096186,0.009161536587015684,-0.0018228126493314845,-0.0018567391369359587,-0.0054049261140213245,-0.018056339648980013
2017-03-09,-0.0023019996431965506,-0.005127727710842245,0.003947134391172558,-0.004000340554304871,-0.00020302464485422167,0.0012683168342788598,-0.00798085733200593,0.007898258909691203
2017-03-10,0.0033167373447600124,0.002183978311645074,-0.0031673310651565423,0.0030894637761385013,0.005885963039653497,0.003504118659772182,0.0035091226253751717,-0.0007343739972484054
2017-03-13,0.00043107943929054926,0.00017430825360542634,0.0008765042345231233,-0.0033882822692695713,0.027542378675159407,0.0005046762691824913,-0.006311154257317875,-0.002328058195552485
2017-03-14,-0.001508068611843938,-0.005403478549159346,0.0016418855820634626,-0.0046357602462967495,-0.0006870148397297715,-0.003826601129099938,0.004806305148633561,-0.005281484182346086
2017-03-15,0.010575987762334371,0.018664539100545552,0.002404087280240441,0.005278405178657852,0.007565212122791598,0.008653509002874538,0.01221525531703005,0.012471003963470118
2017-03-16,0.0016375880767789397,0.004129061134912737,-0.000981029583392412,-0.0016986872359878724,0.01228619634748318,-0.001966831555530013,-0.005063518024779556,0.0008534494912311175
2017-03-17,-0.004975728639548205,0.0022273151662723922,-0.010475660450656288,0.0035580466823426082,0.02177083089511589,-0.0017562805903057477,0.0062761899456682535,-0.0008527217362991335
2017-03-20,0.01050103400511726,0.004444860945005624,-0.007168297313052574,0.0009248782459003735,0.03186561398657184,-0.001096945722920295,0.004298695029393951,0.0
2017-03-21,-0.011452457078232836,0.008765200923941618,-0.029323296734888316,-0.011088805243697264,-0.03234344070462081,-0.012839447336359555,0.008309114123952854,-0.0020733423890543223
2017-03-22,0.011298597250225972,0.0024464392887426634,0.001601907491804111,0.012770453712017238,0.020394566238648437,0.0023531837800601085,0.0039953694888059665,-0.0008554328923512378
2017-03-23,-0.0035354640290701234,-0.0013464921286193698,-0.0015993454882844427,-0.002460274111721339,-0.009068213962623695,-0.0010672000156629613,-0.0014095421718650636,0.0012229129103791259
2017-03-24,-0.00198676257050856,0.001601099219161739,-0.001144315722626743,0.0016956753784385104,0.003548403805876177,-0.0007264743161892184,0.003569930776605279,-0.00769593582491368
2017-03-27,0.0017063964981776092,0.005636868294673025,-0.0005731500255824473,0.0018467555158514504,0.007257816799848049,-0.0010262676695281803,0.004550393028648125,0.0002463760831370454
2017-03-28,0.02072688476084572,-0.004099371444605038,0.015589480421771329,0.0029184336235184016,-0.005172875434784285,0.00727704020714981,-0.006670759516883673,0.007261293208061126
2017-03-29,0.002225274674808153,0.002436163586163831,-0.0037247367878100457,0.002757369926220443,-0.003250139179310829,0.0009348834555693575,0.005968998181596241,0.002199526195529433
2017-03-30,-0.0013180869341682389,-0.007206910225050711,0.008609899492167061,0.0036656077047081403,0.0191914959473245,0.003184023765655297,-0.008076312819319309,0.020482551301287844
2017-03-31,-0.0018759294189872877,0.0021102388572973307,-0.013366386367285044,0.002282444281545004,-0.004296340986758573,-0.0023276891450886295,0.0029081015689382816,-0.020190852808616544
2017-04-03,0.0002779993881485421,0.005306580584065079,-0.003642539318647442,-0.004706772441504303,-0.005048778344055815,-0.0017390634068146227,0.010086826350771405,0.0007315389209892054
2017-04-04,0.0074462219537339,0.00226228970182607,0.003332480401025961,0.0027460451692429277,-0.0701240516543511,0.0006372980780526838,-0.005424540156332314,0.0036557195381159424
2017-04-05,-0.005180820665531716,0.0,-0.012827798650952515,-0.002586459916472994,-0.007441921495619397,-0.0029727379276677235,0.0030572408763245296,0.0019420584873164337
2017-04-06,-0.0024991806387956172,-0.003678334988324816,0.003364458900847689,0.002593167039076416,0.007297968155235868,0.0028111769890311056,-0.001482604628125661,0.0058164112429957004
2017-04-07,-0.0022276726498019483,0.0023493772325884343,-0.0034688506827490473,-0.0007607765459778371,-0.004267754005583102,-0.001019155721539322,-0.004043031104746575,-0.003012003664612406
2017-04-10,-0.0011857765782692375,0.0,-0.0034809254935238565,-0.0022839383905137733,-0.025515577441427517,0.0005950452599692291,0.004639505519871356,0.004470368056861629
2017-04-11,-0.010756847009131598,0.014481863135711759,-0.0017468825880991856,-0.0007627110157991668,0.0035797087457949406,-0.0011897576045983849,0.009482389525365509,-0.0034881823139698565
2017-04-12,0.0012004432477572546,0.006848701913851896,-0.003849253423897192,-0.0038179529583559635,-0.008255276610766527,-0.004381851122136848,0.005473482917729644,0.0015694206635079588
2017-04-13,-0.005289449184728623,0.004753334264967268,-0.011709746648101316,-0.004292472496348676,-0.01870272165298803,-0.006494696971181768,0.0030871430106540476,-0.015427161139577428
2017-04-17,0.0055303729232716314,-0.0029363834815019363,0.01729829142903183,0.008160085026740704,0.03916611955423743,0.008859738424313424,-0.0030776418900039237,-0.0013465954818888681
2017-04-18,-0.0044419409369341745,0.004744779460001958,-0.008152321269139673,-0.0013745225457579835,0.000604766386422817,-0.002984119792587947,0.01307989932638276,-0.00649722923033369
2017-04-19,-0.003682802189546752,-0.008874746300268521,-0.008220014139426302,-0.00535260779717428,0.003927484376154755,-0.0018386630850931729,-0.005453834737034313,-0.006908689296827308
2017-04-20,0.012510682484293323,0.0018893922713916211,0.012905685601140915,0.007072720861916348,0.01585126137255366,0.008138983102852881,-0.0038700689929002108,0.006460181473840754
2017-04-21,-0.0011936165968574608,0.002869780885113693,-0.012039779719110855,0.0137403176969777,0.004147444114380727,-0.0031867302483445936,0.0,-0.003949962376928684
2017-04-24,0.009629739744510424,-0.0067859882121455994,0.03525770860101218,0.017017945485295005,0.012490338767235265,0.010998119751989499,-0.004937627821505974,0.005205182312855383
2017-04-25,0.006195917471289558,-0.010125150830952667,0.00868580573299238,0.0057754105904050945,0.01738717014458957,0.00581845728908692,-0.012039587813697072,0.007643937407931789
2017-04-26,-0.005880753027906471,0.0049064144523129904,0.0019260167651304894,-0.001324769474279619,-0.006874403156104991,-0.0006289175149239989,0.0055173632060590005,-0.004037738981237826
2017-04-27,0.0007651674715920542,-0.003723907331012466,-0.009272864658142588,0.006486649974922543,0.015574076771271539,0.0008389610647179246,-0.00032746201685285303,-0.0017199738809127174
2017-04-28,-0.0009733241217549926,0.0031563855415273068,-0.006962623082777064,0.0027827346800302077,-0.012684676732727107,-0.00217915972955407,0.0022109906796545786,0.004798960775602046
2017-05-01,0.02039662322724256,-0.00910820985920957,0.000689892216936494,0.013877041620797836,0.022435114148847246,0.0025198208492962504,-0.008312975632057573,0.0050217114469064406
2017-05-02,0.006344781445138281,-0.00016709821486071696,-0.006432429118307548,-0.001585129582772793,-0.029632412869153524,0.0003770415755413037,0.005120370069378266,-0.000121732424304688
2017-05-03,-0.003050594813384433,-0.013957360197643709,0.005780193207611362,-0.0031744982563932655,0.007441305767577955,-0.0012146344573890078,0.0006576116837306856,0.007921747971741278
2017-05-04,-0.0036040840223208193,-0.010086475737808298,0.001149372525003356,-0.003908674776012533,-0.0038371052657237836,0.001174240479538069,-0.004926724320865383,-0.012817370293708663
2017-05-05,0.016583679725692413,0.0018837333588366256,-0.0011480529844457577,0.002761266908460902,9.620158482781527e-05,0.003937179218426401,0.0009071525285933024,0.004654828030198566
2017-05-08,0.027188653404159435,-0.002222050521183405,0.001149372525003356,-0.0008690902781407495,-0.010494751086498,-0.00016685274145222806,-0.005441096066427953,0.01060693062294682
2017-05-09,0.00640476592791428,-0.005995691205500697,-0.004018185445559985,0.0014507058159094477,0.0016540263658906262,-0.0009180272550520785,-8.280698030704858e-05,-0.0069969082270382454
2017-05-10,-0.0047406794620089565,-8.61881599950598e-05,0.007838502879746745,0.003910385451754594,0.17825946219635513,0.001795817343721362,-0.0011610417667676787,0.0045375142280645875
2017-05-11,0.00864813436537859,0.003964142371969848,-0.003088243551453318,-0.012263953527150928,0.04295454325963566,-0.0020430308875850622,0.0,0.008545993135075536
2017-05-12,0.01396604817131597,0.0028326337429585013,-0.002753385687669141,-0.001168504451583896,0.010988228051897364,-0.0016706110421287335,0.007553316350374706,-0.0007262398838896456
2017-05-15,-0.0025628888387519977,0.0026534071191921527,0.004832008721126435,0.0007312315683025705,0.05019941712624809,0.005523393587193892,-0.0027187153881467196,0.003028256061707646
2017-05-16,-0.0014769301732843187,0.0043537829852127174,0.003091202518820335,0.020135531937520712,0.018613769155270576,-0.000915582298888884,0.0037171846080723547,-0.003019113413213037
2017-05-17,-0.033575671534582074,0.018189539837597968,-0.03812393302317929,-0.02780560022375478,-0.06644245479940125,-0.017744227835091886,0.014567296775380045,-0.006783692712077349
2017-05-18,0.015241225382395696,-0.008181011348556977,-0.003677837650150839,0.003407651083676466,0.04188841927803222,0.004028608280798762,0.0011352642204320862,-0.002927133992369768
2017-05-19,0.003409233116028698,0.0049659454541624015,0.009766196907281977,-0.0002950462811113219,0.0230949956841473,0.00650425695317014,0.002349694109722744,0.0022015001137545287
2017-05-22,0.006076001908673634,0.004187604636601616,-0.0009434835868092906,0.01122775353018901,0.021323452291941436,0.005077420182541648,-0.0027483947745148285,0.004394368369090129
2017-05-23,-0.001234191690395181,-0.006338633249028169,0.012515033288859279,0.0033600390814627623,-0.013462902660853593,0.002212847123221451,-0.006727423457159265,0.0035238200432150535
2017-05-24,-0.0029906719898311618,0.003944948993712671,-0.0005835633002060359,0.0013106720575932762,0.011238547211983141,0.002332752980707342,0.005630381544002416,-0.0035114463382277528
2017-05-25,0.0034557816710290012,-0.0010868426783263718,-0.00420017703497888,0.012359707229565142,-0.0022372032872239878,0.004779589059165312,0.0003245621173904034,-0.0065621958207059405
2017-05-26,-0.0016895092173941917,0.00887175702052101,0.0001174331509790072,0.004883862551459117,0.02589334513255026,-0.00020695296278783193,0.0017037207794348141,-0.002446728922865238
2017-05-30,0.0003910076587407829,-0.003318413164433487,-0.0171039729622805,0.006432074234735907,0.02136189540314848,-0.000868783858064659,0.004940114205478574,-0.00551798092875222
2017-05-31,-0.0059218840294233965,0.003995366733579031,-0.02085801579855784,-0.008095631470135256,-0.0035891968965008347,-0.000248596340176821,0.002498083665137374,-0.007398387486210467
2017-06-01,0.0027490535295324747,0.0008290372396291268,0.011076951387547496,0.0037232026027580467,6.89366775414868e-05,0.007952311413833346,0.0001049859707107359,0.0024844399650600923
2017-06-02,0.014819712602809565,0.0073724269437449585,-0.0050569164020958235,0.023680323854510466,-0.0049875497152254145,0.00332826215144455,0.011840359464905692,-0.014869908102350227
2017-06-05,-0.009778473417941913,0.0009867835373715828,0.0018153725350236183,0.007246347057167979,0.030423370724305565,-0.0007368392227365961,-0.006209239112198062,0.0077988847813419415
2017-06-06,0.003378341209685054,0.011254375087548674,0.0020532704379059297,0.0033203084962252216,-0.004526695034356321,-0.003196891048220629,0.005447118648861604,0.013604366568307213
2017-06-07,0.005956809617251979,-0.0052802724121523426,0.011451600158411512,-0.0017927469380339955,0.01208092138028527,0.0018503841565511436,-0.004780014855318537,-0.0036939392241475133
2017-06-08,-0.0024461417576980837,-0.0065332416684456,0.012394079490892107,-0.006077887013775984,0.07255894103160121,0.0004923506448886172,-0.0026420996995055734,-0.0035847656621899038
2017-06-09,-0.03877659269757683,-0.00912454251071615,0.023661084323134185,-0.022654786490297174,-0.06464900876397317,-0.0015178647997426964,-0.0015251205456617845,0.018730364864288696
2017-06-12,-0.023895660204566127,-0.0014932827593217013,0.00022984581512597302,-0.007679012339766866,0.0024730397489896028,-0.00020547765001099894,-0.00032082989700898956,0.009740667338012265
2017-06-13,0.008045753609310813,0.0009970317877492363,0.0033340142014759433,0.012467650951619058,0.009535408540288781,0.0048901407437833555,0.0001603866762456274,0.00036175303837282513
2017-06-14,-0.009755285608547881,-0.00547811789275976,-0.002062380825461285,-0.005378435804157533,0.0021135994893124455,-0.0012676617412153979,0.015436915028389286,-0.010727943270026241
2017-06-15,-0.005993473712658681,-0.004172926066378535,-0.0059710974189890464,-0.005265490940044137,0.004284317388014713,-0.0019242034733755187,-0.0015837072980346978,0.002314948925972171
2017-06-16,-0.013999698485212986,0.00016758836001962152,-0.004504549105154743,0.0014308177056947535,-0.004922549497295092,0.00021820106645686899,0.001982164686494592,0.01495261012892235
2017-06-19,0.028607628115280725,-0.007625239321596311,0.02193057657024511,0.012427863029460084,0.0375939590661174,0.008325213779542429,-0.0014243572867393972,-0.008743455693312918
2017-06-20,-0.009088499589174348,-0.0021109516115493943,-0.00624485645976669,-0.013545656057855848,-0.0014618340881930036,-0.006744091842442623,0.008956103380459268,-0.005437715916324026
2017-06-21,0.005930849875695587,0.0028769363429739236,-0.004570507312177341,0.0051497866031851025,0.01515051059339001,-0.00024686413196362,0.002042561572915824,-0.0105697935029464
2017-06-22,-0.0016452157034914094,0.0033749707830617037,-0.0011474539223962354,-0.0001425679848614525,-0.0068980171672393675,-0.0004528043918990976,0.0021949167566019945,-0.004420250297396788
2017-06-23,0.004462928362486185,0.004288615406013552,-0.0018389531902519574,0.013521446061177667,-0.028666877212316977,0.001194264954465396,-0.0004691485012889851,0.006536606220954644
2017-06-26,-0.0031439683712578548,-0.008959220397639522,0.004374789317763028,-0.009549567059417119,-0.010921144125369042,0.0006581238142180368,0.003756269180895444,-0.004533623574341394
2017-06-27,-0.014332915348695852,0.0038019343183650633,0.009284573051659972,-0.018715469279404817,-0.036608444122692485,-0.008056317513630784,-0.010681308772929499,-0.0016001832616803213
2017-06-28,0.014610658513192876,0.0007575454013519778,0.02010237811803517,0.008525076963133982,0.03527070518583142,0.008950284997065516,-0.0033097985168752952,0.0051783242697249765
2017-06-29,-0.014743127260804734,-0.00487806411784153,0.014807492833203817,-0.018768274188144196,-0.03341025601155445,-0.008788690082840112,-0.008381731453330099,-0.010180523656983853
2017-06-30,0.0023659420609112303,-0.00253552275635216,0.0027428191611571506,0.006424777366532686,-0.014453170017608485,0.0018646153787957864,-0.0023121868205191465,0.0003718902499287857
2017-07-03,-0.0036100056785579593,-0.016353163532217163,0.020351664086444066,-0.01102601693229699,-0.036178922838514094,0.0016953824027583497,-0.0032198788258902544,0.01696984896370002
2017-07-05,0.004111303793864263,0.003704025486608087,0.010026917253780132,0.013348897908878055,0.026699452984514593,0.0023118204669250186,0.00024080572258711186,-0.015225244904823465
2017-07-06,-0.009438779614646009,-0.00042907160833882685,-0.0032020992435679574,-0.0073825736869587155,0.00300581815743195,-0.009144089925707033,-0.008273199400833708,-0.009028887155106191
2017-07-07,0.010159075017193153,-0.010217244173899132,0.00503321467306872,0.012979926301677436,0.022860291404297683,0.006485127472137364,-0.005993622921821595,0.0012478279646621626
2017-07-10,0.006103547280596144,0.0016481821948142183,-0.007032247762534638,0.0074859867653371825,0.04728811669623534,0.0010738660919658027,0.0014661258234052177,-0.0007473812974522209
2017-07-11,0.0032403436614092396,0.0012990519121258703,-0.0038634280371818708,0.00014261745067356557,0.01418351675109264,-0.0007425479543206048,0.0017093719731129386,0.005488722358666598
2017-07-12,0.001442418119582456,0.0035460648934031447,-0.0034472222488903803,0.016573922409969466,0.04253230826668908,0.007514506429106671,0.006904208419540536,0.004466668856279554
2017-07-13,0.01392934648454025,-0.0018098688846157618,0.006377651193947065,0.00871415484873439,-0.011568085302377962,0.0016803874928228435,-0.006292587932185234,0.00012349511380360667
2017-07-14,0.008594196461156889,0.008202356680584888,-0.00912986299898888,0.014072965274533278,0.026893898140534,0.004664078664352367,0.0012178254744241723,0.0038281564400082235
2017-07-17,0.0034888532655059645,0.004453235312239068,-0.009322460612112948,0.007831540899396527,-0.004243558271274428,-0.00012218603907609982,0.0027565171241215047,-0.005166795965865001
2017-07-18,0.003477383102936882,0.006991215691223296,-0.0035015387733356995,-0.0006818745777738,0.010411003424881438,0.0005295613728810711,0.008733027516767855,-0.0032156866381800597
2017-07-19,0.006263037724482112,-0.0002539901713815018,0.0014274919200978342,0.007639886272863494,-0.005182107987270923,0.005413875154412384,0.0004009917046927658,0.0031015910261216195
2017-07-20,-0.004502990580192212,0.001354979930841882,0.0,0.004874321294870754,0.014536658649058953,0.0004453268368451724,0.0028842540681486284,0.00012408475199343627
2017-07-21,-0.00046524105753431577,0.008626558617128577,-0.003399003497149722,-0.005793612767930667,0.0035818620602057205,-0.0008901861682022449,0.004235291996400603,-0.009151836303761707
2017-07-24,0.012111526443824072,0.00041921366315400554,0.004290956250151856,-0.002574782849673496,-0.011599618930151046,-0.00024320769617247606,-0.00389936662165169,-0.003120172590085679
2017-07-25,0.004273582350864835,-0.0032687905257637873,0.016651872737398987,0.00801595160528934,-0.0048155498210582515,0.002430819208266044,-0.013019071859970421,0.005008143487546413
2017-07-26,0.004713757813024744,0.008072646310579357,-0.009374832653788134,-0.0018869740126605805,0.011551225761293304,4.0446159456308806e-05,0.0016186431032130244,0.001245991362843979
2017-07-27,-0.018897390609322162,-0.0007507202198242524,-0.004133243792362906,-0.012018904732015279,-0.03300227373408704,-0.0009296564010660147,-0.004928131646729894,0.005723042299395242
2017-07-28,-0.0070402755129721495,0.00751316068954333,-0.002949529762950931,-0.0016401278869381253,0.016384356380020337,-0.001172775223101108,0.005926972942625008,-0.015217003844627097
2017-07-31,-0.005150144733716333,0.0004971211979458712,0.005696724025511024,-0.004654836148269226,-0.011436551054808786,-0.0005671312459452071,0.0012108464228739457,0.005527409387696469
2017-08-01,0.008875014205594445,-0.0008281447132181263,0.013398564422190118,-0.0016507367578024734,0.012184047745033455,0.00222876156071794,0.007020735683473278,0.0016243871996273196
2017-08-02,0.047250754518977756,-0.002072109381170417,0.0008596924808355055,-0.004408856547221562,-0.0006077835806013177,0.00048519515883849174,0.0005618857173104175,0.00536361077704961
2017-08-03,-0.009991185725059859,0.0015780299800982611,-0.006551189228949372,-0.001522030116017481,0.012713802207023228,-0.0019396975297911734,0.010344026080424618,-0.001364725424687241
2017-08-04,0.00527070296613652,-0.007794965092940864,0.012540526365727223,0.007345445134418593,0.004384748112241654,0.0018219739053015882,-0.008492041283271079,-0.003478901835217374
2017-08-07,0.015474463513311942,-0.0011700742821816323,0.0038437320162822974,-0.0038525865554922545,0.030739686946881895,0.0018591791043027772,0.0011209253013451104,-0.0006228953379311397
2017-08-08,0.007996754874030287,0.0029286123995053703,-0.0036164572916485005,0.005386806196955085,-0.011894095651920233,-0.0024608949387541212,-0.003598122169533924,-0.0024952603518226812
2017-08-09,0.006122103953643432,0.012097421498903138,-0.0016010496217839787,-0.004396137182148929,0.010627966543370393,-4.054333176894964e-05,0.005456497214095801,0.00312634497485087
2017-08-10,-0.03185152736876651,0.0074190218777654415,-0.014327116757990255,-0.014626722351446353,-0.04282109726519223,-0.014115119043882629,0.00853963971313565,-0.005916337117614301
2017-08-11,0.013906593371252107,0.004745944156777204,-0.00835182797768852,0.015263889882787707,-0.05329628612563564,0.0014768435894796372,0.00047416307520919965,-0.009623888154547622
2017-08-14,0.015049530363217212,-0.007085289845225495,0.011703849336410554,0.015034522479673296,0.0797642430789205,0.009913378400594919,-0.00514075078490428,0.00025581022276921495
2017-08-15,0.010948005809292338,-0.007709931316675189,0.0025948687687669114,0.00027295854805275965,-0.008432685355815317,-0.00012184275235016528,-0.004213833292698532,-0.0024287125752077143
2017-08-16,-0.004022263932186632,0.007356582616572016,-0.006901462361206034,0.005872840144379277,-0.010959049451242486,0.0017441803737474615,0.0036725945983879793,-0.007303660459921479
2017-08-17,-0.01919909168169953,0.005087348020141658,-0.015636939325086252,-0.01697204885963488,-0.022283110306261955,-0.015590663916005942,0.007477877131708999,-0.015619116259819155
2017-08-18,-0.00228017946375636,-0.0015511047050799087,0.000992973844457623,0.0012435053132062723,0.00018608070788039832,-0.0015630304938278883,-0.00023729822827212033,0.004982904741306804
2017-08-21,-0.0018415809853176146,0.0037612352656934966,-0.0012123358913449511,-0.004690710025978206,-0.014551295098137573,0.0007826663562042757,0.0024483476948566896,-0.003392702756292998
2017-08-22,0.01634769857403251,-0.004480311519932001,0.010261461346763978,0.013998359074020028,0.022262780065131382,0.010456976281855157,-0.003860215850266746,0.004713506547154855
2017-08-23,0.0012518515625696836,0.003764005301683415,0.0012015843095962708,-0.006014096074217545,0.019994013149197576,-0.003585542323111701,0.0068014548367667516,-0.001694250815837961
2017-08-24,-0.004437989460043812,-0.003097719565420043,-0.0016366824843377925,-0.00041248590932241314,-0.003679274233786556,-0.00233059703844396,-0.003691579123360489,-0.0036546707726510252
2017-08-25,0.0037042365142108125,0.003679752595251218,0.004043161634272208,0.0017881765380225456,-0.00835420959631561,0.002336041409634948,0.003862868254824958,0.00510931699067374
2017-08-28,0.010071270549217415,0.015887278895027057,-0.003156206332548095,0.00013742151018081294,0.007081893648320126,4.099094128906522e-05,-0.0006276297169290901,-0.003258776097360916
2017-08-29,0.008918426742784202,-0.0021654043401577727,-0.0054586510566618784,0.003021133099108786,-0.0016369913422777937,0.0011449714790834342,0.0032216204770405543,-0.00026148380360202506
2017-08-30,0.002700796395640692,-0.0004822179671816196,0.002305352927415516,0.013141406912464682,0.005950467369108647,0.004737557172345586,-0.00031319698999743295,-0.004578267323417262
2017-08-31,0.0039788725227796196,0.011740101940391323,-0.004599676634966743,0.010268975489874377,0.022694519453811512,0.006016057091882354,0.002978006265128341,0.0030226454431867555
2017-09-01,0.00030498473278783855,0.0019074699121892635,0.008911781094298243,-0.011100786147021702,0.006019054275043123,0.001413937914987784,-0.007649081506015509,0.0031442971304032064
2017-09-05,-0.012008481860738107,0.011105834943620163,-0.02388207060978087,-0.004462818959047099,-0.026692255317875446,-0.007181973844938017,0.015857914381072424,0.007966821857942508
2017-09-06,-0.001048867844167356,-0.005099651110526904,0.006703089198044854,-0.0028532859715847403,-0.0006026339553135696,0.00341411478532172,-0.006135328575580634,0.020730556779020803
2017-09-07,-0.004014665175670062,0.010409331674411604,-0.01753460678638641,0.012806534069355502,0.004644151735761826,-0.00012180730468380752,0.010236787075398768,0.0031729911881988038
2017-09-08,-0.01630894234960567,-0.0012487602904230899,-0.001242381740117926,-0.004842641741611753,-0.01734889594560196,-0.0011744138224965006,-0.002166310430645635,-0.0026570702787008793
2017-09-11,0.01809238392179502,-0.013909500369754801,0.015494419966641582,0.010543788166163193,0.032439100836819446,0.010665669678587397,-0.011937862025004353,0.005455213449930607
2017-09-12,-0.003963199972903286,0.0029320477853174154,0.0122509836583784,-0.0010701711467342445,0.0036094932405044133,0.0033708898940791876,-0.005256141495857958,0.0031547429942619942
2017-09-13,-0.00752166843652291,-0.007506297144185492,0.002860530918972426,0.007097002799958396,0.0044806289446328584,0.00047961691309961196,-0.003943987847766284,0.003396622782446679
2017-09-14,-0.008581338576384545,0.004378656548724491,-0.0019750539967476888,-0.005850390384177895,-0.005693452563579227,-0.00031994221811260104,0.004117642146686862,0.004011085463768493
2017-09-15,0.010108996331056108,-0.004993697404288455,0.007145413602002604,0.007222298069704536,0.06322329270439231,0.0013464478382387846,0.00039444552307044134,-0.00024966496493139534
2017-09-18,-0.0075683828585751955,-0.009320466663927607,0.014189014874369299,-0.001992055573402318,0.04130807454295793,0.0021266722700232776,-0.00575476933569008,0.0002497273130921407
2017-09-19,0.0003780897456859833,0.0020907215740946228,0.010977287715967288,0.0037254431825626266,-0.001066406854925095,0.001001370886117403,-0.0024572628033423527,0.0016233842640962504
2017-09-20,-0.016758119898607426,-0.008024393981386213,0.007025820291743035,-0.006627782227158208,-0.008059915386463223,0.0003599903219841938,0.0007150399664099805,0.004113917436622039
2017-09-21,-0.017172185259504702,-0.00760396716163525,0.004545284652457848,-0.009740824627275546,-0.02733514422433536,-0.0026792197134121176,-0.000556171001016903,-0.008193845528654653
2017-09-22,-0.009778362317034772,0.004564701313993336,-0.0021048142018280647,0.002695143438187886,-0.009736784292260658,0.0002003429787735822,0.0028609598423148253,0.00037543488225977306
2017-09-25,-0.008822325248789675,0.01046738833080263,-0.00748678856099616,-0.015455532734997002,-0.04469269038790302,-0.00204448978416949,0.006260020582194992,0.01326327376312797
2017-09-26,0.01720338119218101,-0.01116196421162674,-0.0044624542273460355,0.0,0.005613825490341062,0.0006025606934627614,-0.0018111788604321388,-0.0011112140141636973
2017-09-27,0.007117679777988828,-0.009420139990778287,0.015795137541654958,0.00805334359957266,0.0219239322316247,0.0038945072277416504,-0.0150681629628594,0.006675953082340369
2017-09-28,-0.00615934484101377,0.001885519931214219,0.0021012934160185015,0.00027123656432181953,-0.00028436900760497874,0.001199443873879602,-0.0029630630749399867,0.009332938582233163
2017-09-29,0.005480031669813368,-0.005155038524978006,0.0013631899905168776,0.008393130143963479,0.017588815245282552,0.0035150980414595523,0.0022493692082741212,-0.0025556646333294575
2017-10-02,-0.002011613160732062,-0.006662322551317601,0.01392502316306854,0.0016108506739513917,0.001286328511439061,0.004338758769393269,-0.0018314650804239774,-0.004268753295501582
2017-10-03,0.004356313012249036,0.0004968550936175209,0.005266417905520848,-0.004690879945730586,0.0020669249261258127,0.0021401713577207104,0.0009657309555235472,0.001592550837598683
2017-10-04,-0.0064732611419859865,0.002813840376879595,-0.01016947803273538,0.0057903648410237984,0.008362581125860302,0.0011863220678909325,8.017590625453153e-05,0.0003668479803577984
2017-10-05,0.012444401950554962,-0.0053643767904710815,0.013465614603845877,0.01713800468047344,-0.0005526824543887754,0.005925340952424252,-0.0037777692565862386,0.0028121576893984646
2017-10-06,-0.000579158595862439,0.004729503075844965,-0.001750894467913433,0.0003946190713444153,0.002931916509382626,-0.0011391088978501829,-0.0028237147276722885,-0.0037795004663496723
2017-10-09,0.0034770707479652163,0.008175782666649978,-0.005262293905826998,0.003815827458619969,0.022559333724079034,-0.0016511706024877615,0.0031552324211292504,0.003916127907014344
2017-10-10,0.00038527108434371904,0.002621229439913275,0.007468339572599847,0.0,0.01909500722973556,0.0026385926716934183,0.0016133142417209534,0.002803587104514449
2017-10-11,0.004169116142335394,0.0031862694835504968,-0.0029858347114960493,0.0017035754558243354,0.010638950735324837,0.0015708520124297909,0.001932541945340649,0.004133435115485362
2017-10-12,-0.0035133328381490303,0.000814386133850542,-0.008777371729221217,0.009160102746387233,0.00047131238791520147,-0.0014902257794126017,0.0042600251825783975,-0.0020582100799231284
2017-10-13,0.006346463734365537,0.0075677460313676725,-0.001354180169673369,0.0047975082752729215,0.018635533363404067,0.0012173407389142188,0.007202726073235466,-0.00024244102069315154
2017-10-16,0.01840897145905762,-0.006864791440930884,0.02065511358458827,0.002064938132906091,0.017164293233232097,0.0013337875908485675,-0.0007151452284103188,0.004853478090428576
2017-10-17,0.0036897953597698763,-0.006830966568647567,-0.0022486447495660977,-0.0007729178722726271,-0.0009097263098453157,0.000705113847761174,0.001272461658381463,0.0018118663385087164
2017-10-18,-0.004424540769675356,-0.003766470931118926,0.003790289896651311,0.0002582702884370569,-0.0008594471219173228,0.000978627141554611,-0.006591534592648163,-0.0024111586738810864
2017-10-19,-0.023660323861446897,0.005917656213846101,0.0012247184970626268,0.003865177365265815,0.0011138900494966908,0.00027360560541023204,0.001758465213637539,-0.0002416782463744438
2017-10-20,0.0017311136467130783,-0.006373059753138954,0.01426939944502048,0.011552283166421207,-0.004550349519246821,0.005160340593270085,-0.01061366972212785,0.004472026375476501
2017-10-23,-0.0005120322870684202,0.0015623915833617996,-0.0017086047810543903,0.0002534219669136917,-0.0014219763007221609,-0.003889132742016077,0.0017743679870219076,0.0015639881555804536
2017-10-24,0.005955096985180264,-0.003858794818776823,0.015905276645984623,0.00038062090391677295,0.010476811896311888,0.001757276956043441,-0.006199248538016566,0.002763104231348068
2017-10-25,-0.00439195380801749,0.00016481202311591225,0.0009909520277679995,-0.0029167001605262532,-0.025266764389578866,-0.004950379764487756,-0.004780383049040826,-0.0035942704670327563
2017-10-26,0.006393384002508773,-0.008405411255806072,0.00712742902315866,0.0016534106266856696,0.010482681931717641,0.001292731531255642,-0.003337206469041454,0.0036072358483099087
2017-10-27,0.035829704857113676,0.004736970715121691,0.0002947759064146904,0.0641187376311867,0.031529341269824096,0.008176045954745748,0.006615777471552953,0.0028754702971198753
2017-10-30,0.022508211700919212,0.0019023633137822404,-0.003537309439862746,0.0009547116945538558,0.009808620799414802,-0.003725316431584136,0.009574629239816002,-0.0020306490697243884
2017-10-31,0.013915742457484503,-0.003797565383496626,-0.007888929704686465,-0.008463624591876995,0.014570540806084109,0.0015580930068372911,0.0003217589446813385,-0.0022746067373051737
2017-11-01,-0.012718779477727371,0.003646328400454646,0.0030811868025497624,0.0,0.0018857852512756956,0.0013222406336645953,0.00445251753081477,0.006239087132632992
2017-11-02,0.0073102489804541815,0.0006605716344769696,0.006639206810848508,0.01045945218098221,-0.006081313293581525,0.0003884885272402716,0.00440878294647451,-0.004054220129475317
2017-11-03,0.026114004397067125,-0.004703355749990812,-0.0017719303517894636,0.0010706472773169828,0.013353571391373054,0.0033385780846257873,0.002713450706520071,-0.004190145825615499
2017-11-06,0.010144581337707237,0.008539203746005919,-0.0062124324244241524,0.0039220057595470426,0.004503928900148724,0.0015478439518601395,0.003740927070242206,0.006852611329146496
2017-11-07,0.003213882800708001,-0.003616953850285376,-0.020143197661912082,-0.002367981511384065,0.011449193868050545,-0.0006955511855077923,0.004202460300238631,-0.00202974659674493
2017-11-08,0.008180229819927831,0.0034650455582678763,-0.011240462152751207,0.003441554195659391,-0.013536174997735184,0.0017007142702771816,-0.002211021360573162,-0.0013162900894948537
2017-11-09,-0.002042566035379334,0.004110828013571766,-0.00010248328136674978,-0.005558229950447746,-0.018358837518763105,-0.003627585996725191,-0.0028487636184129084,0.005990226097164486
2017-11-10,-0.00330943475711043,-0.008187996581421442,-0.001229037604072114,-0.0026159931398022085,0.05269811475071173,-0.00030991809636127243,-0.015079246436525695,-0.003125087103905133
2017-11-13,-0.004007397985734462,0.0014860093226884974,0.0035895239196737094,0.0007151968803318365,-0.016239266416736453,0.0009297040826701242,0.0020950045988386012,-0.0006026322109268234
2017-11-14,-0.015117590903517941,0.0020608359165059653,-0.006029081149215965,0.0014299701264752773,0.007289233317265609,-0.0023220675266731883,0.0067545931904575696,-0.007841901898952064
2017-11-15,-0.013190183552410972,-0.0012339083538734918,0.00945798846751944,-0.007772504689935178,-0.019609497239063467,-0.005005383342520209,0.010862784668891567,-0.012524186586743369
2017-11-16,0.011947116614274167,-8.23831309511025e-05,0.0028518894797684435,0.002650893315903069,0.007762500557922047,0.008501014233052384,-0.008691769691679951,-0.008003716707583597
2017-11-17,-0.005552952289590185,0.012026351450757033,-0.0033514852966749498,-0.009615227653992031,-0.001181491656502831,-0.002938895864922797,0.007413022958520088,-0.0039725596658976015
2017-11-20,-0.000998803813984206,-0.012616010451388493,0.008865125211539926,0.0015777665063316793,0.012869337459518126,0.001706463368895239,-0.00039621897443120613,0.0038634883193569003
2017-11-21,0.018590526281631714,0.0016487064682373376,-0.000807937985847329,0.014419127342944149,0.00920197220064356,0.006542743788864103,0.0031666575510023165,0.003973053990431907
2017-11-22,0.010511892044429594,0.009217308019892734,-0.0029315084442590456,-0.007286031784925484,-0.004492801598235618,-0.0008844748095688804,0.0032346486812342423,0.0028437804039582737
2017-11-24,5.689647807072262e-05,-0.002527909692056185,-0.0032440698284419422,0.001804599744288149,0.009444840467711879,0.002309619637752336,-0.002752632883549433,0.003945559527082754
2017-11-27,-0.005029642311260907,0.004169409233999888,-0.003966853455635078,0.0073269871806995734,-0.012997698309423433,-0.000499280133461566,-0.001419748523143416,-0.003807085050734682
2017-11-28,-0.005858598906308576,-0.00016286145211019676,0.0350250532288916,0.012042052406354031,-0.01601740361873205,0.010144793077558445,0.001342853227064733,0.006904014324324637
2017-11-29,-0.020743469606549825,-0.0062698205225437675,0.023382115078753873,-0.018143430341875044,-0.06781848401622936,-0.0006084880089781697,-0.009858898807328043,0.007346496796504676
2017-11-30,0.013984031647453321,-0.007702412605330111,0.007616022978145454,0.009959396575443202,0.021841089893567922,0.008755233499825321,-0.0033456305904989714,0.01239839662563913
2017-12-01,-0.004655079597673306,0.004046225185331043,0.0025832493212922802,0.001069124121053866,-0.015096519821584553,-0.0020759229719260475,0.013494440087974624,0.0020407138817404302
2017-12-04,-0.007307835635425253,-0.00337195530112111,0.02061237908116853,-0.03774012173218422,-0.055746755508136236,-0.0012100556296619214,0.00047440496582584757,0.00131831886791689
2017-12-05,-0.000942140665070812,-0.007096885692240984,-0.011500395950552411,0.0062898737102783375,0.005785969210880593,-0.00359620469252675,0.004975988882726101,-0.008136840335087325
2017-12-06,-0.003714012924203147,-0.002077792558461522,-0.007472754236025891,0.014585249208927342,0.008096423909722983,0.00018997102974993574,0.003457793152590316,-0.007359155703940856
2017-12-07,0.0018343827912146171,-0.013159005872162122,-0.0029543336636628226,-0.0035034054175656637,0.01442445828823491,0.003152707764244589,-0.007831938492811163,0.0032813735101042685
2017-12-08,0.00029540417604168034,-8.434894941444782e-05,0.01252168716301294,0.020245050074751747,-0.0026042643672322674,0.005453358378171069,7.871570000106409e-05,0.0013326485731968152
2017-12-11,0.019483884270446783,-0.00396692443776514,-0.002926625436311725,0.012713495048327639,0.016554522605945365,0.0030129774766904927,-0.0020520139929726122,0.004476174849214365
2017-12-12,-0.005617671167198801,0.0011863349471581408,0.011645575483736126,0.00410668163074579,-0.019623980027820287,0.0017648200638586964,-0.00039559637548181037,-0.0032519345939170385
2017-12-13,0.0033196923201797013,0.008633065001213858,-0.012540942432859525,-0.002687386080368226,-0.024418462988095024,-0.00011237021927268387,0.007517213043663373,0.004349924180453657
2017-12-14,-0.00029015614720362404,-0.002013911785324507,-0.008056114767094447,-0.0077328255564954596,0.0015576760195683548,-0.00408625606235391,0.004240795582667323,-0.0026465501758040633
2017-12-15,0.010161634412367615,0.0021020768465358497,0.014141154067392359,0.025504580566865664,0.027296572270301356,0.00832737110405568,0.0037545286531392996,0.0015680295729381122
2017-12-18,0.014082279534820108,0.004614893860962033,0.007725558740133698,-0.005411399214860224,0.033096744640665365,0.006341420498800376,-0.009116687834662907,-0.0010841796185109276
2017-12-19,-0.010656308027076178,0.0007516606979649509,-0.004207109279942722,-0.006367053337322903,-0.009045097072618802,-0.0038403938535811477,-0.012973617525478431,-0.006028338500784547
2017-12-20,-0.0010883097950499243,0.002670670135530351,-0.0034738375759850726,-0.003611995198503415,0.0035185832161226394,-0.0005244138011972765,-0.011073090324217771,0.005216057236316685
2017-12-21,0.0037852480811213507,0.0014150005810635857,0.01592222575795388,-0.00023363784847407754,-0.00462387259804764,0.002059571755917311,0.0058285492627496716,0.011825830395324477
2017-12-22,0.0,0.005236513137701904,-0.003524111587965173,0.00011674877087330948,-0.003165282580506301,-0.0002613830567396169,0.0013639884915677136,0.001430992665730546
2017-12-26,-0.025369616715706478,0.006862859144246336,-0.004001760355082595,-0.001286425164588767,0.011112826343410154,-0.001196218102962221,0.002965945874210174,0.00011916750576279611
2017-12-27,0.00017584791126545873,0.0037776687734956127,0.001868578056554604,0.003629987708483995,-0.00136751541560165,0.0004867753297344013,0.013025348877372389,-0.000952429884419348
2017-12-28,0.002813358877495453,0.005072364396301321,0.00531610784089076,0.00011655996261517032,0.0011663597900180012,0.002057466808685904,-0.0008680581659111786,0.0014298074759815371
2017-12-29,-0.010813697725646554,0.006512031434223742,-0.007885354553699764,-0.002099681660227004,-0.01975639750275593,-0.0037707012882792768,0.0015792659299689316,-0.004522353903784637
2018-01-02,0.01790494168907575,0.012131014811884722,0.009444710667534606,0.004793131290029118,0.030232268264401396,0.007157535404216597,-0.010799342260125688,0.016618570550593903
2018-01-03,-0.0001742174472473268,-0.002636850395774437,0.0010185783262377512,0.004653547584785311,0.06581399284394873,0.00632495754681206,0.004781346330976266,0.019640036147700046
2018-01-04,0.004644618334298967,0.00512737855482448,0.014325888085366278,0.00880158643544049,0.005271338655901792,0.004214941043841458,-0.00015845441516870729,0.0013843393476757893
2018-01-05,0.01138560065430827,-0.0010361649479245783,-0.0064194305625311365,0.012398115159748757,0.00847432266309922,0.006663702120299098,-0.0028556553116809713,-0.0008060831863208051
2018-01-08,-0.003714305030691478,-0.00015961279955833962,0.0014767608044565783,0.0010204843261505392,0.03064053691987567,0.0018286784999228534,-0.0006365111042651028,0.004495447456582147
2018-01-09,-0.00011484630438263199,-0.0046284750854692636,0.005068719691968537,-0.0006795664102027255,-0.00027043678803206905,0.0022635440972311738,-0.013372445681587686,-0.00424611186773971
2018-01-10,-0.00022943816107978687,0.002405158456580736,0.011004434474668923,-0.004534468049095408,0.007840002895648457,-0.0015300587408847433,-0.0012098722166117293,-0.007952275808757792
2018-01-11,0.005679874264126639,0.003279242310744168,0.005351341059330661,0.0029606877030936563,0.0017885364113967572,0.007296479733064576,0.004119116934599987,0.009874799612416663
2018-01-12,0.010326671277111954,0.012117319941670202,0.016510026806610956,0.01725742518247597,-0.0049088537324119,0.006518666084952551,0.0016892463034812177,0.006787053782764785
2018-01-16,-0.005082131952050095,0.0016540570729914883,-0.003549808589252801,-0.013950918285113967,-0.012871602928872461,-0.003417962184591561,0.004176077081156082,-0.006284665599381234
2018-01-17,0.016516318339254266,-0.008099385028916495,0.006413015687600998,0.020260116713572973,0.020944363745566186,0.009531615501800816,-0.0013595015958176582,0.011843618748187179
2018-01-18,0.0008933098798487027,-0.002219746160232239,0.0023895990161102443,-0.0004436034763575236,-0.0012461897631981245,-0.0016809044075052348,-0.009289540961003095,-0.006477298793652442
2018-01-19,-0.0044624719121172385,0.004449368789751107,-0.002207273216063843,-0.001109917018860207,0.02526317329127714,0.004549775805080536,-0.005254451895821077,-0.003202346823393487
2018-01-22,-0.008181369276772377,0.0018193589642852004,0.011680265326469597,0.01788885330714418,0.015557485515717895,0.008130871974453724,0.0009751681225744768,0.012621796304472133
2018-01-23,0.00022588491799591104,0.004974316982453653,-0.0010495219496235997,0.0031656322842286144,0.022337498271919776,0.002122491120011505,0.004302842880609781,0.0005664980101189876
2018-01-24,-0.015928572330590196,0.012177899643490031,0.012783242487245383,-0.0008708503933424483,-0.013017646928547233,-0.00038843112111863753,-0.005415954725478733,0.0026049331414592647
2018-01-25,-0.01785089880672097,-0.006675468432262743,0.00025967225303014096,0.005554615836667054,0.002332516709531607,0.0004236900884078132,0.008208726379494768,-0.0018074000321015582
2018-01-26,0.0023373668839135053,0.0007814808358339587,0.005358542026090429,0.018737385564822073,0.029532261046706143,0.011577921051675766,-0.003708087711296937,0.007129014920401744
2018-01-29,-0.02069808867162315,-0.005621994291566623,-0.0010316490999406902,-0.0014888359450192512,0.014466324391613217,-0.006630019821464828,-0.006957928713005046,-0.01112361753396307
2018-01-30,-0.005894321937281566,-0.004318770545372774,-0.009380345740446439,-0.012563744923428044,-0.016730880510775648,-0.010256874268913196,-0.005866975090702664,-0.013975704891325713
2018-01-31,0.0027551865727510894,0.006703457836465088,0.004864719724491984,0.024477054042128854,0.012689275217820262,0.0004965802890442017,0.0059015996287197225,0.005992202171556604
2018-02-01,0.0020900013470046552,0.003290292152912322,0.010374465611483696,-0.00789383423939094,-0.02156199722343799,-0.0011352171781071618,-0.01449337576977916,0.020274737617924865
2018-02-02,-0.04338988128383281,-0.013117887393550687,-0.02216137334144075,-0.0263101088459452,-0.029022657754571024,-0.02177005404335708,-0.00927896846078502,-0.05097090416858918
2018-02-05,-0.02498458842947171,0.002531843471552664,-0.04795238162707338,-0.04118556723493172,-0.08487510729542747,-0.041822332086579816,0.009449159317012734,-0.05690296569602615
2018-02-06,0.04179180463127263,-0.010496423649786646,0.030423133772724542,0.0378408631366316,0.05559177127457127,0.019702428022542184,-0.006212647227238355,-0.017185262199073348
2018-02-07,-0.021407532901075332,-0.004705665583148111,0.006778621878201108,-0.0188328861889826,0.014274493958664092,-0.005425073562016047,-0.009503549224969654,-0.017995980559946778
2018-02-08,-0.027516210103812222,0.0015225774502147793,-0.04420998305273938,-0.05133360936997167,-0.04930068767357898,-0.037508706861224206,-0.0010938201133851022,-0.0113073935610849
2018-02-09,0.012231544529505367,-0.0016803225174144565,0.020022128196825584,0.03728974104286609,0.06693644709772228,0.01502141767732712,-0.006319364212442835,0.006374167283710763
2018-02-12,0.04027861945934519,0.004808897328354433,0.015448720136578276,0.010773422402066357,-0.017451185946258718,0.014684592619917725,0.004409415475796319,0.00844547213057556
2018-02-13,0.01001796285107015,0.005663229392343538,0.006175317063659591,0.00785369509571976,0.020172965573799218,0.0024874627918825,0.004473801159873059,-0.0015702598871818463
2018-02-14,0.0184375052230088,0.0170526163171012,0.02312543386126409,0.015658267394885073,0.03778532009915758,0.013496159076516134,-0.011093167325076148,0.0020972137172734495
2018-02-15,0.033578171945068735,0.001169844500285011,0.004172790977396312,0.02037228719433526,0.021042200303202474,0.012759854033469686,0.003398995744851474,-0.0032700113994637015
2018-02-16,-0.003237306183943467,-0.003271582663696204,-0.007185341465461903,-0.007122770912007748,-0.01079095999167723,0.00029334263100455615,0.0054204003346916,0.004330222728821553
2018-02-20,-0.0033635682156800684,-0.013441710167313214,0.00026149613888026835,0.007825973061078129,0.021489090453796544,-0.006261550399565441,-0.004379500146344917,-0.010321325059700848
2018-02-21,-0.004539047497991389,-0.004594377467322497,0.0041845148894392725,-0.013265763475264536,-0.030391567420976595,-0.0049741873293126515,-0.01226921713248541,-0.011353040318059393
2018-02-22,0.008359246370037487,0.00509310338211777,-0.0018230341083210755,0.002623501833786346,0.003273088044029482,0.0012963131376615422,0.0029986823945975516,0.012952383254139832
2018-02-23,0.01739159355904185,-0.0012668539845069882,0.020264236936975433,0.025400781609802303,0.015610155128446879,0.015939159552420534,0.008881429406044417,0.022013890262907676
2018-02-26,0.019771881569115024,0.0024575674654649937,0.012445601284211794,0.014458573016388865,0.0026430274446866964,0.011612089449760221,0.0003392119614000766,0.016896879695124767
2018-02-27,-0.0032408365566581887,-0.010438906498072442,-0.011871363380058897,-0.012785663869704922,-0.0021088638651479696,-0.012486127775570788,-0.0014387681569156818,-0.016996319295627393
2018-02-28,-0.0015135783824600235,-0.0010388975966704184,-0.015848814957450275,-0.004564826746556894,-0.016500057215340758,-0.010130250236459748,0.006355738152119095,-0.022709865247888095
2018-03-01,-0.01751598154016798,-0.0022399902343750444,-0.017922186082817593,-0.00981096144326643,-0.04045455632909878,-0.014540413398051566,0.0068262769482401175,-0.007129610099789185
2018-03-02,0.0069141117553088716,0.005372018620811936,-0.0009698360054782862,0.002153930608510546,0.018647050981964286,0.005154869096710701,-0.008128846906471643,0.004654605535921341
2018-03-05,0.00346158763000326,-0.0016747674096407872,0.015354889689255469,0.006340505276059671,-0.0037627334615834007,0.011557786542739423,-0.002704020323993861,0.009529757814051631
2018-03-06,-0.0008482104120677292,0.010784458146907872,0.000869413522665452,-0.0034172149910380867,0.02762577491703566,0.0025349502320139994,0.0009319086460652937,-0.0011799025010417186
2018-03-07,-0.009282762295416802,-0.006401624645603676,-0.003734373759847087,0.005786545581677016,-0.0013213270554625067,-0.0003667523865975575,-0.0011005384200470925,-0.025203523345922574
2018-03-08,0.010912559035022307,-0.0023862794212922145,8.726659317903618e-05,0.006072756623646702,-0.0027294611915609224,0.004839110071690245,0.005762084820304159,-0.0018853057024942332
2018-03-09,0.017180772650235987,0.0009568071147663115,0.02876072627860493,0.022344612712583922,0.017207124759956338,0.017402746986490802,-0.00657148530478846,0.0059364810376638655
2018-03-12,0.009667949754583072,0.0,-0.0032194076124412163,0.0023825790561378124,0.0180573097692871,-0.0012550641655214578,0.005767136100465642,0.009119940708728791
2018-03-13,-0.009630380184291631,0.0019117242474055995,-0.011983520369297285,-0.024388005226386733,-0.008207747347605543,-0.006462495056775985,0.005059552931086397,-0.009436424051176062
2018-03-14,-0.00850125316180328,-0.0006360457292979849,-0.011182969394525233,-0.005931529155489668,0.004158209052435025,-0.005131618476665545,0.008809073044674154,-0.012478230307025773
2018-03-15,0.001176786162379262,-0.00636432332367276,0.002522887185126832,0.003516228280280531,0.0024122218828273034,-0.0010898906971518185,0.0,0.011141560467756273
2018-03-16,-0.0035267547460761106,-0.0024019459414951205,0.0017357786989407042,0.004459598995366187,0.004572122775490239,0.0010842538904836108,-0.003575894159750681,0.009406112056066673
2018-03-19,-0.015278992667810853,0.0021669685053569143,-0.00788320336720938,-0.01807602503133654,-0.037847510345470514,-0.013530065953894499,-0.0031717431131834672,-0.012912724258514863
2018-03-20,-0.00034248559803573553,-0.004484705499084418,0.0009606886441062557,0.002583514930228903,0.03560179095207738,0.001700374744212807,-0.004019434657777432,-0.0021578736564825673
2018-03-21,-0.02265445674573008,0.017456406089276788,0.000872180800506106,-0.006979074619871906,-0.004086689058876103,-0.0019190665807360396,0.0010932083266497195,0.014191054410601867
2018-03-22,-0.014129574430268188,-0.003953194075975608,-0.04174661579203809,-0.029087639649806207,-0.026995665944569924,-0.024997242551094923,0.00990955359839174,-0.020522063179519323
2018-03-23,-0.023156798233054388,0.012938539529958382,-0.026739441824750187,-0.029067959380557618,-0.03671709279553048,-0.02131452692049096,-0.0007489280905994544,-0.008299177304755823
2018-03-26,0.04747170127384304,0.005250357853935794,0.030838295340644972,0.07570546419699697,0.04940558540061124,0.02735902757209341,-0.0038277263122628025,0.015227982919488348
2018-03-27,-0.025640938805597813,-0.0061584106879088996,-0.01939997406515792,-0.045958479108407446,-0.0775526481371831,-0.01701180369823352,0.010692556236390649,-0.0040540284582134545
2018-03-28,-0.01104887030031998,-0.013804961458361409,-0.0015713755794010131,-0.0008941209185919785,-0.018490206109079477,-0.0029547291177232093,0.0026447782987697455,-0.012076368887624644
2018-03-29,0.007808610216749168,0.0004771936450476133,0.018240534574504252,0.021031387738152274,0.046261613879094554,0.012777786365208765,0.004863695513032562,0.024722413885096106
2018-04-02,-0.006556419470191588,0.011686153191860615,-0.019277867771344104,-0.03013032001964877,-0.04551182438288148,-0.021584853637289347,0.001972748865787022,-0.018630373377400256
2018-04-03,0.010259488535009798,-0.007543604183229635,0.013722837312145408,0.013443229620468955,0.019452803629921078,0.012817250086080367,-0.007711832093922455,0.0245833674987761
2018-04-04,0.019122263770259496,0.0011876001018220617,0.015183349948611813,0.029205184452263833,0.003949576550311029,0.010699103610506189,-0.0020682622942130857,-0.001999344021559768
2018-04-05,0.006934393603526434,-0.005140323544257974,0.013130625863442491,0.0005417175995883206,-0.021481665164926556,0.007891762754226983,-0.007456507662595535,0.015359847426748896
2018-04-06,-0.02557919992189639,0.004689954877408864,-0.024937641411811207,-0.023273255075931365,-0.03220707864435879,-0.02228577684831745,0.010935742457653497,-0.015127491465883436
2018-04-09,0.009918265094143175,0.0034021703240154633,0.012008609323084896,0.005984341391561454,0.005414176338012888,0.004928258403191554,0.001651542301790876,0.0
2018-04-10,0.018817945275237058,0.0023655815524346036,0.019112106432284115,0.023245767954563457,0.058029161374849814,0.01590040194738873,-0.00181322864090816,0.02938447253485421
2018-04-11,-0.004675169265687118,0.007787899955785216,-0.016798613123961026,-0.010981989437317652,-0.007327596025031524,-0.005242250033363094,0.0035510518051460327,0.004670832838099326
2018-04-12,0.009858448041613954,-0.011630613197024076,0.024860110925424506,0.01872416362086149,0.03695142235389426,0.008227338981698029,-0.007324639783805487,-0.0027122881448036207
2018-04-13,0.0033881245962241735,0.006555000660688037,-0.027079443218825716,-0.005343131186007488,-0.013213613308905803,-0.002933329444794852,0.002321553571698942,0.008029077787282901
2018-04-16,0.006237963668510149,0.0014123209845886553,-0.0008159327175710773,0.01171029609012919,-4.318241745338014e-05,0.008221881438392087,0.0003311922608035811,0.00899284438890624
2018-04-17,0.013764383985094275,0.0009402393572395251,0.0,0.02017618183680403,0.0261349942330642,0.0106982446149535,0.0027281785275818926,-0.002673955721856358
2018-04-18,-0.0022440563054790807,0.0007827669207129961,-0.008075602831014939,0.0038514950656820535,-0.004925825421045138,0.0007404793272549615,-0.007998538292639634,0.011362480369555339
2018-04-19,-0.028340073941673927,-0.001955416527053,0.02195395692762836,-0.0034218818647571148,-0.031010452591846427,-0.005547917074155917,-0.008146443643368806,0.0025244363431902173
2018-04-20,-0.04097258126547154,-0.007601890535287592,-0.002237672090635967,-0.011549071494897256,-0.0014407466301409322,-0.008479135369108826,-0.007207352427566205,-0.005288099199037943
2018-04-23,-0.0028962140124739744,-0.00797594984397465,-0.0048444680244073,0.0036842246777317733,-0.021118629711638248,-0.00014992862968676857,0.0002531415132402959,0.007215248114916362
2018-04-24,-0.013919407362177005,0.004855919415812426,-0.004687676566644261,-0.023387313445752622,-0.011970234747247455,-0.013467480156317935,-0.004557279657631419,-0.015332774275730987
2018-04-25,0.004357546212522712,-0.006496075996334616,-0.003804151922602861,-0.008698770052890104,-0.02052450067008893,0.0024716649194669316,-0.00669760105575079,0.014677555864870184
2018-04-26,0.0034832471335686233,-0.0035085115107064135,0.0010002353902884842,0.02112455501434951,0.039508719466990305,0.010165858512073411,0.006998711708396499,0.017107394551091115
2018-04-27,-0.011569729039404342,0.004241008034887361,-0.006358018411534383,0.016549785598531486,0.004928359484814848,0.0009386132381064005,0.007712996213775858,-0.037967214698913065
2018-04-30,0.01811193981430681,-0.007251025196090666,-0.005667199732041217,-0.024003176754851085,-0.006318104096386334,-0.007690528214081893,0.0017668078380774777,-0.0005137998131508059
2018-05-01,0.023236270410868842,-0.007063145351023148,0.0,0.01582551758961337,0.009959986716585378,0.0017771038109919424,-0.003602094049530602,-0.01028944078033811
2018-05-02,0.04417504510840198,-0.0004849855228984401,-0.007905811686467978,-0.015684340609072533,-0.003653958894449305,-0.0067177961165276745,-0.00109753364348264,-0.0019494127953305629
2018-05-03,0.0018122246926659535,0.005095004008440096,-0.006300957783741845,0.0059887058462095855,0.029516588392261234,-0.0022037424881684586,0.00448100208193436,-0.0033855868657135524
2018-05-04,0.039233685876371105,0.002092067418605348,0.011096550854850618,0.011587320227003373,0.026052723695346947,0.01294652000434815,0.0015143065337570594,0.0047036824941499855
2018-05-07,0.007234748720016171,0.0002408766587147504,0.008669464236042312,0.011139280220666015,0.04024111360002891,0.003383121473108819,-0.001596081170266217,0.010922919926740438
2018-05-08,0.004806662617226065,0.00016052535213439967,0.014811847525652677,-0.00426144566454234,0.006916663620686769,0.0,-0.0009261854962223648,0.004502171336204119
2018-05-09,0.007040973925683591,-0.0020868008225222168,0.021803908001829297,0.01179436122597588,0.021485531674692915,0.009666009774580209,-0.005981851755912482,0.023562719878286842
2018-05-10,0.014303930991648173,0.0068366320405603975,0.007759483334320638,0.010006090351246,0.017006900242029888,0.00935057366899339,0.008052170361092292,0.022394398849326702
2018-05-11,-0.003802947016678826,-0.0014379318160805399,-0.0037623327998048683,-0.0021446827368792887,-0.021527629761031508,0.003051008113132303,0.002522710835920927,0.004697377257182556
2018-05-14,-0.002333042904861582,-0.004080017089843846,0.00035113094471617146,0.0033774956874093043,0.0032607552569119402,0.0004768700271580162,-0.0052842480274917225,0.00676693139222917
2018-05-15,-0.009088874396132374,-0.01614583132241254,-0.0076382253907950615,-0.007242979960679907,-0.038377113016008546,-0.006886840601944777,-0.011382397933456523,-0.0004891396576168772
2018-05-16,0.009333066331072892,-0.0015512935679184991,0.002742639466632335,0.0025803601528309184,0.001832496736525746,0.004204781753902376,-0.003838284638677636,0.0028122429582886355
2018-05-17,-0.006323591800831196,0.0005724073456552237,-0.003352478458054864,-0.00998455088602912,0.006910146290009855,-0.0008447860611889846,-0.005051542362277561,-0.0017067910649560813
2018-05-18,-0.003636699267257293,0.0004086552101045804,-0.016200794423491094,0.0018713715186304825,-0.0071454537210412505,-0.002499715196539909,0.008605358719533385,-0.007083624167145586
2018-05-21,0.007084955683615224,0.0005718461950008358,0.009178517455241009,0.012868694922208324,-0.006912427931949683,0.007518576321419834,0.0005122106927497594,0.012054017576939025
2018-05-22,-0.0025048727190892794,-0.0005715193738216051,0.007668504113430563,-0.001024910034828519,-0.006304872711389242,-0.002780354114715,-0.001535184183255267,-0.007778387785787988
2018-05-23,0.006411601124326705,0.001061982268841355,-0.00460148147273387,0.011897732450501852,0.02057303871652416,0.0027512742066881923,0.007259174027135051,0.006246814479928142
2018-05-24,-0.0011148261477186283,0.00856859323093273,-0.011201178521939359,-0.003547723951120796,0.0006059354718068732,-0.002048817224757027,0.007970500969223027,-0.022884927070761618
2018-05-25,0.002285147633220852,-0.003074660285441455,-0.005124368763264497,0.0005085021663000511,0.0064190887785899875,-0.002382311913108004,0.006224552543021344,-0.019434467252188337
2018-05-29,-0.0036059519799939155,-0.00016229724222882602,-0.042743503916201186,-0.0035583776766326958,-0.002767832729873465,-0.01150102848597967,0.02190235373487548,-0.0036840762828176388
2018-05-30,-0.002128611785636836,0.001461160009810225,0.022845151083746185,0.009590771829863787,0.017699862054411764,0.013344507166948683,-0.00670793758076893,0.039275816390277773
2018-05-31,-0.0033599050581375467,-0.002188573125150861,-0.012367410025686532,-0.001111569443423499,-0.0031623181520309407,-0.006125768380242369,-0.0016472382755111648,-0.00319037112119247
2018-06-01,0.01803402526288389,-0.004955325896935814,0.012989777984803164,0.019728670730192244,0.021531616242071783,0.009817526724698045,-0.005283377869222616,0.007262619006456417
2018-06-04,0.008357374725122213,-0.0009796319640802409,0.0004610652674248428,0.008731198821813946,0.028064424213866568,0.004751577041308019,-0.007231970053496184,-0.010509793407756596
2018-06-05,0.007715457805267167,0.003922495029546447,-0.005624460796529007,0.005114495434542121,0.0008308207480751673,0.0007277292096690147,0.002344225252258081,-0.003581584371052271
2018-06-06,0.0034658761701791274,0.0005697980927446,0.023367975965519205,0.0029356560435727097,0.0003016673999769459,0.008360471708389605,-0.008102396088438324,0.017104586235106023
2018-06-07,-0.0026805283602170382,-0.00048810250152542256,0.0039865759162720504,-0.01570873360566638,-0.008485819397910599,-0.00010852507865410921,0.009684665663707515,0.009992636535154586
2018-06-08,-0.00909775327087281,0.0012209142530825723,0.002797925125283207,0.00743444367728463,-0.0023581372535066425,0.0029566463596431003,-0.0030028431388917642,0.008687567828368437
2018-06-11,-0.002451776520274618,0.0017884823744613865,-0.002520037917678075,-0.005706794414187533,-0.0063293103278384555,0.0013301530799283423,-0.0018402697325585748,-0.0059811012856058055
2018-06-12,0.005490813762068392,-0.0033271415316106223,-0.005774700414676759,0.002573182986250311,0.007520601452747133,0.001292154585737837,0.0002512574829141023,-0.008182771864912008
2018-06-13,-0.008217430835304684,0.003012561044629436,-0.001996320700321297,-0.004540926452673455,-0.0006852984099975368,-0.0031910880422271193,-0.0005027128586642116,-0.011041293299564714
2018-06-14,0.0005247640938765841,0.0015422908372948463,-0.017641441207317254,0.005652432009759734,0.01718720748726743,0.0025179429665589392,0.008299825932033045,0.004661887961747935
2018-06-15,-0.010272548375208856,-0.01653429211330948,-0.0012032464712211643,-0.012719561928073997,-0.006181727423894112,-0.0012759637411152713,0.000914593895385174,-0.0150198080923859
2018-06-18,-0.0005295039407147151,-0.0018954650937899054,0.002595096862471946,0.007290226918116316,-0.0006407840701647682,-0.002056625195651751,-0.000913758177734092,0.0019837880809627784
2018-06-19,-0.016159798640728806,-0.0025596363391254817,-0.005823634178949488,0.0,-0.018559948780070834,-0.003832891011964823,0.005820033329007712,-0.0014850136304244144
2018-06-20,0.004362384186429313,-0.004470206141434896,-9.315457463854315e-05,0.010014113714176265,0.008225478240563966,0.0017060927585734742,-0.00876263100040231,-0.0030977815749215765
2018-06-21,-0.005576506048152519,-0.001746208886931444,-0.000278869262260506,-0.007165949144976258,-0.01982389187227418,-0.00626868725145846,0.00525428182073151,-0.009446758261924093
2018-06-22,-0.0029120078135428384,0.0024156041546103957,-0.01637062753155971,-0.007217588961317412,-0.023958785056634957,0.0018229017086019983,-8.295136795533065e-05,0.021207358977215263
2018-06-25,-0.01487126263808669,-0.0037393797734436296,-0.009078021932851454,-0.02011764928407933,-0.047140449053495015,-0.013612792583706845,0.0022401134265517264,-0.02015259458454355
2018-06-26,0.012405779285253882,-0.0052547940330738285,0.0006678923792680092,0.007012866377367644,0.012001887703575909,0.0022142460129199737,0.0014070580407241629,0.011286601144896657
2018-06-27,-0.0014635654973212953,-0.005701830395735241,-0.01544908874267048,-0.015542885031355591,-0.025910074923483295,-0.008284347623805477,0.009423803272990527,0.013269157488809746
2018-06-28,0.007276244172696789,-0.003035930214138949,0.016369705090095943,0.011174786701258821,0.021805305615961945,0.005717584751537608,0.00024581296341863457,0.0031816362712282498
2018-06-29,-0.0021022126036401856,0.003637288959023266,-0.0069571807378912,-0.00020285816522114253,-0.016441012230365537,0.0014395449951172257,-0.0034383189195186237,0.009271384240452818
2018-07-02,0.01118209633103695,-0.010029518972628937,0.00844542006853044,0.014197425983825118,0.022541602546995332,0.0021380124044616533,-0.0007824638482872848,-0.011724628938100112
2018-07-03,-0.017416335566806773,0.01013112932642235,-0.013989480923480513,-0.009598951469550254,-0.022292054690558505,-0.0035311550164501826,0.005356231068096129,0.005870894050697517
2018-07-05,0.008047017476710216,0.003371272825408722,0.006501976906435392,0.007168051807519227,0.024869064647434547,0.008157778549680028,0.0028689533567514136,0.0008511126173509354
2018-07-06,0.01386221306031099,-0.0015959885471286128,0.003278069031685815,0.014033761018816593,0.018950990857988792,0.008458588613470042,0.0032693902148404064,0.00024277861384569555
2018-07-09,0.013885082309117003,0.0024398528860691826,0.03094355417636674,0.006820592070850617,0.007762982121770623,0.009003809708433286,-0.006435726796252816,0.00692381461656888
2018-07-10,-0.00120701167763404,-0.001846422307055895,-0.006152103086524252,0.0026511536612716657,0.016048071089871385,0.003598781338405521,-8.219586205937546e-05,0.009167438703239439
2018-07-11,-0.012975915989538844,-0.010846724226159843,-0.0021572991184152235,-0.0013709116546333222,-0.022586286927141708,-0.007314187113052983,0.0038539499189049753,-0.012789835206184597
2018-07-12,0.01676589006255691,0.004165231777556677,0.004323926239093945,0.02167077098548753,0.014947507359254653,0.009065478760462264,-8.16505903276088e-05,0.0012109020740904697
2018-07-13,0.0015705550964304482,-0.004401901762097538,-0.004585883178259587,0.011901439834238525,-0.00760239947446717,0.0007876521703833461,0.002532320825375134,0.0074976936982931175
2018-07-16,-0.0021952107815295108,-0.0005101399394813466,0.039676430660714024,-0.0049322510587375135,-0.0044920743343964675,-0.0008942875992674626,-0.004155651913029246,-0.009842639600232905
2018-07-17,0.00282836886794513,-0.010803949293831439,-0.0007234711249453074,0.00991308264173929,0.022118870727390494,0.00404535631112668,-0.0018819800059161063,-0.0021821599960158977
2018-07-18,-0.00548441926153953,0.00025798744076199753,0.009321241468520425,-0.007833512109287843,-0.007844107989870786,0.002103842748231388,-0.004016734204150607,-0.0010930347160807985
2018-07-19,0.007773403287387071,-0.004298856594405098,-0.014704318431339902,-0.006849506070613964,0.0013111486561818708,-0.0037718291114666735,0.006337761787864382,-0.0025546225053412197
2018-07-20,-0.0022933774885846026,0.006476124823511453,0.012648870508993548,0.01791211229239109,-0.004523512531088625,-0.0011428127559741652,-0.012268586419538208,-0.007437964065083347
2018-07-23,0.0008881682658545831,-0.004804371742649138,0.01860203690059037,0.015997088937753645,-0.005898731964426918,0.0018593571962959299,-0.012339319830158568,0.0
2018-07-24,0.007254260683585034,0.0003448354786839136,0.007057324229148509,-0.0028711158752723343,-0.0028066784331410854,0.0050323639593974345,0.003437869158572804,0.019778874016602943
2018-07-25,0.009430074145869494,0.005515334234738045,0.009023606296274744,0.029444242511215135,0.012705576834956434,0.00852193742529539,-0.0015876848412534894,0.0069869994558866555
2018-07-26,-0.0031309460967012814,-0.0077991400388178755,-0.0028655634867351676,-0.010917575371860888,0.011791760049081113,-0.002358819306322091,-0.0019248205684979647,0.007775887045050611
2018-07-27,-0.016631501882925614,0.0005183138095206097,0.010274746103217769,-0.017697635142769674,-0.011065680934853384,-0.006776290270908647,0.0016768477301394302,-0.027540127221415522
2018-07-30,-0.005602866141847129,-0.0015540041641224356,0.0060328248426548825,-0.021452453474925637,-0.03130715263861239,-0.005223296027662805,-0.0034317550006380815,-0.002197343608898339
2018-07-31,0.002000965742402494,0.002939873181190933,-0.015248932778573865,0.006738040900169384,0.0029903083388609364,0.004929308370713148,0.005459954793487043,-0.0028138962257474587
2018-08-01,0.058910228414862376,-0.007328204929526794,0.00617668806888072,0.00188549190188958,0.006575196111011428,-0.0016708596923827868,-0.008146989835809082,-0.013740502422829315
2018-08-02,0.029230423977057995,-0.005384772884042377,0.00423648715446201,0.012137844165411638,0.016837725620186594,0.005447927142357978,0.0014350000560736653,-0.0059707415723007085
2018-08-03,0.0028934016889041736,0.003492853105171223,0.008093004948369398,0.004369169783280169,0.005905316239088743,0.00428447450907643,0.004973592220782086,0.003629024980762674
2018-08-06,0.005192443451562667,-0.005133974480431958,0.00025635943049628906,0.0008331628308642092,0.007655727366778997,0.00366743493402244,0.0005872010993386301,-0.00024950648733901293
2018-08-07,-0.009374861092375175,0.0022740706959853974,0.003671087881872648,0.006935818232275404,0.011494474534510912,0.0033021932135719467,-0.005197376092941575,0.013594513657059215
2018-08-08,0.0006759588930691507,0.002792628802213759,0.0020418018088355083,0.00560277836406553,0.005721108066492064,-0.00041984168039987946,0.0010111914926549392,-0.006644753872274922
2018-08-09,0.007864949540440591,-0.0014794690881723138,-0.007725570479209187,0.0016438808257670523,-0.007584327986044137,-0.0013665528124212623,0.00841784035618276,-0.00507842876666087
2018-08-10,-0.002978485563293609,-0.0004357279352805721,-0.009839306576134521,-0.0061093536659205805,-0.006511975873404241,-0.006699861071982505,0.007263059334606803,-0.0010063288672672588
2018-08-13,0.006456765929446551,-0.015084168803792819,-0.01589911589016979,-0.007247577941254191,0.005220049775173097,-0.003743673660773661,-0.0020718450239497477,-0.010828524298259201
2018-08-14,0.004212989962266711,0.0009738014451408095,0.006673226037477553,0.012475976699544589,0.020732385601271996,0.006380749885344761,-0.0022424428683952558,-0.0031823031020503656
2018-08-15,0.00233633717343662,-0.016626844065553148,-0.00828605055103615,-0.013560641895405734,-0.008988792891474695,-0.0074672254135284,0.005826323304812364,-0.01749446794501419
2018-08-16,0.014649914289437183,-0.0008094609704911715,0.009410627308722441,-0.00018589499385479602,-0.006330139640053134,0.008091353877007768,-8.245401635087468e-05,0.013776877800433462
2018-08-17,0.01997001959617206,0.00927091623261167,0.0,-0.000557482992183389,-0.04902133682309351,0.0035203134700725336,0.0012415332262112333,0.0033336032251705117
2018-08-20,-0.00974365069943206,0.0049942495470025605,-0.0013067993881610285,-0.006599478556320704,0.012335600106730293,0.002140219180208902,0.00669443834602057,0.007027612509682202
2018-08-21,-0.0019492145408963601,0.002928336094692563,0.006107121412611161,-0.008328127564078636,0.022111396890224233,0.002344990233329902,-0.0033659449181134837,0.0002537848870174386
2018-08-22,4.629150639390289e-05,0.002211997942183075,-0.0030349021142531685,0.010190629361825465,0.03750170925360208,-0.0005934528071400713,0.003954778287264871,0.014334556436691459
2018-08-23,0.0020461849311841362,-0.009446452957846962,-0.0020877029873880293,0.00467042450951749,0.015295792528775776,-0.001328172407305539,0.0015591216874093483,-0.0110054632740193
2018-08-24,0.003109204752453243,0.017468866017628537,-0.00043550371748291017,0.007809571778627289,0.020161780825036724,0.006018494676204522,0.001966060492288424,0.006828865381630633
2018-08-27,0.008234513843038416,0.00376657902932398,0.01770114239322207,0.011070046017625845,0.013518316950339448,0.007895389431848976,-0.00572397021161275,0.009796372789291574
2018-08-28,0.008075761286152172,-0.007941321771505638,-0.00488400795888333,0.006021896783030556,-0.005509141369045678,0.0004831620062903941,-0.006003550651252243,-0.0014925285806814959
2018-08-29,0.01492941317639307,0.00457421394854407,-0.0032716047467821197,0.01596211908138634,0.015534582229393967,0.005381052361262073,0.0013236654301411743,0.007224727295455757
2018-08-30,0.009193663945292752,-0.004903656511020427,-0.004923924429771076,-0.0006247582256160289,-0.002441836287467525,-0.004048629914168433,0.0021481726015519786,-0.004328404528652352
2018-08-31,0.011553884178102436,-0.0011439392301668683,-0.0052959594635181295,0.003394378657355368,0.010330594282033312,3.46702597087134e-05,-0.0023080363751677435,-0.004223377409763085
2018-09-04,0.003207118216210336,-0.005109698001402596,0.0049750486300992325,-0.005519284322303308,0.010759888910949478,-0.0017225297583993715,-0.005781887899812377,0.001496945711420894
2018-09-05,-0.006524787700478818,0.0034534613352918964,-0.004863554685493043,-0.02882502750658189,-0.018611452067099243,-0.0026913097402135877,-0.0026660467550465583,0.013326641997078337
2018-09-06,-0.016617474376012686,0.0019414156485668688,-0.004275881435654938,0.002304584048548053,-0.020472609178998513,-0.003010186981249996,0.003675573527557985,-0.011061717531936854
2018-09-07,-0.008068106280578968,-0.0027302937827557994,0.001928125875608977,-0.004874076030805252,-0.0031531689768772297,-0.0019433936219560577,-0.00848931696461186,0.017027188947679628
2018-09-10,-0.013420687437871726,-0.000706542689065337,-0.005336014665498268,0.010812401833112606,0.010556761649584967,0.0017385815288850637,0.003693306928342688,-0.001466710295081164
2018-09-11,0.025282913377639993,0.0006186451072049959,0.006331843285127592,0.01700502288839756,-0.00702505931689168,0.0032976495737360167,-0.007610627871778575,0.014074221176466839
2018-09-12,-0.012419205110907328,0.008390716640166218,-0.01179746477174115,0.00422516839149889,-0.016862112948139774,0.00024219108160861147,0.0023595222576553443,0.0032585382380831973
2018-09-13,0.02415523843831502,-0.003591101333891067,0.003891119746864735,0.010742109981262793,0.01170754517229522,0.005914242793981783,0.0015134555085993817,-0.009743929004596086
2018-09-14,-0.011351063195278677,-0.006504970809317556,-0.00017630880683772165,0.004073867711165136,0.01875884592359167,0.0001719687398520353,-0.004785245719485021,0.007288719454221271
2018-09-17,-0.02662602859532115,0.005220350246058381,0.0029956899054137676,-0.010849294092439732,-0.009043924405193304,-0.0052942097262114185,0.0,0.005909444338517034
2018-09-18,0.0016522508465257602,-0.0014963310274803687,0.00404078899907323,0.009541424784304642,-0.010623075666174708,0.0054259095370423616,-0.010459462352166105,0.002637093192072948
2018-09-19,0.0005956270462434965,0.0038786565809445506,0.02904630296064581,-0.013337973883824517,0.003541942275139043,0.001065652436640141,-0.005967139059034676,0.011957840415921739
2018-09-20,0.007601637771409875,0.0034246522572405347,0.008586825350085592,0.016741158221181163,-0.020957151227331106,0.00810378257793265,0.004630510912169372,0.00224493114328439
2018-09-21,-0.010770966660033299,-0.006825928084458588,-0.006574823523300077,0.006075544567815561,-0.010628278671732327,-0.000913193545137525,-0.00042659566085900824,0.00412657946067152
2018-09-24,0.014380059911171639,-0.0001761974045536574,-0.009588569083095577,0.003588310500626246,0.008540739194988545,-0.003321901517159942,-0.002561814688732844,0.016789876567898654
2018-09-25,0.006340677008228157,0.0015863250483771907,-0.0028273495606264687,-0.0019183335934915835,0.010199573978488141,-0.0009281578472020158,-0.0010272097509516076,-0.0011547172516155335
2018-09-26,-0.007965656642229701,-0.005279352979018492,-0.011770838356678581,-0.00410687993127834,-0.0055512625319582565,-0.0029925258253904463,0.007027787713410838,-0.008323963147352287
2018-09-27,0.02055102292519173,-0.008845643281780058,-0.004347106796289357,0.003772568818853461,0.0017983546304489728,0.0027945971673823955,0.0006811081430024846,-0.0001165503736829665
2018-09-28,0.0035121317690962606,0.006336448595585686,-0.014669859042055533,-0.0003492799247085676,0.05093481806954503,0.0001031670635962545,-0.00263721171656206,-0.008744125151236903
2018-10-01,0.006733452055395661,-0.001685016298392017,0.00584905238679978,0.010841961636700148,0.029677803834285088,0.003474152470855918,-0.007341108709888022,0.009291818940827978
2018-10-02,0.008888473346151837,0.011548397044346848,0.0041409385977124735,-0.003978867695124899,-0.009953213700247932,-0.0005828037033617228,0.006112830251793211,0.007574889248128658
2018-10-03,0.012168642491038328,-0.003951915050342092,0.00938849929010388,0.00017358903545927618,0.0008727059172153329,0.0005487786937818928,-0.017371124690829354,-0.0035853952070986628
2018-10-04,-0.01758097291946059,0.0005290529796948551,0.009015934887735222,-0.020665152014033294,-0.02594765694874923,-0.007815483773681797,-0.007054009716153664,-0.006616344115419226
2018-10-05,-0.016228862528229082,0.002819877382429281,-0.005638802962405376,-0.005851800622199699,-0.033764433364028235,-0.005597332532884414,-0.008594559869118501,-0.0028047563086799343
2018-10-08,-0.002318242767953671,-0.011072074713894264,0.006107119540449624,-0.011415009083046823,-0.01515576959630116,0.0,-0.003361784550407476,0.00925761426465721
2018-10-09,0.013853454884795058,0.0005331220730910857,-0.006937350510306084,0.012719804544964797,-0.0008652800330503085,-0.0014590990304902407,0.01011886239316917,0.004411793971556888
2018-10-10,-0.046326066945511446,0.00248666770063255,-0.026632926003618218,-0.05433814265530201,-0.07475372606786213,-0.03166360905340071,-0.0027243885579386617,-0.023003241934680396
2018-10-11,-0.0088278533182653,0.02569101343410174,-0.02996304126072402,-0.0023546996361292205,-0.04298086035470827,-0.022025729151787687,0.012159815245458505,-0.0345478598501896
2018-10-12,0.03571920273908891,-0.004750349180877911,-0.0109129784615567,0.0345572771908611,0.04852622414313257,0.013887860174848221,-0.003482183895051727,-0.0026959852243629845
2018-10-15,-0.021385885889157907,0.006682258271583086,-0.005703587408495969,-0.017979349599623995,-0.04526624611928265,-0.0056169880049684595,-0.00043686724158775725,-0.006881367128301452
2018-10-16,0.022037094424702364,-0.0017241116227776354,0.021440777691689172,0.03159844892531671,0.044396186977674335,0.02186608917976085,0.0022722334711513525,0.004701722892386906
2018-10-17,-0.004321217679924438,-8.637423114732368e-05,0.011139564227847565,-0.002612555383595172,-0.011267851474726642,0.00017792873574773438,-0.0059292788709915945,0.0036945930077814104
2018-10-18,-0.023373555509732635,0.001122698440194414,-0.015842549538881867,-0.019961862910060302,-0.014523159040673805,-0.01444080180931362,-0.00035073289050657763,0.004294215673044555
2018-10-19,0.015230047886670262,0.0007764317521294917,-0.0016652695057255418,0.001474509275898317,-0.043251338182556776,-0.0005428146026500436,-0.0021939429413365685,0.0014661543868363935
2018-10-22,0.006110169017087275,-0.002586010225269497,-0.014363633603360682,0.008927219597868241,0.008945444396808222,-0.004488400251202784,-0.0013195298509071085,-0.010003460478316462
2018-10-23,0.009426454439644516,0.005876763551604158,-0.010436340588562354,-0.013956304715241563,-0.04394092145923456,-0.0050911269171501905,0.0031706846113177534,-0.016142878540820305
2018-10-24,-0.03430152528569452,0.0023198236435848507,-0.018622329584326858,-0.05346899697006158,-0.09793723548152389,-0.03029850608693374,0.00754882791303868,-0.027806022417974474
2018-10-25,0.021897845259827298,-0.002228717024418514,0.015199794286716362,0.058444030794466695,0.042274701946270365,0.017940784057683068,-0.004182114656923086,0.008889639059602716
2018-10-26,-0.015923383607812536,0.0031786521678458524,-0.01373251829877098,-0.012372781521263199,-0.04594883283904594,-0.017587487210252273,0.006036864466112624,-0.009960529906239413
2018-10-29,-0.018770347135957155,-0.003939360261169922,0.013827134733426005,-0.029076354057548714,-0.06389630943076341,-0.005540296601985517,-0.0022607203567677203,-0.006191047707772568
2018-10-30,0.004994363372793353,-0.0043847864976442885,0.017644282000689904,-0.0011556564710940576,0.09363200939116711,0.014818439155099172,-0.004968063937781819,0.022453381217861113
2018-10-31,0.026066486036210756,-0.005613139108367471,0.021743187534297492,0.02969246730581232,0.038571370647760395,0.010680984780607305,-0.005081100748174805,0.011423772458537984
2018-11-01,0.015352129900970457,0.012852763420992508,-0.0003668646595853531,-0.008332653687236125,0.03453045998555404,0.010641961958162138,0.0009269897286907636,0.012424747569511396
2018-11-02,-0.06633034225024292,0.00017151910256396619,-0.005505680627326925,0.0022659880765756313,-0.014625756851321725,-0.005923211646800097,-0.012432885835318097,0.015867201534331743
2018-11-05,-0.028388340340332885,-0.0024003324100664303,0.006550996392564956,0.01271688124918624,-0.014656737354567184,0.005516924046349292,0.00392871630065561,-0.0037829760075460683
2018-11-06,0.01081391131310605,-0.002835798085983887,0.004675127448553695,0.0019530520742476742,-0.003352610784662202,0.006327820300797704,-0.0006227471755303471,0.004287448964223506
2018-11-07,0.03032824195452055,-8.619558903444346e-05,0.01715319516133129,0.03936121941523241,0.012934330651288573,0.021408950675121163,0.0013350953097417406,0.012684376656325824
2018-11-08,-0.003489178972865048,-0.0021546152083956605,0.00807331998815597,-0.0018757199259937796,-0.03648420581498957,-0.0018146214210803535,-8.862144791976778e-05,-0.015897905911227306
2018-11-09,-0.01928139062600609,-0.011228151978489587,-0.009699336649555135,-0.019507783592256467,-0.001553590593786569,-0.009768278471963487,0.007465850314030575,-0.0002470276119695969
2018-11-12,-0.05037385051483567,-0.007162820324765118,-0.021026197131003954,-0.024641473800819935,-0.07842610194504751,-0.01868553095274006,0.006528100259312497,-0.012860325479228218
2018-11-13,-0.009991543438762518,0.0003518677181439944,0.005874297838376563,0.0006547877631735144,0.05154556137675459,-0.0018709363594614503,-0.0006132381850462165,-0.022923772156303812
2018-11-14,-0.028247512095042393,0.008267391966898074,-0.020622278397579574,-0.014181066686419719,-0.010636795705551205,-0.006836698427016397,0.0006136144768744689,-0.007820670765551596
2018-11-15,0.02467903211813316,0.0011339606953078007,0.025528908469904188,0.022006310479393942,0.026370683851411725,0.010436917168891391,-0.00043801530380382925,0.010337529059559314
2018-11-16,0.011075698442648996,0.00740616997802257,-0.0007270720398373509,0.009414515515058675,-0.18755855659964127,0.002600438986676945,0.005787404010648478,0.0098476340368987
2018-11-19,-0.03963229334652796,0.0004324115306661991,0.00763715750748184,-0.033890201944697496,-0.11999035426392413,-0.016914669640558655,0.0027898225074411975,0.003292972082376
2018-11-20,-0.04777778681265332,0.0,-0.02147442391312193,-0.027815120971593,0.030269548892162934,-0.018505987066095964,0.00034761216955114804,-0.028401952014255438
2018-11-21,-0.0011301052778459608,0.0016426250921930396,-0.007468837521031113,0.013764565612921276,-0.029313115441726878,0.0034072738743018416,-0.00034749137731959756,0.00766522986057705
2018-11-23,-0.025398931042335704,-0.0007768338236752159,-0.009197272123498412,-0.00038771795929304353,0.0020040835616927932,-0.006678571331466321,0.0010431689927952181,-0.026688718393812705
2018-11-26,0.013523933538214905,-0.0011228924348919422,0.02447278653328011,0.03298700660917819,0.05551687753756629,0.01614428987589367,-0.002258287021579708,0.01973741496405701
2018-11-27,-0.0021761273808384995,-0.005966814640678719,0.0042100201685610905,0.006293194215895248,0.004442980936486318,0.003364542421525174,0.0011319072683244613,0.0009093112723306263
2018-11-28,0.03845257378105926,0.0037407596049729985,0.011119014281569584,0.03714736878155689,0.04124128295012097,0.023025243000942552,-0.004868988610846059,0.018169773002365996
2018-11-29,-0.0076820700813070575,0.0031201301691909933,-0.00793210494973029,-0.008369194817784309,-0.015946458137619746,-0.002185150585879869,0.003931407411776,0.007776017083165332
2018-11-30,-0.005402378812488506,-0.0017279847238080848,0.010267191643351214,0.006352412697065102,0.038574206052373716,0.006095400978006982,0.003742523564884692,0.005565208889818152
2018-12-03,0.03494229627054746,0.007529883500850154,0.00944326866718348,0.010821753826538494,0.04044527972851952,0.013241377833747014,0.007100347241564942,0.02163507618135818
2018-12-04,-0.04398876878057134,0.006099124320393612,-0.044636431018209244,-0.03184945059891331,-0.07604084053421667,-0.03240234053828295,0.01674175822909474,-0.022038753952085766
2018-12-06,-0.011149443674335457,0.0001707363609755319,-0.01902444481048693,0.0061738588727453525,0.0075104124705611675,-0.0015172032976873417,0.0031403528869347053,-0.013093072297194808
2018-12-07,-0.03565720730237698,0.00810992789134457,-0.018062704985932765,-0.04002197822805209,-0.06747104976337259,-0.023235595376685403,0.00186112313830189,-0.009567808102205921
2018-12-10,0.006588223394428772,-0.003471894702593792,-0.018685289029989116,0.026426361287740452,0.02879211018727701,0.001896676994306512,0.004138564581214421,-0.014167936156693872
2018-12-11,-0.00571951149338934,-0.001189661703648759,-0.009767017598614869,0.00929466725365291,-0.024166950028319256,0.00022719895715872518,-0.00016846709861617626,0.0018290073587596822
2018-12-12,0.0027870607235431777,0.0021269354947484054,0.006475604457288675,0.004512026665616675,0.00479124110109197,0.005035305271552826,-0.00445831028555832,-0.008606950872331987
2018-12-13,0.01094031861145317,-0.002207336227265433,0.0009900736334063076,0.0033921905207132674,-6.718598827470945e-05,-0.00033859389368962045,-0.002365873966577281,0.012628196146000414
2018-12-14,-0.03199750055676942,-0.003998989411934772,-0.008208188952682827,-0.031246969270649405,-0.016388145112084862,-0.018464951258678197,0.0034729262980881526,-0.01818650358724927
2018-12-17,-0.009306540869479907,0.0069195729103175285,-0.012762896181373384,-0.029614393750198476,-0.019597073703177315,-0.01961867125772776,0.005823459375584372,-0.020375971959684658
2018-12-18,0.012992855180048668,0.0023754880187696337,-0.004746757352424469,0.010496579099118719,0.023401683636887327,-0.0010962693384007904,0.005988564106907068,-0.027552550728862313
2018-12-19,-0.031191443554963283,-0.006093958623821227,-0.012685140526025762,-0.0026931519401849346,-0.0573703375342457,-0.014975720347039978,0.013210921142717158,-0.016944713283059465
2018-12-20,-0.02523498662294288,0.015413416962360094,-0.008633994429681047,-0.021023927513896035,-0.02461898462216283,-0.01627809301691352,-0.003631314791480822,-0.030375693274287463
2018-12-21,-0.0388954630417393,-0.004360924625816276,-0.02363921476140174,-0.032312301224630136,-0.04093287800806311,-0.02048956502883237,-0.00016479797116442096,-0.007430846440118932
2018-12-24,-0.025874431100857964,0.010950096100037499,-0.021556877007794184,-0.04173887405830223,-0.0192173603715613,-0.026422946860588103,0.004969899509481568,-0.03831459533434356
2018-12-26,0.0704219676699207,-0.002999441684935489,0.041458468470567444,0.06831010573020246,0.04737163916068243,0.05052511916892222,-0.010715635096450238,0.047778716533670273
2018-12-27,-0.00648988101083503,0.007604847107346435,0.011254822987468271,0.006165399546755879,-0.014500309507669007,0.007677283195822948,0.00016689652930534926,0.004370530936377959
2018-12-28,0.000512240382931406,0.00406401148718416,-0.0021638173300403407,-0.007807966205927497,0.0189066807818854,-0.0012900479900327388,0.008413986528426065,-0.011169249642834944
2018-12-31,0.009665117937120327,0.0015694898830167503,0.008158504418744217,0.011754388569949814,-0.0011222065417647586,0.008758900157749938,0.003799903308348007,0.0002936707898621993
2019-01-02,0.0011413568059948087,0.0006598089159148834,0.017312043365656837,-0.004430681426627059,0.02037444775058428,0.0010403283350755022,0.005267132099550986,0.021997334346278485
2019-01-03,-0.09960734359512324,0.009066170423806641,-0.014211945956569272,-0.03678802716521745,-0.06041700624119717,-0.02386293691265795,0.011379786225859334,-0.015353803176280767
2019-01-04,0.042689173346938114,-0.008086235900529481,0.03686542608608345,0.046509159937012656,0.06406760025126279,0.033495882126724386,-0.011575717844015232,0.036869923668147564
2019-01-07,-0.002225669964722621,0.003458482876331992,0.0006954629897841791,0.0012756151558668272,0.05294075269304499,0.007884481858852377,-0.0029477318806171438,0.0052000177549471616
2019-01-08,0.0190625574328096,-0.00270804061547536,-0.0018858437055818689,0.007250387634038846,-0.0248953372423365,0.009395597837675629,-0.00262903815907789,0.007270909797024716
2019-01-09,0.01698185106527972,0.006418158373500793,-0.0016903997127165615,0.0142997516491854,0.019666811659698302,0.0046733355024564105,-0.0015646383887623072,0.005274797324513303
2019-01-10,0.0031964458207152102,-0.005886691481276629,-9.953251345828917e-05,-0.00642542469857843,0.018585915093101812,0.0035273613495006018,-0.006433578398861717,-0.005109049400609411
2019-01-11,-0.009817823848474516,0.001727170986037141,-0.004781478337057332,-0.007722346238511646,0.024788290045488548,0.00038649568526261113,0.0039018579979006596,-0.004580242277142155
2019-01-14,-0.01503723599059259,0.002380897199235621,0.010309326534669871,-0.007295320119666715,0.010817568414278611,-0.006100860901675498,-0.0037212094143058705,-0.0012549861723885058
2019-01-15,0.020466642185755335,-0.0017200351443330542,0.007331092046354959,0.02900519052248085,-0.003788799788638997,0.01146074956681753,-0.0036517024322990643,0.00055814868306725
2019-01-16,0.012216792396666287,0.003199863787636481,0.008064525758472385,0.003523430964105456,-0.0068728628308848405,0.0024198114388060965,0.0009993888087798108,-0.00041824729289441365
2019-01-17,0.005937649748707585,-0.001308546962521917,0.004097179144959995,0.007022353142341897,0.019349802892259182,0.007586865832869272,0.00024953836194963053,0.006839486033960451
2019-01-18,0.006159353650569743,-0.008926410300850951,0.016226653184609585,0.014983076900635162,0.034339585713694554,0.013309805453911805,-0.005241373478797495,0.01192328542661314
2019-01-22,-0.022446077772511508,0.0035531343340227117,-0.015775927238555032,-0.018846934150933747,-0.05199768199740895,-0.01351035437922754,0.0067750072487315904,-0.015070608551173259
2019-01-23,0.0040444796272081085,-0.0013997379433263735,-0.0025256243635018993,0.009745923956217428,0.003495365681122964,0.0020924368330139664,-0.0004156722181860584,-0.00820703136256018
2019-01-24,-0.007926329414753353,-0.0015666428373899421,0.0005840252849020899,-0.00477895518928384,0.0572711306654734,0.0005315034281581088,0.006566207945314151,0.0014026932250457147
2019-01-25,0.03313681811706526,0.01461726258147622,0.006326989799294802,0.009133665326861884,0.014635063150017169,0.008461287846104337,-0.004789208209595275,0.004481671254044972
2019-01-28,-0.009254640186499241,0.0034999210730881636,0.004738848877322566,-0.01950148520257977,-0.13824548526926173,-0.007600341703477009,-0.0009958785596598796,-0.0066928864114739195
2019-01-29,-0.010364689224420132,0.005596580714432919,0.0027918151707413408,-0.020365756465042684,-0.046445979185003594,-0.0013268015662425414,0.005066388674390909,0.00379010133009694
2019-01-30,0.06833503727962853,0.005726722578225596,0.002304121849852958,0.033417669912321646,0.043997202764048504,0.015830681967852422,-0.0007440812593660917,0.010907665142562362
2019-01-31,0.007200939615938262,0.0004811737703025454,-0.008715856633460972,-0.0183305829079633,0.046291705964809804,0.008782301837410245,0.008600172140361684,0.013694739149236135
2019-02-01,0.00048076481887271427,-0.002004008016032066,0.003671388238996931,-0.015799816959891744,0.006817166146538822,0.0004820150808542145,-0.006039698609567878,0.03602662033012738
2019-02-04,0.0284051762092421,-0.004337356751223598,0.0035621198879318694,0.028799180158039617,0.030746883765376598,0.007035431819357285,-0.004464324609993797,-0.014489122053766179
2019-02-05,0.017109156506764256,0.002581475453272253,-0.004412634741417953,0.013996657204863538,0.005161611120763743,0.004191542405569626,0.004567445991902286,0.01029125699597011
2019-02-06,0.00034466627554019524,-0.006758902044908699,-0.00048158790112984295,-0.011098589221038568,0.020340147778443285,-0.0013182745125080997,0.0004954805160315434,-0.004365600970659189
2019-02-07,-0.018939594563346485,0.002430293392984062,-0.013109517528270942,-0.007168170283517128,-0.03647061836826404,-0.009532723442827185,0.0066104830131130665,-0.007706604227102898
2019-02-08,0.001174927432335826,0.0037982966608791635,-0.009963269452070378,0.00379980435341265,0.005087316670522313,0.0012215276280806986,0.004268241884756607,0.0016247674539036083
2019-02-11,-0.005750406918487938,-0.004911042708701019,-0.004735445213762568,-0.003974389232967557,-0.01160824820113271,0.000554333093774062,-0.003923092944594142,0.0016218456251135827
2019-02-12,0.008616585157151802,0.002103577179937588,0.017049893576454256,0.015581857865273108,0.03222948838457529,0.01285957956298378,-0.002543790838878346,0.017543783190909767
2019-02-13,-0.004154620960746147,-0.003956062177901898,0.004775884690607413,-0.0007484735713658708,0.011311892965034431,0.0032471031832066455,-0.0037843341904815198,0.011273571740767485
2019-02-14,0.0036430868037136133,0.005592889654295163,-0.006499198018532826,0.0008427401615838104,0.010792806852799819,-0.0022182265501410336,0.005697515856116553,0.000262028962323857
2019-02-15,-0.0022246700205585945,0.005964900110646321,0.030560582207067144,0.012348044707761296,0.01818408166807961,0.010897154479580617,0.0015608619213305364,0.018880439615785782
2019-02-19,0.002992880495296335,0.01522430969570121,-0.003505316771678979,-0.00046212249243104964,-0.004449089039182064,0.0017305377839411662,0.002541029223470659,0.006691501630109453
2019-02-20,0.006435254141026636,-0.0017363346220006237,0.004848396915914099,-0.005199199414909317,0.012193827356663078,0.002015278497393469,-0.002861990609459686,0.003834948535869076
2019-02-21,-0.005638557755364371,-0.01130613747012843,-0.002081264851976017,0.02109219727304623,-0.01753410155932844,-0.0035557909786239073,-0.008939034750558905,-0.009041126734737115
2019-02-22,0.01116558707795301,0.0035985360836492397,-0.004456251826886137,0.014258209420609624,0.02195544218925427,0.006200371130747451,0.005957720477610673,0.007709965483970294
2019-02-25,0.007284524323967645,-0.0010358346885892544,0.010476039861251563,0.005586934602975102,-0.003140764647692973,0.0013610593311632613,-0.0029609447845065917,0.0010202607460534363
2019-02-26,0.0005740010686141606,0.001675034536747333,-0.00763420663983827,0.006900449958801902,-0.010019532430314393,-0.0007153637157369941,0.004949693908547381,0.0020376999098934423
2019-02-27,0.003097203159520001,-0.0070871108191714605,-0.00123489324719539,-0.0016910065048986178,-0.010757547128238953,-0.00042959877550585723,-0.011328926245452342,0.010297675197439737
2019-02-28,-0.009835736301051501,-0.005613959130088775,-0.00760715411387658,-0.0012481727650841545,-0.006376818382356486,-0.0018625169607137115,-0.003404447548897127,-0.005536661161226641
2019-03-01,0.01051129778672677,-0.017017506627186707,0.0006706477764857333,0.0044628420931098756,0.014196776662525279,0.006243579855655268,-0.009242940511459796,0.012273831748592867
2019-03-04,0.005029242473497675,-0.0026255308667166855,-0.0022984743464024016,-0.0023993607116242766,0.0021093229195774388,-0.0036371749498425032,0.007837505207889839,0.0038753051849982345
2019-03-05,-0.0018194818382283318,0.0013162525939689473,-0.0007675646177720541,-0.004988181393380864,-0.0016581268461208776,-0.0013600981072786622,0.0020904065581692777,-0.0014944738876433439
2019-03-06,-0.005753680527814442,-0.0009037184460104486,-0.0037459516711413343,0.000447500470025064,-0.028559013380147102,-0.0060571615738864715,0.003671728512663952,-0.011347827878073424
2019-03-07,-0.011575054667421036,-0.0008222882461902392,-0.007230853442223517,-0.012170085921943685,-0.018349111355868253,-0.008365052546353557,0.006484706804606111,0.01109985704486749
2019-03-08,0.0023767562335328396,0.010945553273622899,0.00038828385881051197,0.0010872193581785705,0.009245582697191557,-0.0020003640746967255,0.004212848145959569,-0.014346019483339578
2019-03-11,0.03464234130805122,-0.004884390198699795,0.013008671117671122,0.02099340059599286,0.06970271883639301,0.014501442531213327,-0.002961249228358498,0.009745160436337219
2019-03-12,0.011235471431006783,0.006053709964792153,-0.0029709478088734143,0.0070018512244673925,0.008563894402491945,0.003770915403696673,0.007012749999765422,0.002757507064971243
2019-03-13,0.004422096998890623,0.006992949727453013,0.0033642707764904856,0.0077450410024193506,0.03753373483707856,0.006619304259626313,-0.0018844024615448651,0.008875064967826196
2019-03-14,0.011116697750485294,-0.011547098821608426,0.0091002582423505,0.0007858600744548028,-0.01814739746369054,-0.0006400442532064066,-0.007222962049800441,-0.003345065803282865
2019-03-15,0.013008125264177162,0.004574769560006908,0.011486272567308164,0.011519506736734186,0.02567048241362757,0.0049407851372405,0.0066141452750996255,-0.0036055944926707273
2019-03-18,0.010208530682576544,0.0005692420438265788,0.006007051248956952,0.014321556524138801,-0.005064124008617443,0.0036257647649509117,-0.0005750789721945537,0.011603630676465748
2019-03-19,-0.007924972117084539,0.002763299214570303,-0.003638401811158931,0.0006802247308235199,0.0400114272818497,0.0002481786896189053,-0.0022191822654783477,-0.0025900840680380677
2019-03-20,0.008738649921113728,0.006484057947534705,-0.02134854580018264,-0.0011047004532904747,-0.007455530178759551,-0.003009998530300151,0.010460713387737464,0.005564667724776484
2019-03-21,0.03683039531573451,-0.004026413261163153,-0.0157863166550819,0.02297474186474746,0.05470221965138622,0.011294701369608529,0.0022010157571876743,0.005779175373155976
2019-03-22,-0.020708137812778138,0.002344768069306058,-0.0302325159127822,-0.0263683951559327,-0.03501172175024725,-0.01924653446254876,0.015534635060449276,-0.016016372372307797
2019-03-25,-0.012091419774412748,0.007663119616744485,-0.008319815700214006,0.005211585261296392,-0.020957652266081706,-0.0007521398250314171,0.0016014525299647975,-0.006958098991862727
2019-03-26,-0.010331631581987466,-0.004963137418150021,0.010007120836238892,0.0021245094220088134,0.01778135210185572,0.0074542112492905765,-0.0007192551746749709,0.013012992656439737
2019-03-27,0.008994059126590459,-0.005229296137734041,-0.003402605193207009,-0.009668469881743302,-0.0020920811546939477,-0.005228929604722099,0.009202312128210766,-0.007658507178636698
2019-03-28,0.0013264525870497756,-0.014152850613865509,0.011347384566240182,0.0013703989906779235,0.004249174301487413,0.003790601584096276,0.003488447302525177,0.004979062370597864
2019-03-29,0.006517864641167437,0.0009023839948698598,0.00516337631525654,0.008637719567264446,0.013032636943242082,0.006305306415205214,-0.0009478900052328765,0.0007430935509735725
2019-04-01,0.006791117389038037,-0.003934131206699387,0.033685923229795245,0.009156991287923688,0.015148552709350449,0.011858936958641264,-0.01420389065079053,0.011510150964711308
2019-04-02,0.014536761633791695,0.0037028271386223555,0.004778007065709744,0.0014285702538892053,0.003949585791622523,0.0004899230679380473,0.0018490603928844607,-0.00428264747883067
2019-04-03,0.0068548569421877925,-0.0014756542074284562,0.0019973730183382443,0.006544066629899481,0.030710256276563985,0.0015735658981939071,-0.008667776361764523,-0.00589812723108607
2019-04-04,0.0017405431159958074,0.002545135885276162,0.009660404495529518,-0.005084670408042058,-0.0019083140319368086,0.002653629280945591,0.0028335474011311756,0.014214860327620649
2019-04-05,0.006694262121810013,-0.0010645913747292512,-0.002368111319055788,0.004440359344822342,0.014288474710357324,0.0048400085295039474,0.0012919964676731954,0.005362693835824883
2019-04-08,0.0157358681398303,0.004344964459018996,0.003228579067887205,0.0003335989063615319,0.004399004242346738,0.0007626866390129106,-0.003548043713118121,0.0061823291319005325
2019-04-09,-0.00299858711183576,0.0052240582686200465,-0.007383043257111699,-0.0054196504200692,-0.013191370918601453,-0.005125041148398735,0.003155654906054739,-0.012891058355087415
2019-04-10,0.005614143771255131,0.003085645543724258,0.004481829504881185,0.007629280239745739,0.01500580387182282,0.003411085513685519,0.0024200489057586427,-0.004516379119447245
2019-04-11,-0.008324008981381747,-0.012790430232882621,0.008448982931694271,0.001164613579748508,-0.002914812508968856,-0.00027792049494590465,-0.005873874183623173,0.004781838865615784
2019-04-12,-0.0004022566930396154,-0.0009839698252592788,0.0468792274543981,0.005152552757715645,-0.007988422767833514,0.006766222624468465,-0.007122509847442782,-0.012568616624634155
2019-04-15,0.0018103603099210996,-0.0018879040751598186,-0.011419932501836594,0.0008267554544889588,-0.027945950515553708,-0.0006545636382875308,0.002527195499645307,-0.0033362536047338853
2019-04-16,0.00010028222052471669,-0.008963785785923162,0.010551248505815236,-0.002313285955494182,0.01900384284657286,0.0006549923724779028,-0.006261743459465285,0.006819300420096708
2019-04-17,0.01947296692962941,-0.0019085831288393473,0.028803010867795242,0.008280418914184295,-0.004888040037302921,-0.0024468881070750514,0.0004096731441074475,0.002832768287912346
2019-04-18,0.003593808529920306,0.0007482870651696061,-0.0073491127359941455,0.01313947820365513,-0.00528592615356871,0.001969094336292887,0.005234570574146558,-0.0036843732992905
2019-04-22,0.003286611236971826,0.0,0.0012339884162255732,0.003161237176810161,0.01164802326217762,0.0008622816818837364,-0.004800631858842053,0.0218168902675131
2019-04-23,0.014423438555328572,-0.002076929420084306,0.0012323043896274033,0.013574602487583132,0.011672525827292946,0.008991689538066394,0.002125605253748386,0.005789726202313883
2019-04-24,-0.0015424128027516915,0.002913740144174559,-0.0016704944076735284,-0.0034277148504813226,0.0026228990172276756,-0.002219250388081795,0.008158752217332976,-0.01942916151394891
2019-04-25,-0.009075113382890465,0.0008300695036758121,0.0005285146509976801,0.03311706358526312,-0.022284066221962773,-0.0006161055643014723,-0.0014564794707774276,0.00562660396351311
2019-04-26,-0.004773922055964386,0.006635175033447238,0.007569797853463012,0.0057297116180710095,-0.04718837805292242,0.0046566103142504645,0.003403638940142839,-0.02104113988643108
2019-04-29,0.001517132485606254,-0.004449212353194731,0.014414059906498133,-0.0009236844278082135,0.006962485902143545,0.0015675815522668834,-0.006381029870885846,-0.006460584717579265
2019-04-30,-0.01925602318953812,0.003062112981714993,-0.0006026211064887876,0.0063959128501724916,0.009312846751080794,0.0005101517776662234,0.0051219305648431135,0.0038764275194578257
2019-05-01,0.04908588280363868,-0.0066006224629273635,-0.007669163900924647,-0.02082687263629035,-0.0029282962782833932,-0.007516107967189933,0.0041244021084865246,-0.020054447915114904
2019-05-02,-0.00650808293680305,-0.0038205903541770336,0.0021707801657719905,-0.01305919783203846,0.015072060129627696,-0.0021590665197337433,-0.004761734352800251,-0.01754206749655307
2019-05-03,0.012431295828773559,0.005919618726200504,0.0061519444510027554,0.021313629568313175,-0.0009829116194435272,0.009787911667226146,0.0028388536836281286,0.0023289265402828274
2019-05-06,-0.015442729896024243,0.001326117121354109,-0.008870023965962037,-0.005818520766276869,-0.017266755580147897,-0.004115494916910989,0.0027488841359792904,-0.004388717861176894
2019-05-07,-0.026956901945498712,0.003310996887363471,-0.016335288186251407,-0.020522894102406153,-0.03747578778413285,-0.016699470655093474,0.007661290353257577,-0.005315525365858886
2019-05-08,0.00019705444250450732,-0.0024750055657883907,-0.0052997921345142585,-7.939907247311861e-05,0.0046791005583226575,-0.0013892168836858731,-0.004321793877415936,0.001563853570365481
2019-05-09,-0.010744255105008427,0.002398422606480377,-0.000799019250783628,-7.973027643859432e-05,-0.021446559635361462,-0.0030257530983108794,0.004099419452383124,-0.0009112311617632818
2019-05-10,-0.013853702376178334,0.0018977175142322888,-8.879599630551294e-05,0.012987908430111661,-0.008050232910803534,0.005023432336743294,-0.0013607684101151207,0.008695968189673664
2019-05-13,-0.058119007774914966,0.010211626950944686,-0.027197877537799564,-0.029733284261457382,-0.06142606500269099,-0.025130257270192358,0.00785578145526511,-0.01110231857474775
2019-05-14,0.015830370353641765,-0.001711902564663359,0.007948970234528119,0.011187582878575242,0.022657031138977768,0.009043776252292135,-0.002943055139440709,0.0013209900816513187
2019-05-15,0.0119790282474872,-0.0005716127335255727,-0.003807165024758863,0.014082360348281142,-0.015181480773127976,0.005857158205950785,0.006142414340663205,0.007386832491761863
2019-05-16,-0.004399618434109742,-0.007190107507201948,0.01282985019444216,0.023091517472144663,0.0038223543113173886,0.009261478938955348,-0.0033299810636403526,-0.00013103961912974693
2019-05-17,-0.0056818291459327375,-0.007077611679961904,-0.0048513551703573965,-0.006670156455651499,-0.022847577895788507,-0.006465134327674593,0.0022273795762177695,-0.005893305924733472
2019-05-20,-0.03126983163995056,-8.290208125960596e-05,0.005236135670125153,-0.014445347423615251,-0.030537377143247002,-0.006612184099555218,-0.002063465143365306,-0.0001318337292597338
2019-05-21,0.019170718816159837,-0.002320944800343727,0.0034125329304683927,0.005387438224745633,0.021812066498774207,0.00901593258722766,-0.0015905283205654985,0.004611409879385908
2019-05-22,-0.0204714502353337,-0.0009970317877493473,-0.008144539487022207,0.0060678415730131,-0.018444260170154325,-0.003071258095571072,0.005735489611089939,-0.009049376183924318
2019-05-23,-0.01706961837397314,0.007734533613594108,-0.019671456311848856,-0.011670691888120643,-0.032063016421464585,-0.012218773436413977,0.011247523681199523,-0.02342458329188668
2019-05-24,-0.0038408760641521766,0.0010729131367255285,0.009848860548328009,0.0004754389696517425,-0.014730148267126597,0.0022683370638367784,0.0008614312660535361,0.004201210079584516
2019-05-28,-0.004134681127164641,-0.0038747008151563955,-0.01084674896170934,-0.0006336817456532584,-0.012538536414430812,-0.009300657191351758,0.007200100937995613,-0.020108198520764176
2019-05-29,-0.004769063817892438,0.0003310511869667465,-0.002764205144760945,-0.009670208925539048,-0.020861083833628058,-0.006710777178629446,0.0030303887696612186,-0.006197454095228649
2019-05-30,0.0051865155988808365,0.0067841455794737104,-0.010719028249235985,0.006323017868781866,-0.0076328307331525735,0.0027311049245450914,0.008598040195805234,-0.002633125637346301
2019-05-31,-0.01811557875016201,0.013476862164072179,-0.010274530873155108,-0.01630492174131315,-0.02623847507144239,-0.013475185678793133,0.012519680874573558,-0.016673678606843212
2019-06-03,-0.010110278544828266,0.014432812396575123,0.004718604703034979,-0.03104782015898544,-0.012402081643231089,-0.0025429710909469216,0.0066887262724466545,0.015684834783241453
2019-06-04,0.03658411007643525,0.0003197259638094696,0.03080952608966281,0.02770387597424806,0.06891916095977235,0.021706481737013172,-0.011401413021148277,0.023789568636851666
2019-06-05,0.01614342100509014,0.00255692921232642,0.003553982314039361,0.021678889067609397,-0.012027914727201439,0.008662689053654082,-0.005651476939727895,-0.008289195887187573
2019-06-06,0.014681490853466483,0.003267681746440987,0.0021794567205277726,0.015814880433162593,0.01769531885677944,0.0065025548816424195,0.0032258178817581307,0.01822420666866864
2019-06-07,0.026617452610347314,0.0056402851919619135,-0.01096343902394803,0.028008274553662282,0.011962730406597899,0.010006876929086639,0.00865205592016327,0.0036333338944678495
2019-06-10,0.012779197949585042,-0.00995334973762707,0.010809786425335144,0.009132517790086947,0.020137472601819972,0.004588984500768278,-0.009412734576049298,0.004425078424730167
2019-06-11,0.011579593985066916,-0.0011968524989020013,0.0030814848414215668,-0.003770656481998924,0.015630173197729302,-0.0002422409153486349,0.0006128411539536582,-0.0009348056388225334
2019-06-12,-0.0031826399670259464,0.00519253494403471,-0.012739183664582598,-0.004617903897898401,-0.030182410658036507,-0.001765460090632498,0.000765888675273052,-0.010822951785712909
2019-06-13,-0.00020604812426816554,0.006119340633088832,0.002470920603894866,0.006312266716581361,0.014090321474929057,0.004126025014070889,0.003443465193070816,0.008780160369820766
2019-06-14,-0.00726204422478971,-0.00031596300165448454,0.002555957255405472,0.0009824097199979676,-0.024416444621225386,-0.0011047365035130596,0.0025171261139773637,-0.004418732420159888
2019-06-17,0.005966151485605309,-0.0006320654488251032,-0.005463642446301931,0.0030201014131761017,0.0026960938489617448,0.00038019884939943793,0.0017486840647529256,0.009952853459665567
2019-06-18,0.023518430814921665,0.005060083591572395,0.013642495918664954,0.01738817438267115,0.05412693142489333,0.010471213406270552,0.005012488864611031,0.008656495093247063
2019-06-19,-0.002922558781859985,0.006057242183996836,-0.00722609709801636,0.003921313774478019,0.001569719607279918,0.0022572765603439127,0.0014352502060013261,-0.005545434297563712
2019-06-20,0.00803577055918181,0.025177896911959374,0.0025475216939894185,0.009285418762451592,0.006400427071611592,0.009554637665034837,0.0026407918596726976,0.017126907617628584
2019-06-21,-0.0034093891003488253,0.006635612181659978,-0.0068064094642398265,0.00014631322707181482,-0.015185312649241944,-0.0014539218695793776,-0.010986267537508754,0.014097559175943575
2019-06-24,-0.0010060504225412048,0.014850786310930397,-0.007127362639540391,0.005913843964169052,0.005930684053885971,-0.0012243832298816093,0.007456061242707257,-0.00952503246603631
2019-06-25,-0.015157591797780312,0.0019411266395166216,-0.008282528191788985,-0.03157243345081495,-0.007729634235747018,-0.00980822452028507,0.0030967943219488703,-0.008837272006150032
2019-06-26,0.021629086654563867,-0.009165393111099984,0.00668139551905611,0.003747506782604937,0.0513599663391342,-0.0009970476833375264,-0.006399799150828223,0.004326890018033325
2019-06-27,-0.0003004339290795244,-0.000977700846950591,0.003318525378931403,0.0016425817570286938,0.02492795050907448,0.0035458038450886242,0.007046749813273356,-0.01018274815990139
2019-06-28,-0.009111536560998501,0.0027100317696175935,0.027195887027110954,-0.001416382636035718,0.006126193151485548,0.005145813708534064,-0.0006772882119548962,0.010682921525549727
2019-07-01,0.01834052191096025,-0.019369383559800002,0.016815749901285093,0.012839646836014351,0.011812971195557243,0.00907832354002136,-0.0023388340663367257,-0.0009133457421401925
2019-07-02,0.005854515476355626,0.021359735486276676,0.0010556575638624999,0.006633206685105142,-0.023710660696775188,0.002604554878678833,0.007713281940822325,-0.010971672498795937
2019-07-03,0.008287111585892903,0.001649060899963084,-0.0015928115065545478,0.006443442028118973,0.003204626335784111,0.007995301335176563,0.007129444321602119,0.009508724758359177
2019-07-05,-0.0008808188853810517,-0.011150231525253074,0.005938787143727531,-0.0029103227612611304,-0.015483391087209308,-0.0011377479265058943,-0.013262874494896382,-0.004055564152672053
2019-07-08,-0.020613949603664694,-0.006432617734537516,-0.005462986194580521,-0.0007289633081749569,-0.018848063752802013,-0.005495224180888991,0.0013589217116212193,0.004597477193602151
2019-07-09,0.006099420530731869,0.0035037454291328984,0.004252306740441414,-0.0036512723981866335,0.0006361272227557446,0.0012470266255157902,-0.0003768045950036658,-0.0006537767326110222
2019-07-10,0.009889023079775905,0.015787490178783115,-0.00291117848694733,0.010186168233202952,0.01748130880848353,0.004777291007024065,-0.005506908160121782,0.014130624074599973
2019-07-11,-0.007282619988593475,-0.008443584154164463,0.009555828636102826,0.003990093495932934,0.03886056174540298,0.0023446329761975804,-0.01335057588497457,0.00077420125086336
2019-07-12,0.007682584395115599,0.006254723814186791,0.010517016186645245,0.0036121091255718607,0.007998324851662186,0.00447683713331104,0.001153066092459687,0.0007734673767210154
2019-07-15,0.009395033515814166,0.0,-0.012141966751650912,0.0,-0.0020281387484901714,0.0003326586848817481,0.005759844791715318,-0.007084873864082963
2019-07-16,-0.003459804255279475,-0.008462554430785363,0.010710819351258394,-0.013102431276234006,-0.0011356580665209393,-0.0032253453094091,-0.002978072843729196,-0.014919746218048924
2019-07-17,-0.005623530989779524,0.01646531748539748,-0.009815533932460485,-0.00590897968590387,0.01574041031148332,-0.006804962261238612,0.01079823094572796,-0.005926335946795147
2019-07-18,0.011359839914021785,0.014117951186161548,0.0059651071548263435,0.001100737780528549,0.0027696807032104864,0.003660839686371986,7.574335985593983e-05,-0.008479320422826064
2019-07-19,-0.014927498055792299,-0.014727392803034478,-0.009854053204615854,0.0014657189843605423,-0.010224888378932318,-0.005554590372571222,-0.002349005231875312,0.0020045197156914885
2019-07-22,0.022853869966798168,-0.00014876383044060137,0.006429294979876321,0.01324864969734696,0.017098735222685013,0.0024563107999764355,0.0018986836002998775,0.0010667709706799755
2019-07-23,0.00781771762541239,-0.005652618252780628,0.018289931328090425,0.006212581581221732,0.02533250589371283,0.007150164806992931,-0.005456871833587007,0.003996058464300178
2019-07-24,-0.0008138735739267045,0.005086339018351538,0.004039347712296637,0.010266571992125106,0.017078080947148022,0.004699176334527655,0.004343852003707793,-0.0001325699323753149
2019-07-25,-0.007907225071766777,-0.007070008058076338,-0.009586709907614233,-0.0037663206651395997,-0.029553204878422834,-0.0047772155801926175,-0.004780428327119668,-0.005705707958265083
2019-07-26,0.0034780088678478815,0.001648937368628589,0.004407388645492283,0.008202862319264703,0.009747358434943454,0.00670003841920197,0.0023639779590343135,-0.0016018567344097123
2019-07-29,0.009338401082660708,0.006659678193005059,-0.003183439809619215,-0.0021933336958994687,-0.0014279425192220696,-0.0018208804287026537,0.000303599953602518,0.007084609165844302
2019-07-30,-0.004292035798705962,0.003344956160896251,-0.00224444574551097,-0.0048215139867348045,0.0036033190148032634,-0.0024545440683272357,0.002433563905434033,0.0001326227237816724
2019-07-31,0.02040408837975316,-0.013112972808538625,0.0035471360405614494,-0.029070167993520246,-0.03835793290039502,-0.010940673093047693,0.00804060837583731,-0.013138466992921205
2019-08-01,-0.02163942712065281,0.02402219643390402,-0.02637917447123639,0.013135510599818545,-0.022522631280560423,-0.008707874872609822,0.019860047419190563,-0.025551170934908662
2019-08-02,-0.021157888390296642,-0.0038120684590625675,-8.841429651840205e-05,-0.00840239987852287,-0.0226170176696725,-0.0075293109371898925,0.00924196054049542,-0.009798774571698199
2019-08-05,-0.05234781302291125,0.013981852270352535,-0.029753348753280617,-0.03425817374259965,-0.06452013597391149,-0.03007324344522566,0.0172874146371218,-0.020487554931960306
2019-08-06,0.018930228456925713,0.008128386897085838,0.007848832716592202,0.0187580769140705,0.010345425190157798,0.014022743401182813,0.007993749236532288,0.009675238942967068
2019-08-07,0.010355487875908675,0.015189695160357397,-0.021732994072774292,0.004380457624527656,0.01010825976541918,0.0005908519766060216,0.0003569933004636816,-0.006482223048012381
2019-08-08,0.02205580243969818,0.005034686098196239,0.016939560558453914,0.026684973565255676,0.02839715688803013,0.019620171894964455,0.002142266878638832,0.02666653501123717
2019-08-09,-0.008240408323380022,-0.0033161732510501585,-0.0010921410328785797,-0.008495639502570707,-0.025780623809407932,-0.00681154573809295,-0.0019954867331739568,-0.02127670959987593
2019-08-12,-0.0025372601542575923,0.009698502260031328,-0.01877161699708807,-0.013942881513504757,-0.01770639698404186,-0.012173494580279165,0.020849944304979884,-0.004859004348899076
2019-08-13,0.042348217747769645,-0.005959518154781018,0.015416104569550448,0.020694328398184858,0.03037303258224222,0.015551674728951026,-0.0034273233505833778,0.012350935829273935
2019-08-14,-0.02976514176362366,0.0068415942238304606,-0.0415217105123612,-0.030114519748706048,-0.038320949138926474,-0.029567356905943587,0.02252968037611569,-0.04028933673642632
2019-08-15,-0.00498110458783807,0.0066549698650941735,0.003816619934785326,-0.002238986361350781,-0.008662783889880177,0.0026418427895193997,0.011119719589456123,-0.005913019555698229
2019-08-16,0.0235944924737721,-0.006402214255277094,0.023954396041138803,0.01832732907055523,0.07252795340198781,0.014754982111538917,-0.008010759098391329,0.015613617864991713
2019-08-19,0.018644210062433997,-0.011696303286335752,0.009004595551877381,0.01674875698489542,0.07031868877981484,0.012047427237253494,-0.014302187068307659,0.01683716169732108
2019-08-20,4.765787596627824e-05,0.007795380191040424,-0.012696640991758157,-0.008308865778150154,-0.017039739965770906,-0.007662408642446827,0.010344518237343614,-0.006047399283334087
2019-08-21,0.010838289277073532,-0.003164420123660472,0.0027957911246689893,0.01114684255789955,0.02001554890235102,0.008135436260628515,-0.006665570397431542,0.009995630824599644
2019-08-22,-0.0008465114798686946,-0.0025395077899371676,0.010315304705717843,-0.007277223505302355,0.001460189851613114,-0.0003082382123154037,-0.006640370366694626,-0.0021511775604247108
2019-08-23,-0.046220399247349886,0.019589847185487175,-0.0248346791256826,-0.0318621800700718,-0.05271766084555429,-0.02568715423784229,0.01643368036939985,-0.029898215000552453
2019-08-26,0.018999276121731024,0.00013875475282665306,0.008017544656137687,0.015443391665456163,0.018529712363314577,0.011058736559697913,-0.0040415936964808274,0.005334304423187719
2019-08-27,-0.011284164077591585,0.00957073902105865,-0.010573859163216182,0.0021409057633157147,-0.022060969540780184,-0.0039237188587896155,0.01540874192431163,-0.009727388389826341
2019-08-28,0.006710670913012695,-0.002816539407023644,0.01002468702554249,-0.0013262954753635592,-0.002598566435941585,0.0070415714755323044,0.0012875204663151951,0.007292686154660499
2019-08-29,0.016931757695519245,-0.007164566813753437,0.022659262944894065,0.01888475363828146,0.0358522222517248,0.012772909185061465,-0.0037890092844684586,0.011081846153470076
2019-08-30,-0.0012918200615894548,-0.0025672712303844714,0.0058594154858711,-0.001882045504011498,0.0030534607363501554,-0.00044430350573487765,0.00027130896257054893,0.0007303246556380483
2019-09-03,-0.014563437838071569,0.013913043478260834,-0.011833105570086655,-0.013202332173121278,-0.019938344303552014,-0.005847164468490207,0.001292888615983978,0.0011684065055110882
2019-09-04,0.01696649897683078,0.006243592878966586,0.012067210078120949,0.011688051144153278,0.027958487947274513,0.011350405792643237,0.0014940651352879364,0.010647560652563781
2019-09-05,0.019551477540118878,-0.024001119491110168,0.02275402986029773,0.017583377436236836,0.06506279715382957,0.012855308749148309,-0.01810984806204141,0.014143252877281798
2019-09-06,-9.378286636940736e-05,-0.008523132778435305,0.00213598300058937,-0.006783489707262391,-0.006064415254861788,0.0007720789556562302,0.007115073219665202,0.00939276095790853
2019-09-09,0.004266887416034537,-0.0037344897557421985,0.024775507185200052,-0.011358269421914091,0.010355312996996657,0.0005035110825737377,-0.01776574359511729,0.007894805891476508
2019-09-10,0.011813308028904235,-0.008557937047107611,0.012738349092348722,-0.010471728958313276,0.014847654962581114,-0.00023451354817294323,-0.017527713569328807,0.008112968035961732
2019-09-11,0.031794966163595895,0.006063676329913781,0.0027382129939435007,0.00029423404818795795,0.006277908013719635,0.007110635751082617,-0.0017765496904629252,-0.0019423746408708809
2019-09-12,-0.002236176664422551,0.002056360685188219,0.006143998165478504,0.010285286187549758,-0.000325438897310959,0.0034634040468446425,-0.006551225708681829,0.0006950758215529262
2019-09-13,-0.019454064718506525,-0.008279177519783909,0.01967568959865118,-0.0014544689615922923,-0.012644682545337682,-0.0006632312960809239,-0.021358891614500886,0.009169259988733858
2019-09-16,0.005256981516643888,0.008348294532203537,-0.00889957586110901,-0.00720957155756019,-0.009508317865791538,-0.003089350250818912,0.012743482643165605,0.015005486826598746
2019-09-17,0.003638311428736829,0.0019813102518067005,-0.004951103747422914,0.007775179305664626,0.004772261169371683,0.0025324018844881113,0.005423822346768192,-0.007595341615429407
2019-09-18,0.009379289890992126,-0.006285306153149484,0.010036082549844894,0.008224956394774718,-0.006019871098024598,0.0005984505656582151,0.004243231093022937,-0.0047833583979024485
2019-09-19,-0.00812518132267348,0.004050828215713009,-0.003172872767786661,0.018408647584774895,-0.016890805499385597,-6.701601054026618e-05,0.0030085047095338435,-0.006729215013420609
2019-09-20,-0.014617811159924665,0.011820485442912032,-0.004020807114044067,-0.011554321661669253,-0.024019777278868837,-0.004724440210415182,0.013211003875869487,-0.003456089282806829
2019-09-23,0.004546752040609725,0.005596383832365381,-0.00016811966590624117,-0.0021516050441623413,0.01245036013047951,-0.0002347264799217319,-0.00021203470455266604,0.0006935576740183524
2019-09-24,-0.004755197921993415,0.005286918308423871,-0.013038587241488986,-0.012649005011292291,-0.013211830546805303,-0.007846849746664941,0.012054228521588328,-0.013725002820328736
2019-09-25,0.01538969060126294,-0.018545379403875573,0.005710509441103184,0.014412374632136071,0.033037318161512674,0.005914824256431084,-0.014626963180104036,0.002951940438837175
2019-09-26,-0.005157471321705076,-0.0002820880237280887,-0.008220127680081957,0.0012919600821992283,-0.0049939443026632,-0.0020829704112165226,0.006432598750441665,-0.005326126335009507
2019-09-27,-0.004866088636508947,-0.005148429100112373,0.005895637542778331,-0.012971415179654944,-0.031464305360804246,-0.005387084477708859,0.0024580156114595297,0.007186463879523597
2019-09-30,0.023535185922654245,-0.015525325955691782,-0.00025478549547375273,0.009438401137810803,0.013448743026343912,0.004637336504161649,0.0024522509211928334,-0.012171223950564136
2019-10-01,0.0027682226903749108,0.005472814807717441,-0.018183292587762523,-0.014097573222439763,-0.00040207606229247794,-0.01189455869768985,0.003010072283213372,-0.02350965470640809
2019-10-02,-0.025067700546909766,0.011673634369571584,-0.01990495379386359,-0.017655277688397586,-0.00551692410547322,-0.01766485536615703,0.0024435419317068163,-0.026105857618863415
2019-10-03,0.00849482968837667,0.004530648552570016,-0.0014241653679875066,0.012105525106945958,0.047792153851837105,0.008192950304215074,0.009122759392174329,0.012360475978794971
2019-10-04,0.02803163485733906,0.0,0.021659794881610406,0.013501710221382135,0.003640090438476351,0.013531942697074362,0.007382442190954963,0.014563103842783143
2019-10-07,0.0002201717801784131,-0.008527071931805796,-0.0021811232394371993,-0.007240052799063368,0.01296917677728171,-0.004314520756380169,-0.00828838890108241,-0.013773973973523757
2019-10-08,-0.011714884471293652,0.00874259511120079,-0.022295895966216173,-0.010574749710153375,-0.038517802340806484,-0.015524938868092253,0.0026944517413218794,-0.019406455943637435
2019-10-09,0.011720081899896373,0.0009160434363713055,0.007243656330164772,0.018943221314056347,0.01963541395321533,0.00949621040126436,-0.005648762889643999,0.011094537369781943
2019-10-10,0.013478561138231315,-0.008729359144837523,0.014028071382562457,0.006220859128601708,0.012838334375416371,0.0067639027500554505,-0.014894727564609633,0.01201096873640295
2019-10-11,0.02659826602906068,-0.005539370732339566,0.01689887757576969,0.004169690290836137,0.01617219888290089,0.010366990571301304,-0.01237626820327431,0.010696149604295213
2019-10-14,-0.00143954173567995,0.003999125640758994,0.002668985221961462,-0.0009308029685970443,0.0029033244561582627,-0.0011138750747484716,0.007261836997243032,0.0028990551427539035
2019-10-15,-0.002331522336913472,-0.006970593591764218,0.030141872886435106,0.014475417580211092,0.052752782410826926,0.009900089639096166,-0.012087609023281543,0.0034690789252447285
2019-10-16,-0.004037157130600599,0.0057302703836425994,-0.0023341267243278674,-0.008193650973076116,-0.010999427838151998,-0.0016060165678501992,0.0012164161619663272,-0.017141850296900407
2019-10-17,0.003882427666279664,0.0014243781997433924,0.005598211758006899,-0.005128039488695668,0.00041187679911924846,0.002949306718991629,-0.002430210503820085,-0.0013192260277968826
2019-10-18,0.00480303569682583,-0.0010667370445437419,0.0017451498580300928,-0.016322146256485648,-0.019558612703741707,-0.004377225387480088,0.0,-0.007777941909394959
2019-10-21,0.017342814905452864,-0.004770136663166058,0.024800676729765714,0.007422920585016701,0.02897822823670171,0.006778921153729689,-0.007522555582832657,0.016713613329049304
2019-10-22,-0.002286937800787703,0.002932997222985456,0.010036753172903312,-0.014880956211510088,-0.0020408638948760105,-0.0032664304817796586,0.0058476159447196085,0.005091549366745163
2019-10-23,0.013418994736679402,0.0023537934253772264,0.002644354866087273,0.006380042235889061,-0.0026581856996930053,0.0029095332954667263,0.001004390225419538,0.009552655511625652
2019-10-24,0.0016449720555971048,0.007115918371069618,-0.0007194183182921421,0.019673682441459395,0.009072861353391026,0.0016340943549528752,-0.0020074348246931217,-0.009462265746589149
2019-10-25,0.012316148726485343,0.0023316740895991117,0.007997871810307977,0.00564515839673474,0.039012094700098476,0.004094868600283741,-0.00488448733223279,0.0023158814394410587
2019-10-28,0.01001717002721092,-0.008600036764796815,0.0038088082022094127,0.024586220556994,0.011000703129018019,0.005636458416184986,-0.009096394133050967,-0.008808757649759746
2019-10-29,-0.023127974746818825,-0.0027730332148816483,-0.0006324167608414699,-0.009432403393099587,-0.018714882037435654,-0.00029662188275247914,0.0006551866938282469,-0.00291386804006899
2019-10-30,-0.0001234199713234796,0.005490226541611021,-0.005536697101289345,0.01246249808351263,0.00039400849771786817,0.0030669638943783273,0.014634419804325116,-0.010520142411807876
2019-10-31,0.02260947641463451,0.009998499224238566,-0.006442481469669303,-0.008574936271527944,-0.009753661535604308,-0.0026631090697702975,0.013490171971061393,-0.0022149379986835527
2019-11-01,0.02838094284367987,0.000912763389017579,0.02305496251082695,0.002441491918651506,0.00781017084074298,0.009264135507073501,-0.0030776335341512473,0.030042866901133447
2019-11-04,0.006567094252847072,-0.002876007780098777,0.007981262582460236,0.005774939857994266,0.039044614443635384,0.004017799691161672,-0.013161832934240336,0.02974138318433983
2019-11-05,-0.0014371301671101122,-0.016180006273117664,0.002173447888812019,-0.0006224502510419061,-0.004228089969202209,-0.0011065237945852013,-0.0112463908072723,0.019813037245976606
2019-11-06,0.0004279349457323445,0.004290245395359271,0.0015492171347404327,-0.002768853797679993,-0.009446080277349944,0.000228256237405855,0.006051440200326885,-0.021890837227692472
2019-11-07,0.0115414576260362,-0.015521486102876958,0.0054138020954879185,0.0013881021677375482,0.003419500695207356,0.003516403528914802,-0.01811908175325261,0.021261848194718214
2019-11-08,0.002736879998319841,-0.006364394703267995,0.002923035875454616,0.011784309533796833,-0.002687782434372954,0.0024659687470012237,-0.004207042799785676,-0.018991046696628766
2019-11-11,0.007918674227455735,-0.002401934875323586,-0.003528371825097354,0.0010276912922333459,0.0019249790327322547,-0.001909288746380744,0.0006674438876612676,-0.006076310192881684
2019-11-12,-0.0009154625269605088,0.0026995120660886496,-0.005849392000129461,0.0065704275112346,0.006869066884281461,0.0021074867334174296,0.00459236173510047,-0.013789792429444891
2019-11-13,0.009581680067639597,0.004002059820052306,-0.005264862226090905,0.0016317194993122897,-0.004961287051676311,0.00032403263844882346,0.006488864176393827,-0.008216652653645129
2019-11-14,-0.006919454878813958,0.004203521155341949,0.0009338310259727756,0.005091366414772036,0.005849057124738932,0.0014557152989211897,0.010329872821154495,-0.004360647495122327
2019-11-15,0.011879447027798307,-0.0025259154943226836,0.007231876114638824,0.012899960869097615,-0.026693151010077076,0.007236150646533268,-0.001087846716898544,0.010073147396216786
2019-11-18,0.0050420386438683185,0.0029664162029099383,0.00841508399541735,0.0024675362967170322,0.039619821342467,0.0007377643291324176,0.0018145783678396032,-0.009683728079533438
2019-11-19,-0.003032486436063464,0.0005050304911609071,-0.0003062238227035108,0.00033236801165270613,-0.020209460018528858,-0.0002887635399693167,0.008333104088707799,-0.010215804233006165
2019-11-20,-0.011641489795673143,0.0005046655432805469,-0.007275200899892642,-0.00173463227917392,0.015337588083009113,-0.0037186617779122466,0.010347926081167191,0.003096305425008161
2019-11-21,-0.004483421343507321,-0.005477043362080103,0.0023140425086543015,-0.0009357138780512475,-0.004735330873222865,-0.001608661982756332,-0.00625916064537646,0.024107103972848654
2019-11-22,-0.000877798269141361,-0.0018840181654777854,0.006619023098384469,0.0007358383514111111,0.0033780136665888527,0.0022237017743420573,0.0012877975490652727,-0.004306048058223766
2019-11-25,0.017533753828463228,-0.004791662812458131,0.005351986963903377,0.010963202762490631,0.04893562948706465,0.0077505943456743775,0.0029308738246016652,-0.006630891120663285
2019-11-26,-0.007808811318120279,0.004814733391401704,0.0013689941163665953,0.005290120312584801,-0.019031846903823424,0.002265692035088085,0.00584435188146748,-0.002467128489122117
2019-11-27,0.013432401620441903,-0.005299919828770094,0.0029620988229335232,0.0019074857214633756,0.006456383561818324,0.0044574036809921225,-0.0029054613327038625,-0.000581932161914045
2019-11-29,-0.0022030284840725,0.006203971517371398,-0.0022718773715800777,-0.006171073243860126,-0.006873247002957883,-0.0037087018199897237,-0.002131188259757888,-0.00829693426992395
2019-12-02,-0.011562038330749758,-0.0005078146228696401,-0.002200827806722372,-0.012088752151203308,-0.0345573480087179,-0.008494780075978703,-0.01333326158841519,0.004256052006233801
2019-12-03,-0.017830115881512176,0.00957984896245434,-0.012854569080157474,-0.0016050473828984613,-0.0075987508977979346,-0.006706553391219061,0.020967275742106217,-0.007891898034103173
2019-12-04,0.008826194464560677,-0.0013658431498282386,0.019725385144745422,0.0036168920480701416,0.008475445980936414,0.006170134371525471,-0.009985003996296427,0.011343536162031986
2019-12-05,0.014670785278707354,0.0005758841931267078,0.005440598367165261,0.0005333342525655205,-0.003247081565223353,0.0017980251213653986,-0.004864105396077623,-0.0034959472519203727
2019-12-06,0.019316550208084315,-0.009928092682104261,0.014880496980397728,0.012139456463459597,0.016431928334065038,0.009134006985533016,-0.005534684855100669,0.016079397307092735
2019-12-09,-0.014000296536618495,-0.00029060665275248976,-0.0046651128460371005,-0.002570309883869637,0.0,-0.003144015327715799,0.0021680135812824908,0.002158126986523179
2019-12-10,0.0058449867915737475,0.0028347098739491816,0.0006697623817566445,-0.0015189861537954208,0.00853107340035697,-0.0011148735667346754,7.206600682074793e-05,-0.008613624697514144
2019-12-11,0.008529155993028947,0.00688553265084435,-0.0023793912622196434,0.0037711460066995883,0.01570215558276744,0.0028385300080224773,0.007861344517780422,-0.0014479786880259304
2019-12-12,0.002547964752023235,-0.003527249493396556,0.028618277601382136,0.010151618803425855,0.03096524291636804,0.008619250622768915,-0.016458303042434563,0.020011392626348545
2019-12-13,0.013593314126095546,0.004478873140076667,-0.00876679909564293,0.008418206247369886,-0.0003567261629747742,0.0005987750784803847,0.011568085774075643,-0.01578011741806329
2019-12-16,0.01711812356103115,-7.198680622300113e-05,0.0038738013785708514,0.006471305323392906,0.0051785286401664354,0.006870023752183263,-0.008990013536925745,0.011122187937432138
2019-12-17,0.0019652140918562377,-0.00021575647831872935,0.006116514929347394,-0.005401152882517635,0.013946458250337468,0.00021945276021351212,-0.0013788133122458746,-0.0045713681908550186
2019-12-18,-0.002389422011807474,7.200752478642158e-05,-0.001013442015265431,-0.0020686762100148304,0.005343817852761168,6.222078947137888e-05,-0.008212430920157887,0.00272701707920997
2019-12-19,0.0010010913481133255,0.002589559770448613,-0.004998272728697795,0.008680957127363165,0.025924821144509558,0.004098947428704314,0.0015999967246742575,-0.006870173812743574
2019-12-20,-0.0020716799919631157,0.0010044438566789715,-0.0008008693101336783,0.010917431886954043,0.01660584799380671,0.004384166006148105,0.0013190740892889963,0.007926523136540187
2019-12-23,0.01631864626827384,0.003081942822633188,-0.0002917852085655426,0.0,-0.002297407213004421,0.001527906289249259,-0.001463344273716416,0.005004157593423431
2019-12-24,0.0009507145473715006,0.009431992518777577,0.002769840514069921,-0.00019063843262601132,-0.0008375781846062802,3.147665208902417e-05,0.002857798528951294,-0.0038413320144699004
2019-12-26,0.019840285003642544,0.007857298625196796,0.010612162500608813,0.008196759144107224,0.002388873798378377,0.005322826160026661,0.002411424056924183,0.0015708219888523889
2019-12-27,-0.0003796143384946493,-0.0003511943393945671,0.0007187718234353824,0.0018276616308052773,-0.009699690524136106,-0.0002477765938411203,0.0010939579765598673,-0.0034218066057954966
2019-12-30,0.005935776213147559,0.0021077991140190377,-0.0036653606261697336,-0.008618563254604084,-0.019208779675621068,-0.005513203025158342,-0.003641458517068541,-0.005866528402553195
2019-12-31,0.0073058465572271025,0.0018929327941459295,0.005554523025200098,0.0006982775274686492,0.012827255823477435,0.0024292430942740584,-0.00979415636809755,0.004317749738434573
2020-01-02,0.022816782313598072,0.0073478173310379535,0.012123513599950009,0.018515855254733316,0.019591698646943767,0.009352030737522332,0.01129324134864218,0.016050668753463393
2020-01-03,-0.009722234527602125,0.013268521727000326,-0.013196546883073701,-0.012451885872787782,-0.016005836731430412,-0.0075721654387679305,0.015400614322682582,-0.008039698121363847
2020-01-06,0.007968241214080019,0.010489502076611812,-0.0007949188670601792,0.0025847716355940076,0.004193773937448464,0.0038148664630590634,-0.0056786821431632495,0.007678222240428578
2020-01-07,-0.00470297510964135,0.003935150508558971,-0.017000855732796194,-0.009117421092330491,0.012106718759596236,-0.002811405843611059,-0.004915806893340591,-0.008184086408153046
2020-01-08,0.01608628955894509,-0.007501524641443713,0.007801010896712812,0.015928537419063415,0.0018753527229311562,0.005329208921982298,-0.006610293518699906,-0.015080451189727895
2020-01-09,0.021240581175987483,-0.005651653463197515,0.0036513337633201637,0.012492803104017458,0.010982640232169993,0.006780905939682613,0.0035093597658775177,0.007655602867565836
2020-01-10,0.0022608217002868525,0.006026192495848015,-0.00996782275870678,-0.004627059244025289,0.005349221608140109,-0.002878051485348254,0.008890761927863089,-0.008887514540616093
2020-01-13,0.021364280459212903,-0.007419483430124996,0.008304145539059338,0.012024126292345949,0.03135244101332946,0.006877715533532891,-0.0030332376114479143,0.009545850113344967
2020-01-14,-0.013503195968600945,-0.0008915435213457945,0.011662034860540071,-0.0070429462530468,-0.018652070501778417,-0.001524894616684036,0.005144089056700718,-0.008596129242646744
2020-01-15,-0.004285645680646599,0.005834242779070742,-0.014985755287412972,0.00647630464229576,-0.006915405510945494,0.0022600085435358075,0.006631277603097674,-0.0015895096643561146
2020-01-16,0.01252673776930835,-0.0015695082440052577,0.0038768398185098363,0.01832317527974392,0.013682396674912667,0.008318202990676538,-0.0031504926464537286,-0.003907903138181679
2020-01-17,0.011071082625219608,0.0018454259925253513,0.00692151280632225,0.0055970792643837974,0.0014059237435284366,0.0031125627748216367,-0.008548080548788861,-0.00377805072771642
2020-01-21,-0.0067771664375507745,0.0010915790702048511,-0.00984060311709578,-0.0035909918877374825,-0.005375485226476462,-0.0019580625246661265,0.01050582430920044,-0.014293988759658371
2020-01-22,0.0035694160813957154,0.0003406555206315609,-0.001169582656816881,-0.004805050878064376,0.008752306755706263,0.00012055998445359428,0.0035131294890293763,-0.005770908071447867
2020-01-23,0.004816116275220272,0.002248122121045526,-0.0010244006337026823,0.006155868859632818,0.010994918991467761,0.0011472531905136751,0.007001860519989078,-0.006251207382027779
2020-01-24,-0.0028822301737266853,0.005845572586286041,-0.024827756570903303,-0.01007659521401183,-0.009411922673987716,-0.008893084361017656,0.008088652870347657,-0.006739455509709336
2020-01-27,-0.02940522249729416,0.006825312844883635,-0.008411654058496865,-0.01672310511283226,-0.04104130167764064,-0.016029657259023278,0.015553846487071477,-0.02382389592780365
2020-01-28,0.028289403188851203,-0.008926785569624784,0.018177869196462693,0.01959577003759727,0.03234819146467349,0.010478950972692136,-0.007830886562521622,-0.0013900294717493766
2020-01-29,0.02093245069829841,0.005417872354848807,-0.0014876822005793766,0.015592570558562224,-0.009799654836047167,-0.0008255011437184878,0.00977916733423001,-0.008352655197466197
2020-01-30,-0.0014490797327895155,6.732120695107646e-05,0.012366530894058148,0.028207686405063548,0.0010994876140852927,0.003244972736980767,0.00013859751788869445,0.010606906401034788
2020-01-31,-0.044338734740134056,0.005792420039608892,-0.025976670318153205,-0.014758672428588304,-0.03815957477192777,-0.018157597710435347,0.009129770646785884,-0.04121014624842234
2020-02-03,-0.0027464423576681884,-0.006495688802043542,0.007630682976728975,0.024379093755766634,0.016495446909083222,0.007428471885754906,-0.0008098644794485299,-0.02237616695433642
2020-02-04,0.03301358754527883,-0.01300895070524588,0.014396142218879637,0.032916318259269106,0.028294345736205484,0.015241348727971449,-0.013466993706648611,-0.012514367495835566
2020-02-05,0.00815446042745882,0.0012293105482077404,0.017000496139213617,-0.0012213315758394794,0.014688596081343874,0.011547643938573104,-0.01093460113491107,0.04602303536770003
2020-02-06,0.011696960528708278,0.005388399719282511,0.0001453844492309564,0.020733829623717392,0.013917852062725,0.0033649893452900592,0.004506288378534284,-0.013550106812951324
2020-02-07,-0.013592664648551467,0.002645857569860688,-0.003197333700576177,0.001415642053535393,-0.010462045641890683,-0.00532953764794819,0.012478368338300516,-0.006625751840069305
2020-02-10,0.0047493883655242985,0.0025712490701368385,0.004155250238601749,0.026157008060403886,0.045232323983974254,0.007465251252422256,0.002769585356517945,-0.010561106733583236
2020-02-11,-0.006033375076013092,-0.0034419552752806837,0.0018878738354413116,-0.0225755053235126,0.018709081679701756,0.001733416229469542,-0.005040392095438828,0.009506497786562429
2020-02-12,0.02374819215228463,-0.0008127480224853212,0.0,0.0014639503431403966,0.01735793740315983,0.006442726432883905,-0.005066119588531981,0.012225262302988371
2020-02-13,-0.0071213064869213305,0.00569345014846645,-0.0008697148715722802,-0.005414037871086075,-0.006457807927775172,-0.0010672446483723785,0.0038364654098221873,-0.0055494788738599254
2020-02-14,0.00024632053831741274,0.004178427664004669,-0.0030459938157673117,0.008927211043950667,0.07020449169503751,0.0016021799978207518,0.0043776056869597735,-0.004595259078506664
2020-02-18,-0.018310277916723128,0.012818816524224008,-0.01324038233787661,0.010143169822652398,0.023396363147257793,-0.002577039712651996,0.0068485432036771154,-0.012695695061530565
2020-02-19,0.014482702729800456,0.005831221275388376,0.013638886299074171,0.002999196035788243,0.06113239252419267,0.004781024485077445,-6.881359996502301e-05,0.0076819647745112185
2020-02-20,-0.010259147204909502,0.004084659090851872,0.0,-0.015271333062049308,-0.01906575299063551,-0.004108150962970347,0.00783349100747155,-0.007954897875589229
2020-02-21,-0.022634932359542503,0.015025216397275942,-0.012218868212856893,-0.03161287517997269,-0.04739228178117061,-0.010298236917277603,0.00934109836472885,-0.01219518966350397
2020-02-24,-0.04750027031007975,0.008985128746405113,-0.02687590252653349,-0.04311518523766722,-0.07069766974634906,-0.033165361574997054,0.014927406618987504,-0.0468458985119371
2020-02-25,-0.033872412805927676,-0.017874260693127697,-0.04464293252757423,-0.016501908211238314,-0.04109331542409134,-0.03030199820233237,0.005325229617399785,-0.03832511550278994
2020-02-26,0.01586370821159533,0.004370503298157802,0.0030096786373385864,0.012494703199076085,0.021369855633536217,-0.003678451647170178,-0.005297021760238274,-0.021955538137530595
2020-02-27,-0.06536830295311702,0.00019483522153040944,-0.04161385673411799,-0.0704590192221678,-0.05566544715656918,-0.04491175869018449,0.010849131405393786,-0.060177491195074095
2020-02-28,-0.0005848972865133417,-0.03649347478693177,-0.04333854209567445,0.02421282100080302,0.0691607351183583,-0.004201221080805229,0.022583202647959322,0.03251701499923776
2020-03-02,0.09310049692182698,0.005526297603759334,0.046593529783717,0.06653912732765677,0.023549290559840452,0.0433063209149438,-0.007357005973122388,0.04743396006237277
2020-03-03,-0.03175906798691064,0.031434333360162325,-0.03752451425017944,-0.04791921263793664,-0.03812882624648706,-0.028632686843066968,0.015525794845365759,-0.047884090599596085
2020-03-04,0.04638446638594318,0.0017545277375516921,0.0247093317502054,0.03671489585895937,0.07002869423287583,0.04203321094685131,-0.010618651509693544,0.021832291164491258
2020-03-05,-0.03243697612335561,0.021600945458936538,-0.0490612993366909,-0.025095154798101205,-0.039436055425517536,-0.03324190905870805,0.024891410364646704,-0.044067088640549756
2020-03-06,-0.013279922903230212,0.00038096105467699815,-0.05168045063017834,-0.0282671649666697,-0.026528769944751174,-0.016531079997795017,0.05204353074384804,-0.0482938557421122
2020-03-09,-0.07909226070878839,0.0016502348575044845,-0.1354551533075269,-0.06777257078019472,-0.07743177502990994,-0.07809414826402739,0.02710386422714728,-0.12224772361767133
2020-03-10,0.07202133377915265,-0.02110133630677158,0.07769710344238367,0.06838390623638957,0.06372220395819816,0.05174464958642133,-0.051258229842567116,0.03702810345851204
2020-03-11,-0.03473043001895437,-0.0035603512879937016,-0.04707077237081925,-0.04530209986579792,-0.05595978905304211,-0.048748479346978235,-0.03679747966686797,-0.032941879200252155
2020-03-12,-0.09875438112346091,-0.0398882588306293,-0.0824301653108983,-0.0948381424815603,-0.12236795283383928,-0.09567705140555882,0.006196823300595566,-0.11433995275426667
2020-03-13,0.11980816637396097,-0.03051623730778741,0.18012497425518803,0.14216890455469677,0.11340204175503366,0.08548635897388834,-0.022603405487019446,0.025282602027904
2020-03-16,-0.1286468843188806,-0.011446115323986206,-0.14964864555522162,-0.1473902849785046,-0.18452066442123594,-0.10942371795832029,0.06476538756086869,-0.09522591636344035
2020-03-17,0.04397000923559591,0.0135554799295321,0.061113374398306775,0.0823367026493882,0.10626272955165228,0.05399211334450049,-0.06668237844865232,0.06726596730089285
2020-03-18,-0.02447997573244043,-0.019921988429849713,-0.10526849985443032,-0.04209609150948901,-0.06650738090030195,-0.050632916421632146,-0.05641257321300175,-0.10024456985693286
2020-03-19,-0.007662065523844186,-0.018905499074657994,0.016807536918964194,0.016452894727065903,0.05004439142070227,0.002124997061790257,0.02722473892931565,0.03955321288460922
2020-03-20,-0.0634856580440154,0.014995707221804766,-0.021101908557368154,-0.03755875535268893,-0.03390125881206252,-0.04309421582583994,0.0751958346941104,-0.04908506092914422
2020-03-23,-0.02124420317952691,0.044179590424960224,-0.05353297794104461,-0.00997458855100597,0.033730075169194906,-0.02556837316451488,0.04120900809039951,-0.03940133807274793
2020-03-24,0.10032546669100695,0.048530353360380474,0.11894224177632551,0.09089547641152151,0.17156428997568995,0.0906032976796689,-0.018614415862838074,0.12686825392225032
2020-03-25,-0.0055087383629630615,-0.01368964099270864,0.0373178242150376,-0.0095722457939581,-0.014286696851739777,0.014970217054903534,-0.002271105350159841,0.05220055471237672
2020-03-26,0.05262309332350901,0.012822223412266576,0.06966073849437837,0.0625512247032145,0.04730885551948871,0.05838980836947694,0.0049214753546473755,0.0410299500322997
2020-03-27,-0.041402347028152375,-0.006460489804721581,-0.07123941809190315,-0.041061005780252624,-0.01753239600866685,-0.02978551837434562,0.026693662080918834,-0.04817125261822486
2020-03-30,0.028538103501932532,0.004400644787818209,0.0260070579920062,0.07034055281426421,0.05088432139775301,0.03247558258473915,-0.008229388284937689,0.014885175098562131
2020-03-31,-0.002040928966865807,-0.03184668568859872,-0.03711252983525115,-0.01572722161560869,-0.00749283511987664,-0.014905309269075295,-0.00811701265937903,0.012533126759908919
2020-04-01,-0.05261693626064967,0.009456223354449733,-0.06297883454573594,-0.03550843318398056,-0.07788292107716899,-0.04500492289466618,0.01401098113947441,-0.01158799612382877
2020-04-02,0.016686560121185634,0.0163934225377782,0.03734000581562413,0.020708659858994505,0.05101385160924621,0.023075477272711975,0.006345725524959933,0.07647263175437313
2020-04-03,-0.014371304462722612,0.0049374590529023266,-0.02955760520389339,-0.009210202434086434,-0.04524993055004212,-0.014454357503891568,0.0023791625572424646,-0.02945568736263171
2020-04-06,0.08723747504749624,0.027710521817620126,0.06436604134045298,0.07436791090212802,0.1004060713023951,0.06716615068740239,-0.0026110099398310993,0.03213468581168577
2020-04-07,-0.011582291440456749,-0.005354484768834378,0.013190432465248758,-0.010770449540347005,-0.03491046643308171,0.0010195371492356387,-0.010472702281652091,0.01902659613386959
2020-04-08,0.02559434901099289,-0.008907968786563414,0.04037943716213399,0.010031550574560733,0.03057524260006783,0.03356821490486861,-0.007276072826174151,0.0632877046712581
2020-04-09,0.007216126131294853,0.026123560972308058,0.0897136001828085,6.0442776483871086e-05,-0.014983940725207812,0.015217468934310752,0.0018177751342758341,-0.016419447972676582
2020-04-13,0.019627965404702685,0.017140343933811808,-0.044472524526773305,0.0022405367929987374,0.026240849953675704,-0.009130299327951397,-0.009129796478216101,-0.00857871740626237
2020-04-14,0.050503066746703906,0.007868093580683189,-0.02739571329841639,0.04948333080445555,0.05225105376061756,0.02949271976247303,-0.00024498011019025157,-0.007717733427518247
2020-04-15,-0.00912743440272401,-0.005101958505246418,-0.04931935486388184,-0.010477674214712018,-0.010952520063292948,-0.02124757030302471,0.026489641264172192,-0.04595770584798975
2020-04-16,0.007945583177782156,-0.0008649946516461338,-0.03811006272825901,0.030020691329422533,0.04935183905280205,0.004824563952539052,0.011357144169982014,-0.032855902818273774
2020-04-17,-0.013568398975882578,-0.019417471147623044,0.08988901050387477,0.008811485192269375,-0.008075846579601254,0.027014914551156233,-0.013404098406414655,0.10395896805544425
2020-04-20,-0.020756708961848336,0.007126124562213176,-0.03645739590514385,-0.01982068561087158,-0.01802816827514564,-0.017617835232140444,0.008044248329354131,-0.047200229957994444
2020-04-21,-0.03091033527423792,-0.006825274631933054,-0.02900453421632776,-0.04135741407559046,-0.06110431389939264,-0.03036302440552352,0.012591592000687157,-0.005342443707883615
2020-04-22,0.028803188106778954,0.019670860003665247,0.0032566813388730242,0.033965192962772894,0.06174178969232669,0.022194669619787666,-0.01021708192359938,0.028564273118475425
2020-04-23,-0.0038751650613817468,0.00995486708021609,0.0005598785653440075,-0.01210245027998924,-0.007478771836560649,-7.203023170843093e-05,0.005309097816925679,0.031331979996626735
2020-04-24,0.02886964235850553,-0.004285520778353313,0.014766557020264193,0.018259245391707868,0.01964726957344176,0.01393849606262032,0.0023464983179646293,0.006443935822808111
2020-04-27,0.0007067609818796061,-0.006640444141094992,0.04310440566020368,-0.0028644841410744304,0.025864170785627305,0.014418638297221564,-0.018614170887417236,0.004801979245969923
2020-04-28,-0.016209088321791132,-0.004456556273727319,0.007081123961421243,-0.02436066898075806,-0.01925415144349185,-0.0045985623970268286,0.011511493001041817,0.02344130533694111
2020-04-29,0.03284520862444529,0.005533445721913166,0.026970251003857193,0.04487336882071613,0.024368607953938026,0.026178400798270607,-0.005189220740467793,0.05537021784568652
2020-04-30,0.021095903982991437,-0.018116569301821484,-0.021459174308517626,0.010032309019760044,-0.020706620306816692,-0.009310173535023503,-0.011676281337094752,-0.02085968780180969
2020-05-01,-0.016099701845819325,0.00617125761149806,-0.026211366819337778,-0.02589114181007046,-0.03250290070948503,-0.026473679289473306,0.008563222480268529,-0.07165937999576932
2020-05-04,0.01414929878879767,0.003504803873276119,-0.01190378530185665,0.024459804449192157,0.030094255725245267,0.0027579294296329326,-0.0047036843931784755,0.040334094861302905
2020-05-05,0.015008600738167122,0.004241037483481591,-0.0015194560633781107,0.010735800226099323,0.00841073236775558,0.00923945213313071,-0.006401077731685301,-0.001113882258370169
2020-05-06,0.010317182902862987,-0.012855591040204617,-0.018804129981441653,0.009847312376865203,0.013787563227560806,-0.006778604057648963,-0.016135561196432224,-0.018737279752545022
2020-05-07,0.010345021527379483,0.015350754880484763,0.010413018640528682,0.00580680135851841,0.023775289465974403,0.012066847515594947,0.01670596225858434,0.005682775629671788
2020-05-08,0.023801987574279204,-0.006010293229887331,0.01633603694193475,0.005882527787688163,0.025027087641087187,0.016546176189338402,-0.013001145143997528,0.04385175387322793
2020-05-11,0.01573490181985515,-0.006233636774804485,-0.02944976932271548,0.011154239115568787,0.0323839343746386,0.00020509537959489954,-0.007805161911143554,-0.009527795510294035
2020-05-12,-0.011428028832872195,0.0038890673962401756,-0.032677580250166205,-0.02265169875240658,-0.03260812081308195,-0.019931478962462057,0.010263899131857102,-0.016715127960937326
2020-05-13,-0.012074203507828729,0.00962264814750724,-0.03447093719208105,-0.015122358123259683,-0.0028835734714188765,-0.01768576796329091,0.00699647134293202,-0.049637505375920266
2020-05-14,0.006143362752436321,0.008850059782004704,0.041532699723249245,0.004339229578300907,0.03219808390236256,0.01196705575820367,0.009787268877892163,0.00882440091355563
2020-05-15,-0.005912078741097115,0.0056438144895878395,-0.018509969463459286,0.014568418169084385,0.0573122987273722,0.0045969713576377025,-0.0025726601467392918,-0.0070921099561418455
2020-05-18,0.02356135573824436,-0.007564144999551381,0.05296879339353677,0.009554360696496511,0.030563103889446275,0.030459656122334478,-0.021953897790428,0.079523522248649
2020-05-19,-0.005778716729597622,0.00965020617044443,-0.01967956726631581,-0.006922223601638744,0.006313952609479978,-0.010270935527065816,0.0037408882738980687,-0.03087779488029352
2020-05-20,0.019448496913625712,0.0023742810342795018,0.029999038047743287,0.013870553134539554,0.018681606610766233,0.01698807437634775,0.0029941171494081154,0.03254449811126792
2020-05-21,-0.007455635159650642,-0.0145763375976391,-0.012701320771021374,-0.012011020103162573,-0.02171127496463754,-0.006904451670295519,0.0024974467528744437,-0.017853322185033438
2020-05-22,0.006438292090874098,0.005916836449104457,-0.0077630624481282995,0.0004361928763680911,0.028602899580345564,0.0018993254781527469,0.006016257386223245,0.0008976623860392774
2020-05-26,-0.006773388546529979,-0.014214859559966153,0.07097365821389023,-0.01057149070756136,-0.03417818087904467,0.012320690811294055,-0.013409705633445346,0.02937243691760205
2020-05-27,0.004357012074704292,0.0018024320171106112,0.05792124769515716,0.0013214529298042343,-0.022081007859332424,0.014879057163366127,-0.0018372451802730616,0.007187810839811348
2020-05-28,0.000440221698144061,0.003350344766475555,-0.014896235552227188,-0.002254966435983996,-0.004486684704851918,-0.00184519770492364,-0.0036800064585785774,-0.025951555799568204
2020-05-29,-0.0009744396526324417,0.0073584122707384125,-0.02553575315636425,0.010198424982782672,0.045775954661013696,0.004455908423611543,0.0071412614092716264,0.009546837536716035
2020-06-01,0.012298203097257598,0.004603768848692402,0.013256452294939214,-0.002291911685797343,-0.007802581975547507,0.004041854162726954,-0.006732415985767459,0.01781438916437006
2020-06-02,0.0046293807223976025,-0.0064768271714218395,0.0033470175929684043,0.011376564777052511,0.0021575550727850334,0.008280032888760003,-0.003635725307176041,0.022255549850719536
2020-06-03,0.005504956683546558,-0.01845018380928054,0.053977533910551934,0.0024337733740522616,-0.006317099907864332,0.013308705109211338,-0.013297389197462706,0.04079498235625678
2020-06-04,-0.008612079868572597,0.010526269495827023,0.020811449155845985,-0.013163714524428993,0.00011443984972636656,-0.002626973868758764,-0.014479187592633558,-0.002843254794355654
2020-06-05,0.028481025036445562,-0.02027532426346157,0.045001771839535465,0.023398138448749384,0.01750980714884154,0.02562922559760472,-0.007123035846026471,0.0810591692817566
2020-06-08,0.0059127365767321916,0.010822142733466267,0.019958585460934763,0.00619682316444381,-0.012892565250137156,0.01208774543754676,0.003843165452311448,0.031273366027701366
2020-06-09,0.03157778724668825,0.00964183116931494,-0.02564971289979534,0.007644949781969723,0.027370747344436452,-0.007456397673444082,0.011358946746263365,-0.022287217582210528
2020-06-10,0.025727308362105905,0.014324773012967418,-0.0405285862706074,0.03709171731962346,0.03545735129157612,-0.00558004506161347,0.014826950955216356,-0.05362470579428458
2020-06-11,-0.04801011924143206,-0.007214084989501601,-0.08344327961351738,-0.053698786010061283,-0.06090661873656078,-0.057649229690524995,0.018901192494481744,-0.08825285017756002
2020-06-12,0.00863342768388864,0.0014163170663434865,0.027363403727713065,0.007892067623984422,0.015489477352538694,0.011975596396525567,-0.009641354847889194,0.021437897309859677
2020-06-15,0.01236692804736994,-0.0017832572551969017,0.013817917145359848,0.006391745260532211,0.027008276972237955,0.009335896197018467,0.0005549947594571947,-0.000635916261390479
2020-06-16,0.026502468984346272,-0.0004928345355281749,0.008000183738992694,0.024505147431925778,-0.0114731875233679,0.01924737108654817,-0.015334211085484384,0.02248606345079396
2020-06-17,-0.0013918922366735753,0.0019106166939522051,-0.02527939665787604,0.003461086598571139,0.01847067837387706,-0.004153716877867475,0.004127779072202742,-0.032572557439972116
2020-06-18,0.00039830183390066054,-0.001968455156468263,-0.005428291122617557,0.010708783423985624,-0.0019490680075254785,0.0003850012073338682,0.010587886958746351,0.006219119860469968
2020-06-19,-0.005714426532130168,0.011032995719469696,-0.011421209471934812,-0.0059597297523164006,0.004692032794651357,-0.005714934176786035,0.0008018062771406598,-0.020033860401650117
2020-06-22,0.026163596857148974,0.006462217682632332,-0.010836968681706693,0.027773490983528104,0.02866812340464553,0.006415187811390055,0.00012301111658974406,0.009569551230604212
2020-06-23,0.0213446889686566,0.008419646377624934,0.01219636006063296,0.006680905177409491,-0.008056550123085704,0.004603865309468436,-0.006834916537219682,0.0060318555274876395
2020-06-24,-0.01765186380742323,-0.0034839130582626776,-0.03339128336428265,-0.020157607929087495,-0.022698064511943006,-0.025508831123649767,0.0107253046501119,-0.04710952483209563
2020-06-25,0.013275341035643207,-0.0006027175913517757,0.03486167368055226,0.012636486370472433,0.0275563819723339,0.01072057204281962,0.002883151726482458,0.01505603383677756
2020-06-26,-0.03072584771043152,0.004463149702982783,-0.05481823417004572,-0.020015967002489865,-0.03530029271783386,-0.02375157847886389,0.010703275514635457,-0.034314700138042276
2020-06-29,0.023046675815554307,0.0005404803669293301,0.004427895567527429,0.01074736269039489,0.004915205973052839,0.014697615385651952,-0.0031471825677591436,0.016047788090690407
2020-06-30,0.008347597387837524,0.004440918278166173,0.011397942268833505,0.025549110174753586,0.032364250830207775,0.012809629910767173,-0.004856045142425103,0.009025232530429195
2020-07-01,-0.0018911405319247399,-0.004481089931769877,-0.008505193264268018,0.005847541731446304,0.0033953749100568142,0.007004877901997109,-0.0019419183626214753,-0.02258496121064668
2020-07-02,0.0,0.0021606086958432247,0.0032481082787481075,0.007620766240977295,0.008630873090475832,0.005506801621956381,0.0010397059575242285,0.008464931305643741
2020-07-06,0.026750074445467842,0.005988741319838731,0.025253564849294863,0.021526272871494667,0.02361557706300399,0.01543735929890988,-0.004094986831181591,0.007032665944333161
2020-07-07,-0.003102747898824587,0.006310260659329048,-0.02821057207095523,-0.011627885714007191,0.0033031381467758525,-0.01031401842745372,0.014056468772463804,-0.02590698715868489
2020-07-08,0.02328992581969147,0.006211565862881185,0.010615394084008356,0.021992853340224272,0.03487205865939402,0.007648711001464248,-0.003995447805807628,-0.0023126070788945796
2020-07-09,0.004300608181172283,-0.0027044004055614135,-0.021650420583562813,0.0070008621528476755,0.02868058989073874,-0.005692779604764997,0.0159213976735324,-0.041260728415772996
2020-07-10,0.0017490528089851853,-0.0025938951172596036,0.05466692747521984,-0.003032885194396595,-0.0028307891027475884,0.010210508329755674,-0.005024448255485425,0.03118968789409937
2020-07-13,-0.00461292367830568,0.0012411575864292868,0.014334474709551293,-0.03088873985956575,-0.04074706177018539,-0.00865902408439112,0.003306679745860297,0.00023397326565866017
2020-07-14,0.0165482348876822,0.004663568910189042,0.005734986806916975,0.006181703441662245,0.03230611058176347,0.012958945551061918,0.0014387137766236346,0.03305222578697076
2020-07-15,0.006877138094748325,0.0008813320073604025,0.015477046723583632,-0.0014882367272630592,-0.014431209370300735,0.009187238469920533,-0.004667336807620659,0.012707003895455982
2020-07-16,-0.012304748871576843,-0.009451688651900159,0.0028075536916001287,-0.01980379702929158,-0.009044462376943896,-0.0032930373927521073,0.004749530262887713,-0.007842253907761165
2020-07-17,-0.0020201744782230024,0.008238009985450212,-0.018498301326104527,-0.005100023294643541,0.006586373370068399,0.002898765713182927,-0.0020945980686535304,-0.017163657248531194
2020-07-20,0.02107357969211665,0.004820170160796611,-0.008761285982639921,0.04298121146650957,0.030313899037381242,0.008081774234816264,0.00245778294246235,-0.023437123101681112
2020-07-21,-0.013801372806906187,0.012050997596656066,0.021685663341627803,-0.013469118781945899,-0.01733895921032569,0.0021274467400078656,0.0005984629891009341,0.05058792760749031
2020-07-22,0.0028091713135525165,0.015202340363078104,-0.00724295773860506,0.014371365794233038,0.01067411978167554,0.005691973730763689,0.002988871784951108,-0.023292067889217782
2020-07-23,-0.045516519467554195,0.008825301770064575,0.0029385927370852993,-0.04349468277019819,-0.029601068345670445,-0.011931673306469937,0.011681265180072842,0.0020637097022675466
2020-07-24,-0.002477184198267035,0.008578870839228259,-0.007072204781670699,-0.006122286575197422,0.006392135468667126,-0.006440410732533541,-5.887855472486159e-05,-0.006178491771996586
2020-07-27,0.02370033891902401,0.019753770786684832,-0.014041132421360403,0.012667866415998708,0.022266698332086277,0.0072921313967513335,-0.0037113055762904024,0.01473629491699513
2020-07-28,-0.016427794697321696,0.008341131032750582,0.004334186002209028,-0.008977225941579237,-0.01976677031327312,-0.006342241109738356,0.006918785237961966,-0.01179947285629146
2020-07-29,0.019168449527045883,0.0075102306547618625,0.024249825030745242,0.010097950292661917,0.024472404546245885,0.012299069624909231,-0.0017041119715057729,0.011022108989189094
2020-07-30,0.012100359041048447,-0.007400261112961215,-0.02668527711709412,-0.0007841109093295051,0.01418970822745469,-0.003567937588357495,0.006588779678553758,-0.049057693576393224
2020-07-31,0.10468843860787214,0.009087931099623692,-0.00391704110386526,0.005443797045092902,7.049839112927003e-05,0.007902119326083312,-0.0006419778046169444,0.0050157098578620385
2020-08-03,0.025197553643632187,0.0011325390830079218,-0.005587532846664245,0.05624143917945168,0.03725960930939198,0.006951827805606214,-0.005035381605878464,0.00403975965948189
2020-08-04,0.006678267878925448,0.021277725496817057,-0.005723207498147587,-0.015008807799586243,0.019754262347164486,0.0038628328475647233,0.009532448214845779,0.02887567740490149
2020-08-05,0.0036247642236264532,0.009283241730160707,0.017373053202009103,-0.0016410303499917456,0.005254776445016596,0.006211006761003501,-0.008742664747209083,0.008741681725371375
2020-08-06,0.03488904381702862,0.01327406953286836,0.00030871515223362955,0.016013962827612582,0.004319192777316738,0.006684446356696849,0.005586047617871737,-0.0047886676235890935
2020-08-07,-0.022735731529271885,-0.01588530528005727,0.02200738621093712,-0.017887956445372666,-0.011997558345963832,0.000717718549064772,-0.006665460365466225,-0.00458338347181364
2020-08-10,0.014534941957425884,-0.003458957447482147,0.012678801168635623,-0.019907590868790237,-0.0030802325906673644,0.002989455192541568,-0.004474506039124804,0.024631717185363833
2020-08-11,-0.029739945553123648,-0.05369440853432983,0.031597376074103956,-0.023385445229318513,-0.028213552971067313,-0.008254812007028045,-0.011885080608929344,0.010334879989664758
2020-08-12,0.03323430327275245,-0.004668202325739945,-0.008476008324583728,0.02856722704099557,0.054401184396288826,0.013942104474424122,-0.009095814128823987,-0.00022673617126311996
2020-08-13,0.017697495135436947,0.023618065792215592,-0.0055372742848529555,-0.0023423026441956596,0.00024018774843170831,-0.0018075645880754054,-0.01068902092764179,-0.024495367390954925
2020-08-14,-0.000891125707882412,-0.0043092158240957135,0.0003906117334135928,0.0009582127106066984,0.010574263364582448,2.9613287846341763e-05,-0.003906813513801288,0.004417502225139813
2020-08-17,-0.0026108012738788045,0.02169391289315903,-0.02636463629032315,0.006606083809496344,0.06684548180126293,0.0031767918976508547,0.0025123753421258943,-0.012962873457509017
2020-08-18,0.008332907824314839,0.009008003623491856,-0.013939996402570043,0.005754403215900261,-0.0061808078104883535,0.00216025422508781,0.007152408614867989,-0.004924947047275641
2020-08-19,0.0012544070149871356,-0.0315654554884125,0.002338919173710874,-0.006067007539069413,-0.009970660416474209,-0.00416352871364023,-0.006251393279123385,-0.011076945701432361
2020-08-20,0.022189870713227755,0.006913929262821306,-0.011973629053083079,0.02327129756708235,0.0002059284178927978,0.0031134693712302486,0.009039006238068525,-0.015252809750899265
2020-08-21,0.051532420770073584,-0.008010905834894388,-0.0005133145352393953,-0.007270112390410199,0.04468318489653611,0.0035472765632591496,0.005992203278904151,-0.007502188060021675
2020-08-24,0.01196019163728912,-0.005658401286623649,0.028154426128254695,0.003145529059719099,0.002897655648524955,0.010133025859002442,-0.001624533132363215,0.029504715568588136
2020-08-25,-0.008203764898693011,0.0012154763574758753,0.004397345969811894,0.01300919063326278,0.002338542077789496,0.0034993762157993213,-0.007653657617102239,-0.03173830198019012
2020-08-26,0.01359891199630181,0.011808847672626355,-0.01402993185433865,0.02161976567902979,0.0018039937191232092,0.01002567134248844,-0.0038263639552823525,-0.02128194110225823
2020-08-27,-0.011954286349458498,-0.011561927956646123,0.032899625667465404,0.024553563508055376,-0.011332535685800948,0.002186595314542128,-0.017008809904356936,-0.00674846915473315
2020-08-28,-0.0016198630380477308,0.017380235053033877,0.004103310179616626,0.010283120668113321,0.041138046530584615,0.0064591862576448555,-0.0007440345292339945,0.02390528753057608
2020-08-31,0.03391236744823156,0.002386259791001155,-0.025104315791714127,-0.014765534618792264,0.017246131013931132,-0.0036225524210955484,0.006640591015572905,-0.018431995717686833
2020-09-01,0.0398324824187426,0.0011902895553947967,-0.000499043891189821,0.007715068505601774,0.033693871247075124,0.009418689403628111,0.011438242338418503,-0.012768751095442621
2020-09-02,-0.020718546516944603,-0.013131628719242117,0.015078863529789821,0.019272410636464787,0.038021777339242835,0.014463866836073924,0.00951974053199467,-0.0060869029425744126
2020-09-03,-0.08006072650928708,-0.00810423703378893,-0.0031482521470922453,-0.061946869617506506,-0.09277544343359634,-0.034414049551710346,0.002841603937937087,-0.002041207987195981
2020-09-04,0.0006616890007038467,0.0027602959130217375,0.02161279424346807,-0.014036006760867026,-0.030194704152434082,-0.008164704085364738,-0.018988392617991234,-0.0007672431519150091
2020-09-08,-0.06729483712756901,-0.0019269219593246456,-0.03477593797102985,-0.05409537170255185,-0.05620924773197922,-0.027323152346247714,0.006144572987281771,-0.023029637532097302
2020-09-09,0.03988628181295417,0.00970825655471863,0.00950745565102129,0.042583348057975146,0.06732161079238752,0.019747461863936833,-0.00268726283486842,-0.006023977143260195
2020-09-10,-0.03264560322528598,-0.0032231430104036063,-0.010310103527691905,-0.028018184249150146,-0.031714324304148445,-0.01736362308237105,0.005082657547905933,-0.025033211046217807
2020-09-11,-0.013128895532434348,-5.486005292487661e-05,0.012420883116327941,-0.006525162977012666,-0.011960362918518319,0.0005091489500861357,0.002132483224756676,-0.00270245039190109
2020-09-14,0.030000193127810437,0.007892586821005798,0.013851921126185607,0.00676370228595391,0.05818154331541914,0.01317122000736659,-6.062904988346496e-05,-0.0065041126457012766
2020-09-15,0.0015601587731894906,-0.0023927480714920346,-0.031131057575877974,0.016406374622512043,0.009225471569863641,0.005052115607679042,-0.0024321330179088996,-0.010638425801854479
2020-09-16,-0.02951344710020276,0.0028345831622316187,0.004230195504695278,-0.017865764145525986,-0.036679356059223345,-0.003968478568686318,-0.0029863212357605917,0.04245950637970486
2020-09-17,-0.015963882783189054,-0.005489995652194879,-0.011434089791014235,-0.010436468798686871,-0.004075294562814635,-0.008795131961700231,0.0030562286687116913,-0.0002645196054258392
2020-09-18,-0.031720045590936,0.0013117087099276947,-0.002130684381200232,-0.01241928851558749,-0.022004207166969714,-0.011512676376816966,-0.003107805587613588,-0.016137786521245867
2020-09-21,0.030325877067279405,-0.020087296599797022,-0.030910035291889293,0.010729113987175909,0.026908920209337994,-0.011129882131875934,0.005074040907957267,-0.020435712720223043
2020-09-22,0.01571584492512601,-0.004846314367596194,-0.010911832753336181,0.024094121092648857,0.009626683653851886,0.010184620730082194,-0.0007906875030636584,-0.024704538772233997
2020-09-23,-0.041946248646072104,-0.021606497297661065,-0.016229837093240107,-0.032928378922810864,-0.04067177167911784,-0.023191000160784236,0.001339576176466517,-0.03208569420139151
2020-09-24,0.010268781872184496,0.003718800733685912,-0.0008627281404411935,0.01296164089449281,0.01849667873823657,0.0026655416340497506,0.0038296866598650503,-0.002035496483575705
2020-09-25,0.037516192483024735,-0.0028499771605223767,0.008741633365183299,0.022786711512503555,0.04257775073596193,0.01616682889203136,0.0,0.009324055553751931
2020-09-28,0.0238688638420812,0.01006056066236427,0.028779464147009604,0.007795034231677711,0.012525520094333498,0.01660934528317015,-0.0028467657151262094,0.01934167132318909
2020-09-29,-0.007567942139623751,0.008432402483858015,-0.008423549319999113,-0.010408723067207304,0.014633741666411293,-0.00544589526755257,0.0011545621463859845,-0.02917015867584538
2020-09-30,0.015075986274514896,-0.006004867330144381,0.009648771871908046,0.014812212843190453,0.02304222788657362,0.007582088313141,-0.00958536490899442,0.0014587228218896353
2020-10-01,0.008462159387625068,0.008920516455577454,0.007271100989627799,0.010127118931211543,0.006208091805487204,0.006419798885659134,0.001649329640758257,-0.03495475472297194
2020-10-02,-0.03228021547846127,-0.0008953758525005462,0.009487394247519987,-0.02951135469292354,-0.04056327370355206,-0.009494090186414117,-0.003733937358016859,-0.004527706217836824
2020-10-05,0.030791246182568566,0.004872915921881216,0.021136115365756547,0.02032086824158119,0.04442168887168174,0.017732835287153748,-0.019539230356588222,0.02304424293106533
2020-10-06,-0.028669553813713167,-0.011760774579356315,-0.010298742159344898,-0.02124709551319781,0.006890373948976292,-0.014216012236474063,0.005389245352455552,-0.01037347868771843
2020-10-07,0.016966924301767605,-0.0004512229536247636,0.017445498042251817,0.019037511147226738,0.016561777431683744,0.017406689622781135,-0.0072922990521993025,0.003294381640024824
2020-10-08,-0.0009559249954975702,0.0035549310375408982,0.020555503729365432,0.003574047536328173,-0.008969378208346757,0.008862360268854008,0.005399387319281912,0.05253724613420885
2020-10-09,0.01739606477967337,0.018161347296547614,-0.005698556875723071,0.024836376136393,-0.005491959867650387,0.008930347609088285,-0.00018733519926228404,-0.014747516742819489
2020-10-12,0.06352052918588336,-0.002871682500567352,0.012252996737716959,0.025902304418307542,0.03365965056547959,0.016087359875789575,0.0031863283974500334,-0.0031662222032567966
2020-10-13,-0.02652732387070955,-0.015728823528417535,-0.01620461788479166,0.006594652970393078,0.0015640252907536123,-0.006525950068362207,0.007160516094595115,-0.011839315954986107
2020-10-14,0.0007431695238402369,0.003094772946095059,-0.005556745920494044,-0.008974512092466802,-0.010738017002095757,-0.0062834670861992015,0.002286955795482992,-0.0020458202290154492
2020-10-15,-0.003960886987381729,0.003646120384284801,0.014967159699723176,-0.005433266966215267,-0.008886197673542262,-0.0012358957711456897,-0.0017275721443900105,0.008784660486171436
2020-10-16,-0.014000466030592129,-0.0034652086045857677,-0.00206456671035371,0.0,-0.011345712177542766,-0.0006040853264824841,-0.002779824224980798,-0.010159546047756485
2020-10-19,-0.025542084562204637,0.0005047466985432791,-0.016845619660669664,-0.024765537214979427,-0.022716321981922305,-0.01520363993227869,-0.003779742883186832,-0.01994168547820363
2020-10-20,0.013192293802591015,0.0048209014703402,0.005711507222961432,0.0020072738820919866,0.010946134547115127,0.004005797346492201,-0.009516246060190192,0.008378450426619777
2020-10-21,-0.0054465257531242095,0.007531414803434222,-0.00996319343232921,0.0006989375150012744,-0.008849181093997571,-0.0018930185927991117,-0.0034535877759866995,-0.01602375102963771
2020-10-22,-0.009583247327156874,-0.009800687777642647,0.03532219892036781,0.0004187862891891214,-0.012107311906512486,0.005485662468715624,-0.010396900769017003,0.05126654461407454
2020-10-23,-0.00613398838287782,-0.001062475196895396,0.009039920270100588,0.006236014316689298,0.01715827469125264,0.003395155792328408,0.006112377728746399,-0.020080183151893527
2020-10-26,8.690141352563074e-05,-0.0005037860400700644,-0.024756621600851902,-0.028441928972463337,-0.03303853344437768,-0.01847997261604062,0.009303749032931519,-0.02371199512826283
2020-10-27,0.013472377186361628,0.0026323226696718383,-0.018866302297689708,0.015089066091124925,0.019442696206642074,-0.0034477641173842333,0.006709355018647445,-0.015892166328313695
2020-10-28,-0.046312218191173926,-0.01614344386479838,-0.02808793732821835,-0.049566007366148135,-0.05745817414296006,-0.03417866072862763,0.0009339379163681993,-0.03808637174845364
2020-10-29,0.037050654554065865,-0.004144728133141373,0.006525393265276458,0.0100651331420476,0.03144078410353601,0.010163566038727145,-0.009707642978886266,0.04434581685472949
2020-10-30,-0.05601816201350884,0.004561020978312902,0.008953415131733866,-0.01099079561838845,-0.037622692164314575,-0.010424997909479039,-0.009865172738694139,-0.010615821221327426
2020-11-02,-0.0008268023557977955,0.009704919089013941,0.022542022370294346,-0.0006912314455492785,0.00372951071157801,0.011208613843492143,0.007490094975785455,0.04199916045342045
2020-11-03,0.015353371383877379,0.005676996717700833,0.031521208973442905,0.02026386911737177,0.03487483642903855,0.017655730498089994,-0.005800882561275533,-0.01706395355259227
2020-11-04,0.04083686704736311,-0.0005588578456844351,-0.030557984362543977,0.04824876044682047,0.05950665089782636,0.022349313241929236,0.021692130842429602,-0.005387756735529714
2020-11-05,0.035493729167704435,0.022983923404670703,0.040897766130499225,0.03188682526819031,0.026514712022257525,0.019502631495765144,0.0017378861459460548,-0.0018056473002471263
2020-11-06,-0.0011360568874274612,0.0014213621387162423,-0.01332060482855757,0.0019258823613790277,0.02838987453286701,-0.00022843509988235144,-0.012084930060695998,-0.011757463475405627
2020-11-09,-0.019968108978037802,-0.04427097823171633,0.13539235711879405,-0.02382452923329248,-0.06395072661548651,0.012566047108537592,-0.02101472644471425,0.1266014919252043
2020-11-10,-0.0030088393304233962,0.0033127817282887495,-0.0032506396785897396,-0.03379269552372288,-0.06314747140214982,-0.0014667363357117047,-0.005767138206490552,0.022185631513415682
2020-11-11,0.03035259618760211,-0.004326595410341194,-0.014932886806771739,0.02625465318833342,0.0507438143354455,0.0074283587102959014,0.0036090988577142102,-0.010309685843011729
2020-11-12,-0.002343318349063095,0.006060679556170845,-0.01228448196458376,-0.005125781319274658,0.00288790733684241,-0.009700780324817138,0.01701790148588156,-0.03426550457659194
2020-11-13,0.0004195078459625634,0.006819714153532219,0.006262618412974819,0.004966574691409376,-0.01187133009048058,0.013844562812058703,-0.0013258057492854247,0.024127230760131235
2020-11-16,0.008720445048851388,-5.650127239831271e-05,0.02822602567920396,0.0033253092753613434,0.016413359979301045,0.012482271020108904,-0.0024025273436075745,0.057649822351748314
2020-11-17,-0.007564310048466583,-0.0036691725592956637,-0.010145200101726037,-0.01275133991433397,-0.0068811908518107145,-0.005378294956692398,0.006527790675023626,0.013364751856126178
2020-11-18,-0.011391513701115352,-0.005722348480656891,-0.007406573876841405,-0.013183597724409468,0.0004845313543522245,-0.012034618198698999,0.0028964134209621406,-0.03775564639550966
2020-11-19,0.005168178517602318,-0.0018804594035273237,0.0026896781108514123,0.006348038345820317,0.0008562565320320292,0.004210267505354137,0.0051487564549663745,0.0051065502449316735
2020-11-20,-0.010957423954044199,0.0030257979459697992,-0.00856688081645074,-0.009556588289709067,-0.026227065828526297,-0.0068482061386341275,0.008869552651679324,-0.012299495575734287
2020-11-23,-0.029742595668165284,-0.0196938167555728,0.02880330339786652,-0.0013306670895971706,0.003992152109557834,0.005994868812897458,-0.004581368253633755,0.06551141991906473
2020-11-24,0.011594094948429445,-0.015328336846880064,0.04623729919274244,0.01784779484846566,-0.013869739458653219,0.016113642025477493,-0.00995201689823777,0.06656504037559907
2020-11-25,0.007467228014370164,-0.0004717367343725076,-0.010460599435169748,4.6830071000369955e-05,0.02137688931478543,-0.0015419929320401593,-0.0030786898830720277,-0.02787026449121688
2020-11-27,0.004826391999937174,-0.010146901518740647,-0.00663761713457911,0.00635888228502135,0.0020023475549366676,0.002784952265827201,0.009705317230429555,-0.015192393556574202
2020-11-30,0.02109970876331224,-0.006674981596057172,-0.027553148941171002,-0.005389398514331067,0.010575966153210326,-0.0044270304616326195,-0.0012487307282986748,-0.051256605349438544
2020-12-01,0.030827147956551837,0.0210595460814611,0.015778538282108734,0.00999643187104704,-0.0008580692313068239,0.010937474218153165,-0.014743968376573213,0.009703733335500342
2020-12-02,0.002933631529353775,0.00752153069206285,0.01920848800838959,-0.0038849127294611208,0.011538589194521887,0.002103626510347123,-0.007936125301063357,0.03740257104203182
2020-12-03,-0.001137484200102179,0.007873502810363364,-0.006555496776250447,-0.005246760304992049,-0.010671810980413254,-0.0002725698204827376,0.008063703894651386,0.006760157824659441
2020-12-04,-0.005612401213429319,-0.002835427586930339,0.00907321531032057,0.0005599948227879015,0.012112062470854834,0.008617588922133157,-0.014666249321114821,0.03655828239046488
2020-12-07,0.012269771181494527,0.014914066598165077,-0.0037600520342291333,-0.00032637525628465003,0.003576977763471101,-0.002054980523332417,0.009020688611927286,-0.018713942625526725
2020-12-08,0.005091029531854252,0.003487910186290799,0.0009845286597955916,0.008026458443822104,-0.018869110215864904,0.002926375943980597,0.004725585295836554,0.03276256499935237
2020-12-09,-0.02090362517459965,-0.017094017094017144,-0.007786735815338064,-0.01948979534491091,-0.03140472998905264,-0.00896875620811699,-0.00330483635697687,0.013257609905489742
2020-12-10,0.011988678852580925,-0.001913054093070632,-0.006443823912433255,-0.006043650362405506,0.0032092553089630993,-0.00032731810587360854,0.008863405289388115,0.028270878857263648
2020-12-11,-0.00673481055084002,0.0018586706605219216,-0.005903253363822136,0.013015517997372994,0.003160827528296606,-0.0011724488998762217,0.003539974233021992,-0.004771655630363414
2020-12-14,-0.0051465033066243615,-0.005507636250083436,-0.010538587584913661,0.004407820379634053,0.022707559817343625,-0.004477511746586393,-0.0027715061763080584,-0.036073048758031745
2020-12-15,0.050090132540419496,0.013990959829817351,0.017075023293296354,-0.0003267681422685076,0.003888367833769335,0.013519651230506469,-0.0033474226432707033,0.019422239113063622
2020-12-16,-0.0005472715049363863,0.005519095329445722,0.002908992710750402,0.02405052224651838,-0.008831885289625196,0.001569445975032835,-0.0026615006572389133,0.015334501347620044
2020-12-17,0.0069633630466310326,0.010520363984510617,-0.008287039298329857,0.0006386146774441936,0.0074570714593535925,0.005591986415525607,-0.002646226877418445,-0.005034229774859789
2020-12-18,-0.015850897226295957,-0.0016974258370123785,-0.004930213711306419,-0.003782798473020099,-0.005190879755253119,-0.003992863546674719,-0.0029974948038710147,-0.017249244395646568
2020-12-21,0.012395546577327554,-0.003173869592184575,0.03753779904079635,0.01829936464538129,0.004539720243455614,-0.0035754982711406758,0.003966169883573567,-0.018253977039997316
2020-12-22,0.028464514193251134,-0.007903112071065643,-0.015216651091714106,0.006064849890731416,-0.004050147626096456,-0.0016853876869671325,0.005160634466421454,-0.016925287064695094
2020-12-23,-0.0069760820554148895,0.00664787877129025,0.027944504468547127,-0.013039181882778195,-0.020258958901651636,0.000898439950623775,-0.006909473837272473,0.012851748996600465
2020-12-24,0.007712321475316752,0.003985267471422693,-0.004397471645757656,0.007827223787660653,-0.0011914891111380888,0.0038904305958269436,0.003957914630530857,-0.004069803523290005
2020-12-28,0.03576564145134542,-0.003629142996869339,0.006585189920392365,0.009921554038336389,-0.007214941711866318,0.008590887155860871,0.0004446355886931208,0.0033653926516954424
2020-12-29,-0.013314833296894646,0.003642361648136694,-0.002632715057077739,-0.003600815009859537,0.003352814345087163,-0.001907925906595942,-0.0012710204200445663,-0.011260322207571227
2020-12-30,-0.008526666661232918,0.007655178894261816,0.002799644210853769,-0.011019349117650346,0.015645277054801898,0.0014269775557169684,0.0021636943994718383,0.007996257875562574
2020-12-31,-0.007702521337629387,0.003714145601823482,0.01364070687049046,0.003338135036814016,-0.006903238842274062,0.005080869647116071,0.001460443661239319,-0.009134864619587013
2021-01-04,-0.024719575326913046,0.022258360658879317,-0.009443447819410977,-0.021265968704900384,0.0044808093562747064,-0.013614109545268982,-0.0012046132622227645,0.006793066468056441
2021-01-05,0.012363736356949984,0.0029616260665272787,0.005441271518461743,0.0009648083777857863,0.022209912994562542,0.006887281521843036,-0.007426552667639141,0.04819265847258425
2021-01-06,-0.03366133508981506,-0.01624105266038789,0.046956011549736054,-0.025929421727193258,-0.058952858428421906,0.005978356834750231,-0.020528401294205634,0.02551719645662942
2021-01-07,0.034123424982641426,-0.00233462025122122,0.03283905940516374,0.028457020633367858,0.05783005610781311,0.014857819071248723,-0.008814890938977582,0.00784568841836042
2021-01-08,0.008631045289762218,-0.03420993723985433,0.0011039052507184621,0.006092632928726305,-0.0050395523523316665,0.005697518377420607,-0.0032266744698895566,0.01112081526692732
2021-01-11,-0.023248764191020954,-0.0019614419353504164,0.01492445458680458,-0.009698431354295156,0.025966467395980297,-0.0067405492401548806,-0.00165279629521764,0.030356546579541233
2021-01-12,-0.0013954415413974797,0.006473960214956609,0.015718596974159782,-0.011770704839538348,-0.010039384151567687,0.00021098406840303063,-0.0007945343411422945,0.02220340437994528
2021-01-13,0.01622692097135836,-0.004307374345463466,0.0009274914761612241,0.006560060512101007,0.00348556109140441,0.0026931021114087184,0.011262264020401647,0.011277926955137518
2021-01-14,-0.01512760026532134,-0.0005190998467168306,0.005842244199575131,-0.015346100720520783,-0.024497945873639515,-0.003501918755865585,-0.009367669411591617,0.03903375941289333
2021-01-15,-0.013730654245068585,-0.012407628760563338,-0.01792161866352593,-0.001736845976786694,-0.025813958616655697,-0.007292536350655854,0.003967579151510803,-0.04810169857424773
2021-01-19,0.005427184924114314,0.00847307255811236,-0.004327776890274637,0.01782284790596922,0.012889233028013924,0.0078519157573953,0.0032279087112441207,0.01983707499919496
2021-01-20,0.032856444098086524,0.016282289539807593,-0.014995709428370918,0.03649955495637491,0.026141670509548742,0.013838406107813839,0.0009840893426329433,0.014127507772342618
2021-01-21,0.03665810673704928,-0.0006271772092728556,-0.008384013216280017,0.0028083425638232296,0.03753987304528428,0.000911697292869551,-0.007017895329639368,-0.028669283386819733
2021-01-22,0.016073497729183872,-0.007873145210082533,-0.007713437142779278,0.004356030672840516,-0.011177140150462561,-0.003539285271028869,0.003236229895952736,-0.014134408686201971
2021-01-25,0.027684043199849517,0.0008626173693986328,-0.01248231149499801,0.015844282099465312,-0.004320775151684719,0.003943540781324195,0.011786117646320982,-0.011174291460101071
2021-01-26,0.0016789658976534838,-0.0024705999829396363,-0.004087107771257981,0.012198724511152337,-0.015966973124847406,-0.001560669187039565,-0.001886732949130887,-0.02196157498485829
2021-01-27,-0.007683422333185641,-0.006335623059913753,-0.02827185821910616,0.0024536001914590155,-0.03851820588327737,-0.024440175789567697,0.00254200119565251,-0.01133661974648792
2021-01-28,-0.03498511012011063,0.0009273614616172043,0.017597493492133243,0.025890817713239533,0.010315176221547206,0.008599826509435582,-0.0055272364175376065,0.0156561555879422
2021-01-29,-0.03742050465319202,-0.0004053281700162614,-0.011067705838507913,-0.02917172376240562,-0.004692823061428819,-0.020019681559777958,-0.006016736294389924,-0.026487053226236013
2021-02-01,0.016519708059078875,0.009385291185094458,0.007383321855810143,0.033152196592286076,0.019034130844326258,0.016645503102242776,0.0011597383121197957,0.0017839146598856992
2021-02-02,0.006336759915740897,-0.012167796413785958,0.030782093054109838,-0.0005840664434734189,0.024155655553993016,0.014140222034017436,-0.006447266363877824,0.015806024033328425
2021-02-03,-0.007778266642810228,-0.0015106298641213156,0.011451447406728432,0.014571580682652074,-0.0019363406897326962,0.0007867027678791771,-0.008872975536998395,0.03922846795584323
2021-02-04,0.02575772835614165,-0.021530474690833024,0.023013246962053424,-0.004074432121709215,0.009885261445017557,0.011365645333681673,-0.002672738053513868,0.019190264871422835
2021-02-05,-0.003098288534492122,0.009872160109213546,-0.0019532904674908202,0.0007852194727036022,-0.005360809282417778,0.003935612042351488,-0.008373532763700453,0.0335194426195875
2021-02-08,0.0010971617003541212,0.010070118005137685,0.015654370447843124,0.001114813453076069,0.06237572583019535,0.007221801528079164,0.004391279726274178,0.04304315717878748
2021-02-09,-0.006573579421941922,0.0032649110578624185,-0.00399577085071523,0.005361601620134104,-0.012154430501466362,-0.0006656379814767854,0.0007395326677908098,-0.011711642511761489
2021-02-10,-0.00455845665246557,0.0036611162023989507,0.0005731592038991096,-0.0038972915141027853,0.03512487752580484,-0.0004356604913707818,0.006653642978539764,0.009677975614154732
2021-02-11,-0.0019204955161027382,-0.008685078696598514,-0.002792378305380039,0.006877697444199304,0.032951223522079465,0.0016149970948924341,-0.005474849440723961,-0.025039068666679154
2021-02-12,0.001776122672914937,-0.0030372306060941767,0.014216793221140112,0.002044955706237417,-0.018982442532464838,0.004940056797152037,-0.012419304010335086,0.013643389843416065
2021-02-16,-0.016103757763565096,-0.014353488272303538,0.024070400895709776,-0.005265441562628759,0.02466361829580599,-0.0008661844616317804,-0.015226554005468684,0.030087184103441578
2021-02-17,-0.01764442164646729,-0.011352850687983307,0.003111548734908043,0.004359511397566518,-0.0276740773423354,0.00022938433428998373,0.0063502219909006286,0.015564994591552583
2021-02-18,-0.00863638272996703,-6.0088418961767864e-05,0.003376670069077825,-0.0016789900060678598,-0.005165843303780782,-0.0042561221646268965,-0.004047007754390264,-0.0157049746369452
2021-02-19,0.001233377957780002,0.004148551901348441,0.016690870221900633,-0.011567241499904846,0.006575003017078362,-0.0017656129095156015,-0.01329170854133599,0.0067281528839200355
2021-02-22,-0.029798843918352413,0.014969164015496528,0.009390348312285468,-0.026808405921452616,-0.03823740368240702,-0.0076919362752884135,-0.00760790290426383,0.03685336502827652
2021-02-23,-0.0011111456112238294,-0.0023007456922117253,0.008031749971898483,-0.005287571187076012,-0.014889218962990336,0.0012142543731712419,-0.002883684463932612,0.013811971305980775
2021-02-24,-0.004052153922669888,-0.0007095264939214196,0.01759503779442051,0.0054872222256001635,0.02524394244437711,0.011019444032145165,-0.006560530253912011,0.029972781973323315
2021-02-25,-0.03478237754250957,-0.018816524708764826,-0.01357163338565881,-0.023704842850875485,-0.0821782063137183,-0.024095709357213946,-0.016330120763576317,-0.016578309394397195
2021-02-26,0.002231496290970192,-0.024182906697045592,-0.026524774126073236,0.014803874654153226,0.03058431441483389,-0.005152606643871072,0.033058980099763824,-0.024928227126609248
2021-03-01,0.0538509891936203,-0.0017304170540851649,0.02262732603469697,0.019623168452386652,0.009278428899065716,0.024240199630052972,-0.013207392636148119,0.03733661642533259
2021-03-02,-0.020893415872011656,0.005447934683729505,-0.003255804221653724,-0.012956943919919084,-0.03146274991624465,-0.007803407910498272,7.133641352008446e-05,-0.005851102082503168
2021-03-03,-0.02445677749661901,-0.011021541189334294,0.01933203891737878,-0.026980791932453507,-0.04486709281797108,-0.013245511175413838,-0.010845924726728629,0.008025659546287534
2021-03-04,-0.015811843411986604,-0.009836893780889033,-0.015369057481400716,-0.0036473671999288637,-0.033932781870291695,-0.01237499202947634,-0.006450126729093841,0.03874726508628035
2021-03-05,0.010738538258192154,0.0006288110395962221,0.0023252963120257153,0.021479330628619397,0.0073766459749444735,0.018396661212243037,0.0019477716881437512,0.03781316669138546
2021-03-08,-0.04167353010895003,-0.010368190918767173,0.013252839277241302,-0.018177782184651825,-0.0696745906084636,-0.0049786245467017265,-0.007775217247556254,-0.0009848609594811375
2021-03-09,0.04064958644341332,0.02127113294736649,-0.007063286299293092,0.028101415996831136,0.08033303525478752,0.01427746343586933,0.013857562566551351,-0.01544266150915341
2021-03-10,-0.00916679405789056,0.005098279923459348,0.0217347719941392,-0.00581745462705785,-0.004153152903136004,0.006224590864748469,0.002003861347549929,0.030702588052563984
2021-03-11,0.01650287277530138,-0.000866011298261804,-0.005220895671853132,0.020265002667936516,0.04212658835014271,0.010139166033030333,-0.007213194623357677,-0.007447117648374357
2021-03-12,-0.007625527023695455,-0.00018572795011984056,0.011857980389853973,-0.005819612379339478,-0.010581973943382894,0.0013468658539315115,-0.021221580142872676,0.01076488395498787
2021-03-15,0.024456794941158932,0.004396503999798185,-0.0049953230815699134,-0.003987355865122888,0.026077384857718044,0.00596371047480071,0.005880025579639403,-0.025496029467462655
2021-03-16,0.012742979783088249,0.0009248406787658592,-0.011971293846458342,0.012350589876285678,0.007580766598419331,-0.0012615498009966863,-0.0040187320005008464,-0.021195594281448127
2021-03-17,-0.0064506296096218385,0.00714498527693741,0.010292719767179825,-0.0028186033047307157,0.0037620095085115768,0.003409889259953003,-0.007482870180674173,0.004398478757132063
2021-03-18,-0.033905052730712315,-0.005810023730399405,0.016506301070708274,-0.026662189117942936,-0.04637900309530085,-0.014549753603290805,-0.010126602117628392,-0.04311949160469897
2021-03-19,-0.004480091359440053,0.004183119739068708,-0.015921338655279116,-0.0016036463424162761,0.009687486927712152,-0.0018500003651978902,0.006197699044598881,-0.005632759413477739
2021-03-22,0.028335525861409527,-0.0014702614866924923,-0.02687884189654144,0.024484493110547456,0.026507132474635098,0.007984733852998804,0.011206287458433328,-0.010267229740968054
2021-03-23,-0.0068887822108471,-0.007300628474884996,-0.010001907376587793,0.00673756238299239,-0.008759020871780376,-0.007870582763404355,0.00902679229061043,-0.012341199875574693
2021-03-24,-0.019993358708441544,0.0034608341081703298,0.007761249375390689,-0.008923339970667077,-0.03272588931554443,-0.005083716690175488,0.0053822606957365515,0.020282484738312068
2021-03-25,0.004163281539914632,-0.003633653726877295,0.012813648130562294,-0.013250703127194341,-0.008522516276166958,0.005625607486653639,-0.007885733887127433,-0.002840121728702072
2021-03-26,0.005141744176316854,0.0028434090575977233,0.016650403229644617,0.017818706472916945,0.024251721193592868,0.016115213601584077,-0.0035000314561643986,0.02723398399815591
2021-03-29,0.0014850072675316461,-0.011896005111092234,-0.015539482648931346,-0.005243388247605063,0.008489463300682232,-0.0005053883966497086,-0.008488218350254817,-0.005371626422186138
2021-03-30,-0.012274641271629472,-0.017091823816998808,0.01178965098425655,-0.014410827475320187,-0.005908116047194545,-0.002653037373121392,0.005240000890353702,-0.012369294115902485
2021-03-31,0.018765731699733612,0.015167857324082767,-0.014565428349886056,0.016907401017558943,0.03701904375142173,0.0040534223168609,-0.005579854496225667,-0.015170144132368946
2021-04-01,0.006958520320192507,0.012628087827510459,0.009722264998145214,0.027908648325008167,0.034723671843520876,0.010798937017607146,0.016597393620473966,0.027941828888352838
2021-04-05,0.02357739699382244,-0.0003704010382533651,0.005300539159024842,0.027728384834422526,0.012724816385831117,0.014353348249166675,-0.0043637781391343555,-0.015507875632575718
2021-04-06,0.0024621923201495477,0.00802867506459215,-0.0070300088940735694,-0.004857992371916753,-0.009008178577865955,-0.0005906684065600798,0.006793384784652856,-0.0028318320046412104
2021-04-07,0.013390331531096145,-0.002818323186048577,0.015667867969830995,0.008230351071974784,0.02034407268294247,0.001157513464261184,-0.006964931207846026,0.004437478642946635
2021-04-08,0.01923382363551518,0.01075202788807239,0.0012264020048109447,0.013405439338335157,0.012267099114863678,0.004746522088102223,0.008255359639182336,-0.010426213220202984
2021-04-09,0.020251579052524615,-0.00753747660190629,0.00747811129310505,0.010266631888913302,0.005797308027852832,0.007270262697820273,-0.003622679702352749,-0.002321127031972514
2021-04-12,-0.013233081944410197,-0.006063609158189043,-0.0021116662465591185,0.0002344508741953799,0.05618074024067665,0.00036453552569470915,-0.00043627825246828067,-0.006622589334440043
2021-04-13,0.024306683359677672,0.007086479573175097,-0.01192685924329917,0.010081515477977199,0.030935324423875477,0.002963606922903095,0.0074931438626779645,0.0037836331091112285
2021-04-14,-0.01785312901295888,-0.004344315528953313,-0.01869044638783801,-0.01121904105697391,-0.025670240726307636,-0.003415057467625382,-0.003176964823428996,0.028899570044879086
2021-04-15,0.01870770759738294,0.016162763416190717,0.006348772566419747,0.015297835164594487,0.05630986837150509,0.010742781291896542,0.016734438008743746,-0.005931496991527174
2021-04-16,-0.002527668415045481,0.006047777218550321,0.007425929572704826,0.004778375647055855,-0.013927269448731794,0.0033419724995034095,-0.007766415743792554,-0.005615953697034826
2021-04-19,0.005068614945973993,-0.0027652942409929215,-0.004239856145306864,-0.007670320638068606,-0.03461105148229904,-0.004912805860948555,-0.0028723652262261368,-0.003176917415662728
2021-04-20,-0.012829865260016837,0.0035565515706876827,-0.022142220907687027,-0.0018547810069291515,-0.012400956534840524,-0.007321723477263564,0.004608655077371848,-0.021069365175811483
2021-04-21,0.002929379305437685,0.009911155680072392,0.008507895036709678,0.008982791000610169,0.012474335544389259,0.009462049077141987,0.0020076420598951206,0.012841252320121566
2021-04-22,-0.011685524124892432,-0.006483147356353358,-0.02105755072781057,-0.013086023908257638,-0.033218409620913714,-0.009132904359169136,0.004363169601347305,-0.013035605565388964
2021-04-23,0.018039009965167274,-0.003831414124593202,0.019135571829586917,0.015476071556668192,0.027945482341357186,0.01084219222549132,-0.0023500798518748534,0.005427912330341567
2021-04-26,0.0029778217189764256,0.002644245538133694,0.0024636300462583804,0.0015317529811698094,0.013937032506323943,0.002087733709600581,-0.0014279144635446217,0.00197949839314826
2021-04-27,-0.002449513769479883,-0.002517371003141977,0.004582699638877807,0.0016058168407322437,-0.006218472116317653,-0.0002155630734179681,-0.008723046788455258,0.013110688130893777
2021-04-28,-0.006027217221580727,0.002944390689552989,0.006479330145719331,-0.028285744927947776,-0.006826281782260968,-0.0002873224800967744,0.0006491823469010338,0.03013640503718862
2021-04-29,-0.0007485796121519117,-0.004133978948338446,0.019444469198071523,-0.00805298196660409,0.0031419878245309008,0.00637282651886939,-0.0029549193545309604,0.014283474181102207
2021-04-30,-0.015133176535047532,-0.0033690142851713345,-0.00889217921709462,-0.0013071040737203665,-0.020571194219451194,-0.0065706403102785416,0.0023129928793632626,-0.028842953898924106
2021-05-03,0.008215441499316967,0.012978352341882271,-0.002925673377525584,-0.0012686865214379672,-0.011509391860432316,0.002156918235167282,0.0006000048584986484,0.027602876645538732
2021-05-04,-0.03538571765581633,-0.007329692780131181,0.013823356167941059,-0.016159855086292474,-0.032722950929347516,-0.00616942428654943,0.006785318841231014,0.00629036902006308
2021-05-05,0.0019554464583464437,0.004142168530566259,0.01312077066644135,-0.0053270448191694575,0.007473253639615152,0.0003128334545310363,0.0016495752451572976,0.030072783770379807
2021-05-06,0.012802466103531529,0.01667957921247054,0.02012456095179327,0.013226675749850925,0.004461071630371682,0.007985513777190034,0.0016463366855734574,0.009513034495964634
2021-05-07,0.0053271052435655,0.00899681760120985,0.0034226389224709663,0.01093174725383772,0.019916757291151832,0.00727812699505348,-0.004931673774801748,0.014297032647990982
2021-05-10,-0.025804196880303,0.0030305045955998366,-0.00012404291453393945,-0.02091414927245372,-0.03689535045199943,-0.009902540672465765,-0.010126673091624738,0.0024028086262395387
2021-05-11,-0.0074103929128563895,0.000174300035968189,-0.01662327322978241,-0.003843333670954352,0.0028390183593478557,-0.008924538970669693,-0.005659832488426386,-0.031799288882903065
2021-05-12,-0.024938644586177228,-0.009933813872024522,-0.0068753606399480915,-0.029362726953886753,-0.03828742768576732,-0.021245198004274157,-0.010507701546693782,0.005358502478156835
2021-05-13,0.01791976014416452,0.004107329913244362,0.025722556314070832,0.01686174640187854,-0.006777674588552052,0.012012353670648457,0.0015487354648524576,-0.012325428765926127
2021-05-14,0.01984486143833264,0.009115862292308208,0.015541570724064924,0.021067364892512153,0.04227890135796275,0.015355326980379669,0.009351257006530833,0.0247893228403413
2021-05-17,-0.009258596232692429,0.011639321781340195,0.004024388743800289,-0.011968512189591385,-0.005441405894551887,-0.0025444760366536423,-0.0021152874193983706,0.0233667573452645
2021-05-18,-0.011245681335914304,0.001946172546249958,-0.014088629067205205,-0.008565229766435367,-0.010571247671296913,-0.008615672556666953,-0.0025587697544287025,-0.02830031434636837
2021-05-19,-0.0012815986989295203,0.000685616890880425,-0.007637863827744118,0.0024742321570592196,0.0035674075158684815,-0.0026218044844317223,-0.0024191155012092125,-0.02399461956076432
2021-05-20,0.021012285188724666,0.004567270124640199,-0.0017378939799391757,0.013820259909173904,0.03887095586589062,0.010757730172593627,0.008229042130175168,-0.002373763146818031
2021-05-21,-0.014767234808907181,0.0004545724551812125,0.011378426742530756,-0.005314765916398789,0.025953682833679492,-0.000818497862368539,0.0032061886740124557,0.001359641341418305
2021-05-24,0.013314344161250657,0.001761036294059215,0.00541013423706449,0.022882003510919846,0.04137289164519031,0.010194130109292265,0.0037045571945300004,0.011710730947467995
2021-05-25,-0.0015736540482239603,0.009072814229376336,-0.010333893708035724,0.00374817826388818,0.00228985500670964,-0.0022185701070264185,0.009262958277905797,-0.022647286386478616
2021-05-26,-0.0003939410667370691,-0.0017420486873281904,-0.00012379030438225413,-0.0009136014949107096,0.0033391545926360067,0.0019844538064253125,-0.0017206764996827717,0.01167192788970195
2021-05-27,-0.012376919715540002,0.00039409662496781017,0.015571997057896692,-0.008668310764915366,-0.013503178670975724,0.0005249137839857809,-0.004022181240892708,-0.006447222360721372
2021-05-28,-0.005348083035046192,0.003770176937892389,-0.0006692202293295813,0.0014838388665912028,0.04884455557027145,0.0017887708163857319,-0.0015865286119044475,-0.0032445293827471078
2021-06-01,-0.0026482824950235795,-0.0026909461441234628,0.011020513624214745,-0.009131443666113181,0.0012310416231364751,-0.0008806609980028801,-0.00022455250950759176,0.03580615390657216
2021-06-02,0.006276094895280249,0.004890446350902078,6.0120122938212006e-05,-0.0004041736114928085,0.031587076325723995,0.0015724896660225252,0.002315497669028277,0.007938957924569445
2021-06-03,-0.012154087630121824,-0.019578228541437537,0.0006625383871139423,-0.00642940245814283,0.011413569016596403,-0.003711234631019744,-0.0037539174475831327,0.003938439344039368
2021-06-04,0.01902222411445753,0.010783359066451448,0.0016245829692795866,0.020674777955065338,0.03585795531013769,0.009145752142560193,0.013694521854953345,0.0044131470597403855
2021-06-07,7.951980235820777e-05,0.0040076283608136976,-0.004686219628182942,0.01204188657596661,0.0023180734364793842,-0.0009702073628320429,-0.0030733456592415553,-0.006509462707082969
2021-06-08,0.006671796394762897,-0.0030920774052216604,-0.003983988874899036,-0.004885393371044988,-0.00919445787837403,0.0002131470033834848,0.00702611565368616,0.01769048101449089
2021-06-09,0.003077138559423487,-0.0019175027218333307,-0.012484849289762567,0.004038258484425183,-0.005428859622553572,-0.00149194379827855,0.008829042832436906,0.008369609956872415
2021-06-10,-0.008023103385520036,0.004294325821970535,-0.015588660707909985,0.014393338157738578,0.0038453680212910957,0.0046483915342421245,0.005999285254953524,0.0015960852699279382
2021-06-11,0.00983257793046044,-0.011252390785353672,-0.0006858088103824933,0.002526975044483404,0.02297009697033081,0.0016525193205714217,-0.001614228347389779,-0.009242922598550751
2021-06-14,0.024577862235616976,-0.005860923791407013,-0.01696916852875352,0.007755097561565005,0.010855166769690783,0.0022389441324763837,-0.007658606733422002,-0.0016084819770670888
2021-06-15,-0.0064375497923784275,-0.0037777095572453234,-0.015168044743645859,-0.005887175580560955,-0.01277833407386153,-0.0018340667597527283,-0.0012043139029237482,0.036410538600171405
2021-06-16,0.003933912111918625,-0.016891711518855712,0.007024452437678574,-0.003792985481556377,0.001222489415384942,-0.005583310341900294,-0.0008505141119725668,-0.003575532782606361
2021-06-17,0.012600796448756224,-0.030740427140865334,-0.028860611346052445,0.013676133961088688,0.04755675990746133,-0.0003317714078702183,0.014971768431981669,-0.03291708578942132
2021-06-18,-0.01009167206917938,-0.005547261946798776,-0.02530316919635711,-0.005634331719078456,-0.000991172390135131,-0.013490381996013823,0.01880620278240963,-0.025649360038061286
2021-06-21,0.014103617715513606,0.012247646651096789,0.016968622392890875,0.012335102903657136,-0.011347460925265729,0.01431606571702071,-0.016743339240574806,0.03625804838530566
2021-06-22,0.012698337573211926,-0.0041928539145718036,-0.0014622928909766575,0.010965770991175905,0.024935801054520423,0.005346160145380141,0.002442489524135283,0.019172559481168694
2021-06-23,-0.002089657219102592,-0.0006616578066259704,0.006058274945460074,-0.0009039970791360208,0.00902780036771511,-0.0012052638032917784,-0.002575734671071417,0.007367919776730902
2021-06-24,-0.002168966278282225,-0.0006019387497473438,0.009197839225347337,0.005353129298822923,0.007779011632864208,0.005915608071088929,0.0016055589588741537,0.004045950179378144
2021-06-25,-0.0022484250347025725,0.0033124733437563947,0.010097585513193286,-0.006261884527184014,-0.009085749620933004,0.0035519341423189132,-0.010383762639458949,0.002170082912941851
2021-06-28,0.01254579426590885,-5.999463986816611e-05,0.0018179923552421595,0.013960948268911144,0.05012865905942587,0.002016173010942701,0.010281557422328724,-0.025518204929403487
2021-06-29,0.011500096168051588,-0.010505462725200698,-0.0012311695851865423,0.009973340130540853,0.0020890116436087514,0.0005379748938429962,0.0016723348907072833,-0.0061893941813757625
2021-06-30,0.004621226709142556,0.004853503869870712,0.009082394394246185,-0.0018424548223633375,-0.0012110562786606938,0.0008416081800894926,0.004453887427697589,0.0073459046486406
2021-07-01,0.002263181193136843,0.0034413575356286863,0.009901214838549777,0.002584080635899433,0.010473813743305582,0.005536716320273305,5.497595085857121e-05,0.002853529041827896
2021-07-02,0.01959655558964024,0.006558341503640763,-0.0009606063910884144,0.02227535616615106,0.013605852515562455,0.0076434830505447415,0.006034728895517372,-0.0014227047914734392
2021-07-06,0.014718876274601778,0.004961455343207799,-0.016791754602815234,3.619140857180625e-05,0.010323367804661032,-0.0018215627376139132,0.01172102304550715,-0.028494562708010762
2021-07-07,0.017954945041742443,0.003806801143447114,0.0011732938966511064,0.008175526560211255,-0.015785930218010558,0.0035341533508350675,0.008858836194682418,-0.015642776115400214
2021-07-08,-0.009199783526862015,-0.0006518168637834609,-0.01725363189024476,-0.008966431657369878,-0.023022310820080216,-0.008147973175232415,0.0039185542863984235,-0.004469625557014578
2021-07-09,0.013055219776526794,0.003320562334123478,0.03199936485874799,0.0018741136645925582,0.007410852960672232,0.010674871951546594,-0.014062826413150153,0.018124423684903856
2021-07-12,-0.004203748011154085,-0.001241101031467462,0.014316144102595851,-0.002230657055898755,0.02305489369042224,0.0035818101175058015,-0.0012971698771512274,-0.000979965148641626
2021-07-13,0.007888976698258165,0.001301782371024407,-0.014873302008100442,0.013197718558368043,-0.012797055849527506,-0.003408859239012574,-0.007653448445908206,-0.004740719666323168
2021-07-14,0.024100686212558786,0.010755182911599048,-0.0034050112513464015,0.005445517998151628,-0.020172990470156082,0.0014920123666717355,0.011361958617911672,-0.022174844998612886
2021-07-15,-0.004491964757823874,0.00017547964957964624,0.0021918520447474776,-0.005239081420018943,-0.04411177565769786,-0.0034153486050738646,0.011030532719028985,-0.009743028968319911
2021-07-16,-0.014076389049228033,-0.00970365108457183,-0.022835638706238504,-0.0009961928776056617,-0.04245712423720949,-0.007843693328384305,-0.001885336620298106,-0.027650553029725633
2021-07-19,-0.026914148368613833,0.0011805498135817327,-0.0325192359310823,-0.013321792370958763,0.03407015490093879,-0.014767895438452583,0.02192874117304222,-0.03436843592939198
2021-07-20,0.025974030255507374,-0.001297100524211059,0.018643316976863167,0.00833935429984245,-0.008932478792930132,0.014330406251251038,-0.009640280422045677,0.011020852026870198
2021-07-21,-0.005131713369531998,-0.0037192566567244567,0.021040380759740795,0.007446488291268372,0.04287570292167797,0.008096269893842711,-0.012666232140555622,0.03216577839335444
2021-07-22,0.00962851624729355,0.001955450591350383,-0.012625854120196012,0.01684441933757097,0.00947960296816408,0.0020942225051485686,0.00945316046960376,-0.011253386858449343
2021-07-23,0.011989084836709685,-0.0031344183025339145,-0.0019215901399007862,0.012336494878723236,-0.001837364611576131,0.010287791523793333,-0.0066893029697792095,-0.001225824878995141
2021-07-26,0.002894561564542597,-0.0023730060647713103,0.006704994917014595,-0.0021403283439542786,-0.013498222226180134,0.002454876175558729,-0.0029624632652841543,0.025245530174137665
2021-07-27,-0.0149002682481163,0.0016650735799190741,-0.0013188403053834286,-0.008683638778316904,-0.0044575078528422685,-0.0045574526596788845,0.01067047914518815,-0.011114992586869099
2021-07-28,-0.01219631468669824,0.005046252863966982,0.0016505561606985353,-0.0011166451372335295,0.015358401563999369,-0.00041018624463673437,6.699387780417787e-05,0.0067439545570289194
2021-07-29,0.0045524954127369455,0.011105233370970247,0.008569751944551784,0.000978351174965697,0.00815254725639325,0.0041473713832342884,-0.005546150588018661,0.012195023998679666
2021-07-30,0.0015108005146782233,-0.007886842666167015,-0.00797409915306424,-0.005549818505995341,-0.008290260953499606,-0.00485627034406555,0.004703928032136373,-0.023078137315088232
2021-08-02,-0.0023312537502415687,-0.0012366429443513294,-0.0040189843348932275,-0.00031574851819182737,0.012872684055480699,-0.0020980209755931956,0.00891921626391401,0.00017360484813044863
2021-08-03,0.012644348204837508,-0.0007074766626713469,0.011378317207854538,0.008075064032119439,0.0032909206195137486,0.008135432551714006,0.0005305545753342411,0.01076784278398546
2021-08-04,-0.002782158872425722,0.0002359625041987723,-0.010792129331374078,-0.0021245608672345595,0.023164495241745353,-0.004919007973783085,0.002056479820321311,-0.023367758014366857
2021-08-05,0.0007484530000596568,-0.0039520921003340925,0.012628804302526442,0.010505687195427882,0.017904558927276604,0.0063329205652522536,-0.00509684577869518,0.006333589422508723
2021-08-06,-0.004767100872659191,-0.024991124040327772,0.028403546745523478,-0.00020703745005423713,-0.013131726448457282,0.0016524096198977656,-0.01670096568171675,0.011538366899372487
2021-08-09,-0.0003419395792656488,-0.017735654639032372,-0.0010791460111232443,-0.003903876060284195,-0.0034860956518114605,-0.0008134779362188871,-0.00358687099070798,-0.01140675161411886
2021-08-10,-0.0033542297746899097,0.00030919522248562537,0.012266578620904856,-0.006555157197162709,-0.01768902677722739,0.0012438089266664232,-0.004617230847609788,0.017132702320168836
2021-08-11,0.0017859255412042696,0.01378497662510525,0.011930634673282148,0.0017807949243848764,-0.011888428568671894,0.002484970134996045,-0.0006144524721231059,0.002921994158375796
2021-08-12,0.0207732915374208,0.0002438615008097944,0.003909103472784281,0.009966736910415719,0.010457478746101367,0.002997087011541444,-0.001638617760444827,-0.0022616582649681582
2021-08-13,0.0014104181346492606,0.014325811995228088,-0.011187535644752056,0.010489749887916622,0.014217721016551943,0.0018197715349350663,0.01579580526539237,-0.010113239236886229
2021-08-16,0.013547990827949219,0.004988291568599701,-0.006563013326533751,0.005975771375954064,-0.01178923501231488,0.002354661852632667,0.0024234019339550716,-0.014620397579095501
2021-08-17,-0.006154084524203185,-0.0014950364679763295,-0.012080852371794681,-0.005159757989410596,-0.02466179280417735,-0.006555167528131234,-0.0004025885885399205,-0.006793016564865528
2021-08-18,-0.025501227323448283,0.0007786122169375354,-0.00910780775594855,-0.00611896856384786,-0.021481975482052218,-0.0109451597091057,0.0033587361872324806,-0.02105817014375244
2021-08-19,0.0023232318917347783,-0.002932408589264246,-0.008355808180307123,0.020775114926655514,0.03981087722349197,0.0015483649939254107,0.007365712043042372,-0.03052047741823949
2021-08-20,0.010157015647864531,0.0005401616803368814,0.002851965558522851,0.025575440185299225,0.05141929075340257,0.007957157013328331,0.0006642533355665226,0.00018954010957350498
2021-08-23,0.01025677050009266,0.012177557387281546,0.012797515066451881,0.0009529036396267454,0.05486173174597897,0.008796365681064788,-0.000663812395968244,0.04114535887709381
2021-08-24,-0.0006009602835831407,-0.00047414113127741686,0.0061901158105848175,-0.006663662811139948,-0.00751440340552989,0.0015874840986949135,-0.007777236619238348,0.008195203766043324
2021-08-25,-0.00842111487291175,-0.006937433805443538,0.02061261510250101,-0.0020155615024186613,0.01927207347978599,0.002098324139619967,-0.00830655655960022,0.0018062532534952602
2021-08-26,-0.005527496357583761,0.0011344784228162208,0.005157800342900476,-0.009668760562924428,-0.006527476110352537,-0.005903053670313518,0.002769437972843125,-0.013523085131471158
2021-08-27,0.007184526951192982,0.015029547921398434,0.008036859052312106,0.002106522036718461,0.025738442843592058,0.00894100021284605,0.0068039424292518635,0.019374945466201332
2021-08-30,0.030417198293045455,-0.0049356385559711224,-0.016006865569797468,0.01291192479520964,0.002297225792715629,0.004397524495173721,0.002609382455465159,-0.010938024850438377
2021-08-31,-0.00842482661073729,0.0020076547129428413,-0.003054380782201327,-0.0056322941476203425,-0.013180819404822297,-0.001481661933569911,-0.006806828503639006,-0.0116025589328691
2021-09-01,0.004478652945061334,5.8898619200498104e-05,-0.0014377592620821167,-0.00016569417712186674,0.002501496649326418,0.0005315461543093924,0.001674836723394968,-0.013756406884540384
2021-09-02,0.007475142047274286,-0.0026517204262498373,0.004632809943061922,-0.002253120240826356,-0.0020052768558596057,0.0030765743973795168,0.004366146668379978,0.024363198506153427
2021-09-03,0.004230588271198377,0.01069422486613747,-0.006044851218335201,-3.277653276134718e-05,0.019958998740808642,-0.00024287814419488019,-0.00909465531293352,-0.0038128156061991714
2021-09-07,0.015489083803720272,-0.01958371853465668,-0.001755570999684486,-0.003188281004217308,-0.00792367749243661,-0.003575305507336979,-0.008435906007910887,-0.005831775584010934
2021-09-08,-0.010083629563976126,-0.0025044029033459703,-0.004459750160149545,9.991611275772527e-05,-0.014252844911415985,-0.0012182486178979879,0.006806116088391656,-0.009166030556470806
2021-09-09,-0.006704905264594108,0.004423489287242344,0.004353500676470556,-0.009859730735534256,-0.007251992032043186,-0.004280367472914937,0.01210073809458434,0.0007398954554040937
2021-09-10,-0.033101736897182654,-0.005058656845151166,-0.011495828581378764,-0.005181078833353947,0.01357301257215826,-0.007884613538522212,-0.008816189316600775,-0.002033437752207101
2021-09-13,0.0038933283025535115,0.0033497597913456634,0.015887306769910348,0.004328925341842149,-0.014503338427376944,0.0025593688918110757,0.006063856954166669,0.02575020866088229
2021-09-14,-0.009562208284919937,0.006438546534438316,-0.017452878202394162,0.009427913188947423,0.00406287574927422,-0.005396524809990533,0.012123539172038234,-0.014267647674158224
2021-09-15,0.006143655527274472,-0.005864266379652205,0.006939577433745736,0.016778734161884357,0.0044508898639421535,0.008352702632965281,-0.003507573453581103,0.03371197361811218
2021-09-16,-0.0016102576548594483,-0.02264197706190263,-0.0004426928671453778,0.0013120393064109948,-0.004431167226647603,-0.0015852134231358894,-0.00458218156637813,-0.010634708536095383
2021-09-17,-0.018348179553081767,-0.0015850424237688898,-0.0025935637048528637,-0.017528404133877462,-0.015376575670332904,-0.009741204485922306,-0.004803422240254984,-0.011823632102174964
2021-09-20,-0.021360937202866248,0.0071441542310690664,-0.02993386219015859,-0.018574817890621764,-0.03593599843975359,-0.016674120302043627,0.01240231339672282,-0.026649614755906992
2021-09-21,0.003428038421499302,0.006669036185550814,0.00013091279568566705,0.0016990791217632584,0.006299599694808755,-0.0009446974077511605,-0.0008617169430936711,-0.0009312599599855531
2021-09-22,0.01687218137210822,-0.0037340107339023376,0.019152928745173048,0.01282208770593507,0.0327118384851961,0.009754866230590187,0.005965058888110164,0.029269122727016983
2021-09-23,0.006719392411488112,-0.011546389089901132,0.033800892661661086,0.003282373402900385,0.02465686566940284,0.012150063049827686,-0.02259722566077138,0.03387069370785856
2021-09-24,0.0006130671336721516,-0.00128427290155253,0.011540470662981583,-0.0007010721413510668,-0.01783634685740676,0.0016470694509267414,-0.009773445838599404,0.00893485450933773
2021-09-27,-0.010550337198428461,0.00208203509820426,0.024165655106509476,-0.01730436150785475,-0.01906623593933998,-0.002860749811639418,-0.0036761681502726073,0.029692330711783343
2021-09-28,-0.02380116774200347,-0.009716428402719801,-0.005390027765146521,-0.03620341556353923,-0.044367540813052275,-0.02015189288893182,-0.015576233488836966,0.010455681647429271
2021-09-29,0.006482884701954017,-0.004504756024632184,-0.0007827741378004793,0.0016929327028185615,-0.008792671725802781,0.00168306923749717,0.0017352856067185396,-0.0006676384532012802
2021-09-30,-0.009311608726831677,0.01797665363761114,-0.013618414917079047,-0.00732364327700652,0.009699367456077468,-0.012222279408960812,-0.00013849945730826096,-0.017702051814334374
2021-10-01,0.008126920065089527,0.0022530453929923144,0.021015430655015876,0.025468080380437685,0.0012551706045473843,0.011884089869509395,0.008415023210510242,0.03587213052977045
2021-10-04,-0.024605197010318713,0.0046783175745395145,-0.001077286289762669,-0.020719670754713704,-0.0486935023296905,-0.012895875541444224,-0.0025450417380242785,0.012965766965605141
2021-10-05,0.014158197095431202,-0.004656532835140448,0.016330430196380696,0.01995706326162261,0.03643837617148149,0.010404889207535684,-0.00965710033422773,-0.0016201991757632817
2021-10-06,0.006307183077342682,0.0026733243283083574,0.002134468672819967,0.015064322636360261,0.012175287307923277,0.004156131172742272,0.005641641404283471,-0.01833813773725601
2021-10-07,0.00908435264314611,-0.005271739220885419,0.0063305801496194025,0.005936432613736775,0.01811604954637769,0.008645695113947083,-0.010457929325478288,0.0028103897065763217
2021-10-08,-0.0027216387515979212,0.00042636491147840516,0.0007642889596373159,0.0,-0.011577807590419709,-0.001823863639314749,-0.006998718535567772,0.02505756238648904
2021-10-11,-0.0006301463271745078,-0.0018875818465466931,-0.021031734210774755,-0.0021026910656619657,-0.006528922856337771,-0.007239580127693324,-0.002537595172582896,-0.009971110703566044
2021-10-12,-0.009102769532515542,0.004514430828637339,-0.007680955799098443,-0.004588334610147959,-0.0011596313295193506,-0.002461690010055251,0.01709988429501208,-0.00519808386776055
2021-10-13,-0.004239847341195424,0.017794197805277356,-0.02636676724573428,0.01171129386547154,0.01296497543117292,0.003597575905331496,0.009726568434322624,-0.0027761188878592247
2021-10-14,0.020225719181360624,0.0024464685904206362,0.015341473715857035,0.021734037946225637,0.038540773332339295,0.01682059870411834,0.003715652672044545,0.015228777010764638
2021-10-15,0.007512387818132682,-0.015892846243722114,0.019208473645615287,0.004822458750528114,0.00533409786154726,0.007615805068342585,-0.0058269152251086975,0.009515871756735628
2021-10-18,0.011806049272881092,-0.0024799108302698825,-0.0003601563311634859,0.010124559320373372,0.01646708513038697,0.002960591654061595,0.004688691406263379,-0.0004791159560187941
2021-10-19,0.015080148586216646,0.003213671993580469,0.012128668473016413,0.003059196521693952,0.0030601203949325306,0.00771483229239367,-0.013794926569156596,0.015025247220336935
2021-10-20,0.0033612739007431447,0.008763958748792211,0.013466036602470366,-0.0026605370726245914,-0.008389400171752603,0.003927772665007767,-0.006750027315418183,0.005512024557566164
2021-10-21,0.0014736289841625894,-0.0008987052245035265,-0.007843362153835742,0.010897366074954506,0.0266477525079154,0.0026082224547421262,-0.0011909509298779763,-0.0181675405853734
2021-10-22,-0.005284793816184741,0.006116967151190034,0.013451272260463831,-0.005148660788513504,0.0014985381873826586,-0.0010362265252463754,0.011013282871771501,0.006859014932783847
2021-10-25,-0.00033618049549721807,0.006914158513320778,-0.004890034755569261,-0.0033315292511799655,0.019361244150278623,0.005362922246354929,-0.0015266065853787314,0.01948675363539132
2021-10-26,0.004574980369731474,-0.00739951491266011,0.0026910210676320823,0.0064259683862049055,0.0669514197467076,0.0009000195908048791,0.008268926445180957,0.023154545479428412
2021-10-27,-0.0031475794915867272,0.002624060476058121,-0.020828674308436934,0.042114028259285785,-0.010761869605516616,-0.004430165010833376,0.01819457342872366,-0.025972045649197195
2021-10-28,0.024991215990446625,-0.00023788536339730548,0.015074883841020403,0.003651141874316366,0.020039943866650534,0.009648741221792934,-0.0033843982922152627,0.0028068608335201084
2021-10-29,-0.018155252286733203,-0.008507900517562339,-0.002759005486733135,0.02241417388434286,0.025099263512689207,0.0020292630022142877,0.0030560008747246847,0.0024881131675049684
2021-11-01,-0.00560760886849887,0.005220584505493342,-0.0005295515354111213,-0.006784876574048915,0.010169587177123018,0.001720193320473351,-0.007199762856730407,0.017992613170200178
2021-11-02,0.007115933205610547,-0.0021490007233168074,0.00394570040838782,0.01141589031802992,0.022224588268967338,0.004043068521047299,0.004439097678242909,-0.012341743036721087
2021-11-03,0.009798561905145942,-0.008315382622616663,0.0003520012293323216,0.0026113483947862726,0.007461848691913131,0.006105291492207288,-0.010333738798599446,-0.013730442351588046
2021-11-04,-0.0034982885676899667,0.011340951773961994,-0.013135579126041796,0.007305636070975785,0.1204227320989677,0.004712390714648906,0.010509974912382258,0.007508283844551489
2021-11-05,0.0035823237102345917,0.0130629437586407,-0.0014259376017222714,-0.0011292970076600684,-0.0016442994973993041,0.003469756514759892,0.014955707682693609,0.009470581268950395
2021-11-08,-0.005552704002806275,0.003591619309376348,0.006010050333493888,0.0027669827129217506,0.035358984897337686,0.0008534811904163941,-0.0018758131612802709,0.010765846604519513
2021-11-09,0.0024595500144988236,0.0049281100201232775,-0.007571209293960157,-0.0030861595895241845,-0.004772217914056132,-0.0033053043120474523,0.013018768321790164,0.009738376647687286
2021-11-10,-0.01916323189679814,0.010858781500706183,-0.0009538901527514909,-0.015329582287470389,-0.03907745299355836,-0.0080448740782183,-0.01828259082454109,-0.01970065383461561
2021-11-11,-0.00033807104092331564,0.005602086369596027,-5.947637613723522e-05,0.004927515874971311,0.03160334914939611,0.00032349772933804033,-0.0014844391093780107,0.0018692529583488326
2021-11-12,0.014336990956602236,0.0018952552280546708,-0.004474940548287898,0.012904840857226763,0.0,0.007546962182094941,-0.00439265468448069,-0.007619113614197093
2021-11-15,6.649376207334967e-05,-0.0015477459282561279,-0.0017978780444715126,-0.0019303963910636268,-0.012010709909638484,0.0003424941879774934,-0.01255686832904479,0.008617899587902489
2021-11-16,0.006666831069106038,-0.007233864736584827,-0.007204258531024799,0.010236062081040886,0.005928522112233825,0.003957701792273838,-0.002543508586035359,0.01009786326889861
2021-11-17,0.016490131152234744,0.009137183945092442,-0.005382269062103262,0.0006787803865466735,-0.03118916224653301,-0.002429220895280637,0.007924937753598149,-0.010919851409145753
2021-11-18,0.028536111483113302,-0.0032091550635745536,-0.008633943435098046,0.006340016823007444,0.08249896475077767,0.0033965372604023436,0.003760354531107346,-0.010884636106457735
2021-11-19,0.016975817613793742,-0.007646325240812324,-0.013063390196332514,0.005391257948429429,0.0413576296892022,-0.001788175205554965,0.010558205398904619,-0.04621928628545413
2021-11-22,0.0029273299478627113,-0.022420457120115533,0.021315040054022738,-0.009559542507015073,-0.031195966738658765,-0.0028153109378279417,-0.011728425087429994,0.013845405083962037
2021-11-23,0.002422111352566203,-0.008652404091134991,0.023912381404988192,-0.006326585652734917,-0.006571636569371209,0.0013260088324480446,-0.0144591919527719,0.02633741558481173
2021-11-24,0.0032838223305140524,-0.0009565020521100642,-0.00784398965043609,0.0006811188324384876,0.029231869920424147,0.0026698478211073517,0.016055344144204398,0.005544007011575758
2021-11-26,-0.03167855790435359,-0.001615539860939763,-0.030127112331787442,-0.024355737796981525,-0.03583867305621746,-0.022303288054179693,0.025269164911243536,-0.03512917602503529
2021-11-29,0.021873647590636036,-0.0013785494630753625,-0.004322696059683606,0.021081525713478433,0.059454649215814115,0.012266622188930043,-0.008038313902336669,0.005551126686566432
2021-11-30,0.03157779083841006,-0.006721853018899604,-0.014885579110828995,-0.017943131397346046,-0.02097332357723236,-0.019457541304322534,0.015202473956283047,-0.02841379975014291
2021-12-01,-0.0032064488911365263,0.003987937535404162,-0.005918472497538296,-0.0015425773682041788,-0.03786100509557799,-0.0111072141521672,0.006168930588449806,-0.0008354175952292042
2021-12-02,-0.006129838489289163,-0.005536820827328315,0.02102735316255644,-0.0017874014448169273,0.021981556983280415,0.01531629652187072,0.0012471035406618203,0.02492040387880956
2021-12-03,-0.011724358719590322,0.008412002804647267,-0.01811319571806913,-0.01966681515435975,-0.044605469324180635,-0.008701362771371457,0.011932269165804588,-0.006364195457412292
2021-12-06,0.02150251529559921,-0.002460563224478851,0.011813913648559327,0.00984506471738067,-0.021372717359674165,0.011843224413263798,-0.013735295942025272,0.01133190482122104
2021-12-07,0.03544624958058451,0.003549490636251651,0.015047383675443227,0.026763533010905283,0.07956838530387023,0.020684942138518903,-0.008079755074432926,0.011204859235853126
2021-12-08,0.022783253870295672,0.0005395140531609943,-0.011441245239202424,0.00014917025111960136,-0.018533892753558545,0.0026479274096595784,-0.01728486247962735,0.002890655130000308
2021-12-09,-0.0029697480265122866,-0.006111378376110088,-0.001555333541609527,-0.005582221028449741,-0.04197832294722881,-0.006751411520760087,0.005593112550791313,0.002562136538578841
2021-12-10,0.028012890042387717,0.004219899491422874,-0.003988764700910696,0.028339699384660966,-0.00957678718519861,0.00941340573330196,-0.0024126489898066428,0.006388651634210207
2021-12-13,-0.020674346813120192,0.00252130006200435,-0.011888382267770892,-0.009167024976367233,-0.06745489808706928,-0.008858360540577204,0.014779273521620784,-0.021901065097863714
2021-12-14,-0.008023190599068308,-0.009341302746070368,0.007662085016653775,-0.03258682913752198,0.00624983990666661,-0.006879972509129972,-0.0023829621138681256,-0.0014604809319311851
2021-12-15,0.02850924078616246,0.004291534360497673,-0.0074780926267697945,0.0192178511351766,0.07488445952798495,0.015625038414078585,-0.009621564271813154,-0.004387344271075122
2021-12-16,-0.0392639095278855,0.012097561477355745,0.01563881635646558,-0.029134957006765938,-0.0680258895691801,-0.00881859855201983,0.0003880375033527006,0.0016319116590077787
2021-12-17,-0.006501721065130472,-0.002140821851282393,-0.022754173404012534,-0.0033855883982191193,-0.02064337149656781,-0.010642683466498992,0.011332264768803224,-0.021834762230524607
2021-12-20,-0.008122015735140153,-0.0042312675861405635,-0.01798933131402647,-0.01201382513006799,-0.0029493812968316435,-0.010633462190657084,-0.007491722802547618,-0.014492620214512253
2021-12-21,0.019086969290234235,-0.0004188884251822289,0.013966660410082765,0.02306928182038126,0.04891939813789947,0.017758887570411108,-0.003807524418461883,0.022650425327281454
2021-12-22,0.015318928252455066,0.009400024100517657,0.003907946970058251,0.018057547543207653,0.011177989093864804,0.009998611060817009,0.004626517907928784,0.008099222472874867
2021-12-23,0.0036438099972355698,0.0022540179789249937,0.003573641598816124,0.004471585182176385,0.008163340215406878,0.006222263030212227,-0.00867718160121711,0.0004919599294874732
2021-12-27,0.02297470165576798,0.002367247994286892,0.005723107863657928,0.02318574198075396,0.04402832930022793,0.014152188509119368,0.0024237822240782414,0.014257485700338801
2021-12-28,-0.005767270045751061,-0.004310065233419702,0.003034751952716741,-0.0035042323881770976,-0.02013244420530802,-0.0008173348102943345,-0.003962725221983487,-0.0032315593742872073
2021-12-29,0.000501950608269075,-0.0002965076609273698,-0.0005040449826558824,0.0020512233024165827,-0.010586533548695654,0.0012792737854703251,-0.010924544651946921,-0.008753353282547227
2021-12-30,-0.006578205494985112,0.0071772153754725565,-0.0005048411961690036,-0.007691141771749455,-0.013832853687600233,-0.0027646297481498383,0.008386632492707768,-0.005887343646812426
2021-12-31,-0.0035353215531906956,0.00683158799329231,-0.0008197373846885458,-0.00884115884115888,-0.005914801354016674,-0.002520063031205777,0.001960451439420252,0.006580070128768822
2022-01-03,0.025004252005254468,-0.015383743445999576,0.021155134541579912,-0.00466832862267863,0.02414074304181013,0.005790022319744015,-0.026250173436699997,0.03840505742063627
2022-01-04,-0.012691723453448156,0.007366515057776857,0.03790968325966948,-0.01714710887653237,-0.027588767089333333,-0.0003350584373145171,-0.004157899389863662,0.03761404768734544
2022-01-05,-0.026599750170539616,-0.00300766493835114,-0.018281974713408644,-0.0383878615676716,-0.05756244252610576,-0.019202125206612353,-0.005428176642956251,0.012437374117938216
2022-01-06,-0.01669328794821967,-0.012244126909514819,0.010624189660115135,-0.007901993412368635,0.02079404755113523,-0.0009394014726014088,0.002588886404505164,0.023520610192883096
2022-01-07,0.0009881930441009157,0.004551137683908024,0.009908207861780483,0.0005098065339210756,-0.033039896754651465,-0.003953548850726074,-0.007188179712048437,0.00819670634118741
2022-01-10,0.00011621788914228937,0.0030402057039400354,0.0009569362340295928,0.000732290627073473,0.0056152656463128725,-0.00124435440816828,0.0024603594832857123,-0.005952288142452189
2022-01-11,0.016783828845626347,0.0120646549718888,0.0010160663059342045,0.0022594780841513895,0.015219076816460841,0.009108231234683073,0.006661240315570138,0.042062081118416916
2022-01-12,0.002570191977677716,0.002642622730480104,0.005672056179277796,0.010445159943208937,0.006542835587808993,0.0027035183644334992,-0.0038310446465644743,-0.002943005929544884
2022-01-13,-0.019028068034223966,-0.0033969884760131075,-0.0012466754897614285,-0.04232274039656969,-0.05085909117094689,-0.013778476922541971,0.008880365707243154,-0.007169067913426974
2022-01-14,0.005110454895748795,-0.0028796749096049457,-0.061463473888548226,0.017716846225715566,0.013809989951815593,0.00040893964261723426,-0.015109074192687255,0.017556511729621027
2022-01-18,-0.018893976967112147,-0.001650255097062403,-0.04192791851409694,-0.02433941846029275,-0.038564340136599484,-0.01770954248190848,-0.014074661482423534,0.01683598992877644
2022-01-19,-0.021024790799507698,0.015880526897095182,-0.01546922859881461,0.002246785476369917,-0.03227436765504499,-0.010383660057393107,0.006923736251989165,0.0004101455345879579
2022-01-20,-0.010347098824694756,-0.0024988838330701757,-0.008527408905823597,-0.005703383135582385,-0.03658173178134272,-0.011068055907754282,0.006167192564193957,0.0021883137184004475
2022-01-21,-0.0127648141064175,-0.0032624385581478954,-0.017472503007393114,-0.01846816091495218,-0.032132719543027655,-0.019630524054661036,0.011906138334665028,-0.01501281742186511
2022-01-24,-0.004864362540458633,0.005494198734739664,-0.0008960035274838685,0.0011488358285240974,-8.554275115635335e-05,0.004246651150559888,-0.00821539320262088,0.00859075676412635
2022-01-25,-0.011384865548379586,0.0031971345443269072,0.010900190135358034,-0.026588734531362235,-0.04484010692039475,-0.012208834891225817,-0.0016146599520694416,0.029399948842823154
2022-01-26,-0.0005631438057307481,-0.016166464916677392,0.0094861169689342,0.02849342868187099,0.02006823489562004,-0.0025088840758645814,-0.012093946372237818,-0.01014303869017319
2022-01-27,-0.0029434856809038568,-0.012898211138547944,-0.017644742506658817,0.010548695304188449,-0.03636041445913474,-0.004937887615384162,0.018363129131965472,0.012808552453503985
2022-01-28,0.06977783498186652,-0.0029832934474428585,0.008946559808703514,0.028081978728098145,0.04083123662015664,0.02483519678724666,0.00034901509327922575,0.0021298196944075087
2022-01-31,0.026125537942191634,0.005924537392067553,0.013573435094860642,0.00882368719686144,0.07206652041584549,0.018011087155658245,-0.005169672465124564,0.009033117682354153
2022-02-01,-0.0009723861618795571,0.0008328835308379912,0.01715983760934159,-0.007138954679042464,0.006207878279200996,0.006756951106217324,-0.003319830135199653,0.06411260520628481
2022-02-02,0.0070442143648663524,0.0036259919505645666,-0.008004935853349604,0.01522224454461929,0.02451483998539694,0.009714027647385715,0.003387149898356867,-0.0025980610362406065
2022-02-03,-0.016719741618759887,-0.0014214062993387344,-0.008270432676145911,-0.03895244826302657,-0.051263750149517895,-0.023504806137934153,-0.007805709306135222,-0.011659487597657558
2022-02-04,-0.0016793081932691134,0.0015420788696549614,0.025958585533720324,0.01556849602971333,0.015491953969723804,0.0047022463778694235,-0.014742863703653852,0.021711752393137163
2022-02-07,-0.004234674690413054,0.007402581993851909,0.0033431084255739485,-0.016310153450556086,0.016818084078461304,-0.003209477982211939,0.0006479254589530914,0.012037905674169735
2022-02-08,0.01846673654584441,0.003056870675416823,0.018814519929641227,0.011995312617110843,0.01536726869186067,0.008227884451385226,-0.006686209509910501,-0.025852589483262967
2022-02-09,0.008293907212058027,0.0033991784238243117,0.004168301428945753,0.021834829251466736,0.06360497379665397,0.01463635004910313,0.0018818452855831058,-0.00478727710316762
2022-02-10,-0.023599035258174528,-0.0037965605384254753,-0.0041509988146549714,-0.02837295792506933,-0.03298999829333171,-0.017965756173241032,-0.015892095677210727,-0.009620052825209169
2022-02-11,-0.020218260526995047,0.019054878321533186,-0.013016889372326923,-0.024274454764557918,-0.07260671150964515,-0.019718839751998396,0.01482782764359114,0.025178705138943158
2022-02-14,0.0014232891252226043,0.005350715998122091,-0.009290317681997395,-0.0001352948654954611,0.013278010685620512,-0.0032692997890027,-0.01244159459385119,-0.015334628308299236
2022-02-15,0.023152296183099885,-0.009499848975192515,0.014623876155218207,0.018542415095279763,0.09181192210255906,0.01612691601875893,-0.011352526923119943,-0.012534737332250967
2022-02-16,-0.00138901506229272,0.010284254451501385,0.001809561188589992,-0.0011676022737984182,0.0006038737613529577,0.0011208962633302288,0.005926866514746054,0.004615689093096176
2022-02-17,-0.021268924631751784,0.013668073780773726,-0.023032269870210564,-0.029281920171597697,-0.07559123813018354,-0.021361349274840347,0.007438253044325771,-0.0015314566276677377
2022-02-18,-0.009356007997414761,-0.0007334549100845855,0.004688536650313546,-0.00963111587602461,-0.03529604287482213,-0.006475255894941356,0.010527277401208623,-0.011121217290852248
2022-02-22,-0.0178123961695158,0.0020890378623359407,-0.0017746615570369828,-0.0007291907772134509,-0.010659036909621555,-0.010731618414581034,0.0026042391428822143,-0.011633711681262038
2022-02-23,-0.025864054556368976,0.0045072272703239324,-0.020938678603681593,-0.025893460019350112,-0.04288150732338081,-0.017738659874220852,-0.013781840859104055,0.004054363776051728
2022-02-24,0.016680301795172436,-0.006450131470019049,-0.027843382895984425,0.051093923045806955,0.060794222493782746,0.015049143023701417,0.0006584432342702229,-0.012635045161740743
2022-02-25,0.012965385600490986,-0.003330678220184624,0.023659881534517035,0.009233080386094938,0.01722238148207067,0.022064069282164978,0.0007313271308202474,0.026912689301257675
2022-02-28,0.0016377528895652471,0.010365345791119474,-0.0416975744153123,0.004978173767879346,0.009438400030288285,-0.002558620702429626,0.021918777744960094,0.007451406015618334
2022-03-01,-0.011627913563060699,0.018163415997793697,-0.037729461663271735,-0.01285194393825917,-0.037235978306567,-0.01523013488442293,0.011561764096417182,0.009563844750569706
2022-03-02,0.02058834260747333,-0.010406339832951472,0.02074029495794605,0.01776555072542685,0.031823606750411626,0.01839609551396415,-0.034182830070936476,0.017178035016108373
2022-03-03,-0.0019814385663264877,0.005953415398956663,-0.00710818990618145,-0.014224109876772806,-0.020891878643539696,-0.004978356854112187,0.010185275168707486,0.006333152939672404
2022-03-04,-0.018408018609162746,0.015929145881701023,-0.02812912360816633,-0.020478764831861618,-0.03280748297706293,-0.008124713223959579,0.017264145956074506,0.03763566885188596
2022-03-07,-0.02371755146383281,0.014862865283030047,-0.03861594744858665,-0.037776698951824006,-0.06906199165368487,-0.029479277629289924,-0.007629669707332476,0.03603295541433593
2022-03-08,-0.01167619737435277,0.027358997610294145,-0.007042772222604854,-0.01097125827089418,0.007587238051105505,-0.007581496271230503,-0.010059951627512498,0.007575607335623458
2022-03-09,0.03499747873758463,-0.029711176156991925,0.04006226160153714,0.04585810718348626,0.06972205487765559,0.026810765946302828,-0.00979847788656485,-0.05684653374022741
2022-03-10,-0.027186196648286032,0.0031212277978962533,-0.01184059029515283,-0.010086477437776353,-0.01546864367738865,-0.004515658842114911,-0.014367654047151901,0.031042512004151535
2022-03-11,-0.0239086261272069,-0.007027884128157469,-0.022523829691814545,-0.019328724703578715,-0.024627053563151424,-0.012715255615865173,0.0033466285287166997,-0.00515484624426954
2022-03-14,-0.02656240303486268,-0.01507371193113849,0.00993094444853937,-0.012960646773694684,-0.034841626021608785,-0.007307971185978368,-0.023348995368616454,-0.03579817372377825
2022-03-15,0.02967726124577652,-0.01870545038411886,0.017745903801923868,0.03874232681547474,0.07702749461736613,0.02199034437453773,-0.0017457766749757742,-0.056912534946930826
2022-03-16,0.02901548665228315,0.006260803404375848,0.04468594368694334,0.025213469365061192,0.0662953322635984,0.022174191324148218,0.009807880466922603,-0.0037556726067176083
2022-03-17,0.006453977900234165,0.004888644573449508,0.01264463054277809,0.0028191442349192464,0.011022206228090026,0.012510859164271082,-0.007453737443368635,0.026647662441324105
2022-03-18,0.02091904554913704,-0.008789852082788041,-0.0003566595115321869,0.017647785775495306,0.06811744505876494,0.010952721381422226,0.012212923940797982,-0.003925113460310992
2022-03-21,0.008537732463659742,0.007640798069546317,-0.0032121784841175893,-0.0042270983851387944,0.010622542382233702,-0.00029240546629472064,-0.023156261985328497,0.044870942284857884
2022-03-22,0.020800475499763493,-0.007250775291250955,0.02126733875452258,0.016379065004242577,-0.007854991293461011,0.011701385905266593,-0.012812059740971549,-0.004379611983965304
2022-03-23,0.008233403209244372,0.013659661796972422,-0.01991281960354896,-0.015029599518796566,-0.033554507592761684,-0.012878180449004906,0.0219151019406989,0.015762500259850487
2022-03-24,0.02267824370015714,0.007260367097212672,0.006510206492690074,0.015392683653669748,0.09815062556541054,0.015074420608012673,-0.007833037518936048,0.0030076785724322264
2022-03-25,0.0037338750747630822,-0.004095451209537915,0.008742661847118693,-0.001381042293952417,-0.016269816108793855,0.004883483976803937,-0.01387258681400827,0.02182760709947762
2022-03-28,0.005036647152863338,-0.018203790082975457,-0.007398664606893646,0.023116560467513647,0.019030796333651123,0.007112993364053688,0.008549531518149633,-0.02805193558272756
2022-03-29,0.01913440456503679,0.00044678784846130526,0.002200642005026232,0.015159065019534346,0.01548600333920791,0.012370727068772958,0.007552196065452543,-0.005313263700490012
2022-03-30,-0.006649448132388325,0.008038419372069505,-0.004532976359175822,-0.004914017474155874,-0.033710132727071795,-0.006174756040988272,0.007801770449400669,0.017117793155879246
2022-03-31,-0.01777599560587262,0.00038759588392967004,-0.030027191620808247,-0.0176832380478662,-0.014590221843803985,-0.015391294497740904,0.002428790885932841,-0.014203727042151337
2022-04-01,-0.0017180598216913756,-0.006365867342034703,-0.007409055851123281,0.003600189745965654,-0.02103645070146032,0.002834215131310991,0.00380674273249082,0.006417148828030461
2022-04-04,0.02369351184331303,0.004846769455083555,0.004434331230962041,0.017936680904803826,0.024258802962532133,0.008566494596236707,-0.006949473918519855,0.0004814731466307176
2022-04-05,-0.018941858131874545,-0.006264842571455875,-0.011637407410713063,-0.012985309219651908,-0.05222964522882545,-0.012631170198278197,-0.022592836157449225,-0.0051709074920388565
2022-04-06,-0.018451069680137766,0.002343216670796844,-0.013874464323033298,-0.03660581037345134,-0.058771262294072146,-0.00999958636145537,-0.008093980593548267,0.011120437900206559
2022-04-07,0.001804277977648372,0.003784886240234986,-0.003041906803343264,0.0062440622717272465,-0.00815328402846427,0.005039142602811575,-0.00753239290558394,0.016736675483762564
2022-04-08,-0.01190893709078078,0.006265969312183373,0.01830816444821659,-0.014600200241868033,-0.04498515941527803,-0.002674163778049632,-0.010830956690590976,0.021045999405908233
2022-04-11,-0.02551600252318098,0.004959463770487282,-0.003670864299739285,-0.039431739402228994,-0.051991815903844274,-0.017092096197737328,-0.015824745724888345,-0.034430838821808196
2022-04-12,0.011523527908150255,0.007676751619003053,-0.010977610309148456,-0.011217566144462121,-0.018843920867874564,-0.0037052667662714756,-0.0013806242619107678,0.020870546473484852
2022-04-13,0.0163424458061161,0.004788537865617837,-0.032233337487293845,0.019712191203300478,0.03250536287823391,0.011453628473765631,0.002033106712569177,0.014135491714632575
2022-04-14,-0.029988266029877475,-0.003303550666205579,-0.009269471305654808,-0.027084425889027486,-0.04256147768040941,-0.012451959660738754,-0.020045279338757216,0.01174979691307887
2022-04-18,-0.0013308572146381037,0.0030971927027434454,0.018553778254193354,0.00246544206510535,0.024696479786467274,0.0004113032241253034,-0.004969119425225155,0.00819794871630175
2022-04-19,0.014115196258964069,-0.015112904376299419,0.020706678352174324,0.01704028627157994,0.01905152926174236,0.016142532795864195,-0.007490790168373285,-0.00892180037935797
2022-04-20,-0.001015452571520692,0.004894947496407287,0.0035083940880009656,0.0037151335009055764,-0.03225526224006592,-0.0007414933149358927,0.020126201602083116,0.002279080143567036
2022-04-21,-0.004843706029809991,-0.0035576001936850066,-0.007751794097210829,-0.019381195904433546,-0.0604689667062599,-0.014953565931433155,-0.0073983495892803175,-0.010573173558527715
2022-04-22,-0.02782117394930872,-0.0097220932450649,-0.028722678163523807,-0.02414438489428461,-0.03309725521270723,-0.027438988385207086,-0.006294188178511795,-0.02183145333257297
2022-04-25,0.006737249764215081,-0.017970993150090764,-0.00031537689043059647,0.02441341376379924,0.019830804789884304,0.005797522709006575,0.010000963596492607,-0.03371295178751754
2022-04-26,-0.03732804240905996,0.001525017044941901,-0.02958112883952535,-0.03740361573466022,-0.05597430121157787,-0.02896094818930317,0.010066948420538457,0.0003644513255482984
2022-04-27,-0.0014668391946590642,-0.00755702425744631,-0.01300620172117306,0.04810882742199074,-0.019853018666680433,0.0028118592920309826,-0.01282594095565337,0.02855771096116788
2022-04-28,0.045155212081213536,0.005398323510093839,0.015813096602849797,0.022632442766710392,0.07423281469279197,0.025259562948446224,0.0014891276581636692,0.030245484454525906
2022-04-29,-0.036604574216736574,-0.00011297696546286318,-0.032268331221058655,-0.04181187711689249,-0.0624303471261336,-0.036955515555921026,-0.012972596103381084,-0.022362271363761677
2022-05-02,0.0019663675702312755,-0.018540493535693647,0.009131844896114405,0.02504304754396891,0.053162254065214354,0.0060192595272503535,-0.017334097667392356,0.013607238691973667
2022-05-03,0.009622676718778811,0.00264926246698316,0.02141962699215849,-0.009456079547317309,0.0035322783900779697,0.0045839117732136,0.006741963456794453,0.020599278254549214
2022-05-04,0.04100823284595689,0.009822544372671826,0.03308138375523173,0.029100745778837922,0.037343191164413314,0.030452816782467362,0.00551000105065369,0.03980028291121873
2022-05-05,-0.055716131901115906,-0.003811138551277793,-0.025019657740145473,-0.043554872331610706,-0.0732761325525968,-0.035542651151238,-0.027398431672903567,-0.015158031502481628
2022-05-06,0.004726900887510821,0.0016558743678838361,-0.001614001802672571,-0.00944634414968426,-0.008968808808792583,-0.005968945263649883,-0.014735205364379556,0.015280841452131266
2022-05-09,-0.03318905332462052,-0.014479496708730832,-0.015033831278314813,-0.03694534626430224,-0.09236927550199225,-0.032017279878105764,0.00879727403565056,-0.07885264618803023
2022-05-10,0.016112117836981632,-0.008445202872691127,-0.0243723116855028,0.018595406956826377,0.0380532999014469,0.0023105226102824172,0.009069538735496874,0.006630235007164975
2022-05-11,-0.051841312372081116,0.008167128516088473,-0.006308380300300898,-0.033209696204123396,-0.05484517085547558,-0.01588603014360479,0.019272536149617547,0.02081859114268969
2022-05-12,-0.026894256362352875,-0.015333925720196762,-0.0008463757945854633,-0.019957555317325126,-0.027360270693447153,-0.001043887569027735,-0.0018654219468704492,0.004539734022796171
2022-05-13,0.031916530197283466,-0.00810956630229509,0.008895228254893306,0.0225960318508287,0.09465242956552089,0.023907836860080467,-0.014780762686135596,0.029663933653831798
2022-05-16,-0.010672316698011608,0.009538483763206873,-0.006969428382684328,0.0014553215673451803,-0.024963515842179262,-0.004057524251820488,-0.001034810604991443,0.023520061289396654
2022-05-17,0.025422633964207852,-0.006279296383541522,0.0331473306162442,0.020344409984182743,0.05288486471032794,0.020570210894484298,-0.012083335365310366,0.01275435582506601
2022-05-18,-0.056419298048001054,0.0005314848929158789,-0.017106012216081545,-0.0455296725369414,-0.06816300554296639,-0.04031152840883756,0.021317225543404872,-0.01585055877617536
2022-05-19,-0.024641420820776472,0.014697234801531733,-0.014822213795387396,-0.0036996369509341154,0.0109811073811934,-0.006124490743128264,0.0023949678439680877,0.0054052565988071954
2022-05-20,0.001747461251576654,0.0006980112537449124,-0.008198786470937858,-0.0022912977163154213,-0.02511093534245845,0.00043652424419793334,0.011350160688768929,0.007900151611528239
2022-05-23,0.04011946174339487,0.004650369455528214,0.06187155032930969,0.03203207016090781,0.012219947130473585,0.018709988906599584,-0.016454154771704088,0.022098697580102078
2022-05-24,-0.019216270268553548,0.007521859850632806,0.014125225091189852,-0.003951689325858543,-0.044028862595641094,-0.007633837142798305,0.01973230799084935,0.005431828406711636
2022-05-25,0.0011397695975385869,-0.006029994959596108,0.006964073292965445,0.011170175575327734,0.050823200439217064,0.008834969236569679,0.003954363683749573,0.020127225665787618
2022-05-26,0.023199551611727598,-0.0018488983177334939,0.017290242500071384,0.012875035256355583,0.05160508416680076,0.019981304803630584,-0.0045254690947507115,0.003530564092899091
2022-05-27,0.04075678553539208,0.00052102106703944,0.014137753240210271,0.027604213744848005,0.053778841880538275,0.024549127212522226,0.002441799819828283,0.009830304786850652
2022-05-31,-0.005346263612049151,-0.009893009276743081,0.007313237719342336,-0.005013602363106884,-0.00738920038535551,-0.005611034606480048,-0.02116265950868723,-0.01629254170123884
2022-06-01,-0.0008732100109815066,0.006369033199590923,-0.01754523231398042,0.00202334245732394,-0.01885210772861312,-0.008088388847158123,-0.0011427689433073374,0.019166524496825543
2022-06-02,0.016811266487608556,0.012309182073779512,0.016088159794327206,0.00792836177023526,0.06943249079136504,0.0190435126241284,0.000516190120963822,-0.0017376304638618834
2022-06-03,-0.038555753480426835,-0.010152017266979896,-0.013939438560081507,-0.016606977092275876,-0.04450815413396436,-0.0164115416233247,-0.0021499263339952446,0.014538901059160558
2022-06-06,0.0052274444204618575,-0.0044037229040009285,-0.0033036947473877865,-0.00470332732607015,0.0035255483970655366,0.00304463032054203,-0.018443681026583336,-0.002523020848119617
2022-06-07,0.017586199440981387,0.006518420844169315,0.0026209537983923337,0.013953197963871622,0.0074527030598088295,0.009592512927765862,0.010799999056706922,0.04583178254553322
2022-06-08,-0.005043505547217664,-0.0009251975242893229,-0.015914631677574342,-0.007669423194185843,-0.014480478943329489,-0.010872353210087837,-0.008860637722969189,0.011802235197382105
2022-06-09,-0.03595552354263143,-0.0031832564859568535,-0.021015561092610824,-0.020782999127621382,-0.03217535030008134,-0.023782805313167787,0.003330601771194708,-0.02160829002022846
2022-06-10,-0.03862869586453388,0.013412283666592417,-0.045965877126335264,-0.04456387885175572,-0.05950753220328209,-0.028995547157562696,-0.006202095017459497,-0.018274322987209213
2022-06-13,-0.038284936022838334,-0.026412288230091452,-0.029778395857118722,-0.04241277115190234,-0.0781784881574753,-0.03796820515764121,-0.031379092073140824,-0.045888753247892544
2022-06-14,0.006672408174720923,-0.008003209616781914,-0.016639352004981123,0.00920509048625684,0.01207891919920523,-0.0030134677434791035,-0.01261387907713718,0.002608215071825404
2022-06-15,0.02011176249689739,0.013050939388113303,0.011835942010322897,0.029735429701370997,0.04363481569877714,0.01425635458805452,0.018656976759493515,-0.012591026442136166
2022-06-16,-0.03965140525489541,0.011243181594596585,-0.017156281212702407,-0.026970312078730685,-0.05602968850882639,-0.03309606295452783,0.007939610561851662,-0.03688470849257641
2022-06-17,0.011533202686732302,-0.008222816311715064,-0.0035265288496898473,0.010940108036254559,0.017883547300763913,0.0021557918055044034,0.0032220514999352634,-0.05766491508453164
2022-06-21,0.03276040862516405,-0.0037367862070599722,0.02477231460884588,0.024591268971708935,0.04319925594777474,0.025173504247707035,-0.016951942829637745,0.06223874850554223
2022-06-22,-0.0038270648301826915,0.003985188163408093,-0.005611779509559156,-0.002404033361238178,-0.012435069009760769,-0.001812671810266675,0.02750022771613736,-0.03957160205889232
2022-06-23,0.02157401954543925,-0.006129257292171064,-0.010939456501596001,0.02263625903490296,-0.00825207424189589,0.009802144415796077,0.008214822836448477,-0.030161645221095768
2022-06-24,0.02451702000790479,-0.0009984622015154487,0.0298454509899031,0.03415017165984646,0.05553162540424861,0.031794049226276044,-0.013842705576158854,0.01983337681972097
2022-06-27,0.0,-0.0011170700540719114,-0.00801216208675326,-0.010496635166667545,-0.015006424991104605,-0.0038196869409968803,-0.008528470402325516,0.02451092664052723
2022-06-28,-0.029789591009118377,-0.0016480211262837052,-0.004811775665086615,-0.03174929022712125,-0.05258166095579586,-0.020432957085810943,0.004659221431905225,0.027743377142689152
2022-06-29,0.01302376338517286,-0.0007663579045243951,-0.004489738269324084,0.014738101021032346,-0.02753114448790106,-0.0008142239778178295,0.015608189348787382,-0.03693955603719645
2022-06-30,-0.01802758699176854,-0.006077047294322124,-0.02333029573552159,-0.013179592228756087,-0.02464279906154665,-0.008124158142175042,0.008781952007185456,-0.028143743170123914
2022-07-01,0.016164383436880536,-0.0008310541616338707,0.012787270790526328,0.010707862021670289,-0.04195540116567942,0.010576277041588256,0.010266659589974303,0.022302774140409376
2022-07-05,0.01893053125007005,-0.02120964335120412,-0.00380359149929943,0.012597211242420414,0.030365712372712572,0.0018885554670278193,0.007857230306645091,-0.03129667714304363
2022-07-06,0.009607234272146492,-0.015842188833696924,-0.006481852053268011,0.012782731720311968,0.011093437658751926,0.003377297738688112,-0.016791161162524215,-0.018040232666479028
2022-07-07,0.023999453718785313,0.000555053276362516,0.025292557842942154,0.008226585121198449,0.04811613754929889,0.014977292216048488,-0.0088001883369071,0.031940780688491266
2022-07-08,0.004714516398865776,0.0004315313201161963,-0.0031380018872270155,-0.002756838154950314,-0.0012610449226523324,-0.0008227546065897595,-0.01107592687323078,0.0016288678885900687
2022-07-11,-0.014757625801900431,-0.005360507452973451,-0.013116411431568609,-0.01176889690425098,-0.04331362944693762,-0.011423515368343962,0.017244528793882274,-0.005111596655521411
2022-07-12,0.0068336204715298,-0.0037167247224720867,0.0009746566189992034,-0.040981417130840025,-0.004619908715178256,-0.008848881277488618,0.005942005291324826,-0.013311647689180806
2022-07-13,-0.002536771014477912,0.004787690503602615,-0.009383115392534114,-0.0037447227249578496,0.005436870253819004,-0.0052516163501595825,0.011466256449740309,0.00402379685458798
2022-07-14,0.02048250619758063,-0.014047055610919013,-0.03493887668300377,0.005381372665018258,0.013716701367293416,-0.0024286568247908757,-0.00815854911926639,-0.020037839768041188
2022-07-15,0.011450152799400426,-0.0020084561635671516,0.045833313875203396,0.01039019239924599,0.025370966752565005,0.019105126584327392,0.0056281106748039544,0.01683925126418484
2022-07-18,-0.02064310781997558,0.0009433945063559435,-0.010269874066111906,-0.009621232468231655,0.02150729372959903,-0.008256926288448319,-0.010418590781834158,0.018452689792039623
2022-07-19,0.02672175145234168,0.0023874693093759447,0.024778375777080308,0.02076711243858198,0.055338386914335125,0.02701934075859813,-0.005394708875256948,0.025203126301620804
2022-07-20,0.013509781735091764,-0.009402031234323593,-0.00017448726206281684,0.010557386190105822,0.04796343734684605,0.0063729516538437725,0.0026245190752676173,0.010989108754099197
2022-07-21,0.015094300859192611,0.014110421925231709,0.006809786847675747,0.00979935035798385,0.01364640107186288,0.01018315355874555,0.017276311925345178,-0.01669638106233806
2022-07-22,-0.008110782197378597,0.00249575020790771,-0.004855996265010876,-0.01691634739760728,-0.040498253877713886,-0.009277966174488506,0.016810709672524515,-0.007635478609781421
2022-07-25,-0.007398193523570518,-0.0027385476219622396,0.0040084832617166555,-0.005876381499050565,-0.017033780316238256,0.001214955342446089,-0.009784879912186573,0.033302808397627226
2022-07-26,-0.00882666559744627,-0.0011858106875901608,-0.015622431745015986,-0.026774261398214927,-0.028841562625059436,-0.011831073675958592,0.0007665377027175069,-0.003889771071573178
2022-07-27,0.034235003627920646,0.010184984698782484,0.016046680605866115,0.06685186787472364,0.0760298350750701,0.02596643374290597,-0.005617807472379832,0.021644435007845964
2022-07-28,0.003571662927860153,0.012185323455280006,-0.0037314543306053993,0.02854075847817983,0.010905189189421627,0.012542233716457796,0.007961067430249491,0.01168499835531267
2022-07-29,0.0327931399225474,0.0028110896821249565,0.004790586549779041,0.01566537773620058,0.00995300069384375,0.014578721233599046,-0.0027175896662691157,0.046308273044147974
2022-08-01,-0.006153437691917785,0.0056672312077465925,-0.00996883123507375,-0.009724267491957539,0.015306103644617819,-0.0029610864803228942,0.024083572602926262,-0.025275822624814315
2022-08-02,-0.00928740176527132,-0.005938288400823777,-0.015585124634334369,-0.01147461211719858,0.0046091801094170215,-0.006597331049786548,-0.021159939880978973,-0.0043395310890442795
2022-08-03,0.03824756917572003,0.002438243761313297,0.01049538796419891,0.027836219025771936,0.019810308992255887,0.015659503414734655,0.015744882368617708,-0.03242286597328059
2022-08-04,-0.0019261257056082393,0.016539989487255546,-0.011002560765462577,0.004177561318989165,0.0170430064855549,-0.0006757341452603427,-0.0003351533492842451,-0.0420783978161241
2022-08-05,-0.0013889461253931978,-0.011246066300201418,0.03025963236485074,-0.0026089540209383033,-0.01176164124869028,-0.001689972418338126,-0.023803491981169156,0.014451043775451256
2022-08-08,-0.0029033026771768666,0.008470017618367853,-0.012180295207577019,-0.009154890163393103,-0.06298379525431796,-0.0011611025054493185,0.016141488116373726,0.005652951791230931
2022-08-09,0.00030347883473180737,0.0030595386607856767,0.00900737389974271,0.007063562611816954,-0.039734687158067716,-0.003970984219429985,-0.0038866416409397697,0.018437079138967416
2022-08-10,0.026194558283858305,-0.0025119508170524663,0.026087761718536218,0.024300352309857498,0.05917106375509551,0.021004195470119225,-0.006531733886427915,0.009493568774892047
2022-08-11,-0.004431515402663955,-0.0026382206776995876,0.014781738459621385,-0.0074008739069890694,-0.008564887964936818,0.0,-0.02330934949388097,0.028927993356133497
2022-08-12,0.02142547835782227,0.00919802099904432,0.016563997329195557,0.0170371213701348,0.042748907307969874,0.01692891955662512,0.010140808348670705,0.008691904210638368
2022-08-15,0.006333549732174815,-0.012867030834262327,0.0027020328430036322,0.005344282088194374,0.01726450295637383,0.004120807158994211,-0.0008655538734344548,-0.017872482431721792
2022-08-16,-0.0009238688619576108,-0.001750096754401964,0.009554087880695006,-0.0025900100502880274,-0.008039395318323761,0.0019587116613835054,0.004157547070404277,-0.009315322791936587
2022-08-17,0.00878469059412601,-0.006468335614034371,-0.008412099236947412,-0.002636067039269885,-0.0288148868354563,-0.007098249783679456,-0.01043715144936308,0.008090888252560546
2022-08-18,-0.0022914981970691972,-0.0026164156896926194,-0.007749497129860283,-0.003947426706930379,0.02388880439247809,0.0029066538528406127,0.0014816366230594458,0.023644365380370624
2022-08-19,-0.01510205516975216,-0.007320625681104476,-0.024745265766129343,-0.013854042807150413,-0.049219532666089916,-0.013437869238376532,-0.01610225416964206,-0.003178583079866182
2022-08-22,-0.02302943569427507,-0.006637179344595956,-0.016521873761087935,-0.0293552406496167,-0.04566073971060558,-0.02082270874358849,-0.0033614124307248527,-0.0007440190512967293
2022-08-23,-0.002028901997902177,0.0069908740848763085,-0.009856899199013891,-0.004716521434839693,0.008629465221078991,-0.0024191466814461604,-0.00550363644855878,0.04244231719215441
2022-08-24,0.0017938745226597774,0.0029489200401788818,0.00242397640988945,-0.0023511620490337393,0.0023861018749946616,0.003201001734985276,-0.007318559032419958,0.005918290972234175
2022-08-25,0.014922711582291415,0.003062787136294043,0.02374778782260778,0.011095220960026131,0.04012355893626651,0.01411748005339164,0.013936072952440703,0.005173414944766419
2022-08-26,-0.03769905660256623,-0.012152705301765265,-0.03272867022095016,-0.03858688904289875,-0.0922794875271874,-0.03384900512832323,0.007537551528733477,-0.012312402455555982
2022-08-29,-0.013690479865977379,0.0006182375550920494,-0.0024418704209890896,-0.010668027300175242,-0.02822873389073699,-0.00661225466962434,-0.008273110370019654,0.02299011945463758
2022-08-30,-0.015305412362818016,-0.008340578885610683,0.0001748200231903585,-0.008520975205699388,-0.02107449053201249,-0.010977864042146068,0.0024848682965983304,-0.03805447705238818
2022-08-31,-0.010634942045155915,-0.007725314789180926,-0.005943503107123438,-0.005703996837316927,-0.024179092112446288,-0.0076088817771832185,-0.009561039374475389,-0.007475996353120018
2022-09-01,0.004706749570630775,-0.008790162100319021,0.006858286156485427,-0.004092437296973839,-0.07665288044023,0.003137797506642004,-0.01830813490897787,-0.01799340960353657
2022-09-02,-0.013611095913542037,0.008804709144487166,-0.006986280695047253,-0.01666673213850267,-0.020807979171023838,-0.01054439370284388,0.005656976760709975,0.018323104732191453
2022-09-06,-0.00821538285348078,-0.0058394619355668365,0.0002637612517126797,-0.010973783798168601,-0.013336231661034703,-0.003773208275991591,-0.024768722572785062,-0.00669499301634946
2022-09-07,0.009254086545957163,0.010168638866495439,0.01899060620489945,0.019111464131811307,0.018795047097347917,0.017965060522872722,0.015815693550320642,-0.008530881430368176
2022-09-08,-0.009617818702677305,-0.006002292729855863,0.023296127318461757,0.0016661817005747537,0.02012524556244788,0.006536139205407299,-0.0102574531488413,0.008179177804541249
2022-09-09,0.01883978384805718,0.005283756568463582,0.00480604068900381,0.022976731676936035,0.028377587051568343,0.01553548181663933,0.002220493716644345,0.016752737128082007
2022-09-12,0.03850793398380259,0.005068186218703863,0.011831900394782213,0.00828109645144659,0.008201910520782674,0.010747550887500124,-0.008216843753179104,0.011502791072329765
2022-09-13,-0.05867937918796373,-0.01301133993119441,-0.034748730329625,-0.05497831701202416,-0.09472597998654642,-0.043482525143137885,0.0023274694503065962,-0.02335828912986415
2022-09-14,0.00955535514341066,-0.003847613448870524,-0.0023196963154316075,0.0009127437006946071,-0.00022861616161906628,0.003815812362144344,0.0034362295524668074,0.024546057613738625
2022-09-15,-0.01893002920849829,-0.018679143196684067,0.015070409994432987,-0.027119239258149186,-0.015158168648362724,-0.011353256256345423,-0.0006476419309514592,-0.029077408957246975
2022-09-16,-0.010960228024483154,0.005549107201315628,-0.00670219395227889,-0.002608236725381352,0.02080567011929202,-0.007628852418214316,-0.008335777371454856,-0.017083173669910634
2022-09-19,0.02508311702724786,0.0007700871329356929,0.009224460655411049,-0.0008988214944241069,0.013941580560107525,0.007755023871878874,0.0023349943426822506,-0.00010735999093647308
2022-09-20,0.015665555438838297,-0.005706587274526553,-0.01971924570180572,-0.008465584900837042,-0.015393767664500735,-0.011478737496485758,-0.009970123216542226,-0.008154301216793725
2022-09-21,-0.020267679150771878,0.004642973675810236,-0.028835191420119588,-0.01443603363191237,0.006451151334132321,-0.01744371248347576,0.016752633665993777,-0.01611875959319209
2022-09-22,-0.00637534427364661,-0.0005776772692025478,-0.011378879588924251,0.0084955032290841,-0.05278646710100865,-0.00839995300083951,-0.02554863531136975,-0.0041781096811512874
2022-09-23,-0.015123829047081538,-0.01727683040546535,-0.018613339678520968,-0.01269814297471239,-0.003582497374149507,-0.016754755494384987,0.0040851583036887185,-0.05321839509274384
2022-09-26,0.002260385311174007,-0.011633219026207842,-0.021532041664484414,-0.00197537880554266,-0.023010601281087784,-0.009892908660318667,-0.019110675928764587,-0.020641386371698545
2022-09-27,0.006566272214726165,0.002049841746687875,-0.008802239015679336,-0.004379766002006069,0.015129214848736305,-0.0025525266652040024,-0.02633135142303966,0.020957376463486943
2022-09-28,-0.012651834924214178,0.02078665233491006,0.020217229076527676,0.019711338564625036,0.026021207668575075,0.01967633196699614,0.03348198286717374,0.036389042508040204
2022-09-29,-0.04911900234407818,-0.00019392836526865853,-0.016945941323949443,-0.014808914816963892,-0.0405151074401604,-0.020888913694628974,-0.005175658639925751,-0.002025719735888165
2022-09-30,-0.030039399868739824,6.462244018679009e-05,-0.01563668917322447,-0.019368481149495076,-0.006628346915017569,-0.015463723003575014,-0.01291076732475871,-0.015448840788798601
2022-10-03,0.030752754614662203,0.024309785681440932,0.03090889449086265,0.03366259147160555,0.030727411727170972,0.026401492268015803,0.01588956271777464,0.05280044341508794
2022-10-04,0.02562316147165844,0.014328122056449066,0.046783702845978326,0.03381242643720572,0.052349639334902776,0.030986500591864585,-0.0027931699708574342,0.03644495219643695
2022-10-05,0.0020534234806917073,-0.005538266375543777,-0.012346783313315512,0.0012855887593090642,0.003189769850238111,-0.0023283686972850326,-0.009561486371996386,0.04041135925687134
2022-10-06,-0.006625949199498993,-0.00112629171222689,-0.020382311742259573,-0.009670805737336141,-0.005980719432083559,-0.010315734215521122,-0.005558405946143763,0.02966083814877707
2022-10-07,-0.036718610889454606,-0.010962851258976669,-0.019974027446837628,-0.05085296981412579,-0.0802742670874107,-0.027893752600466337,-0.009708098835143009,-0.010092080176788754
2022-10-10,0.002355547414018444,-0.015201476317757034,-0.009341464818157896,-0.021302883660582528,-0.03362037693988362,-0.0076352204137086765,-0.015545830766157787,-0.02167673233421674
2022-10-11,-0.010254818548201872,-0.002058091550185215,-0.028859841639668482,-0.016750304348166378,-0.007197974149947717,-0.006332985117560641,0.0044259705521139114,-0.008498346293032366
2022-10-12,-0.004605118575428446,0.00534932850905423,0.016182846298954168,0.001508322899789194,-0.007422620421914439,-0.0032985709508683847,0.0049070409591660535,0.0043875738110950024
2022-10-13,0.033613031827786743,-0.006923532232980256,0.05559294214461774,0.0376079912458851,0.03999979050301983,0.02639110384142085,-0.009567172823499392,0.03494883712681607
2022-10-14,-0.032240135461877095,-0.012458897998479546,0.01664095725839454,-0.02424874411089928,-0.061287631306343626,-0.022788894297335882,-0.008249924536564257,-0.02630819271399265
2022-10-17,0.029122901646265964,0.0028762090057179446,0.04200010130418641,0.03924583245285462,0.05887617038441739,0.02569712768172061,-0.00486983566286292,0.014416797008643956
2022-10-18,0.009409271550935072,0.0021509701146735782,0.025720680474383473,0.0040837238589861435,0.006645298964868651,0.011749574219533487,0.0023448217682011663,0.001788963000071142
2022-10-19,0.0007652270946834072,-0.013398358104674823,-0.019606133106059853,-0.00846956532870502,0.00701933254386522,-0.0070865426789512576,-0.018205645418002514,0.0296627006835386
2022-10-20,-0.0032669887303636846,-0.0015822103586343728,-0.0032616124687815384,-0.001395657158402841,0.011866261012364099,-0.008385254835684308,-0.017093188497109613,0.0013487425862452884
2022-10-21,0.027059075400470922,0.017827646105301076,0.05252723998954867,0.02528069277413736,0.022305928014447307,0.02430142975497107,-0.018023037536593844,0.01857026627126701
2022-10-24,0.0148027952767249,-0.003243594030472474,0.0012271784445192502,0.021187918565324093,0.010668956576583621,0.012236442557892246,-0.008264454934210463,0.006990295415103764
2022-10-25,0.019337492065740536,0.002277944142005106,0.0026150759711804916,0.013791637308199434,0.0525439950852713,0.015968663016823648,0.02911292422616163,-0.006753940257858249
2022-10-26,-0.01962691505801828,0.006363608620383543,0.011491383109250908,-0.07715632877417578,-0.027524387579943133,-0.007534020875488379,0.014407091032426544,0.011900133036246485
2022-10-27,-0.0304655754889126,-0.001548523944967184,0.003948053224373194,-0.019756263312798894,0.021712201900733197,-0.005340152623269034,0.010470479870377414,0.0038267141491956647
2022-10-28,0.07555259952244509,-0.010210687443231947,0.011878020707000392,0.040220458444238494,0.049939119340821625,0.023790668979456253,-0.006873435723137256,0.02928862594077808
2022-10-31,-0.015410464668320745,-0.008161399648159207,-0.0015865155495572436,-0.015856044453076645,-0.02436003365828765,-0.007223186659951142,-0.007128299484703504,0.0009937501468573195
2022-11-01,-0.017542753511758935,0.010203429757038585,0.01803330497304456,-0.0170594963417785,0.003407934313114369,-0.0043759047459098754,0.009345532790429045,0.009926934003681387
2022-11-02,-0.037305035518435004,-0.006972548399621914,-0.0092079359895898,-0.03536824666156746,-0.023923680735689845,-0.025096059727174658,-0.004339960060066428,-0.02055237951389033
2022-11-03,-0.04240484839962855,-0.003806036048150885,0.0018113528945886692,-0.026578708761419878,0.015280911975808387,-0.010296936483921604,-0.005397164992307246,0.013593739541389649
2022-11-04,-0.0019475267943022123,0.030696289684813083,0.027358401896304008,0.03332526079478004,0.05476507045624612,0.014393112972917788,-0.016800347807570115,0.010891116910407561
2022-11-07,0.003902317695691382,-0.003962389674382338,0.005280296981401422,0.029269714721239293,0.010242896154473602,0.00956561031849934,-0.009976781349877784,0.011842230703052348
2022-11-08,0.004175230554761322,0.023099074133724695,0.0006087601466631121,0.004388408777425523,0.021047475597834486,0.005395405858787727,0.010935003262004805,0.003167994585664635
2022-11-09,-0.033189991476910596,-0.0050172660211307285,-0.013008475118765794,-0.019050061713327127,-0.05656750026123758,-0.020602131707665894,0.0032869250992271226,-0.04473695481368001
2022-11-10,0.08897429967565373,0.030444387121793204,0.041158981202082945,0.08226809693870818,0.14329269964178426,0.054954148457769136,0.03847424492107265,0.014692382846597685
2022-11-11,0.019268994525409644,0.006606324071935177,0.0016287744896712475,0.016997286400635803,0.036634581631459495,0.009678641545827205,-0.0036640183928404735,0.031221753357611126
2022-11-14,-0.009485738014756717,0.002187655661719301,-0.010273632874738592,-0.022500150139411423,-0.0019597406452950272,-0.008506946902825607,-0.0024522348923086135,0.002919351428483985
2022-11-15,0.011869603893045921,0.0035168677995043307,-0.007243397196400991,0.0017389662522881988,0.02276784347050409,0.008529300594105171,0.016180564927969154,0.006703545797039467
2022-11-16,-0.008331126951096945,-0.0022961020109516506,0.0013536752282445885,0.0018232294112732195,-0.04536177652095841,-0.007628990501839628,0.02186812361925683,-0.010689464929605985
2022-11-17,0.01297123900242858,-0.007267423593311895,-0.00435682206211474,-0.0002067712152137302,-0.014644925088637906,-0.00305974811279186,-0.010552150111515224,0.0013284505795809753
2022-11-18,0.0037817340935719646,-0.006893636502166456,0.009808313091592469,-0.0019033379386509397,-0.017095130433276484,0.004540435526897424,-0.00687729555836436,-0.00866794353860334
2022-11-21,-0.021680048076454628,-0.005589952950737276,-0.005902550094363024,0.0034408949683888412,-0.005970443917014179,-0.003636235278040134,0.004214952441117692,-0.009903578531183843
2022-11-22,0.014660883265874114,0.00117372396636517,0.014956768292071931,0.012311419991233086,0.04707167624566555,0.013457034411343383,0.014191890906969817,0.028926550686992458
2022-11-23,0.005926365107281617,0.006231840940288613,0.010663526114752964,0.010406832272080502,0.02999138504737031,0.0063015504687680135,0.017441723459633796,-0.004991993844641662
2022-11-25,-0.01959345038783622,0.000858470616118101,0.0019051418930560171,-0.0003633938590428265,-0.015073671460958282,-0.0002234867081580827,-0.0033895658946913043,-0.0035208084609269497
2022-11-28,-0.02626421413862956,-0.007903495498554403,-0.01747839138382501,-0.023152475838173814,-0.027227926980555872,-0.015957250545234225,0.0028177764449830445,-0.030032686712032852
2022-11-29,-0.021148465019831364,0.004940425418036076,0.01644941748312756,-0.0059149346940499115,-0.011878258990166146,-0.0017173574334584663,-0.01172601313750865,0.006647713349145379
2022-11-30,0.04859389830955618,0.012781920270785507,0.011862930882013067,0.06162355953972121,0.08237910408034743,0.03150046220299041,0.007354518520088282,0.007237260479645347
2022-12-01,0.0018916305855647408,0.01838479961277617,-0.014039488095176966,-0.0017636229772277634,0.012527371113612462,-0.0007356586669621246,0.031946075236745974,-0.00484992078360047
2022-12-02,-0.003371407011547256,-0.0034556830535615868,-0.007927276387507232,0.0012956783139077555,-0.015115200566548137,-0.001153805409222164,0.012575521974266923,-0.008483734164517642
2022-12-05,-0.007983339373443865,-0.017158885635801036,-0.028040769965100854,-0.01890049854264808,-0.015762206611511287,-0.01798926840353443,-0.014006898580308347,-0.027398557962419634
2022-12-06,-0.02536974415422144,0.0027373742314797944,0.0016746453206359924,-0.020303859476360597,-0.03750732525610201,-0.014414797680588731,0.012879867428979619,-0.027795869764014713
2022-12-07,-0.01378497685962865,0.009039101712364994,-0.0006840346725297541,-0.003059633858052968,0.00831923338531304,-0.0017011082400640865,0.023562465388619502,-0.002214128965131179
2022-12-08,0.012132790839168184,0.0008416965556858891,0.010494296115420632,0.01239913931185277,0.06507481631811829,0.00783386507266104,-0.002740684658623316,0.007428704894844929
2022-12-09,-0.0034350119497121856,0.003544160110315664,-0.005418463290931652,-0.008003145234554698,-0.009785395568781663,-0.007470019221844981,-0.026013887983967976,-0.008427402839313314
2022-12-12,0.01639003907058023,-0.008260534556326027,0.015511568319481972,0.028889223956516608,0.03140990323443882,0.01441698520253265,0.003197141137236237,0.0246281452926278
2022-12-13,0.0067823230014743,0.017081132038632596,-0.0009687755796544684,0.017464613420331787,0.03062430223277879,0.00756996564374246,0.009656115006605903,0.010934167286981822
2022-12-14,-0.015535474423153395,-0.0024330212847030186,-0.004996772587599341,0.0011677046025593274,-0.022022914078235867,-0.006393609851887749,0.004271091405786409,-0.007365909442788476
2022-12-15,-0.04685451381439365,-0.01635930934057528,-0.02481069567781069,-0.03191820507326415,-0.04085099672572934,-0.02446171966490518,0.0039016477599593813,-0.009581119917800751
2022-12-16,-0.014578854686649101,0.008708721678036602,-0.0062263058669235205,-0.017348657419822167,-0.02247546409990231,-0.01180619930177107,-0.011170223933418266,-0.007018354896896506
2022-12-19,-0.015909430974089145,-0.0028178306902848504,0.005955748679056461,-0.017328179361404183,-0.019129598592086294,-0.008479516190922798,-0.016805286338101966,0.004489046884445402
2022-12-20,-0.0005289427335085639,0.016594482836064905,0.0048438024874453145,0.005614500101619013,-0.010397413395266786,0.0013684529846451632,-0.01775736957370566,0.01445283865671576
2022-12-21,0.023809741638000537,-0.0016560135809358112,0.011248085295297416,0.010876846180600586,0.025862454180153316,0.01495239940385007,0.0025136528297597938,0.012841031132903469
2022-12-22,-0.02377270768740436,-0.012085358459954287,-0.011349791195639392,-0.025528666758391494,-0.07041981118141072,-0.014266306930161399,-0.00019278155478319459,-0.020173848474006606
2022-12-23,-0.0027981967802195307,0.002998321039039853,0.00474504259226638,0.0022670422823247716,-0.008670744443902367,0.005752461247801266,-0.014660429473957737,0.02644480166439256
2022-12-27,-0.013878490231905016,0.008430011409881644,0.003504024481336021,-0.007414377871641564,-0.07135343566720764,-0.003943512221412093,-0.01977281602553671,0.013894165056471453
2022-12-28,-0.030685091553092403,-0.004505807286929064,0.005465351388557416,-0.010254878541042123,-0.006019311885639977,-0.01242791387363218,-0.005891783253146321,-0.016426325937691333
2022-12-29,0.02832441386089468,0.005598251568726287,0.005737676304937489,0.027629793329421615,0.04039595281884112,0.01800044061822126,0.011351004736934511,0.007566032725816463
2022-12-30,0.0024688820116607335,0.0046786689817972515,0.006605684192936501,-0.004937483802828879,0.0007534162922493426,-0.00263441904692463,-0.011124235882373656,0.010073157054785842
2023-01-03,-0.03740470318558464,0.008370656531798915,0.007606024281871404,-0.0010007334218394837,-0.02045988869658355,-0.004209763265807576,0.019083860317237633,-0.0343606373904376
2023-01-04,0.010314281547217918,0.0094119059589024,0.009325191625541684,-0.043743297006078485,0.030317844851939446,0.007720370055467107,0.013699940436930236,0.002910477210893214
2023-01-05,-0.010604725463259523,-0.012451461859522062,-0.00022151009651705245,-0.029637792207685476,-0.03281580905129633,-0.01141344936735178,0.004180685918396376,0.022373911206730046
2023-01-06,0.03679405623209786,0.01870749684189077,0.019135233646247585,0.011785315267472285,0.04164042953012226,0.022932113742072602,0.018396492196526504,0.012086777248744518
2023-01-09,0.004088946651187975,0.0022451175785793698,-0.004132143453487447,0.00973657239218384,0.05175313040162499,-0.0005668858713091529,0.005324528035293374,-0.018637276227737476
2023-01-10,0.004456453804040139,0.0036760446135073455,0.008953782568712043,0.007616916026534248,0.017980449292588574,0.007012619027772171,-0.01654995045034835,0.014935046921862538
2023-01-11,0.021112134444389197,-0.000686793935011365,0.007431559232350615,0.03023803450101359,0.00578300383122432,0.01264800320189785,0.016251305147847228,0.011626743464487888
2023-01-12,-0.0005993676880134968,0.011568000967502767,-0.0010026450924230934,0.011621560421078314,0.0318728190980897,0.0036409044968639392,0.019682316784243037,0.016611370865304176
2023-01-13,0.010119174251559393,0.012001783992939385,0.02523488395340001,0.0030187560948375936,0.02349998135997189,0.003879592961529399,-0.009372677699329146,-0.0006183016376135608
2023-01-17,0.008756321796725919,-0.00654507834469964,-0.01545347233836436,0.004681651563976041,0.04751748893674801,-0.0018320668645540605,-0.006464319946308139,-0.001944468436197333
2023-01-18,-0.005369804305386472,-0.0028717524486322477,-0.030042736443405493,-0.018888958752474205,-0.01835962961315163,-0.015788063618273007,0.02423210105760787,-0.020543500250316815
2023-01-19,0.0004436925364510458,0.015868520044824974,-0.013326617955347841,-0.016453987970131645,-0.03521897659662354,-0.007279808932733833,-0.006259943066789009,0.006418739535611673
2023-01-20,0.01922071164206196,-0.003335405556458948,0.0024492313546540245,0.035743632326464825,0.06406215044989838,0.018629115969831522,-0.01621113555928666,0.01823594425416397
2023-01-23,0.023500515945693357,0.0018964337632443318,0.016212641003610972,0.00982421436074854,0.0759010891509253,0.011998575276008117,-0.004708076279733353,-0.005205292781269466
2023-01-24,0.010062847434142208,0.003618515163479552,0.008596344676778722,-0.002226015810152915,0.0037512629039300194,-0.0010734002122584352,0.014380425349303394,0.009311904791771797
2023-01-25,-0.0047008390677102385,0.004603959599926544,0.004838935031680647,-0.00590802731434148,0.003010513180371932,0.0003749852462204828,0.0024246231816764663,-0.005272006887030223
2023-01-26,0.014803683178077343,-0.009055266877154966,0.006181786664038347,0.03071340632861741,0.024789095279192708,0.010990155982264715,-0.004651761663746368,0.040190889307857525
2023-01-27,0.013684216993846476,-0.0013929904624704337,0.0024290925814305364,0.0006451925623902621,0.028431403118448495,0.002297637678671638,-0.0025236628928861915,-0.01825739123800718
2023-01-30,-0.02007792165533595,-0.002566715270248765,-0.008481045544539545,-0.021961547387851832,-0.059071651141808346,-0.012546752347736723,-0.0036554314169844337,-0.01773209596571723
2023-01-31,0.009020702320838403,0.0036362115419990015,0.00596604148635671,0.021012744968025743,0.019570167400977834,0.014703404303224366,0.007995130428669395,0.021574482061979205
2023-02-01,0.007900735343541188,0.012596814339808304,-0.0026435826791149086,0.019934482638735096,0.07196573019465458,0.010627730513844913,0.012021027977810572,-0.010947415869825616
2023-02-02,0.0370628432690745,-0.02075193653580043,-0.004656572725503905,0.04688429503245195,0.036575351130691214,0.01455698154674745,0.0012941677198776702,-0.03128809223656748
2023-02-03,0.02439967709229962,-0.024957770292002968,0.015474247722250034,-0.023620443563295734,-0.028052749192667426,-0.010628971697529521,-0.014955735454743824,0.0069275199547977895
2023-02-06,-0.01792879324723129,0.0020754098721176284,0.0058828087750686375,-0.006115878225000038,-0.0005214735487162336,-0.00611137220809399,-0.0074035334424237265,-0.0016974456510625568
2023-02-07,0.019244768724663297,0.000920425708082595,0.012190040720880368,0.042022017647732834,0.05140128039784653,0.013078610594748241,-0.008025736148362106,0.02855070588977293
2023-02-08,-0.017653023811564084,0.002471594120761589,-0.007031091765747899,-0.0031020384606316176,0.0014431086797310755,-0.01093480267366087,0.004758833520912997,-0.00870161081512455
2023-02-09,-0.006911187950890629,-0.007912418174625069,-0.01556371503104026,-0.011659780757808047,0.005944643269750971,-0.008669202123765096,-0.009473171590596463,0.003774607188008039
2023-02-10,0.0024560790347494255,0.0019071943211166342,0.004415254165414106,-0.001972453279693198,-0.04799223486885862,0.0023336659339106003,-0.011189811156328222,0.04215118719900213
2023-02-13,0.01880675367006468,-0.005076170279846859,0.010848237609967892,0.031242864699309925,0.024594523773031174,0.01173893540026616,0.008414644796680193,-0.003889732500322096
2023-02-14,-0.004224749843447562,0.0007537389032514774,0.004418860347515485,0.0031330849677513317,0.05429597711360068,-0.0004600736689968077,-0.002301626587354333,-0.011714764802351674
2023-02-15,0.013903328926481162,-0.00996466725346834,0.004189775229699544,-0.007993220166200077,-0.009011444804526092,0.0032473674937161245,-0.00932511421422344,-0.0030064468749371187
2023-02-16,-0.010429518779009106,-0.0008192368783922488,-0.01376892761696924,-0.026622519481742324,-0.033473847226389464,-0.01376872371186666,-0.01416788130106883,-0.0029292464508743343
2023-02-17,-0.007546560441330508,0.002986790669610162,0.0029613693560377463,-0.015601789050049053,-0.02790654233214973,-0.0024984510244656644,0.007776103738617257,-0.03845149037593554
2023-02-21,-0.026679823028983307,-0.003737004613899475,-0.01834928103085487,-0.02088659175330221,-0.0342714569306235,-0.020060789797157086,-0.019437447245490014,-0.0009884005700292464
2023-02-22,0.002895961900862165,-0.005626488586046308,-0.007663115513504404,-0.004590933467088498,0.004792802254404149,-0.0013780769013614913,0.009164247689802396,-0.012953213241708728
2023-02-23,0.0032905857200962174,-0.0005304511136865475,0.008011059831038114,0.012961663530393963,0.14021417437018213,0.005319388331204378,0.009772250993574927,0.009204537261222834
2023-02-24,-0.018005416922136197,-0.00719467575637045,0.009021102333111042,-0.021784327526198743,-0.01597367077122469,-0.010682376190238596,-0.013000915634908683,9.011116398971453e-05
2023-02-27,0.008247435963374627,0.003920334893926292,0.008727897547787578,0.0037717910929349063,0.00923293215681742,0.0034057808576726245,0.0027730737990980803,-0.0018059016034807085
2023-02-28,-0.0034476278782518133,0.00455596886271592,0.008371041961206194,-0.0029582114616206745,-0.012127159848625002,-0.003695943674133062,0.004542985694518498,-0.005789186203406849
2023-03-01,-0.014246148283466153,0.005772150633673867,-0.0055809821065415655,-0.012629188327761831,-0.022312275687441763,-0.003835945936890406,-0.010742848725936116,0.008916469190277887
2023-03-02,0.004129167833798464,-0.0005855636445488699,-0.010381973883894835,0.01965312584083634,0.027139094269247988,0.007777274511189702,-0.00886776892578578,0.004599119624061121
2023-03-03,0.035090210093777996,0.010723085619275707,0.018359350679637787,0.01664616955945175,0.024706237238289352,0.01603783484897159,0.024226712189942434,0.012657127791224632
2023-03-06,0.018539581682709416,-0.005043830646819902,-0.005847226036131081,0.006189051792846456,-0.014064444393234066,0.0006927414780084629,-0.0077536888747876676,0.008864545723421546
2023-03-07,-0.014496751858552148,-0.017480480627863337,-0.029407680557019478,-0.010589151348626813,-0.011125411083631298,-0.01532871315113793,0.006132732473892011,-0.019330658170609083
2023-03-08,0.0083774470801119,-0.00047445044105887124,-0.005915262596982052,-0.0017705043279578891,0.0383459703045268,0.0016321426072882783,0.0009827401412789705,-0.014604422616408597
2023-03-09,-0.014914761137699295,0.009849316056938173,-0.05413655086072733,-0.00543946463761813,-0.030809172635557047,-0.01845003334651829,0.002455213499953146,-0.007728701207526445
2023-03-10,-0.01387864139553352,0.021562856843419187,0.025395108376290443,-0.014782810353215714,-0.020097445322383112,-0.014429290485642565,0.03448608598407721,-0.012370439663236699
2023-03-13,0.013265875719536968,0.022948211912439564,-0.01795743400590255,0.021440956938618472,4.360990111207386e-05,-0.0014253078401110786,0.002273195997454014,-0.011504886768910705
2023-03-14,0.01408926838199176,-0.005791064746217711,0.025676250784967936,0.027055575629236994,0.04776615526578243,0.016530054316691523,-0.016441634716066078,0.0037544457231906136
2023-03-15,0.002621376504948536,0.007804133170404848,-0.047244064496652305,0.017830856091900937,0.006857049450485375,-0.0062543100020726605,0.019310679183819568,-0.04974761689444207
2023-03-16,0.018693899186729146,0.002020092008242713,0.01941356181819831,0.040536150985839514,0.05419360640684601,0.01754511678761972,-0.007823373804741407,-0.005805922638820404
2023-03-17,-0.0054540057116940766,0.02912021467749004,-0.03778181582651974,0.01169446334282398,0.0072039931089507014,-0.011692521398339206,0.015009143585535067,-0.01177868084197331
2023-03-20,0.015484112940260086,0.0003808677357699519,0.010571511211322493,-0.02576690938372639,0.006802830257928605,0.00961552415176592,-0.008797429620563069,0.026141828280056068
2023-03-21,0.011944045607401366,-0.018875115806276654,0.02682091081463822,0.00569381012490533,0.01154439116197059,0.01313050228293533,-0.008592137545747947,0.04480235918929343
2023-03-22,-0.00910327374276243,0.01702060989813825,-0.025813917865313618,-0.005442242371729522,0.01026744317444428,-0.01704650473444924,0.013333426883656463,-0.022888534282134776
2023-03-23,0.006969155906627389,0.01253817608562513,-0.0026735025998907425,0.019721517968529945,0.027316217566744072,0.0027034105624372806,0.0,-0.011282269435475945
2023-03-24,0.008305672941814946,-0.011252350246951037,-0.015215910499430718,0.010480600757430292,-0.015152185038765364,0.006562072665901919,0.004229217174439803,0.0011605324842562936
2023-03-27,-0.012293377262792227,-0.009256722051406263,0.028660552798537742,-0.014933907039129113,-0.009260902790282688,0.001870080764479587,-0.023490647375250195,0.02192611605150918
2023-03-28,-0.00398022768546924,0.008189093257242153,0.0030353330714527615,-0.004160838479582929,-0.004560849568181369,-0.0022448478320507004,0.001820724112091332,0.012476270585561
2023-03-29,0.019790687535405915,-0.00496077000653139,0.002017260682430244,0.019183699980559688,0.021734256547972564,0.014534646580518285,-0.0020087131214332477,0.01717698702426218
2023-03-30,0.009889841206845995,0.009039576549164652,-0.0030200554660934076,0.012619839365193064,0.014786427943070057,0.005855495729128135,0.004601318157303469,0.004864140192171629
2023-03-31,0.015644124883503085,-0.005212246135594234,0.012116686848297586,0.01496235108740751,0.014388455063141903,0.014094400618597902,0.014980794796979335,0.0015525644702358843
2023-04-03,0.0077017659151006335,0.007204410308019105,-0.0011511500362041405,-0.0037114533689553975,0.00676830570178466,0.0038106386139793447,0.004702772679312517,0.059000716895594385
2023-04-04,-0.003249594721429605,0.018640958960437493,-0.013368234226880826,-0.00017429037168326111,-0.01830868102549721,-0.005547954940158029,0.004972092043815657,-0.009558241039854143
2023-04-05,-0.011290126887405827,-0.0007979247786650268,0.0014912525761716644,-0.009889295964370937,-0.020835494436502233,-0.0026182924926955176,0.010454351587918298,0.017127428559594815
2023-04-06,0.005495695456440686,-0.00713409106547247,-0.001097161206303765,0.025533156999852702,0.0058031804691076605,0.0039007747492327827,0.0025867896662565837,-0.016582691780913095
2023-04-10,-0.015972311222848812,-0.007399886547073464,0.003294841373556734,-0.0075789728650439425,0.02004665863809718,0.001026358827913576,-0.016124734141466868,-0.004432897795271007
2023-04-11,-0.007591185064456996,0.006320556237305208,0.00492615989490508,-0.02266832854844525,-0.01486632009979949,0.0002685714644992121,0.002060463755909847,0.007071706748435602
2023-04-12,-0.004353188948423181,0.004885138866613126,-0.00015553631712361682,0.0023335679336040638,-0.024807646230299407,-0.0040759133032660655,-0.0010279499703216288,-0.0010400358488602546
2023-04-13,0.03410358366783739,0.013515672558895409,0.0038130844654629126,0.02239939603884622,-0.0012079291513664714,0.013282620818763524,-0.007858777547317897,0.004686141339054872
2023-04-14,-0.0021140155233070335,-0.017710313033589165,0.07550989197168412,-0.012765466539190973,0.011147621921788309,-0.0024425614721684807,-0.009146265008400878,0.0024187053404780556
2023-04-17,0.00012116934419337255,-0.0044537552497120325,0.007928940490831593,0.009295771380854134,0.009118888619289,0.003588250543433036,-0.011895849935246283,-0.01163308698828236
2023-04-18,0.007504649966640242,0.003880780603893852,0.011227791948177135,-0.001488754230450251,0.024627832271847394,0.0006520386943371648,0.0035633825518193163,0.019529260477634258
2023-04-19,0.006968299301429504,-0.004778520212877502,-0.0012727823514323555,0.00027739302237672625,0.009542010704089998,-0.00016879476774600555,-0.0009596113599180667,-0.003163963235695677
2023-04-20,-0.0058463143337437184,0.003938259199047112,-0.002903261945303992,-0.008112391275537867,-0.02960872259792613,-0.005457236967366108,0.008549248792526942,-0.007978144812221144
2023-04-21,-0.009780951536217719,-0.009887669268098143,-0.0019176388507826658,-0.0012232765932441714,0.0005534790981076565,0.0007770349055102876,-0.005619272791659413,0.003199605568592334
2023-04-24,0.001878503180272828,0.003039335460481629,0.0013520379654314851,-0.013962805585648108,-0.0028393015376008135,0.0010430069515541263,0.009674427615499193,0.01887769143499285
2023-04-25,-0.00943553952632803,0.005086318131183543,-0.02174380786260255,-0.022535907985246184,-0.029620675046855727,-0.01587383410999621,0.01470422984068076,-0.01421330874170823
2023-04-26,-6.102276423469721e-05,-0.0054373863086724095,-0.01772356066255043,0.0724344518880371,0.027247632317455528,-0.004235531439166995,-0.010658020358453868,-0.009182736924768564
2023-04-27,0.028395199211745936,5.410039265307809e-05,0.013458484110273838,0.03202788620848018,0.010016257354150238,0.019908074120989827,-0.009922657060168039,0.011953070782452002
2023-04-28,0.007540967468451232,0.0002706525128974846,0.008683147128752289,0.007971650601863889,0.019209566166127567,0.008535242694053258,0.01613053658209118,0.01292481242427046
2023-05-01,-0.0005304412460301888,-0.004491351825477108,0.021412102511305875,-0.005532946971602892,0.04183934364827535,-0.00100980342544299,-0.028834507369788986,-0.031012425184847925
2023-05-02,-0.006191247852646686,0.019296640909943763,-0.016147336703555948,-0.0004907878405109312,-0.024213065456064053,-0.011239278071068948,0.024919886283494286,-0.03985343064463098
2023-05-03,-0.0064674606775246835,0.008479075840785333,-0.02116339921941346,-0.0033068075253089857,-0.014462989234127255,-0.006863899793702832,0.005582005954084757,-0.019709360739043613
2023-05-04,-0.009913360686363504,0.00703295344911492,-0.013678682810493448,0.003317778781149805,-0.008632439800090874,-0.007083005726655656,-0.009878541725708456,-0.017511230442886827
2023-05-05,0.04692698648445437,-0.015647950479605433,0.019535044789123157,0.017157100932975178,0.040563038014850505,0.018512449386183016,-0.003325949060874578,0.024896147384871448
2023-05-08,-0.00040339840167102903,0.0012269055761324754,0.0024133956661855915,-0.006437961153737515,0.01642245983567281,0.0002666058250597736,-0.014014569635043661,0.003956601530868298
2023-05-09,-0.009971149705576221,0.007086162362163861,-0.00481517042094548,-0.005345835012084965,-0.01989631281944937,-0.004385190188346821,-0.0035775316499753185,0.00027483985023457613
2023-05-10,0.010420839478011867,-0.001428442843921296,0.0005130706384393058,0.017296473296352533,0.010990209221366953,0.004672136126014914,0.009703923510757884,-0.01282740216518985
2023-05-11,0.0010948359701108412,-0.008582755587748347,-0.0031505586439514177,-0.007044314926088369,-0.010628364228266296,-0.0017438744139337548,0.010572005370035331,-0.0180991741475518
2023-05-12,-0.005417631016818136,-0.0017100802429794726,-0.014332940219019985,-0.003676370372987736,-0.008328081676126975,-0.001310190618347029,-0.008369291827620917,-9.44883764018023e-05
2023-05-15,-0.0028972879415922748,0.0021412620336231925,0.008426479676185039,0.0015863228671151308,0.021630240510151832,0.003449990510034917,-0.010357469658521579,0.001906995832548164
2023-05-16,0.0,-0.0124993937971285,-0.006729272395601615,0.00736737421327982,0.008980020568198022,-0.006682723226651199,-0.0030043826880649105,-0.02426952344968414
2023-05-17,0.0036029539042565784,-0.0034618889303413836,0.030747865474850533,0.00945164168443946,0.03303324168591448,0.012138937710036712,-0.002915725144558512,0.022434633112148328
2023-05-18,0.013666139142543887,-0.012972911279784172,0.007583785017232669,0.014395019004461496,0.04970516605712905,0.00963327283185511,-0.007409135835886649,0.009063115455894888
2023-05-19,0.0006285427901431273,0.0098988291245512,-0.002293999460235452,-0.000565220934888977,-0.013068958379099271,-0.0014550783797773192,-0.007071241796960948,0.004632911477190804
2023-05-22,-0.005480725768403638,-0.002341497915543389,-0.008262717435510658,0.00892117465224107,-0.002814807560366228,0.00040611078629360087,-0.0035606275535934317,-0.012140143838091588
2023-05-23,-0.015155078777560393,0.001200731149241463,-0.01043258068462849,-0.01843196861365537,-0.01565308656620512,-0.011222768806316119,0.0028784821613103695,0.013622931506186653
2023-05-24,0.0016320475847932947,-0.008068450017086337,-0.00915136977672526,-0.00447240725680631,-0.004887955623444129,-0.007244998073539177,-0.004949102411612061,0.011184225910329637
2023-05-25,0.006692413691760324,-0.009618027091793824,0.002438481811337656,0.03845778285681534,0.24369656807083118,0.008660102258984947,-0.0024867721239519858,-0.01793830875504787
2023-05-26,0.014104766458676421,0.003995567330169925,0.00936064239451273,0.021385637153271908,0.025434175496314104,0.012950662481563624,0.00807750984431821,-0.006530550602826923
2023-05-30,0.010659523744424693,0.006190554546333882,0.003797452653036437,-0.00504673233981523,0.029913273267236917,0.00038091226822878355,0.00999090699881422,-0.00885982269266783
2023-05-31,-0.0002818772641812739,0.0015382006614657051,-0.012731233644278417,-0.008514155423587466,-0.056767505672890795,-0.005545111949878612,0.008716824853963301,-0.017877636340333902
2023-06-01,0.016022475531305203,0.007898130346476018,0.013779425551913693,0.012759089482576869,0.05117115209301737,0.009500810446272823,0.003923840668226486,0.011548320680978774
2023-06-02,0.0047753257395737325,-0.014747450675273499,0.021006236363416253,0.008479177312212594,-0.011139143806574325,0.014461367047252427,-0.010958429637216716,0.02321981588355415
2023-06-05,-0.007571065638048768,0.006020416015011243,-0.009824390537983785,0.0016100443819362376,-0.0039668638758783015,-0.001916283858174661,-0.0018625414222829262,-0.004444030826152745
2023-06-06,-0.002060442460072087,0.0010980396887692034,0.0017976363000054008,-0.006727306001430566,-0.013198254076930205,0.002177238548058069,0.005893679522637418,0.008167885091455274
2023-06-07,-0.007756038054861358,-0.012010543410059138,0.009688521649472648,-0.0308677048743069,-0.030401294756970065,-0.003457651200929779,-0.01484355917017488,0.022421133097033197
2023-06-08,0.015464871083727738,0.013211240429905624,0.0002841641148083607,0.00581331208570357,0.027618464325181558,0.006048553307040683,0.011696606689996614,-0.0031328451781234
2023-06-09,0.002160026350813471,-0.0026845203333208945,0.001989516669898883,0.004703910375216891,0.006751501185494835,0.0017943358319782998,-0.0013714533056091716,-0.007394295900150505
2023-06-12,0.015638579014925158,-0.0008788640365902101,-7.08798305215641e-05,0.015483800905461864,0.018364653363384553,0.009072094100982975,0.002943413452757282,-0.00903266533720859
2023-06-13,-0.002611729454361167,-0.007367558613950331,0.00723421263920021,0.007353019394013449,0.03900513512061421,0.006592665283327692,-0.009880920666308857,0.0001879854921482682
2023-06-14,0.0034915934102524027,0.0005539277015322863,-0.0037317632647873022,0.00912378677521919,0.048145016166388555,0.0011908621011540443,0.008003657655296426,-0.012025482301742718
2023-06-15,0.011198552841741316,0.007030581691497062,0.01130797979923348,0.03189660888431045,-0.008000539757754388,0.01239787076504073,0.009605724432357299,0.00694183734005116
2023-06-16,-0.00586001365018507,-0.0015392159510750902,0.0011881295773497058,-0.01657586732916405,0.0009142891757858429,-0.0034063248105771216,-0.0038834854655944717,-0.007177290349877019
2023-06-20,0.00048680623731134354,-0.010350739592973501,-0.005095711416004289,-0.0125024376760271,0.026140828234117786,-0.005188292758454338,0.006919994917307104,-0.02292402658185544
2023-06-21,-0.0056751651831093985,-0.0014464228474878604,-0.0014735237818009894,-0.013282009289375951,-0.01741699753011705,-0.005123692693211224,0.0024199270028841813,0.011195475600188631
2023-06-22,0.016525074676226437,-0.009916979914319946,-0.019252229086212158,0.018437263871567966,-0.0004645691028337673,0.003609855630537284,-0.012070089312576582,-0.005487652781242192
2023-06-23,-0.0017111820005598632,0.0027572461643308177,-0.005229941651111902,-0.013805835126166621,-0.01896584087668829,-0.007560142644091328,0.009969626664702469,-0.008712478968104675
2023-06-26,-0.007553014197873131,0.0017396047357047806,0.002448821833968662,-0.019163039507147706,-0.037361583769811246,-0.004085668666200859,0.0010645245570037876,0.018456921563848816
2023-06-27,0.015059058430736849,-0.004593535884055422,7.192452217053003e-05,0.018167967495535065,0.03061625330198514,0.010963307794132016,-0.002610313620452276,0.002493157342901897
2023-06-28,0.0063279631103576595,-0.002307409851291853,-0.004382364290840379,0.0038260352849419643,-0.018124990245248385,0.0005043830487496681,0.004265039832907602,0.00813026559432295
2023-06-29,0.0017963051594698243,-0.001071764681377263,0.034922866846830214,-0.0023823438665760976,-0.007174729573033778,0.0039412780350405185,-0.018048849734735195,0.012333701873376679
2023-06-30,0.023102475608594686,0.006663323502016594,0.01401413656974948,0.01638588569198829,0.036255077625583665,0.011800770150806716,0.01179525734659781,0.005154691327949212
2023-07-03,-0.00778461341126413,0.0011218766110339118,0.008044403836316993,-0.007488198665686396,0.00262395240906943,0.0011506566253260964,-0.005669213371281345,0.001958100271562513
2023-07-05,-0.005871363500204563,-0.00353003237800964,-0.006661535261729634,0.0004733226622379849,-0.0022632862971103673,-0.0014873819857185167,-0.00950247597151277,-0.005118234730550064
2023-07-06,0.002508886312934999,-0.002980200124891419,-0.009886612340691103,0.009226580111431737,-0.0050570916655895415,-0.007830502409283624,-0.01414284709931879,-0.03732119689235491
2023-07-07,-0.005891340174417836,0.007500997402107412,0.007890292563634826,-0.011867266689496558,0.009500352727329853,-0.0025248078601260993,-0.006019490397819571,0.00233204815829402
2023-07-10,-0.010855886131667103,0.0007836956455820054,0.005611887105025026,-0.015983810438728208,-0.007599474220122748,0.002531198650373989,0.0013121752412268428,0.01483133868265174
2023-07-11,-0.002810042089925302,0.0037476125602418087,0.015638958091545252,0.001928814070250473,0.005334125910054999,0.00636846992450435,0.005140688735058907,0.012226419119375498
2023-07-12,0.008985488909267314,0.013541420874312982,0.004951975117947649,0.014226841495546427,0.03530239618351305,0.008045897930127222,0.011131038150391737,0.00490718436080817
2023-07-13,0.004057457657562713,0.0007146999149640898,0.004859800087071653,0.01619228293132946,0.04726470314506903,0.007936934629058756,0.010512850067155854,-0.01831138759934048
2023-07-14,0.000787277721940427,-0.0031866482531698326,0.00604561716843155,0.007529209350055188,-0.011049065595758245,-0.000622956551370013,-0.0058890980939078075,-0.034436858914549284
2023-07-17,0.01730567346641365,0.0007165567329587841,0.024103754672717193,0.0014194666453841709,0.02181695729183919,0.0034722868528593853,0.000493829657131517,0.004359119379511167
2023-07-18,-0.0013401329540781992,0.011456278139590825,0.0018254140311499967,0.039799689546084815,0.02223376496025642,0.007430576751312978,0.004539226033654753,-0.004537447711867482
2023-07-19,0.007071695328398686,0.00016335645500209495,0.0038395701242917024,-0.012267319922641629,-0.008780176500033043,0.0022237855714153376,0.011296829047322765,0.006936226628531772
2023-07-20,-0.010097544646202938,-0.005063389149303488,0.01231769955764861,-0.023121645626873577,-0.03307334758090008,-0.006634494192364726,-0.012141863995071,0.017614680878787592
2023-07-21,-0.006161522450765067,-0.0030645332195953223,-0.007684768638035244,-0.008936992992576887,-0.02660376163956557,0.0,0.00029486420799140767,0.004641832095584775
2023-07-24,0.004219967445573847,-0.004281473326684049,0.019683702494361688,0.0038980291212173945,0.006838323318169248,0.004467341192921026,-0.0036370654242621203,0.015689452063768927
2023-07-25,0.004513454269547301,0.005567859975790901,-0.007468309743640988,0.017009146411561815,0.02391734975984039,0.002729996484983177,-0.0018746225836361319,0.0015163911234050698
2023-07-26,0.004545197734921125,0.0048791150253857385,0.005994097265710874,-0.03763757026320336,-0.004969378370845434,0.00015378062467075182,0.0009887448662480036,-0.005583126154804718
2023-07-27,-0.0065810303532295444,-0.01571197400361901,-0.011029552310790947,-0.020872224528255767,0.009856621405517796,-0.006630048258550958,-0.019452991532105224,0.0031402940764335696
2023-07-28,0.01350798703726519,0.007981390400291666,0.005704520207779451,0.023131445861306332,0.018518419827236565,0.009790404925732021,0.005136116572828087,-0.011951987879124326
2023-07-31,0.0031658876455558094,0.0026944104889448095,0.006691746084708461,-0.007240784521110433,-0.00044917165682700766,0.0019040030027008825,0.0024043641526863,0.029569797135781117
2023-08-01,-0.004275885632247789,-0.010364679607279492,-0.004938032612850196,0.0012502563239358278,-0.004750975592000772,-0.002861648273700834,-0.01638704433140703,-0.005781338304592709
2023-08-02,-0.015489949504289502,-0.004765602229612864,-0.01132473646823362,-0.0262827848650794,-0.048121665129142066,-0.013910872349277015,-0.01069882069195982,-0.012474260802196824
2023-08-03,-0.007321615171060114,-0.0003341470787491252,0.006113483070051995,-0.0025648957544293083,0.005556932658130176,-0.0028657297719991703,-0.023071684440507112,0.017380546242535155
2023-08-04,-0.04802001666328637,0.003620414278603157,-0.0021107929104380307,0.0034286551489406403,0.003706644940249415,-0.004522815605686459,0.01771237303638329,0.0028006469414914026
2023-08-07,-0.01725369248301567,-0.0022753962847783527,0.0047429539203518445,0.007108267579578831,0.01649511998515618,0.00872863356782383,-0.00984150827267738,-0.002048118939447341
2023-08-08,0.005311501811651631,-0.006341080194621318,-0.005613436311839415,-0.0122989344292469,-0.016579724751540903,-0.004348796290211676,0.011613403813756307,0.004943952151606812
2023-08-09,-0.008954377201181862,-0.00475820704444585,-0.01340772051811423,-0.011715954220780755,-0.04724167749548913,-0.006685312155942591,0.005171009261696113,0.016987049333066828
2023-08-10,-0.0012344995071379428,-0.0010686044760203073,-0.0014958017287410863,0.002172612670956253,-0.003900989312877079,0.00035901789418502084,-0.016462745170683468,0.0051111983556964
2023-08-11,0.00033758785608761777,0.0,0.005795905534477841,-0.005945625402672627,-0.036165863882503535,-0.0005830881422120848,-0.0023012315129089522,0.015528583954164121
2023-08-14,0.009393125752537257,-0.003040588549344525,0.0020718555644814174,0.009438852891948457,0.07093396066579793,0.005520036654766525,-0.0022019854717242326,0.0008047846335683673
2023-08-15,-0.011200473353543128,-0.002654474343068869,-0.025457189088039844,-0.006727750028680979,0.00427385108803513,-0.011648832108919538,-0.006094883234236681,-0.025673319131501393
2023-08-16,-0.0049588699753432275,-0.005776029417432049,-0.004243054636231203,-0.0024284365847562217,-0.010332273824828042,-0.0073381579205229475,-0.00782421914073339,-0.01682695858773675
2023-08-17,-0.01455528602132472,-0.0015378724223797935,-0.01038699782466479,-0.010986091037035295,-0.0032653247056079193,-0.007619945182738563,-0.004262520022646377,0.019371975857521706
2023-08-18,0.002816319806905332,0.00017112823031739666,0.0022876559576001654,-0.0012621752444247347,-0.0010382461523430475,0.0004813736705591154,0.0035319198366838833,0.01512904416241767
2023-08-21,0.007736544642116261,0.002737670236275802,0.003423432965357298,0.017062475664048282,0.08471321544309829,0.0065063033964274375,-0.013330822577235724,-0.012086513124434983
2023-08-22,0.007905096313017168,0.0016495566176504273,-0.02073865631364047,0.0018019672298807965,-0.027657721103974908,-0.0027087749990645227,0.007674171098960736,-0.005611235182773289
2023-08-23,0.02194870666381976,0.01016464068195777,0.006763346886826005,0.014079289341789591,0.031707316052514534,0.01113795746034496,0.024777548530540372,-0.008788091927270592
2023-08-24,-0.026170445778602724,-0.00022482031744353037,-0.0009499842001113867,-0.021498578023387727,0.0009973096812860849,-0.013859142571016947,-0.006594291657455953,-0.007466333226556876
2023-08-25,0.01264321073074992,-0.0012932863561120334,-0.0012224589692418908,0.009407340839616696,-0.024277322391307754,0.007049798194985968,0.003266182968078901,0.017865718120015694
2023-08-28,0.008846158304829155,0.0028713533365909427,0.0034679100272103636,0.0022291029441146026,0.01775381816227717,0.006341375928172299,0.0010501861346523533,0.008406367417606031
2023-08-29,0.021810253249267664,0.009768091768254772,0.008132348922296195,0.014550695243969791,0.04161399185532,0.014454830942725039,0.01038632603432843,0.005954415869266594
2023-08-30,0.019172213814105055,0.0025018747942815445,-0.004033099731013512,0.0011568264435697362,0.009839413217278103,0.004118729077884575,-0.0010384800211452605,0.009744055423043463
2023-08-31,0.0011723306257274135,-0.0016637258183913595,-0.012351602164698772,-0.0031326315821410544,0.0018472898760135692,-0.0014633606725770187,0.004469611392745376,0.0027959398477972464
2023-09-01,0.008463351576380784,0.0004999240959600026,0.00334863137975705,0.002745766764570945,-0.017141303443779954,0.0018652396366587443,-0.015578642655843522,0.020955208222674715
2023-09-05,0.0012668290363120338,-0.008161685723844458,-0.011034185993144985,0.014878678219748753,0.0008040740592787365,-0.004321984169855297,-0.014021979741662083,8.791344836267534e-05
2023-09-06,-0.0357934474428957,-0.004534245193468567,-0.0016525463256860107,-0.002008647689999088,-0.030549554229306608,-0.00672230190909584,0.0024593717362710876,0.0086322975195261
2023-09-07,-0.02924926662682148,0.0010684498647577367,-0.008554144388784879,-0.008922159860741186,-0.017424046720964093,-0.003070372808470001,0.0027733066656012717,-0.0048904519191641516
2023-09-08,0.003491805765269307,0.0003370270596214642,0.0007654292284180464,0.013215759544271677,-0.014467696335411784,0.0015059837736284276,0.0038292795813799074,0.014567780637866345
2023-09-11,0.006622488989546094,0.001853109993606994,0.004379974487830118,0.010979188055992184,-0.008645875361020572,0.006576789540672756,-0.0072054918110515676,-0.012542110157284458
2023-09-12,-0.017060773556817566,-0.005156651253074851,0.013014132418063928,-0.01825781894497891,-0.006817392781442777,-0.005485499711802677,0.005763399159258942,0.029169458251026903
2023-09-13,-0.01185462052979036,-0.0023100098564432514,0.00047839093126733623,0.012930725057213266,0.013706316912083683,0.0011658248398962456,-0.0002122869060282584,-0.008936870800784535
2023-09-14,0.008782384354909967,0.0005082241752882855,0.019397464437870493,0.007855752550519846,0.002110588839077776,0.008622336034579403,-0.007217821743179642,0.017863212316263866
2023-09-15,-0.004153989795314561,0.006603816566220333,-0.002947946943289259,-0.025036769646219814,-0.0368796072154054,-0.012048247854332339,-0.006094350184640773,-0.015356020876260645
2023-09-18,0.016913414063268517,0.005887647601878543,0.0020829068336234435,-0.003512913392977546,0.0015034791133494707,0.0005864319287229858,0.0057013447802733985,0.008054808279764014
2023-09-19,0.006180909731976492,-0.0009476457412548323,-0.0012740795960896056,-0.0012459613071793552,-0.010144071246416808,-0.0020738999123249835,-0.007380299969492632,-0.0026350618531276737
2023-09-20,-0.01999221324659295,0.0007253927124595272,-0.004230095757766672,-0.02397673504700426,-0.029434814192417114,-0.009193335553646098,0.0031250345818252256,-0.007926427738055186
2023-09-21,-0.008889496236052064,-0.007248413758109917,-0.00782193604292869,-0.0038657786266893535,-0.02893074807081597,-0.01652814592626395,-0.0256743109306814,-0.014089321172057412
2023-09-22,0.004944624610794479,0.0032013033173832195,-0.009582819186641833,-0.007886537354784173,0.014457615335783824,-0.0022486475443451726,0.008048612125343801,0.0015684780594580339
2023-09-25,0.007380266589532614,-0.005150588926742139,0.0049407264936043305,0.001671720835994206,0.01470796650213857,0.0042051361330315284,-0.02460903428658423,0.011223289583171425
2023-09-26,-0.023398462204991866,-0.007990985893820302,-0.010378795829961374,-0.017005718149780025,-0.0073658305479706865,-0.014691252771662389,-0.0034760012119217087,0.0015486409428795422
2023-09-27,-0.00889738778007132,-0.012366647894697436,0.005864583181034444,0.0020824055754260495,0.01329003810688767,0.00039912901673155865,-0.005176013392787837,0.03255726382590507
2023-09-28,0.001525509859466423,-0.004997187509914736,0.012416176607885632,0.002717617171577258,0.014622748864043578,0.005797397590904252,0.0030536535836749312,-0.006073205003378823
2023-09-29,0.0030465534992230037,-0.01027534966921384,-0.017413275159499975,0.006727224910143548,0.009515198427174854,-0.0024269434552449676,0.00011307834782225967,-0.015819848802213543
2023-10-02,0.014835515672727118,-0.010498705650611395,-0.00861939418203539,0.019160722936838903,0.029494978284568818,-0.00039756131870138933,-0.01674022252898477,-0.016584473433025604
2023-10-03,-0.007769851811747053,-0.0028882419805683623,-0.007372843365937465,-0.026134150423116176,-0.028247984868409737,-0.013386095672356046,-0.021511739523689788,0.0017296570861500271
2023-10-04,0.007308612958017324,-0.00011825651470720455,0.004484592266339904,0.01777333556018945,0.012041300215922757,0.007282061334215273,0.01410778939703472,-0.03738233048667672
2023-10-05,0.007198016227902171,-0.0018327868021307259,0.004216121870584955,0.0012540422117000016,0.014690826275779001,-0.00037686117014279485,-0.004984694276971013,-0.022511132748639584
2023-10-06,0.014750494889965271,0.005153083621109555,0.015395530667301927,0.024737167413210415,0.024033435056231234,0.01187277664751174,-0.012117191484039003,-0.016698813768118992
2023-10-09,0.008451195425928537,0.01838544744893622,-0.0022741814942690564,0.007822373193280718,-0.010685911194993625,0.006402197793960784,0.023469689537220173,0.0349911760024737
2023-10-10,-0.003352113977054927,-0.0016780958953311886,0.006078530691293382,-0.004335598847797439,0.011596457690796313,0.005204985459235534,-0.0013827673229549475,-0.004237534204134419
2023-10-11,0.007904006139504816,0.007303045938392039,0.003433051006186183,0.01227201310624726,0.022009517232125075,0.004096110852144008,0.020886174651394862,-0.035853270141462
2023-10-12,0.005061207498421316,-0.0030496507265770356,-0.0023265940158208043,-0.003790316659022186,0.0029697732427764745,-0.006096457711300296,-0.027127740467023376,-0.00018782701815089897
2023-10-13,-0.01029264605902891,0.03214825984540237,0.015019582751021998,-0.010357739301563584,-0.03161143699717828,-0.004980802640899729,0.017892379859331342,0.03193407738119802
2023-10-16,-0.0007270181904012185,-0.004864928190345896,-0.001013354213379003,0.014982060374544304,0.013946035257937694,0.010521422217540488,-0.016094104745908,0.0007281188410552808
2023-10-17,-0.008784774958822017,0.001854273768354009,-0.0021644675801540947,-0.001743771898479074,-0.046794688379356075,-4.589630894502594e-05,-0.01102080572277131,0.01309675542294686
2023-10-18,-0.007394902628548583,0.014470816805260078,-0.010980714215835352,-0.005872545282831099,-0.03964681839512174,-0.013325091889134666,-0.008797677632683687,0.014004835251192116
2023-10-19,-0.0021608323607097413,0.012274016037125302,-0.0042492063372369104,0.0036656516251272198,-0.0022510988757186157,-0.008786451177968946,-0.02047348673033411,0.0006196847791581916
2023-10-20,-0.014704343810335363,0.0027308974274993236,-0.01610592551857226,-0.014034827900822,-0.01695936882941651,-0.01228797848238039,0.005678577957780151,-0.017164933692158213
2023-10-23,0.0006941172180396915,-0.0033770637265357895,-0.013641027556539509,0.008112195031643177,0.03836939402088002,-0.0017333044848953927,0.012013452338285324,-0.014674185795852779
2023-10-24,0.0025434799578925027,-0.0001093308866343401,0.0012058437750668283,0.0036741604495096336,0.016009376895344207,0.007539542848211234,0.01317643608397101,-0.009684921707931782
2023-10-25,-0.013491848897350445,0.004208823642007475,-0.005454605055189021,0.030678043471289884,-0.04314869212967021,-0.014352340011053122,-0.022261024555634723,0.0018452683557661498
2023-10-26,-0.02460536172522365,0.0015784524505004782,0.002564206580318862,-0.037514269360691466,-0.03477815019045505,-0.011974464434559962,0.015338253691918213,-0.009116749989523054
2023-10-27,0.007969330013905651,0.011629799758344106,-0.036018814175417635,0.005855388967704878,0.004314727667585894,-0.004532891023922403,-0.004248668375934961,-0.019052144573262653
2023-10-30,0.012305254901586071,-0.005640547017974562,0.012749616744748726,0.022740587170108295,0.01632112749741399,0.011955797315381655,-0.0045041637131724155,0.0031265477100688166
2023-10-31,0.0028186062675721324,-0.005456562573315615,0.011934333964246813,0.002371641883739173,-0.00925662334083377,0.006280319826460712,-0.00488128285414835,-0.0002832451599448227
2023-11-01,0.018738647733690827,-0.003150642851826535,-0.0008631269000165531,0.023542750359717424,0.03788666585944345,0.0106647688023227,0.02168219693386786,-0.001984147212247711
2023-11-02,0.020693315740067053,0.0033240729584833595,0.01784971669103519,0.006501276105024711,0.027902801251189047,0.019164265161966787,0.022796742994300567,0.032847623677472626
2023-11-03,-0.005181156431400491,0.003638921283475316,0.011172412862010095,0.012861734319998375,0.03445518416451576,0.00912352756858259,0.006778191591839233,-0.012189684961161129
2023-11-06,0.014605116470489898,-0.007792560392528958,0.007552186405770378,0.010572716340896848,0.016575826589784848,0.002300199404835279,-0.009699531136498685,-0.017721275333252406
2023-11-07,0.014450829427554268,-0.0041451308444235835,-0.0004857049454196627,0.011219389315126227,0.004459019647202966,0.002846263791548287,0.014749889378793402,-0.015679595034136407
2023-11-08,0.0058849904528675,-0.00996764391222027,0.0049301941584165565,0.007405744053805563,0.013469533105862519,0.0007324116803841818,0.017033524684606283,-0.012282889447171597
2023-11-09,-0.002624590533461424,0.003982968433291267,-0.002971219808996728,-0.006910905554533664,0.008073289158804453,-0.007798756576629651,-0.023001445056825887,0.0002915255939883732
2023-11-10,0.02322011387144185,-0.010909752197912237,0.014831069878620484,0.02489675543758718,0.029499436821755154,0.015604787846028811,0.005600233579846181,0.007672842900581012
2023-11-13,-0.00858369382959856,0.005570720464602719,-0.004438872817359885,-0.0080881858752192,0.005896354716198093,-0.0009531093688702752,-0.0022727100006060263,0.010505907794224667
2023-11-14,0.01428583596272981,0.00891917710567891,0.018246770767651466,0.009790355684772267,0.021307909283879267,0.0194006978735366,0.022667739042393054,0.00385021189211443
2023-11-15,0.003040774117615719,-0.002635601473798599,0.008757858855296785,0.00040614084280798934,-0.01546604995497114,0.002116945220050459,-0.014034911481836776,-0.006040787516861101
2023-11-16,0.009042219596268941,0.011286077178189302,0.011419552080736528,0.017583118401996556,0.012109131497485048,0.001223232488369863,0.012427198495041702,-0.011576103663133885
2023-11-17,-0.00010558271449889745,-0.00010890234740634774,0.009045870587320204,-0.016800772912468065,-0.0036781482771096607,0.0012436123594792292,0.004686496612523294,0.02439964870706479
2023-11-20,0.009278348921986757,-0.0016333808174913145,0.003075361931538234,0.020521669145441956,0.022536357541511398,0.007697696768964368,0.006107986923671316,-0.004382609008820149
2023-11-21,-0.00423086924091165,0.010797900632885549,-0.0020873382431609855,-0.011577920959295884,-0.00922462042860206,-0.002179285378955953,-0.00044147741339095603,-0.0003827498414463726
2023-11-22,0.0035144242195044306,-0.004262252597286853,0.0023532863769069046,0.01281246028524241,-0.024587584767227777,0.0038607637513983217,0.003534041959540879,-0.004307882031406085
2023-11-24,-0.007004232594340021,0.005201596914642614,0.0013697385498352421,-0.0011113665345784396,-0.019295313201890374,0.0006153992155273347,-0.011774946143452314,0.005384060855811779
2023-11-27,-0.0009475630084725406,0.006737817869841178,-0.0022795289949955055,0.0031263008050670393,0.009753799574941713,-0.0018008993958916752,0.01670366712154281,-0.005833404481113136
2023-11-28,0.0032141185095011515,0.01333185296040651,0.0022847371195053867,0.010802691046503554,-0.00872690479285776,0.0009899341071855083,0.001971527410719487,-0.0005771468199153862
2023-11-29,-0.005409700064643808,0.0014794398574644596,0.005080174483923505,-0.010060152154588442,0.0066707718471994415,-0.0007034327420673003,0.012570981200975773,-0.0150143233098754
2023-11-30,0.0030626700821283492,-0.004167950375202456,0.011404832823203925,0.000158570458167695,-0.028458697658658827,0.003937566357772981,-0.011551311659588115,0.003908281660989665
2023-12-01,0.006791327060370778,0.017271494075951743,0.004869264347146851,-0.01161247977438784,-0.00010696502472495872,0.005915932440088811,0.01883437900107654,0.0024335497932073125
2023-12-04,-0.009464508697572982,-0.021613426463259477,0.007332260346463837,-0.014338702226581734,-0.026836383047997403,-0.005249414392136997,-0.003978921960745119,-0.005437464131893055
2023-12-05,0.021063117992514035,-0.0037794459254784085,-0.000126379213015948,0.00915650908491461,0.023293836213886143,-0.00019719462480494165,0.021485278414156816,-0.019427852774687726
2023-12-06,-0.005686888896796249,0.0036868953454944897,-0.010508622835328829,-0.009986065741140138,-0.022827924606775407,-0.00402977182231945,0.013317922007441974,-0.013241830725623016
2023-12-07,0.010139202911958689,0.0016503277504122948,0.0030710835558733773,0.005829848232457691,0.024020395101339354,0.00763042664031599,-0.005737165098781527,-0.006961982808033285
2023-12-08,0.007412398761253325,-0.013340391114851191,0.011033733184645511,0.008841944909184996,0.019529593080989116,0.0042992476402738955,-0.0081829172032587,0.011481553978978098
2023-12-11,-0.012927269110260986,-0.011042895165362165,0.003658867696503698,-0.007829463492916244,-0.01850286807929269,0.0038894620442897487,-0.002115353428814304,0.0007030552802298473
2023-12-12,0.0079200910201771,-0.0005446421195114404,0.008925373334692122,0.008295273982083406,0.02209026725920471,0.0045674174400078815,0.0029679176284413966,-0.015759907920611438
2023-12-13,0.016691484995154715,0.022562533466176315,0.0033638999466565345,-2.667470841266617e-05,0.009043663569813232,0.013789925517031287,0.023462546704172027,0.008873051223438067
2023-12-14,0.0007576218795648515,0.0058625529824696265,0.01819208358448865,-0.022544552521907457,0.005448355730583998,0.0032092982970846062,0.02601285662584485,0.02689044250601258
2023-12-15,-0.002725654380606124,-0.009166511771857122,0.007561160815243273,0.013117378217908593,0.011168674345505725,-0.0016463283126940675,0.001110666145093031,-0.006694278562974887
2023-12-18,-0.008503380372733793,0.00454548718457537,0.0060523612238765345,0.005178848339397524,0.024278927681996798,0.005624886418115205,-0.00796802617071568,0.007433207036620759
2023-12-19,0.005360103865108989,0.006813940578695332,0.013354913728709672,0.001637048710651845,-0.009445598409596134,0.006081080135930783,0.005388806521649414,0.013182473625347857
2023-12-20,-0.010713749252773797,-0.005445982936103211,-0.011279234758312717,-0.007073087627539332,-0.03009826339372146,-0.013857327917874529,0.006774890214268581,-0.016700753944586144
2023-12-21,-0.0007701100664151417,0.007070635455129759,0.005703905035693513,0.007878949148871772,0.01827019248854933,0.009481878761340878,-0.006327756300226639,0.004542463062251922
2023-12-22,-0.0055475122555185274,0.004434417088942322,-0.0005969854552897447,0.0027839057499741138,-0.003266002566217341,0.002009663437074538,-0.004548350092935416,0.0017693132647649268
2023-12-26,-0.002840880332549034,0.00762073325107937,0.005913976364005924,0.0002136159752852418,0.009195182448779482,0.00422260141133024,0.0028428406088947256,0.0022569272439081356
2023-12-27,0.000518060660978481,0.004537842226414401,0.005998068994993444,-0.0015746246534255048,0.0028004837742081623,0.001808100974468374,0.017719693431267558,-0.004699364977439391
2023-12-28,0.0022262437264308765,-0.005815437657636924,0.005312988147023745,0.0032346391235393845,0.0021247530716934637,0.0003777122211576778,-0.007262869358020785,-0.014460088184912845
2023-12-29,-0.005424225379418335,-0.001566841018672216,-0.0011745298982561714,0.0020252346055642523,0.0,-0.002895052070641335,-0.00901989068082365,-0.0020959411865598687
2024-01-02,-0.03578654774366363,-0.002353909884146743,0.011640301730288183,-0.013748559430076246,-0.02734144613481082,-0.005596251571711286,-0.00576459917715777,0.023804720797852008
2024-01-03,-0.007487739747822464,-0.008336809604204354,-0.004358598076120046,-0.0007278722474735044,-0.012435591695600046,-0.008166746606301456,0.00417047241409696,0.008401609622164408
2024-01-04,-0.012699986725131729,0.0010046128932528209,0.006636214755763037,-0.007177832188067335,0.009018539979990026,-0.0032211423681619555,-0.015194339978059856,-0.00871934784344075
2024-01-05,-0.0040131592397461,0.0001584554095515056,0.005017268997257407,-0.0005161130598755337,0.022896859673394943,0.001369668733661289,-0.009566005605156747,0.0030299364919672556
2024-01-08,0.024174955418706512,-0.007816271130823171,-0.0014513933067692442,0.018871203057806207,0.06428071003496427,0.014275985591319929,0.009866032127483049,-0.01666192536332345
2024-01-09,-0.002263332442670074,0.0003193567900841021,-0.00790601628487908,0.002936025189320679,0.01697516474378724,-0.0015170617781710138,-0.0063758798470651135,-0.012385950115481381
2024-01-10,0.005671250193060473,-0.00228804710551489,0.0021096181645774426,0.018573919868004385,0.02277001053171679,0.0056553985717209265,-0.004657532869740133,-0.009832421340629227
2024-01-11,-0.003222474657645691,0.0019733072916665595,-0.00421007199521195,0.004859490587800108,0.008684493293112716,-0.000440607070651744,0.005615068377149424,-0.00020268338352402715
2024-01-12,0.001778128331392237,0.009794068475553752,-0.007339969680722147,0.009983627404305473,-0.0020429731183968514,0.0006927820257085493,-0.001964883661217609,0.01297243392446612
2024-01-16,-0.012317070377045991,-0.009488181898979708,-0.0062703144298946745,0.004633543029892495,0.03056106572781192,-0.003671306660289475,-0.017612418415099418,-0.022611265706714234
2024-01-17,-0.005173500898637884,-0.011015950635288596,-0.005357582007132322,-0.0020498809410974816,-0.0058351046636442305,-0.005558496471419483,-0.0015823418803572187,-0.007267854054695322
2024-01-18,0.03257063877393995,0.008232882099906247,0.0019749094111363164,0.011297623532261047,0.01880366400447886,0.008892609452877398,-0.009295211158968475,-0.0018559729754333842
2024-01-19,0.015533033353019032,0.00298872590696031,0.017262053987803228,0.012186550924737416,0.04174623198972993,0.012466215601009356,0.0031985305070201253,0.0015495057407244328
2024-01-22,0.012163148659506628,-0.003777957126316789,-0.0011742507471024233,-0.005418023578664388,0.002739867875070079,0.0021143216898256156,0.005951867912352027,-0.0013407874537658682
2024-01-23,0.006653322243932225,0.0038991332271092194,-0.006584045390936599,0.0060276781716985806,0.003671191231984894,0.002916478516551635,-0.00792412068315651,0.011257923479957022
2024-01-24,-0.003483751689773329,-0.008246890539639784,0.008935433220726097,0.00917514621319726,0.024869315461943486,0.0010931331410748424,-0.0058574066310821404,0.01726068890357535
2024-01-25,-0.001696751758934023,0.003969986681303217,0.014310913436752726,0.005738320764494986,0.004155596824839236,0.0054389714692832936,0.006534895008861286,0.025401573677264366
2024-01-26,-0.009012773652580242,-0.0006946931881828267,-0.003816394969447967,-0.0023217436459987972,-0.009510311639261193,-0.0012704629601297812,-0.0019159542241700134,0.00851866245506172
2024-01-29,-0.003585929337447502,0.007058485444586982,0.0026120391453965386,0.014334114491611816,0.023496223417591056,0.007919372812505543,0.011516339536810305,0.001262032405766389
2024-01-30,-0.01924580456575653,0.0013805262268791196,0.020494515024528814,-0.0027580481162194914,0.0049467840947974295,-0.0007736200985848374,0.009066187533349979,0.016678004291819537
2024-01-31,-0.019357583388132427,-0.0007423479101067443,-0.01083585541074783,-0.026946210369849788,-0.01986481706838228,-0.016317199639000912,0.009820390829270664,-0.01945642622928523
2024-02-01,0.013340557020600663,0.01040067256889099,-0.003613120603613851,0.01559430655106575,0.02437939424550506,0.013088245442933077,0.01961581278805058,-0.004085218565562876
2024-02-02,-0.005404992489051574,-0.009453300862028113,0.0057561366007072845,0.01842584523220747,0.049708982701214266,0.010527360256687768,-0.02208884910629183,-0.004101814111976521
2024-02-05,0.00984652271287989,-0.005513988032274764,-0.0013163758331693476,-0.013544977483795795,0.04794417685631047,-0.003641195932157837,-0.020193760114689874,-0.004118789582328031
2024-02-06,0.00863179535686509,0.005224693124019186,0.003438442153747001,-0.000394585534869929,-0.01599539826392049,0.0029033178002926263,0.00977401326667815,0.006893067496666738
2024-02-07,0.0005810660034080151,-0.0002651978305409086,0.0018845664477740165,0.021110411480012914,0.027498081783197126,0.008340368497273154,-0.004839435305115214,-0.00029339942103256966
2024-02-08,-0.005754655055137059,-0.0009018470501077624,-0.003590991116848241,0.00014478920772642567,-0.006533566136057045,0.00044156115473659163,-0.005814790637015621,0.017119962189916293
2024-02-09,0.004093954875457717,-0.003876152075833028,0.0012012189377681448,0.015551430290746016,0.03578341906475013,0.005779525942601893,-0.002020511026670113,-0.021159986956046706
2024-02-12,-0.00900178919373984,-0.002611969494785926,0.004456829273290497,-0.01257862333105042,0.0015942205426007217,-0.0004389554866645051,0.0011722188122480492,0.01375649730707873
2024-02-13,-0.01127448477591697,-0.013788690196348319,-0.00870358945535743,-0.02152855989224367,-0.0016610798373025704,-0.013773052224064886,-0.017134697935023313,-0.008608915060884681
2024-02-14,-0.004809787753164763,-0.0005961123453055439,0.010157333606491514,0.009665223540595846,0.0245676014616647,0.009087603813560996,0.005088960026833567,-0.004933963520375451
2024-02-15,-0.0015747447630488631,0.0067238125229134305,0.0218143575208265,-0.007155202309223729,-0.01680643588594266,0.006899857201716042,0.005171507028066236,0.028659402374112686
2024-02-16,-0.008430242719337788,0.0036625695484679976,-0.0046698887614670115,-0.006149132913981115,-0.0006194688031345708,-0.0049800362058063374,-0.005787614488612536,0.0
2024-02-20,-0.004114051176341671,0.0060642100730936566,0.003909787538298959,-0.003143197753934346,-0.04353179042723743,-0.0055054446149716,0.000862307206370927,-0.009447603525445714
2024-02-21,0.004186052433884591,5.331256612173263e-05,0.00650981352868385,-0.0015142229875871882,-0.028509211392063638,0.000906009374880723,-0.007109185711093757,0.0204379087104134
2024-02-22,0.011243831712689278,0.00042672195902415666,0.011995790245862059,0.02354654736086559,0.16400887267985342,0.020695297397606227,0.0048817819517399386,-0.0008583794535386158
2024-02-23,-0.010034041142444217,0.005651511902278639,0.005025274385972223,-0.0031822537885303204,0.003552400634184938,0.0006897819291753482,0.013386540198304653,-0.008781996773333134
2024-02-26,-0.007451252617509563,-0.0022266895335479875,-0.0034241848998664004,-0.006823598019182975,0.003489206944823131,-0.0036625170438527865,-0.002982749730888523,0.003948447450214054
2024-02-27,0.00811435730208343,-0.0010626830578386315,0.0004907873875008573,-0.00014728769294347632,-0.004943684763779821,0.0018577481830415188,-0.0070520342814858195,-0.0021103984096890738
2024-02-28,-0.006625413144226822,0.001808491158992842,0.005069653940213303,0.0005887803133077796,-0.013189222890311436,-0.0013217027788626767,0.006348751516671136,0.002787840307618472
2024-02-29,-0.003693252506250966,0.005150266749304189,0.009111496518036999,0.014519982378972784,0.01865749967302688,0.0035949680507312287,0.00705722273960907,0.001917034579212995
2024-03-01,-0.0060302735540747054,0.018910791174389097,-0.004138467619183239,0.0044967077594895155,0.04003180765008563,0.009388392581184846,0.006231039939297078,0.012629052447021394
2024-03-04,-0.025381159172015333,0.016174996770490502,0.007501843630775218,-0.0013960065200281369,0.035950848542874336,-0.0010725827150570577,-0.00402230434107087,-0.013983213842197362
2024-03-05,-0.028441052215951723,0.006020141664404788,0.010017195963867298,-0.029572063470395205,0.008576660007388659,-0.009993946781754692,0.014241481834537995,0.012265138348767746
2024-03-06,-0.005878098222691586,0.008215401882095241,0.005197605115232928,-0.0013906605483361423,0.03182722988333042,0.005067066651591512,0.005868317436776627,0.010696697219217954
2024-03-07,-0.0007098086460142206,0.005683843351386164,-0.008758617600013063,0.017533271117478932,0.04474632653463928,0.009926452199480407,-0.0009374705965711216,0.005619598570211215
2024-03-08,0.010236657559086426,0.008452547868211147,0.0018630371125722966,-0.007136808577315801,-0.055477257565547444,-0.0060022091803608735,-0.0017726355488497658,0.009406600117985775
2024-03-11,0.011831726792998154,0.00183502012710135,0.0003718290932683832,-0.004184928508777386,-0.020039119333876365,-0.0008598627660008074,-0.0005223984526112613,0.005905254330461851
2024-03-12,0.002778592605598096,-0.01094062729637224,0.008231859955892373,0.026599402873524358,0.07157180855139744,0.010757350110865094,-0.008361328431356507,-0.006420775628068531
2024-03-13,-0.012122536389272742,0.00700740378557585,0.008112383882203478,-0.0004333285675914844,-0.01115179102922581,-0.0015674687751836558,-0.004848266408420732,0.011170723248296044
2024-03-14,0.01092734117395322,-0.004175139558116436,-0.01781812238751912,0.024379557205802316,-0.032391566538093164,-0.001976821999681855,-0.015356788327266613,0.017711970258539544
2024-03-15,-0.002196677563047311,-0.0031944066391379478,0.012395674304064075,-0.020695052719497342,-0.0012166419586961963,-0.006866402230509272,-0.00032285343437388203,-0.0017942917325901586
2024-03-18,0.006372497026019275,0.0016022835845583838,0.012401335345111342,0.0021611585498126917,0.007035797096392571,0.005942908611620501,-0.003012450356410179,0.009256784441970867
2024-03-19,0.013585080214420842,-0.0011498061737871268,0.0058652475485374556,0.009800714611102102,0.01066075476764805,0.005557028304025602,0.002805688294817976,0.007034675093600562
2024-03-20,0.014709172357413314,0.011911859798154678,0.013107159388534795,0.009064797217579246,0.010895133104272592,0.009249465371919285,-0.00032275393369451955,-0.0008841492177198429
2024-03-21,-0.04085738743755729,-0.0010386361790747367,0.013904852114277277,0.009735830725554173,0.011762251414973779,0.0033047921201876385,0.002153389964880237,0.004425094288396325
2024-03-22,0.0053101924560301494,-0.008020968992406341,-0.01225734395669864,-0.0014672781000426571,0.031213664014708264,-0.0018959932670662427,0.009560544309606511,0.0
2024-03-25,-0.008300459716255038,0.003194406639138503,-0.009154675168969062,-0.013714670621275626,0.007561784795845572,-0.0027625933922889034,-0.005001426238262607,0.01022118385676074
2024-03-26,-0.006672511470028231,0.003233961285236342,0.004670847476598405,-0.0028613557688770275,-0.025694192657452986,-0.0018470922602474849,0.0027808192988858504,-0.007501053434224247
2024-03-27,0.021212783320083695,0.007240660177973091,0.01936357846291581,-0.0005217862514588223,-0.02496730917678902,0.008403985740565334,0.009917922508969168,0.010369920078808104
2024-03-28,-0.010559302816744887,0.012900024807740218,0.003909330422284807,-0.0016848089110585995,0.001174546501837126,-0.0001912186776077407,-0.000844856933417848,0.011046310894211153
2024-04-01,-0.008455842569834116,0.010208079384865787,-0.0067898589593486935,0.009150965128225108,7.739360008218732e-05,-0.001739691779463648,-0.01864094717585707,0.006452199136079972
2024-04-02,-0.00699873391377992,0.014772360490971526,-0.00040207208585052445,-0.007372157665508028,-0.010081533556875022,-0.006358135067889958,-0.005510822919655878,0.019574333351352502
2024-04-03,0.004797442970290611,0.008772374739768996,-0.002816041026231564,-0.0023490241712965654,-0.005455470670084894,0.0010984144028078902,-0.00021724354605634488,0.0001676670802455149
2024-04-04,-0.004892272438881351,-0.005734705223284009,-0.007608393042026318,-0.006112463388256439,-0.034384730268213426,-0.012206030113155353,0.0071724284625211965,0.003520693809172082
2024-04-05,0.004501769458682192,0.017114197447370083,0.009199987677019017,0.01828274337309055,0.024480689462761163,0.010446734421189374,-0.013918723017858015,0.013782002841441932
2024-04-08,-0.006663499716946686,0.006228485366236658,0.00521656806113624,-0.0021855826709834547,-0.009942288009734401,0.0005593142077537916,-0.00010930198680358938,-0.0067561088488939935
2024-04-09,0.0072423306072046945,0.0054970549930351,-0.00670089814122532,0.003980316583745536,-0.02041730140809095,0.0011568528623573382,0.009301471029498964,0.005226041897179012
2024-04-10,-0.011139183936147212,-0.009463856185613961,-0.008521448864454051,-0.007084415349792428,0.019741603631241667,-0.010013225641268608,-0.02179330358318965,0.008417286486164466
2024-04-11,0.04327092262451804,0.019433247203493043,-0.0002047269598330903,0.011033216301588933,0.041096373948527276,0.007547046740873364,-0.0045444543807270366,-0.003355344957246764
2024-04-12,0.008626635142120698,-0.013239324939518515,-0.06467784242809604,-0.014091123819807594,-0.02681656332427007,-0.013803088195717739,0.0053446206591278855,-0.011659293105156343
2024-04-15,-0.021863517500276708,0.01871915519396472,0.0005470156639431067,-0.019577951667276716,-0.0247772158257058,-0.012528166703078103,-0.015505620917231289,-0.005732303279169404
2024-04-16,-0.01916730350925777,0.0012220152803359419,-0.01142763579862538,0.0022723771607064958,0.016441970957041363,-0.0018238497618979777,-0.0066370230434577016,-0.00827202085161971
2024-04-17,-0.00814731313184991,-0.007368252752093074,-0.0039822342108697395,-0.006609101063833389,-0.03866630028133744,-0.005918238137195275,0.011098476694469728,-0.0005056399580540827
2024-04-18,-0.005714307731204293,0.0034154561341945833,0.006497125257348024,-0.018380924482627403,0.007568204283765256,-0.002057580702845785,-0.005040691140348885,-0.000927256316202496
2024-04-19,-0.012212667937331778,0.003131535140574737,0.02510341924574888,-0.012738936676245483,-0.10004590739955788,-0.008728396878918687,0.0036028328405801613,0.011474818184577629
2024-04-22,0.005090952295019768,-0.02470249054532203,0.019429472539479686,0.004610270504733505,0.04354334460699949,0.009209133674185965,-0.0016828065753807797,0.005672285992504911
2024-04-23,0.0063916771586896015,-0.002458663172418052,0.014413178689466344,0.016485260314372363,0.03653247286603323,0.011866574121826012,0.00033680633465116294,0.0038985137005933534
2024-04-24,0.012702258513773712,-0.0018600907225296837,0.004892426690569218,0.003655788419283379,-0.033315950657432314,-0.0004746523967652516,-0.007076142638023697,0.00016531061294111637
2024-04-25,0.005147493487443144,0.005963468053189924,0.0015017529007030905,-0.024495098695270445,0.03708737003593732,-0.0037988363571601624,-0.007013667723805295,0.0023131518546331
2024-04-26,-0.0034730843447400295,0.003241927353549112,0.0006205202448346103,0.018243926635195917,0.061755921551101656,0.009473829213619833,0.00524072272321896,-0.027775536364241793
2024-04-29,0.024808062005680753,-0.002031218037689575,-0.001085257674330986,-0.010016822716751084,0.0002506154538879368,0.003541489000252307,0.00838588133788587,0.014242125392142979
2024-04-30,-0.01827098480170153,-0.019937078844561418,-0.007967781782224459,-0.03211943594767841,-0.015440383968252536,-0.015841227166982663,-0.008540952463307105,-0.011451081541759334
2024-05-01,-0.0060470205591098836,0.00906215232545482,0.0006257953771691138,0.014409504626020864,-0.038899739237810205,-0.0032471503538188395,0.007370725406265821,-0.01893963515604835
2024-05-02,0.022031927368977078,-0.0030870874411647042,-0.0010423122265107443,0.007342773964088112,0.03342942913315161,0.009353450252192363,0.004290795930398605,0.0018097805732191219
2024-05-03,0.05981626567192899,-0.0007976266365629092,-0.00600021605415868,0.022169743759661742,0.034631738546724744,0.012395332543550186,0.010119097358630924,-0.0020646952445941835
2024-05-06,-0.00910658544059062,0.010518361024399514,0.007821124311691463,0.016918309039614998,0.03774129133033566,0.01032679554268845,0.003896141449942103,0.006465619327484129
2024-05-07,0.003796939276960787,-0.004600326433150892,-0.0013021899157140693,-0.010156346034234986,-0.01721301195609326,0.0011034234216742433,0.006098200425426414,-0.004967994602804726
2024-05-08,0.0018642079591870697,-0.002941061869504713,0.020339249299800244,0.002931663229766457,-0.0015681190757720342,9.660297516567162e-05,-0.006061237782601925,-0.00017201432307334397
2024-05-09,0.010014155212785036,0.015778607960932778,0.00945551792107091,0.004335890810253318,-0.01841570717184504,0.005762107792083304,0.004878541696826444,0.019715964190540003
2024-05-10,-0.00689002998115773,0.008112513438038427,0.006430336122963842,0.005869073472057673,0.012744063288183005,0.0012879274634625126,-0.0056274041213270065,-0.004052825702420937
2024-05-13,0.01764525207845291,-0.011202103844459965,-0.000201247655026493,-0.002459449555901938,0.0057967857179908044,0.00013436764528185208,0.00255222770446073,-0.0004239627152329284
2024-05-14,0.006173572910705749,0.008462045119477235,0.013988883776680838,0.006864602274595066,0.01058638221236885,0.004588222107252626,0.005645030191350431,0.006070692419481549
2024-05-15,0.012217848003953202,0.012838750510223651,0.0029775095205248903,0.0174839909491582,0.03583787146355433,0.01238294582938071,0.013646997035148267,0.007733272478749997
2024-05-16,0.0006324477496431058,-0.0038933433506626036,0.0017812179870029254,-0.004940075746313943,-0.002863853795821769,-0.002057639461244154,-0.0009771083344218834,-0.005987481713161769
2024-05-17,0.00015809307644731874,0.016497772589880277,0.01145842735082403,-0.0018526598649903914,-0.019923853458526652,0.0014376621237919274,-0.00673844435739579,0.015016602477792018
2024-05-20,0.006162142514835711,0.004023937591649318,-0.044972841308535516,0.01220818931762957,0.024881351696479648,0.0011520539555727183,-0.0029542820392733926,-0.008107674128987385
2024-05-21,0.006857133649815994,-0.001469548604571047,0.020145314458470676,0.008698946814254649,0.006393639372646032,0.002452584934648172,0.005158047791844478,-0.006909967550957075
2024-05-22,-0.007538333993860724,-0.018373969565577908,-0.006064656386487899,0.00344946994337314,-0.004570848024190721,-0.0028792783967770408,0.0012009238384069754,-0.0201102434003112
2024-05-23,-0.021058134324374977,-0.019944570339717638,-0.007009295311904418,-0.00817610941376512,0.0931965430508428,-0.007304161171391543,-0.006434100936666076,-0.01705924745129661
2024-05-24,0.01658828154996117,0.0009271136061119734,0.01924658417887004,0.00740048741804622,0.02572259125388454,0.006616274435774727,0.0029636381521189747,-0.0007928908403845858
2024-05-28,5.257783707257602e-05,0.010513172896031486,-0.0060286992306543,0.0003720440494965338,0.06980448490545821,0.0006988699333558834,-0.01433563940460758,0.012696176579644947
2024-05-29,0.001579115398882447,-0.009303812074717088,-0.0069673250813845344,-0.0026725633730741993,0.008112219982471025,-0.007002511477218976,-0.012101758568003107,-0.010708694347048908
2024-05-30,0.005255122517075161,0.0018967600627464165,0.00615801711606756,-0.033786117460971044,-0.03766594237537979,-0.00663375672329336,0.00966470134317321,0.003168142341630764
2024-05-31,0.005018457654405228,-0.00586417430627717,0.01655548531943407,0.0011093115944142973,-0.007846076850912542,0.009108153680295716,0.0067902200991449835,0.02868667832566918
2024-06-03,0.009258838218467957,0.008917780500373507,-0.0039972781802943835,-0.003878288350216419,0.04895422054550891,0.0008153592768926909,0.016174255243543323,-0.023963710860242626
2024-06-04,0.0016491965213860649,-0.008977059834655354,-0.013180083390813224,0.006166529965820233,0.012495578924031303,0.0011180085718740518,0.011681195785640863,-0.01555281414926335
2024-06-05,0.007820924050424338,0.011845603201318777,-0.009540382559362293,0.019083455643597036,0.05155577854695803,0.01188482258593182,0.007338091340390429,0.003994155951915879
2024-06-06,-0.007096488019490477,0.007391356612921562,-0.001774113216936657,0.0012026477110691491,-0.011777239641734272,-1.8405780399799454e-05,-0.001499632810759599,0.00751417460322501
2024-06-07,0.012391991980363004,-0.0356833014337965,0.015438564754151951,-0.001578189989716261,-0.0009090419864714594,-0.0012157417572239426,-0.018345956011702302,-0.010704678181980398
2024-06-10,-0.01914783646254603,0.009168181127878539,-0.0017004299210738871,0.009484473324283371,0.007461407060209924,0.003089770854808771,-0.006666487799701026,0.002926814957661117
2024-06-11,0.07264908765950628,0.0028566106093963484,-0.026301277302500092,0.011241632654184874,-0.007143967857792366,0.002408221654687015,0.010342105595507967,-0.008047461267580491
2024-06-12,0.028578463594134185,0.0026617200115086614,-0.01456047128920479,0.019367726974281574,0.03548089672009036,0.008213226122581352,0.007513882324602816,-0.011054479330602551
2024-06-13,0.005491108893677987,-0.008150148984962247,0.011120816494298857,0.0011790681770151856,0.03522380319706553,0.0020132778149706265,0.014699521803908766,-0.008023128867495566
2024-06-14,-0.008168333973665676,0.012959545903254766,0.0006195910137920535,0.002241992557811656,0.017513969395570372,0.0006082701163039328,0.008414810673676554,-0.008451396842279801
2024-06-17,0.01967137833501731,-0.005191652247571565,0.006192568620633665,0.013105147036833298,-0.006824345733164261,0.00795906003639546,-0.009928812753486338,-0.00687385089542325
2024-06-18,-0.010984436702037859,0.004007271832187298,0.01036014428402865,-0.004527523631232988,0.03511980061100739,0.0025406055795478277,0.009175051661568512,0.009413075587377362
2024-06-20,-0.021512809647276865,0.012484347826456244,0.008477133416914695,-0.0014338126297321896,-0.03540343262971002,-0.0027165587345688857,-0.0066602370296777735,0.021576189368501364
2024-06-21,-0.010444468504045346,-0.01549323810998593,-0.01192932121022805,0.00915414962035932,-0.032191459436149095,-0.0013404933262958219,0.0,-0.008770419794467466
2024-06-24,0.0031325651176845604,0.003957566385821121,0.01314323324091582,-0.00469113425933898,-0.06684057374240648,-0.0032506247891551654,0.004044159020555993,0.029703895941880942
2024-06-25,0.004468290973167921,-0.004962237629221655,-0.004072889807123725,0.007326751731721037,0.0675641759512624,0.003850753763464221,0.00169580489451171,0.0028056604392234785
2024-06-26,0.019993239075961844,-0.009228168111804491,-0.0032311805125671,0.0026833066459903687,0.002458594179411744,0.0012481564062454265,-0.01428558255761947,0.00034983319346393316
2024-06-27,0.003985917823852159,0.011336925587312363,0.00881312268542156,0.0015260025068670746,-0.019066411313645393,0.0015763471193552814,0.003972198121128034,0.004282765186715443
2024-06-28,-0.01625411300435431,9.297647872497095e-05,0.015514557902288395,-0.013028605160296913,-0.003629303545987006,-0.003934951287109856,-0.01860570668419803,0.0019148882311803561
2024-07-01,0.029104436657454658,0.002604589701364013,0.01577157623989045,0.021881535623839987,0.006151865357341801,0.002058023732368186,-0.017258881951197402,-0.001390074393254337
2024-07-02,0.0162400119350139,-4.643394389247657e-05,0.01645196924107739,0.005583199175978271,-0.013113569246996137,0.006729662300142714,0.00778563186219583,-0.006784858719409592
2024-07-03,0.00581100418959668,0.011273000380832787,-0.0006705116582745863,0.00324414893362146,0.04573258251358814,0.004462634526017029,0.013133286077592121,0.00507970182091122
2024-07-05,0.02162036929294997,0.013486798057396943,-0.013250532888875677,0.014736328142737953,-0.019098905354084428,0.005766484349109424,0.00827858523825764,-0.012112176708914402
2024-07-08,0.006539020126851369,-0.012402074526820739,0.001855597121448893,-0.0028232656019633318,0.01883478521438353,0.0011538715866978855,0.0021608443490044316,-0.010496660600955443
2024-07-09,0.0037748470851171056,0.0016957473442755777,0.011990064051421445,-0.014370304822733826,0.024805168499487884,0.0009725098044246483,-0.004419787921851492,-0.011053565272283294
2024-07-10,0.018803525223506368,0.0036603361122538036,0.0008187727154482793,0.014601608502702312,0.02686857720936553,0.009895281643110376,0.0031398824031829697,0.008833590497486554
2024-07-11,-0.02322082142109938,0.017733403441032136,-0.0016844104651365654,-0.024772086749838218,-0.05566662999850569,-0.008622565598673693,0.009714997178100537,0.011883397740227508
2024-07-12,0.013050839834721328,-0.0006270969301161999,-0.012099104125184224,-0.002529130332289631,0.014442660851892386,0.0063076263231880425,0.004276411510899081,0.00017661047168471278
2024-07-15,0.016743470187491782,0.0032271131671974818,0.024934001904047154,0.0009039108462058909,-0.0061900894235717985,0.002750064461609192,-0.011496628886618177,0.017127255692488186
2024-07-16,0.0017916949584013686,0.019925798233449088,0.01699598002266489,-0.00978061071204217,-0.016194382569455712,0.005930003592828914,0.014106916763138022,0.007204114212170376
2024-07-17,-0.025295929737169875,-0.004643206403117328,0.015213950174990387,-0.013347505209812649,-0.06623935500711087,-0.014021017533931812,0.0002125941219011107,0.013788430889343006
2024-07-18,-0.020534716422366706,-0.006381186355259083,-0.03177026189349408,-0.007102263594046643,0.026273376695041817,-0.007684866404461421,-0.00764413579970491,0.009860597569581797
2024-07-19,0.0005797872767689949,-0.017937829186175036,-0.0009524950387570508,-0.007402876965593941,-0.026096107448286388,-0.00664064103061246,-0.005884267786546826,-0.022979765560965038
2024-07-22,-0.0015602987539841129,0.00031573231212611574,0.0023835457729390885,0.013337561694227285,0.047570591982691646,0.010309968244979206,-0.0029054379886646053,-0.006892502897495989
2024-07-23,0.004688348716054058,0.003516676143213937,0.00023772730878102166,0.0043122717059382865,-0.00768990901949651,-0.001568394292274844,-0.0014033147507789279,-0.016135885785917292
2024-07-24,-0.028754315948423814,-0.0035043524704835294,-0.008272592088177655,-0.03585485779864617,-0.06803166950884687,-0.02266264213512137,-0.010808530552236961,0.01410804144282074
2024-07-25,-0.004804624361154031,-0.01564473026582147,0.00038333866404527406,-0.02448127055352123,-0.01724289236615051,-0.005210308454554946,0.00819504198089338,0.021041638980734634
2024-07-26,0.002161132799024079,0.010534525866662925,0.017108381095151337,0.016419691806193404,0.0069469234980157335,0.011199668017010778,0.007803016821328779,-0.0008516195062562293
2024-07-29,0.001284604782780141,-0.0014050562105476505,-0.006549047020764087,0.003433255102377686,-0.013001892918470537,0.0005876871452474841,0.005376995984991861,-0.010483188520258424
2024-07-30,0.0025659133809590173,0.009985461488319247,0.0205832297156332,-0.008928550674611624,-0.07043644006539551,-0.00506655567459402,0.0038507746217657512,0.017829381860214433
2024-07-31,0.014990858974981203,0.018110725786084192,-0.011106363412617948,-0.010805772196186392,0.12812097429990854,0.01625473240430919,0.010228985459782791,0.0035542657221256935
2024-08-01,-0.0167506373515669,-0.003442943141866328,-0.022744333810106432,-0.002964052527539396,-0.06674074410272979,-0.0141609832922176,0.008625012288977496,-0.013829188815462579
2024-08-02,0.006869336008356264,-0.0019046282784819235,-0.042412127537162614,-0.020666028902417533,-0.017763994878669198,-0.018618371424376612,0.03116115366690586,-0.0005985455593694455
2024-08-05,-0.04816702160769748,-0.012691935106198926,-0.021291533152787534,-0.03265688507608688,-0.06357767763735067,-0.029123692816645508,0.00529140100751091,-0.018052788176385337
2024-08-06,-0.009748152083675299,-0.00800071383261225,0.027911797541755767,0.011286929620186958,0.03782976294756479,0.009219486490398277,-0.022368568608933104,-0.005314889755363872
2024-08-07,0.012498151605965901,-0.0006796279952806517,0.0002993632736818519,-0.0029528811146544154,-0.05122303759364988,-0.0066839251170162095,-0.007039974545192229,0.013314617454438515
2024-08-08,0.01663327751399546,0.01568801363501282,0.01826362869498266,0.010691978713134986,0.06126779427240936,0.023117299501307587,-0.006151651217163656,0.01910449060431607
2024-08-09,0.013735921405697349,0.0024552612171107047,0.008526855144599832,0.008269379686833611,-0.0020958084704209012,0.004409574868284416,0.009861454429384242,0.008143231982803867
2024-08-12,0.007129995240501064,0.017144665770273848,0.0018951635395567656,0.0019457791281500825,0.040763759192249394,0.0005255223572662171,0.003635698229264017,0.0012619267466911221
2024-08-13,0.01719303512501158,-0.001532358906807585,0.0084872737546966,0.017698590440057504,0.06530904305964191,0.016445611346070477,0.006935294253482827,-0.009579692325682343
2024-08-14,0.0020337303827384634,-0.008155751250824572,0.01106080891006278,0.006883904269227692,0.01670409240163595,0.003154549406154672,0.006270645617218351,0.009248128814071999
2024-08-15,0.013530638562853747,0.0031388449312386157,0.0062309414227224025,0.01182378346496571,0.04048094698280735,0.01714039684358104,-0.00807034190381084,0.006186524342475019
2024-08-16,0.005918383863149579,0.022387738526589374,0.011439438573642935,-0.006080400207888026,0.013999682030387595,0.0022421066199815876,0.003501713821696395,-0.00471661926562994
2024-08-19,-0.0007078256491040991,-0.0016380226467287429,0.00691683347806249,0.007312458270454014,0.043506040731855045,0.009561430105987645,0.004618117077388018,0.003046442396399618
2024-08-20,0.0027446310948757713,0.0036699887797402297,-0.004316626613716679,0.007757411317865115,-0.0211537964132118,-0.0016262836738469844,0.007968041435856277,-0.03332481013728483
2024-08-21,-0.00048554011451118484,-0.0013336178629831386,0.000373038527401226,-0.0015536990543711937,0.009823159114038305,0.0034365717663653594,0.0006080226423683666,-0.006371109286418819
2024-08-22,-0.00825975339230045,-0.011975011209935715,0.009459331402376536,-0.020252716693512585,-0.03704273960519633,-0.007848514301196041,-0.009926154161619016,0.007729506185188084
2024-08-23,0.010288106135630581,0.011553425520716143,0.007755378521321132,0.002984016865249961,0.045498621215537716,0.010625499446326403,0.0065474965799900975,0.013858438512609705
2024-08-26,0.0014988913002564885,0.0031893380775305236,0.003939178776707575,-0.007917718208844016,-0.022493629526155523,-0.0023838078459922363,-0.0025407077990592386,0.02140669531926309
2024-08-27,0.003741518464658755,0.002706671669018279,0.0046084116062270475,0.00084647589680098,0.014550319704570214,0.0013730706791585945,-0.001732472194987511,-0.009511168560376815
2024-08-28,-0.006753463784521796,-0.007026862307456638,0.005041203771002367,-0.007829036857176286,-0.020966688049880555,-0.005805296430382967,-0.0012249889243736156,-0.009857226526658769
2024-08-29,0.014570203763614176,0.005177980359189593,0.004157441897877812,0.006137266545292341,-0.06384855796388911,8.952902139180985e-05,-0.0032701048408934064,0.013817423126330164
2024-08-30,-0.003437840003259418,-0.0071260085162319076,0.011655708843047785,0.009730833184101062,0.015137521996091419,0.009545960644327556,-0.010663498412031847,-0.001608265473337811
2024-09-03,-0.0272053452988974,-0.0043235765879541255,-0.020017753006871253,-0.018459076759845816,-0.09525009730914602,-0.020578918275010016,0.016355292170140867,-0.020942980269598954
2024-09-04,-0.008618762752463982,0.000607926500195255,-0.004403183445046754,-0.0013187736968919284,-0.016574086804137522,-0.00204683084696089,0.012890301083799072,-0.012211033297326868
2024-09-05,0.006927777894566445,0.008332306942507417,-0.0077508140609297005,-0.0012472667091779632,0.009415358048675104,-0.00243218058308603,0.005655703991340744,-0.00780285614862164
2024-09-06,-0.007014987012509466,-0.00740263040895639,-0.023755901733435114,-0.016381320321659176,-0.040854417889891304,-0.016830090287505373,-0.00010041482572820115,-0.004683181289613425
2024-09-09,0.0004076167452997659,0.004205876079289794,0.0204744002643249,0.010007471538828971,0.035398153798957166,0.01119602096035166,0.004319104526496753,0.02104048450881124
2024-09-10,-0.0036214047785367853,0.004404097525006145,-0.05188879292510351,0.020901088219254182,0.015309347965644093,0.00435591585377737,0.007000756793717144,-0.03643169970725202
2024-09-11,0.011585090697250333,-0.001590555949419148,0.008124220368230128,0.021342255297447377,0.08149868305022223,0.010258848410452215,-0.0007946301690001656,-0.009925836638736696
2024-09-12,0.0004940045590648978,0.017567284525531468,-0.0030400328018480582,0.009360758831238769,0.019161793992853227,0.008423235345493163,-0.004671453578811491,0.01376229302309473
2024-09-13,-0.0012120771298975708,0.009943683944142245,-0.01103588714301218,0.008407587908412228,-0.0003358228004953778,0.00522267149470057,0.0026962649012944873,-0.0007193395678033454
2024-09-16,-0.027775146489081193,-8.374817448175698e-05,0.017325697146048258,0.0017417705670166317,-0.019479325459762165,0.0014771493762999466,0.009162201020554539,0.014035037713255871
2024-09-17,0.0021727256097636705,-0.005530911354914458,0.0066872005381457544,0.00883301634413236,-0.010190209078769885,0.0004084004611295544,-0.004835438923023183,0.013042330333899788
2024-09-18,0.01798978133277518,-0.00771046540528908,-0.00821969998607952,-0.009973566653097454,-0.01920575660368329,-0.002965714357998861,-0.01239599209530462,0.0035033479432393655
2024-09-19,0.03706544266431733,0.01554075728197235,0.014214603562396455,0.01829113701313112,0.039693120658917724,0.01706426753929513,-0.003313690140103298,0.012393064516686536
2024-09-20,-0.0029273983447458685,0.012710660066880486,0.0028982126505177064,-0.007795975267463784,-0.01586498333425701,-0.0017286028901163375,-0.0038281821952580453,-0.006293187938454792
2024-09-23,-0.0075810224170778095,0.0019404068737312041,0.0016580070472078656,-0.004043489297676728,0.0022412769112640785,0.0024987950515615864,-0.0021238456257091087,0.018131398599515736
2024-09-24,0.003973863637983577,0.01396907347432852,0.0007094949448767096,-0.010011297817213882,0.03965262178783413,0.0028612688100160266,-0.00020282965874141023,-0.002641398599761202
2024-09-25,-0.0043980249421773365,-0.001381767735032069,-0.006616656748795302,0.006850412309488352,0.02184163226641722,-0.0022054652318131973,-0.008312067785091526,-0.019478981151286545
2024-09-26,0.005080135478428893,0.005086884066794806,-0.0019505922089023686,-0.001851429645100655,0.004291163883545446,0.003964690943036642,0.002350872714211416,-0.017164731423887414
2024-09-27,0.0011867047446432188,-0.007935830791900522,0.0034322968178435165,-0.0076279264895441345,-0.021283503216664834,-0.0014502902539623719,0.005201200551723684,0.026773104017516758
2024-09-30,0.022872076682439513,-0.007999374253898517,0.0017102404594158127,0.00532695237369607,0.0003295710867712298,0.004007415779251344,-0.004768553958676591,0.012087813244279655
2024-10-01,-0.029141662993270256,0.010491249392624136,-0.018116433800874687,-0.022333330720726408,-0.036561340179978585,-0.00895860358689371,0.007220131720630629,0.0231188103179214
2024-10-02,0.0025197433242127865,0.00020358719772617384,0.0012074681942371157,-0.008462204421351927,0.015811972426736265,0.00042196417751982906,-0.008427148629410297,0.013257691647273973
2024-10-03,-0.004894699725881746,-0.0006920058878574498,-0.009937652180102674,-0.0014144795110020425,0.033655865225834525,-0.0018279591909807769,-0.009420342692954997,0.008722838853574721
2024-10-04,0.005007470980211259,-0.001996030315693398,0.03549359390282869,-0.001152336372580609,0.016849832251814023,0.009087094574915522,-0.012301113797784646,0.018355411901295193
2024-10-07,-0.022530916310902094,-0.0033877625757333663,-0.0013729855901231103,-0.015670831405351304,0.02241428140619295,-0.0090402677238558,-0.007535309401249579,0.004325957421406734
2024-10-08,0.01840412050143625,-0.007371925565205384,-0.0008532740279538764,0.01262392262424683,0.040479232336097404,0.009457441677007017,0.0016870913094564344,-0.026561316353732933
2024-10-09,0.01669838287187364,-0.005446185963701722,0.01266891936224157,0.006631092232519009,-0.0018059932663959666,0.006926483704299491,-0.005684778505127275,0.0004094658870810175
2024-10-10,-0.002178256878798468,0.007342892553628744,-0.0027175168619330003,-0.0038804626285248167,0.016283462222810074,-0.0017499289570287457,-0.003917358242043423,0.00860029516080063
2024-10-11,-0.006505408096193044,0.010913408354139564,0.04439959501869417,0.0011542016190519977,-7.402683898027895e-05,0.005988233710532809,-0.004039048087485009,0.003816881320161114
2024-10-14,0.016479865670019134,-0.001629502157067031,-0.0036439673880663825,0.006773637217992734,0.02425811226428709,0.00817845448296417,0.0007470920430814321,0.0038022373655848263
2024-10-15,0.011024685474710916,0.003468359323146597,0.004108739169197628,-0.0009543604150079599,-0.0468603477359969,-0.0077698146957772,0.012157554726151432,-0.030061222978382318
2024-10-16,-0.008851949740342313,0.005001609209081437,0.005620785201642775,-0.006256854842016879,0.03130697962149487,0.004346306574101622,0.004214433749350599,0.0025757078814849788
2024-10-17,0.0015964144381819256,0.005988310835030708,0.0034877111479563183,0.0014419300805188495,0.0089153183262074,8.589743781750592e-05,-0.015843038214580663,-0.002569090654438
2024-10-18,0.012276487203049857,0.010618185005035086,0.004232998346248573,0.003455589988530683,0.007814310159864446,0.003846655330890014,0.0007462955033932239,-0.0028251865617017202
2024-10-21,0.006297964303881853,-0.0001990012771425631,-0.010515906211823856,0.0014827697478863033,0.04137683655968494,-0.0016422798462758514,-0.0174712083438181,0.0005832723078256219
2024-10-22,-0.002621721458623494,0.01078732362833379,0.005022326609047667,0.020846109219828435,-0.0008352221718626041,-0.00053117967032279,0.0009760103576901269,0.005163268494202011
2024-10-23,-0.021623077408411406,-0.012050555849465017,-0.003167804959223086,-0.006806879994117332,-0.028065701168372703,-0.009137472564623828,-0.0027081081541119323,-0.0035624566896318433
2024-10-24,-0.000823286853178895,0.007693259346016168,0.007027308363915852,0.00030620780579226903,0.006090493177953293,0.0021628025973028375,0.006408360773311417,-0.005654064194214992
2024-10-25,0.003643102381711616,0.0020569789010425055,-0.01186761053294072,0.008052213356990912,0.00804773413601323,-0.00034518975919839434,-0.005611988737463158,-0.000836114581217906
2024-10-28,0.008599370511064741,3.945407605776552e-05,0.014349288257986093,-0.0036435927712357152,-0.007206504695678739,0.003091214382752616,-0.002713219104717557,-0.004937691089328289
2024-10-29,0.001156808284072497,0.010894858433216914,-0.01152999855775172,0.012564858998204365,0.005195137965128049,0.0016183796278272933,0.0015233455747014624,-0.013624924643008907
2024-10-30,-0.015277909906239895,0.005505891218995584,0.006774331684256341,0.0013426688839135448,-0.013522287592808824,-0.003025102116200995,0.002933944944069733,-0.005030598442747225
2024-10-31,-0.01820942684854887,-0.01549516696374409,-0.011095664766322622,-0.06052758140979908,-0.04722261127701233,-0.019603298940374936,0.0016250916443802943,0.0007712874932574998
2024-11-01,-0.013279750773728338,-0.0041023758773531815,0.00459628986940519,0.009892876538009299,0.019885495370373096,0.004220588805548209,-0.01409825371381701,-0.015670551413726308
2024-11-04,-0.004037535897579714,0.0014259144001700363,-0.014174341070670948,-0.0046543695202959645,0.004800597760879821,-0.002154001685066964,0.015521848767708901,0.031839913412894605
2024-11-05,0.006486218188568982,0.002254447895035039,0.007780589224608558,0.0073447043256171796,0.028372002531491525,0.012091924203754711,0.005311578186082411,0.0029508524908321565
2024-11-06,-0.0032668598042842056,-0.030386729020158265,0.11544533327701534,0.021192756763894538,0.04074032120943283,0.024865377121195964,-0.027388327152864322,0.01714871155199038
2024-11-07,0.021372175812722105,0.01607650385553039,-0.043228279359469934,0.01249468330150183,0.022457526432102748,0.0077321681824567,0.01252768122342851,0.0012396237699445756
2024-11-08,-0.0011882648656779127,-0.006769426092267272,0.002538263993762113,-0.006793031210080458,-0.008396207715243742,0.00433181667633864,0.012701110543921645,-0.00033021933167998174
2024-11-11,-0.012028655940682698,-0.02347155656813127,0.009747577792970308,-0.010720972140645157,-0.01605344107677187,0.0009527816016310364,-0.004865470116670045,-0.005284453803972022
2024-11-12,0.0,-0.008631355179477884,0.0011284505924942234,0.012009275689125909,0.020859010854285875,-0.0031062323344024367,-0.014993135478693964,-0.000996048611358491
2024-11-13,0.003969224708879171,-0.010081225320474285,0.00667876589937344,0.005129693856757767,-0.013622040297750049,0.0004857686482722112,-0.009486034479545102,0.009306058430257336
2024-11-14,0.01377037698053507,-0.0026091417886489054,0.002944103706262746,0.003974647541107101,0.0033499129400862415,-0.006430102156933848,0.005790426808878424,0.0006640217133768722
2024-11-15,-0.014109111403541208,-0.0017720694429750328,0.01422262673094088,-0.027852636558010624,-0.032570045142916504,-0.012808639480448747,-0.002657006506261883,-0.010368088691667499
2024-11-18,0.013422205914992658,0.019020246289590537,-0.0011414718383583322,0.0018314335552864769,-0.012889163249566571,0.004097409691839804,0.001776117668481847,0.008381329425517725
2024-11-19,0.0011401709919756087,0.008959325127211315,-0.00791739711949957,0.004882485743850085,0.048947493937380626,0.003655368297286854,0.0050973990978959716,-0.013963893072836187
2024-11-20,0.0031540646244545556,0.005632045702723465,-0.009502575693187243,-0.005505230320588139,-0.007618445859915002,0.00033893325927181195,-0.0031970605836573185,0.014245975665940547
2024-11-21,-0.002096031461461201,0.00833950039098208,0.016529551029752065,-0.004316785494254294,0.005346459209495391,0.005368141194877163,-0.0007744088773113944,0.013381040355983753
2024-11-22,0.0059075169290669916,0.012892210445830887,0.015484496295455008,0.010003207105413914,-0.032181156755705764,0.0030994993753996614,0.0005535648591517006,-0.0011482188472909938
2024-11-25,0.013050866513805381,-0.029458856541119016,0.007000652277729724,0.004292561539649631,-0.04177525733660581,0.003392105066349016,0.025887705558092167,-0.014943674903985738
2024-11-26,0.009404410213577297,0.0019383092584317474,-0.0012785018173616658,0.021968032060109,0.006616743999274588,0.005221380682413512,-0.0038823725388721364,-0.016670976432596185
2024-11-27,-0.0005530115644418743,0.002222714763140843,-0.0007202003815949265,-0.011682504619783818,-0.011539436042767304,-0.003029984694522536,0.00692869787703998,-0.002627660684814459
2024-11-29,0.010215817378145475,0.008624546377060671,-0.0002802024594046326,0.0011111811130311011,0.021501148512060864,0.006212049739253267,0.01032170928384879,0.002549693612998505
2024-12-02,0.00952260047724618,-0.00875440338997513,-0.013895457150705948,0.017758434939384893,0.002748773630875112,0.0017924307507057868,0.002402489487518533,-0.000932568938950884
2024-12-03,0.012771816182552076,0.002012776164397767,-0.00580705580897134,0.0005105760754051669,0.011757803534352407,0.00046384223378992395,-0.008628985477062812,-0.0015273226762658743
2024-12-04,0.0014835436581230876,0.003033679807253664,-0.005800372903707718,0.014424756389865179,0.03479245103749973,0.006209406835690379,0.010745925646996612,-0.02880934913603983
2024-12-05,0.00012354028933203587,-0.007397709454119217,0.008545666181623668,0.01188796368825984,-0.0004821495171029033,-0.0016455346383350555,0.002019862578781728,0.004375150899321278
2024-12-06,-0.0008229736587771486,0.0003705687954560499,0.007658576062092637,0.0021462657355204584,-0.018061569822411916,0.0018955917276137768,0.0014852829567746362,-0.010541906882162055
2024-12-09,0.016101201190585668,0.009919751769426055,-0.014351679327664568,0.005523409556213554,-0.02548442628526082,-0.0051497755511149546,-0.009216818452782438,-0.00589943746381727
2024-12-10,0.00413377928669334,0.01316431251835759,-0.0038964816031816785,-0.006031222449324081,-0.02694307306061494,-0.0031089913624822163,-0.004705033974408468,-0.0020371994088912437
2024-12-11,-0.005166110207954655,0.009533812345188464,0.0027588013617472207,0.012767049084456916,0.031390984333980354,0.007730637008498853,-0.009454198937772662,-0.0066566828045322435
2024-12-12,0.005963772915735355,-0.014663722649505995,-0.008212492642098113,0.001269462064590332,-0.014141081733023753,-0.005152640171807943,-0.012147615232357079,-0.0008935102648393034
2024-12-13,0.0006855082660752743,-0.012091578404740733,-0.0065830065482637146,-0.0050938027506315375,-0.02249887952900609,-0.00019841204399240198,-0.010210503360661982,-0.008764088150010507
2024-12-16,0.011727658976129263,0.002415209844427002,-0.0015004149670558853,0.009658653563022757,-0.016759991476465563,0.004269952898457774,0.0029948664119008317,-0.02138205962670736
2024-12-17,0.009719587636433547,-0.0038386247250202787,-0.00509216408695512,0.006355212477715089,-0.01219690084916969,-0.0041200937101640855,0.002432853957539338,-0.004240726463942246
2024-12-18,-0.021421730443265674,-0.019185077837713282,-0.03352071015920888,-0.037560993441939416,-0.011350607295990245,-0.02980346115350485,-0.012504046426330406,-0.014720916726813305
2024-12-19,0.007014608986329218,0.0014210967336203417,0.011242694676850906,-0.0008231219684045055,0.013730542983904304,-0.00030704650479618234,-0.01514125743487349,-0.008551052959642202
2024-12-20,0.01881600682637896,0.010434056495473909,0.01991758474711358,-0.0009839107800303504,0.030762189246482885,0.012011012432826318,0.00569409569073831,0.0034120555039851563
2024-12-23,0.003064859072418935,-0.004708795377563857,0.003324961789311187,-0.003091992159720114,0.036896788871652264,0.00598810318553733,-0.009172418847664954,0.004061538582685431
2024-12-24,0.011478136328879396,0.001992014086009908,0.016443563896469282,0.009373919834631428,0.003937958121885465,0.011115098833935466,0.0042287993570722104,0.0009407493794637567
2024-12-26,0.0031755732672802406,0.006751179863859091,0.003425334063170471,-0.0027770768507342503,-0.002068276895827892,6.659179477574995e-05,-0.0005692442358550265,0.0008458410117244686
2024-12-27,-0.013242079409434782,-0.0068705038771270655,-0.00810223881722305,-0.017301560226901103,-0.02086760667728471,-0.010526584203640499,-0.00819859928832356,-9.379417538168955e-05
2024-12-30,-0.013263452725055913,-0.0031896811646237033,-0.007670877452973901,-0.013239435266042099,0.0035034647616871695,-0.011411482033024556,0.008036774002146085,-0.00676194469072533
2024-12-31,-0.007057920935259476,0.006233636577161361,0.0016295008795950139,-0.007838490134633669,-0.02327437030592172,-0.00363813553785719,-0.005353000859346757,0.017114239675909415
2025-01-02,-0.026235922286754754,0.013587714119632333,0.0012098695078734956,-0.006927654904454572,0.029935119579002745,-0.0024571242568488527,0.002748200004422552,-0.0024169963265144867
2025-01-03,-0.00200944639433831,-0.007864039973028758,0.01366655406984818,0.011395680366477201,0.044537666756603755,0.012503512073356093,-0.003197399397409928,0.005125310560085028
2025-01-06,0.006739006166805561,-0.0012320959587240887,-0.004875317995414186,0.010629558133860684,0.03433251539634674,0.005760615382937484,-0.004467882949209523,-0.001112571748615121
2025-01-07,-0.011387714951863415,0.005633435188264313,0.009632473270872133,-0.012808270090346574,-0.06216972623754646,-0.011304045433904064,-0.011277226634808013,0.009374463834328273
2025-01-08,0.0020230522329021117,0.005315681488123669,-0.0001644146238112265,0.005185057215042033,-0.00021405552009168272,0.0014610115160782478,0.0012801312244024032,-0.016735687994800075
2025-01-10,-0.02410385171770446,0.009558310004399662,-0.013408558764873013,-0.013213658130698636,-0.029976370322259083,-0.015267427998534089,-0.006625687373929101,-0.003647193974854468
2025-01-13,-0.01034410835976085,-0.009951255605703535,0.018093156003813338,-0.004201012043230423,-0.019719093764529183,0.001550584739097749,-0.0003511017432914487,0.02581176459080803
2025-01-14,-0.0047782003738834344,0.005249423200524239,0.013349261424474124,-0.003643392394093614,-0.011033409001416472,0.001375843351398398,-0.0016386990823036296,0.003934588556297802
2025-01-15,0.019675890878786184,0.007488993695735191,0.019719449826879787,0.025597155275675076,0.03400127995976865,0.01819002884394938,0.01723539812481234,0.01631419626146613
2025-01-16,-0.040400049580118336,0.006910965874952435,0.007608610461199206,-0.004058077797836512,-0.019597748143362348,-0.00192320642202648,0.0032271563252519453,-0.0017038754720218874
2025-01-17,0.0075351782931969424,-0.005307269747253152,0.019231474346255384,0.010481015092373758,0.030994932836341693,0.010039796341615892,0.0017235477859594006,0.008983189167893535
2025-01-21,-0.03191579220080287,0.015485219016293739,0.014932738010379643,-0.0012353137796325964,0.02265626248404251,0.009153689166425671,0.00894582662135135,-0.007567682066571768
2025-01-22,0.005344969636105645,0.005135652699768123,-0.0007222267848289166,0.04130689405009469,0.04430887343960088,0.005621434809803594,-0.005228992712225655,-0.01740393043059041
2025-01-23,-0.0007594781431519149,-0.0014148699521492336,0.011832252181001923,0.0011430021190108608,0.0010199493828297879,0.005457956171128542,-0.007770503839154785,0.005660717470653331
2025-01-24,-0.0039347113107776055,0.006218705580031125,-0.0041735802674071065,-0.005932318151927185,-0.03124595500664684,-0.002919265256986603,0.0044912699174062265,-0.013527050644476901
2025-01-27,0.03178035791339884,-0.0104048052682425,0.0038135193773563003,-0.02139354599135701,-0.1696816230490189,-0.014145357666793035,0.01180934161325653,0.013896456760586595
2025-01-28,0.036544013079224946,0.008656417783572623,0.0048525178520189005,0.02908698945008359,0.08925857438565088,0.008592419782555538,-0.0006795399415385761,-0.01933367958241694
2025-01-29,0.004616679897539777,-0.0038404097330004827,-0.0020964444485771505,-0.010890101132774666,-0.04101088014262022,-0.0044828644654661964,-0.002041305043492203,0.00583123345515868
2025-01-30,-0.007394700325762837,0.01514551884715587,0.006189430009570618,-0.06180899085053826,0.007679826612774665,0.005367082266790391,0.003749660186755044,0.008281870396163571
2025-01-31,-0.006692090478919499,0.0019763991077348386,-0.0034670984362420443,0.000168688560660879,-0.03674290905346167,-0.005321911081975883,-0.006565619749618334,-0.025006749030443864
2025-02-03,-0.033855971652832495,0.005337271410283728,-0.0018331000247032714,-0.009974381816431399,-0.02840003830894633,-0.006729655863189077,0.008142014879694015,0.00243373851620432
2025-02-04,0.021007813914857953,0.00984841707528572,0.004235198284283204,0.0035285499557156097,0.017057966183909423,0.006708473638427748,0.003062700175839872,0.026799845739912342
2025-02-05,-0.0014174874107210078,0.006209542410714253,0.009293115778499228,0.002231146475309087,0.052086103106295134,0.004054422644520939,0.016510174402120992,-0.0007275493789511422
2025-02-06,0.0032262253810402264,-0.0026502562908058414,0.023924814105505954,0.006121526763915641,0.030841781986492345,0.0034756291897781733,-0.00044499419176458055,-0.01319625116598433
2025-02-07,-0.023968685887934993,0.0017841598670260694,-0.003972538914881252,-0.014597746030958536,0.009014683641714205,-0.009153513013858694,-0.006455288346406407,0.00424251300251921
2025-02-10,0.0011872561053558606,0.016938239196991,-0.017258822713910882,0.006028136427951081,0.028727815581561567,0.006791224284519393,-0.003024526843988684,0.019101793510992504
2025-02-11,0.021831762511780095,-0.0036516022155236305,0.014573235266581941,-0.00189216424216343,-0.005764828232419084,0.0007604384781254581,-0.006404350429037753,0.006307971276745317
2025-02-12,0.018270203159199028,0.0010471549570203464,0.0016728675969319706,-0.005833306126798776,-0.012500054659258741,-0.003221485072722685,-0.013570141502740607,-0.030086785200437505
2025-02-13,0.019673264744716867,0.009862831092105617,0.003158642626127639,0.0036671422214928917,0.03164559322101046,0.01055750138825129,0.01662252077791737,0.00726604662082031
2025-02-14,0.012710570000191712,-0.014871773334245608,0.0009771543653549486,-0.005139430597905004,0.026313931673757063,-4.917697295880874e-05,0.005300255892176642,0.0010172194742126273
2025-02-18,-0.0005314235032047865,0.01656090548123368,0.01214788089922303,0.002962455005205422,0.003960993622789344,0.0029358976669520143,-0.011778011257255305,0.017553647952107454
2025-02-19,0.0016361538037283907,0.000554096378723612,-0.0025004475915754165,0.012523186654196383,-0.00121945684839464,0.0023548173146026308,0.0012486439552656936,0.001452681975685044
2025-02-20,0.003920455054429617,0.0005168326664386491,-0.04458377397718083,0.005290711430345985,0.006320402767213684,-0.004160245253420958,0.0037408906373657125,0.0154124107626048
2025-02-21,-0.0011390214561466383,-0.0009225433005247696,-0.009595170205107917,-0.019032569729804938,-0.04053953976389957,-0.017103904429360828,0.012084956598435559,-0.011696392215505114
2025-02-24,0.006312429397625108,0.005429568123388684,-0.010974902015009502,-0.010313371424585327,-0.030870994283646036,-0.004550509402292402,0.0029015915534478243,0.005239860667553442
2025-02-25,-0.000242910239731442,-0.013188334192659745,-0.015076122670498515,-0.015099050666393277,-0.028016733256714277,-0.004973286374205688,0.017246954159752637,-0.013840124071215265
2025-02-26,-0.027040125258631975,0.0015263333689308212,0.005400283641020298,0.004599282043266983,0.0367212871813456,0.0005049020314549235,0.00590688278354734,-0.0024605693810981766
2025-02-27,-0.012730832290805183,-0.015239958822878874,0.0010044641975703872,-0.01801222535696867,-0.08478068700982089,-0.01596211835726624,-0.00706825157127422,0.006303600016491107
2025-02-28,0.01913186037915815,-0.006265820058134697,0.021617642623064093,0.01136215001294616,0.039700371673689006,0.015605704427724687,0.012265891408563157,0.010712647594726787
2025-03-03,-0.01575416802428886,0.013180390342641513,-0.0152276037550928,-0.02141108002082004,-0.08693563240438495,-0.01751997766630431,0.0046668299755767695,-0.03206671342521206
2025-03-04,-0.008822465720090822,0.008697635934455272,-0.03978984993348578,0.00030882068179982625,0.016920938730529356,-0.011836867992038314,-0.01231489853541401,-0.0020416454079750235
2025-03-05,-0.0008052330198721203,0.0020813110966888537,0.00511486761938551,0.03193439701491996,0.01129412598600199,0.010747839611165988,-0.007984328612691827,-0.01952762495411109
2025-03-06,-0.0017393645707098893,-0.005081207410422395,-0.01983862727172614,-0.01029870731484639,-0.05737424714128336,-0.017751263194117906,-0.0033074892331184103,0.020675340920008445
2025-03-07,0.01589261823710486,0.0005219558189655249,-0.01727913007462023,-0.009020086125881344,0.01917335607119308,0.0056049948495140445,-0.0032080563113187077,0.013008713842771913
2025-03-10,-0.04847952646788245,-0.008755937163287819,-0.04152212939520983,-0.03343424153325092,-0.050670045456219004,-0.026635511651277977,0.010431844482949204,0.025499815328573705
2025-03-11,-0.029189390099861323,0.011727541035094546,-0.013263317259190943,0.0007628251704419053,0.01663860829926289,-0.008312890256780947,-0.007138990584420135,-0.02361350206316737
2025-03-12,-0.017478623870416543,0.004346793335703092,-0.005411672506847043,0.007412313824403549,0.06427599970802578,0.005306487954566119,-0.005973488783041603,-0.0002749778391006874
2025-03-13,-0.033643703453495544,0.017756144523255468,-0.011891084646006744,-0.011741033891873864,-0.0013824634742628517,-0.013330547411436466,0.008791255904554651,-0.004214986977914448
2025-03-14,0.018170561422649945,0.00039975774946587883,0.03219509048293401,0.025846702607354333,0.05269075080871022,0.020655906135268243,-0.00529477676409551,0.02972294294561273
2025-03-17,0.002388749382712607,0.0054135329342379634,0.00641008904862983,0.00036039774459539764,-0.017588588459607424,0.007711226486406764,0.004990438988088597,0.016622012467201408
2025-03-18,-0.006121501493550063,0.011671955843306048,0.004445915244800869,-0.013326582538613851,-0.034300941316487865,-0.010808379622018083,0.0009931495730075568,-0.0010549464732519942
2025-03-19,0.01198939417498912,0.004107707999658539,0.017619234457521005,0.011212037204443748,0.0181062037527564,0.010890845995021214,0.005181152625462815,0.015575652284317343
2025-03-20,-0.005296387612504838,-0.0012805854303336028,-0.0004182459379483694,-0.002526962009192224,0.008594187046243817,-0.0028916989401738258,0.000658033432056282,0.004245577807092449
2025-03-21,0.01947682645400195,-0.008049901213267985,0.010961891923074951,0.011426028049753567,-0.0070024141076757696,0.0003298919546212975,-0.0059183172975978415,-0.0034512167141305117
2025-03-24,0.011270431174758455,-0.004452548665506595,0.026610964210453947,0.004651499467623665,0.031520908262874014,0.01790837800678835,-0.010253673643856875,0.0025974626312075255
2025-03-25,0.013681842097234664,0.004400365088198743,0.012376009521089415,0.0052915881122646,-0.0059303958635675835,0.0024040374200964276,-0.00011127411395606135,0.006822012780218989
2025-03-26,-0.009921704204411519,-0.0008259812019960622,-0.0003981645615384055,-0.013133912343619047,-0.057419787793092314,-0.011938442132145233,-0.0065730568236642695,0.014409461884615116
2025-03-27,0.010472595574967603,0.013405732882559862,-0.011592206018249618,0.001564084720412806,-0.02048169079087525,-0.00265584502527072,-0.002915874956635589,-0.0032128377003052266
2025-03-28,-0.026580320996315576,0.007412123023167849,-0.021239661299380597,-0.03016016142860589,-0.015794676608994918,-0.02013810759329815,0.013834277905780734,-0.0013572510729150666
2025-03-31,0.019412629300025186,0.014363222998346137,0.010088535747769578,-0.009002169206220878,-0.011762611854777671,0.006712800625198856,0.009873384187887746,0.010192846630985963
2025-04-01,0.004771977732473731,-0.0019782303576065807,-0.006685733725852239,0.018114608870151372,0.016331513496370187,0.002824442743211364,0.008665764271211573,0.0009248460382533796
2025-04-02,0.0031362668891437018,0.0020516615880092903,0.008864857652152613,-0.00013087026305891314,0.0024510699831183924,0.006328298292829215,-0.0006559336099585256,-0.003108226207319431
2025-04-03,-0.0924561245087091,-0.006038278082531101,-0.06968516811463843,-0.023630134003528425,-0.07806540155258013,-0.04928069685329273,0.004593751785403555,-0.05258280323604614
2025-04-04,-0.07288731642094837,-0.02339226273628292,-0.07483838323771119,-0.035565908829789494,-0.07357567564849543,-0.05854293488376716,0.010887174921168752,-0.07195589922366563
2025-04-07,-0.03673438112745897,-0.02148580630415131,0.01978311242739772,-0.005502483478589726,0.035308927291754166,-0.001781249590409817,-0.03015604021386853,-0.013417577477281006
2025-04-08,-0.049818181541527395,0.005443793790763651,0.011331853062632957,-0.009221575914465152,-0.01372375294787731,-0.01566275431689801,-0.018878470749526866,-0.02108028948746321
2025-04-09,0.15328862822026945,0.03699125081478161,0.08055519330102112,0.10133695400960585,0.18722741037576074,0.10501937798947614,0.005885789341926184,0.04991567251748785
2025-04-10,-0.0423938616432078,0.0244235794430141,-0.03085262909005604,-0.02340643353543903,-0.059127169778110056,-0.043819062573260736,-0.027568569206568028,-0.05548209551750749
2025-04-11,0.04059442685153014,0.019086664805096243,0.04002466138414196,0.01861812879348612,0.031235575403224525,0.017842893761116585,0.0054387440321039815,0.032122592886620005
2025-04-14,0.022054075712996557,-0.005705977012200658,-0.006265926207252748,-0.0016476362354305163,-0.001983267984299708,0.009701389940211191,0.007135412618015646,0.002423817300023945
2025-04-15,-0.0018763741147479474,0.005232379352138938,-0.006773897971731668,-0.0053634167188759685,0.013458518216612925,-0.0028009069165995104,0.0035423833390542114,-0.002804875780888838
2025-04-16,-0.038933304436288285,0.0325408102664011,-0.015098865730143962,-0.036605948501585495,-0.06871658866446706,-0.02222796326408627,0.00557963812029727,0.010572298315870254
2025-04-17,0.013949492299973887,-0.004390692094044635,0.01023474222494336,-0.010306522834173992,-0.028710904054284003,0.0014267171117980926,-0.008832545350799137,0.02620197158005033
2025-04-21,-0.01939270154435324,0.03093558529908469,-0.01280396646568338,-0.023546659558688066,-0.04512747781521653,-0.02380270712392807,-0.01747988925884436,-0.014683869456635912
2025-04-22,0.034065073700412674,-0.014195668551963636,0.02882226822920586,0.021441343736261498,0.020431219042711612,0.026017880186418818,0.005581795246909271,0.028002044684717342
2025-04-23,0.024331559837067696,-0.023978630729734163,0.02245422282333731,0.020636810137263595,0.038628755436096895,0.015495243709833462,0.00971310114440005,-0.008587235344961974
2025-04-24,0.01842618826092579,0.014556277018207942,0.01560940105904951,0.03448271036722739,0.03621844623940507,0.02104903098185429,0.010536008377684425,0.011735021617963026
2025-04-25,0.0043672089188706575,-0.010841679678267213,-0.004455447441739202,0.011748087732019963,0.04303315272443453,0.007225311311978455,0.007366292520927686,-0.0005522732359217741
2025-04-28,0.004109420560413524,0.01424210344049559,-0.0013550756214446569,-0.0017609053837776,-0.020538693171568978,0.0003813851666460977,0.006299656809740872,0.00055257841018852
2025-04-29,0.005091773683894019,-0.009738925467677184,0.005756141015529126,0.00736268047832378,0.0026670386111389277,0.006299388836584985,0.008384714141628224,-0.0024854124093622865
2025-04-30,0.006107731322571031,-0.007482221012837353,0.0,0.003096093636595798,-0.0009172729668817103,0.0003968300492129817,-0.00809304419475343,-0.025193865234535262
2025-05-01,0.003858746323233131,-0.02077228754256477,0.00927974725104841,0.07625362173242944,0.024697079525506593,0.0070868680708551235,-0.005070671499636248,0.0014201591291276294
2025-05-02,-0.03736166699984034,0.0017481999132260562,0.022763188248856814,0.023225141366032043,0.02589380833985855,0.014844247338807959,-0.010824156338472335,0.004064933787095493
2025-05-05,-0.03145853122308051,0.029867754776654154,0.0001979579085422678,0.0020447741898392824,-0.005938915876445905,-0.005734433377700299,-0.005585304007988623,-0.027680975225145787
2025-05-06,-0.0019106203280500056,0.02802400275899264,-0.013105882498515187,-0.006557113423069083,-0.0024599709338406495,-0.008358216758522774,0.0033241658253739814,0.013943967014492964
2025-05-07,-0.01138474850772786,-0.014993060801348546,0.0005617700351323585,9.231617222149602e-05,0.031002236780898418,0.004205416334334133,0.0042269887326085165,-0.0009549901154803919
2025-05-08,0.006318509038841347,-0.0196942722998793,0.016359939469915652,0.011122574106224858,0.002648250050777179,0.006967872870209169,-0.011148913373151492,0.013956593831911723
2025-05-09,0.005265995369670984,0.007254674259445482,-0.0015386428749410985,0.001278091443462026,-0.006134396258082875,-0.0012742212112867302,0.0014956261452643282,0.011690388482895164
2025-05-12,0.06314618136852768,-0.028190568373488878,0.02754061546339792,0.024001128949223682,0.05443631590540132,0.03304742941467098,-0.009304991718720457,0.01723985002709827
2025-05-13,0.010152368376012744,0.004258992599597278,0.011382637506053728,-0.0002670474613925,0.056341411223286286,0.00660375465525842,-0.00405845765884183,0.0027482499276347827
2025-05-14,-0.0028178835131401625,-0.021037827999516923,0.009999538972726763,0.008460522957258299,0.0416379715061761,0.0012780827787997051,-0.0066364298767392915,-0.008953079063091174
2025-05-15,-0.0041445074093784395,0.015963953531585195,0.006964117313777329,0.002256053882932818,-0.0037685592709504334,0.004884285649128461,0.008790417283798035,0.010140474000419397
2025-05-16,-0.0008985115224214857,-0.012087047232674286,0.0002618192524190821,0.002515868094651763,0.004227632104436996,0.006334149416617141,0.002672232881008041,-0.0035918242224057817
2025-05-19,-0.011739013718647828,0.012880671121226372,-0.0100164911130316,0.010126112895276762,0.0012557052375559152,0.001093923806363195,-0.002896802960644429,-0.015897918133059963
2025-05-20,-0.00919636292662307,0.0186222454642182,0.0030202373244183622,-0.0015253635089929052,-0.008777898540882845,-0.0033622573759429786,-0.007205096426314506,-0.014276399723221034
2025-05-21,-0.02305911477177236,0.007378683875855163,-0.01746460563131591,-0.012222557472479911,-0.019199142909416378,-0.016850775346555102,-0.017090093714993815,-0.012291443847459282
2025-05-22,-0.003612234385890978,-0.008861493387459118,-0.0014171641656141043,0.005059984166988496,0.007814682829794917,0.00039460189702000825,0.0052400043050100376,-0.006656386579869
2025-05-23,-0.03024432937368582,0.021906288045034472,0.00015315704627627547,-0.01028894598357466,-0.011593859125610062,-0.006825639685453577,0.001658635256060359,0.0005826649493811953
2025-05-27,0.025298341226390297,-0.016949152542372836,0.017567509738517284,0.023346243147149393,0.03206648744166052,0.020790575620218688,0.013956190285866255,0.004755799550078654
2025-05-28,0.0010488851004830657,-0.0022660178699712707,-0.006785060662433451,-0.007228303770779876,-0.005092188504347228,-0.005785556441789574,-0.0043159275940672925,-0.013620449694393355
2025-05-29,-0.002345136061230768,0.0059247154716217665,0.0033396802835514716,0.0028861960236381545,0.032490175169429536,0.003947442692365799,0.009255068465594762,0.005680122877480764
2025-05-30,0.0045011768949494435,-0.006576942326457891,-0.0013993728237494674,0.0036625494394211255,-0.02916867471202156,-0.001118296253996065,0.0015089937846615165,-0.003797764043228846
2025-06-02,0.0042320537763564925,0.026581051258171673,0.002499980467977725,0.003497301834207489,0.01665055876714705,0.0056328156906035876,-0.009306762836393423,0.007331359003722726
2025-06-03,0.007783841539412029,-0.008855551213511115,0.00608328113182699,0.00216468693708749,0.02795166046472719,0.005702557269405606,-0.0017612163673706993,0.007278001362901465
2025-06-04,-0.0022138294743115905,0.006441974072654677,-0.007699021971401709,0.0019439369823430752,0.004956805000453368,-0.0002684085986693896,0.016233253487841992,-0.014450829568508516
2025-06-05,-0.010797774052893838,-0.00504987891618125,-0.008591370130595966,0.00821352390195984,-0.013599160107292785,-0.004832859623354335,0.0006944748167965198,-0.004594421942962779
2025-06-06,0.01639831188885066,-0.013416073696802311,0.014430389638355967,0.005773210495820802,0.012358067077325119,0.010269030973764526,-0.012724163272722633,0.023961419898999026
2025-06-09,-0.012112573294913664,0.004718534884218695,0.0038006478636305463,0.005038495162469125,0.006421079132463259,0.0009012287764704752,0.0010545469992553347,0.006713409438321216
2025-06-10,0.006056018916418493,0.000293510988597534,0.006973125033903127,-0.0038709508659926506,0.009324836659214242,0.00566992481350459,0.005149849779974236,0.021434716482859217
2025-06-11,-0.01919363976267041,0.005412290790508978,-0.001675303806612738,0.003609943465949339,-0.007780511518506894,-0.0028521796888598683,0.003027386989003844,0.019492628349035757
2025-06-12,0.002112861287836054,0.0124202002480438,0.0003355297967708726,0.013224082049501096,0.0151928898165683,0.0039742753822695764,0.011957274330524958,0.0038423082139042997
2025-06-13,-0.013805233102505365,0.013100564311248064,-0.01226480743682612,-0.008165081256716444,-0.02089655504520982,-0.011180162300879815,-0.009636203084400274,0.021780737917065807
2025-06-16,0.010028016154186137,-0.01425909653729851,0.020418689828552772,0.008800816105585474,0.019158888009616293,0.009514344503849026,-0.010077860749077128,0.003210826033586356
2025-06-17,-0.014010672570188398,0.0005131941200071655,-0.003106976079671031,-0.002295768919517105,-0.00393947448259413,-0.00854517139843114,0.01216962826898249,0.013513517296812383
2025-06-18,0.004804711122616823,-0.005385627565021256,0.016473804592559205,0.004602103204535579,0.009436643684034518,-0.0001507130904417897,0.0017342115420235782,-0.007105220142147206
2025-06-20,0.022484525012509415,-0.00041901914110908933,0.003796210816035428,-0.005913730405531559,-0.011204331756270225,-0.002348474253184407,-0.0018466232095413204,0.013340350665852485
2025-06-23,0.0024875227541492073,0.0030631724583116693,0.01189081113662227,0.018014263364494187,0.002224579264125559,0.009877485739587577,0.0032371973945897192,-0.025806516706742166
2025-06-24,-0.005955377660487704,-0.015719378751237634,0.010744936680500139,0.008456709934241635,0.025872113294978627,0.011047186039507384,0.007260562057761044,-0.030427769011666328
2025-06-25,0.006290559785556926,0.003037305817845004,0.009955152037847359,0.004407236456436037,0.043340202219428026,0.0005603844216792719,0.0012587514730657556,0.0002770012651081011
2025-06-26,-0.0027782426676479233,-0.0011070472235482631,0.01651070200435467,0.010522731565988819,0.004601160325321985,0.007823809728070064,0.0050279411209464,0.014948768230563791
2025-06-27,0.0003979975434207361,-0.018123728993798327,-0.005679662203069924,-0.003035568071851902,0.017610600088035833,0.0049683222933454285,-0.006367192273777467,-0.005545956881910397
2025-06-30,0.020340157852722696,0.01198454729743359,0.00975241957358719,0.0029641765656562846,0.0015213249425907183,0.004781279687299023,0.009840909120178987,-0.014445102213041405
2025-07-01,0.012916107943551358,0.008923010663382636,0.0017247414046703824,-0.010775899254748311,-0.029685423770775543,-0.0003237141327537829,0.0024795905195835743,0.013357990073524784
2025-07-02,0.022230784557691008,0.005527596405484614,0.00547491147133683,-0.001950958527861868,0.02576658439068691,0.00453326557880418,-0.006353659512874255,0.0165691240769128
2025-07-03,0.005225040243511225,-0.006822911403597365,0.01858228547149232,0.015781182271687566,0.013290834894361447,0.007881400243543668,-0.0069651185312957775,0.010355735467626692
2025-07-07,-0.01685792685476961,0.000748780548875283,-0.013614848649652789,-0.0022451880524595458,-0.0069035047411851735,-0.007451971921066947,-0.009543359252511041,-0.00971479050630153
2025-07-08,0.0002858099135687464,-0.010443411868664265,-0.031475934416171025,-0.00221012914051566,0.011122448999297152,-0.0005477352950125081,-0.0012771584451916063,0.027720218726363433
2025-07-09,0.005380546698733779,0.004471282664348264,0.0013439000531665357,0.013873821642202966,0.01799993945652001,0.005996656078344209,0.01046140210903812,-0.0034153627551792853
2025-07-10,0.006015124442131148,0.0022257895319868215,0.01776391295078561,-0.004031702061665254,0.007490217212359207,0.002820258275139098,0.0006903598384337961,0.009929702883720415
2025-07-11,-0.005884896283904872,0.009601575193336043,-0.0046152967852967075,0.0036691797914660818,0.004996949298580855,-0.0035154084840562927,-0.013794725157401322,0.004350440366409414
2025-07-14,-0.012028817972970951,-0.0036553174266280575,0.00641446186142014,-0.0005960727405539545,-0.005153967255895786,0.0019080851570825175,-0.0020982268932471237,-0.01308147316686381
2025-07-15,0.002348860273691633,-0.004155705135267751,-0.007447099608512309,0.005566419101750819,0.04040951035509699,-0.004273113843065612,-0.007008452654376662,-0.008865855602783745
2025-07-16,0.005021142365382536,0.004988096125243757,-0.002547698941499643,-0.0003954177757257149,0.003925040155780657,0.0033431741923299896,0.001411621233278204,-0.006022521284441806
2025-07-17,-0.0006660290903895971,-0.0021735334020257513,0.014274849920113741,0.012024859240198138,0.009511619418247186,0.006119736739210957,-0.00023473471684121172,-0.005078778517360272
2025-07-18,0.005523184207602894,0.002600924347578637,0.004725503061647984,-0.0032245601119648137,-0.00341042130780711,-0.0007324327901533367,0.0015274043019708472,-0.03483800908499435
2025-07-21,0.006155875978032244,0.015370115792427752,-0.001029772974780685,1.9600892063653674e-05,-0.005974105180302058,0.001896143492131186,0.008915641775494976,0.0025982399203696716
2025-07-22,0.009036152178977241,0.009484882235462067,0.0015808836851201047,-0.00939111595220199,-0.025382243012400996,0.00014309729281114514,0.006046764639129787,0.004534917906116931
2025-07-23,-0.0011660263965397322,-0.01240118112003663,0.018289242509084813,0.001187483817070456,0.02245113803451515,0.008507575318954297,-0.005547938541667574,0.012806341243059682
2025-07-24,-0.0018211504107996657,-0.006118276977772341,-0.0007078408412427573,0.009903805365183427,0.01733228049004798,0.00033102965109055305,-0.0017433332722062156,0.007823104551980098
2025-07-25,0.0005615031169694529,-0.0092499926477293,0.006980432701247485,0.005539425308257684,-0.0013814869492179138,0.004224338152491125,0.006287071946046607,-0.003520175725261976
2025-07-28,0.0007946880600464556,-0.00647361832754334,-0.0011386766042836838,-0.002355409249587659,0.01873201512024436,-0.0002510690047468067,-0.006479088357295604,0.009420296365957759
2025-07-29,-0.012987538135492582,0.002750389076383808,-0.004157002653858544,0.0001365503351844488,-0.007015683932365291,-0.002637758576639282,0.016885924106099903,0.012921673516093746
2025-07-30,-0.010507952278425825,-0.017273497289540862,0.008719364536364571,0.0013071634187726833,0.021423404683743374,-0.0012591754567060631,-0.005153334257895659,-0.008681679919466223
2025-07-31,-0.007079645758298336,0.0066454015709211944,-0.011314128793398992,0.03947471494486021,-0.007809418417027092,-0.0037511637886928906,0.0005753128816978759,-0.0023235750030974334
2025-08-01,-0.025003481664672145,0.020299689958884537,-0.023190619353001818,-0.017600790811475475,-0.02333167602752384,-0.016390611285710288,0.014216616392591863,-0.017914728077577324
2025-08-04,0.004792908693340925,0.005823229257701401,0.01689871176973723,0.02199936799886193,0.036150068457843076,0.015199864928028717,0.002732765696254358,-0.020704038257173263
2025-08-05,-0.0021146466969285127,0.0008040912066364925,-0.009821156882203086,-0.014730225544841602,-0.00966667003373034,-0.005070024116712868,0.003066356542706705,-0.0012108406088987556
2025-08-06,0.05090678215297184,-0.00212110700071233,-6.863507361143384e-05,-0.005324349564480024,0.006507379675917635,0.007659759469106797,-0.005773969534050183,-0.006807104271820186
2025-08-07,0.03179372151243265,0.008437987494967825,-0.0151364068940818,-0.007810405060015513,0.007524336767571027,-0.000837636431655131,-0.001708035343248815,-0.005257805347078759
2025-08-08,0.042357862677650404,-0.00022357985855403495,0.006342760762549027,0.002303733766195526,0.010676444440988364,0.007797554830949682,-0.004334365550485164,0.008022686734405315
2025-08-11,-0.00833742561094275,-0.014374701087597641,0.0027704330748479222,-0.0005171281005735828,-0.003502989462430328,-0.0019774044951013092,0.0011456648823275906,-0.009082375089884298
2025-08-12,0.010872351709827921,-0.0009074665058316222,0.011362065504348928,0.014316696374468973,0.006041988268502108,0.010646077812391797,-0.005034919499902535,0.0028346682320101735
2025-08-13,0.016024512985909567,0.0030492830145867345,-0.007922069453462854,-0.01636295917072017,-0.008571768446215433,0.0034230360367946133,0.008280509781873446,0.013851027846778274
2025-08-14,-0.0023571690519696986,-0.006338706734070332,0.012494406608017261,0.0036496660913614143,0.0023679720733609244,9.301357079483097e-05,-0.007414089445593297,-0.002044605395182586
2025-08-15,-0.005112134265439439,0.0005858183101099534,-0.012476296759548311,-0.004421206625439544,-0.008625454083926676,-0.0023411979263346927,-0.007124812910281664,0.0009399013719406657
2025-08-18,-0.0030225974608621975,-0.0015612675411803556,0.003580050005925983,-0.005901881399150377,0.008645039504274532,-0.00021771255650937515,-0.0028935734024697624,0.002159816456253072
2025-08-19,-0.0014291944969684334,-0.005473279447945512,-0.0029840409126506984,-0.014175319519939888,-0.03499799073918386,-0.00542510102815319,0.005803940934055785,0.006559184612582536
2025-08-20,-0.019734652812962272,0.010122175284489776,0.005435843330950707,-0.007944593017018109,-0.001366455704626346,-0.002657080804944645,0.00219269349555562,0.010333305522837621
2025-08-21,-0.004911305040181113,-0.0034698951143765644,-0.00263484981047446,-0.001287581999107279,-0.0023946566664271307,-0.004011809805612443,-0.004951593039746904,0.006449866239876201
2025-08-22,0.012716750813831057,0.01070642694476942,0.01636528990824737,0.005929855441425991,0.017202057065716758,0.015356930140372649,0.007406501836228596,0.01876772148992667
2025-08-25,-0.002634239986928688,-0.0024148368614391735,-0.004523267889921301,-0.0058553628679332,0.01022530488477491,-0.004401210875694894,-0.002871967129752351,0.004133696128124198
2025-08-26,0.00946463359101557,0.007262047243691283,0.012444884394331668,-0.004402481594713348,0.010900419888796531,0.004187065214133812,-0.0005761581210259603,-0.0022373194886783354
2025-08-27,0.005145918125483151,0.0020187288833615202,0.002377839993774833,0.009361781469202635,-0.0009352225175623952,0.002278452752666471,-0.001152520673356805,0.01130151213405406
2025-08-28,0.00898081290311703,0.007419038046796889,0.0059812635019051985,0.0057229068269799566,-0.007874547726525405,0.0035414199062957508,0.006577988406983648,0.005321369677290022
2025-08-29,-0.001805954775134011,0.00964990177666114,0.0011624673356285253,-0.005788444635562051,-0.03324642350288309,-0.005963734491660877,-0.007108202031231081,0.00829298913008314
2025-09-02,-0.010424763463665943,0.023642559312442524,-0.005706325887824715,-0.003098602510448023,-0.01951986144410689,-0.0074102526816088865,-0.007441845980976636,0.003499869101264652
2025-09-03,0.03808989840304622,0.007831992196408066,-0.0006340659233463608,0.000455385449735779,-0.000936984001219554,0.005419546163007771,0.010977599803956517,-0.024239194822029186
2025-09-04,0.005493355773038333,-0.004418882618094533,0.01439027915770863,0.005184534030341359,0.006095436334538906,0.008357417548391144,0.007623916999337954,0.004378487255653596
2025-09-05,-0.000375433370914946,0.01334594055214322,-0.031071099385670098,-0.02553298718707464,-0.027030125467447763,-0.0028961941058495144,0.015247004442513479,-0.028202859341491804
2025-09-08,-0.0075513878695669945,0.011388067271604019,-0.004993572221855924,0.006464603323435236,0.007723626471741962,0.0024565777359784047,0.013324124721935338,0.005676018226726587
2025-09-09,-0.014839387013392824,-0.002269905468609168,0.016865325540091014,0.0004215190986125439,0.014556415107065845,0.0023118846201510834,-0.005682982204299525,0.007282730339734478
2025-09-10,-0.03225941254847997,0.0035922056391106683,0.009031466765461627,0.003932500081951451,0.038475159631647715,0.002890900188266654,0.005715463079268401,0.016719369299702525
2025-09-11,0.014286302255316352,-0.0014913797811720864,0.01670321241415018,0.0012790818500065804,-0.0008461110170030484,0.008310195052279257,0.006686241757120515,-0.0032000141994823483
2025-09-12,0.01756295951024689,0.0019715725978484144,0.0044180762690697595,0.017744143492950837,0.0036689535609097934,-0.000334630409346115,-0.00431711657050593,0.000178411114435173
2025-09-15,0.011235926409398633,0.01040483601055886,0.006483858401928444,0.010707963157335909,-0.0003937701997325238,0.0053238689277832485,0.0023347075067725598,0.0016939425870434732
2025-09-16,0.006125890181851723,0.0020064107533963593,0.0009388818616784533,-0.012263246171065223,-0.016146210499489166,-0.0013767915798059693,0.0021072830374779805,0.020738789613595987
2025-09-17,0.003527257082143187,-0.007715171664187115,0.00827965854141377,0.0019251597321499059,-0.026246649910796838,-0.0012423635595048,-0.0025456268152964645,0.005319146041897094
2025-09-18,-0.004644626316983702,-0.0040063094596702875,0.004747565834964718,-0.0030782509566055216,0.03494053288969079,0.0046724054804268,-0.010319624900632873,-0.011796354353530103
2025-09-19,0.03203292635537114,0.010607227252210416,0.004948243271863717,0.018644860482010195,0.0024397172760990404,0.004952868450893266,-0.0019060681284787107,-0.009742787987233381
2025-09-22,0.043095737653501054,0.01730643093326134,-0.0074335896365271825,-0.006718996020213086,0.03928241078649597,0.004731049353107419,-0.003594765785294274,-0.007090941861729649
2025-09-23,-0.006443278871197333,0.004086375052867464,0.0009600979508952445,-0.0101467291585281,-0.028212047891209013,-0.005443470649980853,0.006990008474502707,0.017228952667485142
2025-09-24,-0.008332328960039437,-0.009063049726670935,0.0021744329841544285,0.001806538348065878,-0.008182508094013552,-0.0031816642308674092,-0.0038066766743544145,0.0053532226838644
2025-09-25,0.018073060767529903,0.004165188877066628,9.56599744377229e-05,-0.006115803306297463,0.004068588702951903,-0.004613467564511753,0.0,0.008990913288762004
2025-09-26,-0.005489212856193304,0.00577227044053652,0.008326682095157967,0.008737053673397277,0.0028138668279011902,0.005729127602591033,-0.0008990061622655698,0.014101693524480652
2025-09-29,-0.004031963397017835,0.016496514338703028,-0.0011707061128138907,0.0061392889151381524,0.020539853219394555,0.0028103535347194786,0.008211438667014681,-0.02559290410840598
2025-09-30,0.0007861175643599783,0.008540004081594166,-0.0008236172441806744,0.006510032948821021,0.02601041239849544,0.003766834755358328,-0.0029007584982424506,-0.0128698772581064
2025-10-01,0.003220363988628794,0.0015753722020723782,-0.014963637299440169,0.00339796793121816,0.003537466147390589,0.0034075722246513784,0.002582613067588113,-0.006740659862015552
2025-10-02,0.006576576905767517,-0.003482825151325697,-0.010170341508824898,-0.007638978265974594,0.008812165089625124,0.0011517326256851312,0.0029118163376991024,-0.006250524109890798
2025-10-03,0.0034612549164674267,0.008032937892485048,0.00806381395343192,0.003121700714744602,-0.006723594708770708,-1.4805406382656372e-05,-0.0018984543204717541,0.01770151289608668
2025-10-06,-0.005154581092728927,0.01884573861512795,0.002106665278273967,0.02168761724708901,-0.011086137759471537,0.003586271966467658,-0.007943513188970242,0.008299440439263117
2025-10-07,-0.0008181232786116377,0.005159462258136571,-0.004819127069288998,-0.008683890354990176,-0.002694897530570506,-0.0037075138893177817,0.005751618105993117,0.0005254419282167966
2025-10-08,0.006160398261370936,0.016490956878444818,-0.01189511831594936,0.0016603249848197166,0.021995264931179204,0.005963055269571305,0.0007848970774064767,-0.002100527405090258
2025-10-09,-0.015577861438013874,-0.018452848086064733,0.004933742537515995,-0.004667862840408654,0.0182962524780399,-0.002896974724933221,-0.0007842814971513734,-0.009735029551375507
2025-10-10,-0.034522106251509976,0.01009770001194199,-0.015186548903284858,-0.021899000568715188,-0.04886532988389891,-0.027027862178845674,0.016147101276592357,-0.019307420625539917
2025-10-13,0.00974435305541288,0.02430104394061705,0.02353006525728496,0.006047506618376719,0.028172172097357784,0.015344118135168339,-0.0005518068198883119,0.013636665575055495
2025-10-14,0.0004441806313149055,0.007141189222626965,-0.019125314011642747,-0.0009339014407783175,-0.044020941066134855,-0.0012216462876413203,0.0032020366817864243,0.00044552617294257857
2025-10-15,0.006336506208048043,0.017332403569977117,0.011950451466736567,-0.0002725030110177773,-0.0011108832013667636,0.004439622839291779,-0.0022011354298503427,-0.006055790796115068
2025-10-16,-0.007579973963228515,0.02338727694573106,-0.023389623273267435,-0.0035448206905602797,0.011010314326866277,-0.006810318970138396,0.007500492108398538,-0.008690989239048763
2025-10-17,0.019559419889786378,-0.01881705572696668,-0.003282639365214668,0.0038506672486968707,0.007755428985164681,0.0056762988463516795,-0.0015328452151528449,0.014461318222672492
2025-10-20,0.039438767662544505,0.03640197438905224,0.016131073986504374,0.006250105019536267,-0.0031656380962610253,0.010400500262923273,0.0038378223875461526,0.004098409928138258
2025-10-21,0.0020211608621845123,-0.06426889260666147,-0.017429500547240573,0.0016835437020132904,-0.008103311893813858,-1.503455288609512e-05,0.004915379456790436,8.872769332501917e-05
2025-10-22,-0.016440300357890014,0.00010605594835544352,-0.010030584212953664,0.005563383331563365,-0.004857650244628253,-0.005198824867010954,0.0006520978670270239,0.017744656326262875
2025-10-23,0.004372173918809619,0.004002358382396931,0.0014620421528652727,3.858474005391521e-05,0.010428245272369407,0.005929962705964353,-0.006843339948435778,0.011071374804727974
2025-10-24,0.012481724364091562,-0.0033528327110016187,0.020031198920174687,0.005858990605509318,0.022507657786980495,0.008172554694480416,0.000437413295960809,-0.005087020739630077
2025-10-27,0.022791311850895335,-0.027839530498784404,0.012348641116870729,0.015106800881565352,0.028079138485787913,0.011797664492784632,0.003389098700820936,0.004766461437918812
2025-10-28,0.0007067783895675639,-0.007166030388359279,0.003978183439713678,0.019848574336355673,0.04981974713535808,0.002656016019079832,0.0026149894127449613,-0.007848985275718534
2025-10-29,0.0026022429598195895,-0.0037872684129753864,0.000491286182563444,-0.0009592786985627155,0.02989606259955968,0.0004802810674313651,-0.01010643998262939,0.012344600773871006
2025-10-30,0.006303249053230431,0.01964188672951095,0.012863715932680986,-0.029157023743565658,-0.020044438573744494,-0.010998098598900663,-0.005818467669599925,-0.015113731431859345
2025-10-31,-0.0037950435186790976,-0.005430550723012573,0.00542911503594512,-0.015120960204863643,-0.0019715110218919696,0.0032802220875831622,-0.0029812762556324923,-0.002877277552855162
2025-11-03,-0.004882341269010326,0.0017929035935666526,-0.005689093389093847,-0.0015063329682659665,0.021680115586237392,0.0018767398754619968,-0.0025011101911424083,-0.005246590002962015
2025-11-04,0.0036797500454424092,-0.017517195825319964,-0.00032326635286517025,-0.005222027183646616,-0.03958822871705392,-0.01185354736001909,0.002228676000586738,0.0033402355909657455
2025-11-05,0.00037036583712879434,0.011564369498527016,0.007857682380530084,-0.013940587315086628,-0.01751466251475131,0.0034653852011290454,-0.010896061511952326,-0.0040300503317224345
2025-11-06,-0.0013697782796735503,-0.0012005195756800147,0.00558274596941799,-0.01983592013361246,-0.036524729969592995,-0.010729363869237507,0.00899268959153976,0.007213223951158421
2025-11-07,-0.004818894404181151,0.006119021470095909,0.0025204533162137555,-0.0005632485423001654,0.0003719646075555083,0.000984565078659072,-0.00211668692817224,0.02375548819163864
2025-11-10,0.00454869456011342,0.02734111859838051,0.008529458003624146,0.018477508945690335,0.05793271397470856,0.01560437034633999,-0.0002233698822854402,0.008530901494518073
2025-11-11,0.02160114657791201,0.003937814406542062,-0.004007729282882844,0.005296408286832088,-0.029590603550341266,0.002289177027853917,0.00457847516479748,0.013195817764820594
2025-11-12,-0.006466862149501096,0.016110762091908537,0.01517646646955173,0.004836108255941829,0.0033132668539086474,0.0005563903663643455,0.0017786858271797712,-0.013858787421057395
2025-11-13,-0.0019014031834500011,-0.008083098515826892,-0.03411247895856662,-0.015357889517838341,-0.035810076045957095,-0.016593996414786205,-0.008211443509992478,0.00567217525216801
2025-11-14,-0.00197850671637112,-0.018047911171504505,-0.018967392418583584,0.013690002884424679,0.01771372748265021,-0.0001635496688257021,-0.005705877376882329,0.012992572952308823
2025-11-17,-0.018171161859606544,-0.011463979297139493,-0.010671601797418995,-0.005272697710964613,-0.01877255795624766,-0.009316528985265693,0.0024754453652493513,-0.01349655870681532
2025-11-18,-7.464669137968727e-05,0.007264932736103624,-0.003196074651120706,-0.026995583662036693,-0.028081439129234442,-0.0083974608943449,-0.0003367271818831563,0.011471750936518976
2025-11-19,0.0041877290655560895,0.0016294519610446923,0.012892068184872318,-0.013507762234974519,0.028451611435772906,0.0038631762831033978,-0.0020210436316255853,-0.014114072796207577
2025-11-20,-0.008601349703672212,-0.0002933255655774847,-0.01612424214775987,-0.016001330013427406,-0.031524784480993384,-0.015242318774626007,0.00393785425570381,-0.002812120835141596
2025-11-21,0.019680647235321702,-0.0015473311468576778,-0.001206586184712699,-0.013189012159327329,-0.00974309888497682,0.009961232480063087,0.0030257896626415537,0.0005127606026471554
2025-11-24,0.016317468883471742,0.01584423909859045,-6.69866099478611e-05,0.0039821218751865395,0.02051656850567407,0.014718418739979588,0.0056984918366089765,-0.009480681209980912
2025-11-25,0.003805495657415614,-0.0003156907704157108,0.01677851756491,0.0063078911822160855,-0.025910673248993876,0.00940592893130443,0.002555100604236582,-0.012589498743030503
2025-11-26,0.002093957526739132,0.007998338908444147,0.015313557904943043,0.017841087081432283,0.01372155540861364,0.006903582418005261,0.004432742665395173,0.0022705543238479287
2025-11-28,0.0046839067924580036,0.012424331348639184,0.017682894070448985,0.013408925473271216,-0.018084887277757256,0.0054584342293309,-0.004744062020493378,0.01002002050289219
2025-12-01,0.01524119743713337,0.004821066034977672,-0.013287209450729809,-0.010711242234453744,0.016497144261903296,-0.004565470301164498,-0.0124487542803009,0.006124933787519327
2025-12-02,0.010914832876105063,-0.006440050713598433,-0.003366609350882177,0.006697679538790746,0.008559455044009567,0.0018522768711999316,0.00045057934794456855,-0.010717659116543987
2025-12-03,-0.007128157809805358,-0.0009296182229129313,0.013804165125219203,-0.025040828559835693,-0.010305282935148319,0.003462749080359595,0.002815073990664496,0.020974189690391887
2025-12-04,-0.012141479874668626,0.0006461951944911615,0.012718902691460032,0.006509910616417036,0.02116036257746856,0.0007310498015529188,-0.005389522212153608,-0.005602756822066679
2025-12-05,-0.006840055245008081,-0.0017823532991587676,-0.0033533925242493767,0.004824908141233264,-0.005289522900729926,0.0018994848443159018,-0.00462865467066631,-0.005121957224785589
2025-12-08,-0.003192433705098474,-0.002639449868615862,0.0005396567123105989,0.016267929045017837,0.017214022376646154,-0.0030042091058060105,-0.003289152993155131,-0.004805299577161026
2025-12-09,-0.002555062909471051,0.005137202012788666,-0.04663544047604784,0.0020365318428314794,-0.003125876875773148,-0.000863208114894487,0.001024115485576571,0.019572353826043054
2025-12-10,0.005772469911612843,0.004259147967165866,0.031945542195775944,-0.0273566227614912,-0.006433489130266867,0.006632325948745521,0.0038649325292900993,0.010909092098001505
2025-12-11,-0.002690246960942222,0.010769830543307934,0.023443298901162812,0.010259974920459936,-0.015507749510496383,0.0023269460314641055,-0.0013586010327718556,0.0
2025-12-12,0.0008992046267306542,0.005594579039939429,0.003591860075829567,-0.010217785106327315,-0.03266449001911087,-0.010752075575282682,-0.00963844828161231,-0.006023090659561858
2025-12-15,-0.01498499906996098,0.0009103412637565533,0.004709298659068439,-0.007752890903315213,0.007256197507397255,-0.0015108085502177904,0.0006869348308735646,-0.008920997001540143
2025-12-16,0.0018241281266524467,0.00022745542760316262,-0.013967861210784638,0.0033065371992535564,0.008111694452662688,-0.002732285145230273,0.005491976145018729,-0.02615494655067152
2025-12-17,-0.010087028861802017,0.008588228474273762,-0.0018063453766493653,-0.0005668181720784871,-0.038149918132835525,-0.011003593983400228,-0.0009104640816371967,0.02380544455603384
2025-12-18,0.001287574790797219,-0.0018032036998044676,-0.0062860902124498574,0.01650846975308906,0.018720044443348183,0.00755126270975226,0.004783889286135601,-0.0074099358629659
2025-12-19,0.005437411303821804,0.0011289903434383852,0.013450402327430444,0.004008424988813264,0.039336279676618124,0.009063506223587092,-0.003732653839145672,0.001287048508750832
2025-12-22,-0.009865948891234266,0.02308160549906857,0.01853660192935691,-0.0020579063896725147,0.014917895904012823,0.00622989400678442,-0.0021701191601487535,0.012511819059337626
2025-12-23,0.005129713035979311,0.013252341857567629,0.008790105972133588,0.003980047044735091,0.03005070925675346,0.0045704023396588855,0.0016025458518129643,0.010749017598797206
2025-12-24,0.005323781322749355,-0.004134082564786645,0.00994089571854806,0.002403104372375564,-0.0031711845381520165,0.003517674396244841,0.006057208280190185,-0.0016748086913416227
2025-12-26,-0.0014973926274014504,0.011676735474757116,-0.0038277523658882817,-0.000635154335217325,0.010179749413702144,-0.00010140966545213459,-0.003294427292025226,-0.0009226057941849053
2025-12-29,0.001316908213532919,-0.0435283019531133,-0.012686471507801111,-0.0012507520225100155,-0.012124095818556335,-0.0035636535074947684,0.0037612036565977114,0.011921726355147655
2025-12-30,-0.0024840480713893553,0.0007275678386380324,-0.0010193012365934395,0.0007801502882722744,-0.003612778049374543,-0.0012211244085722495,-0.002384484121703556,0.0038164696994500424
2025-12-31,-0.00446757506501283,-0.006467991163222386,-0.0037103405970364545,-0.007918291760792395,-0.005545531645618107,-0.0074089416209803804,-0.007967040487070642,-0.005372337046501641
2026-01-02,-0.003126592761770741,0.004970859258759619,0.010117308447080475,-0.022083474546271464,0.01260061991022976,0.0018329931020035772,-0.0014918071493675855,0.019195686318152383
2026-01-05,-0.013837114156417418,0.026313174195160993,0.02629953855086753,-0.00019029606723630632,-0.0038655016095672234,0.006660117292359935,0.00494099422071459,0.022095367401979038
2026-01-06,-0.018334270451824564,0.010813149047262716,0.006224839167100926,0.011969994918854088,-0.004677830570294028,0.0059472480516442605,-0.002058149669883602,-0.034381009885611324
2026-01-07,-0.007737497507594893,-0.009559953917112063,-0.022772807845484522,0.010365464492384069,0.009987097761727126,-0.003223412281198157,0.005843241332185833,-0.02114832148341028
2026-01-08,-0.004955093401707855,0.005522515913727544,0.008563061304545982,-0.011086533967845869,-0.0215218992092282,-0.00010152731427326422,-0.005011992571111068,0.037302828957526124
2026-01-09,0.0012738888084979916,0.007242001159325273,-0.0018193423758875449,0.0024471623168933476,-0.0009727536507572188,0.006613382996888628,0.006640058243890801,0.013831208350639113
2026-01-12,0.0033929113461488303,0.018722729613168898,-0.014277444122410943,-0.004381590565727289,0.00043280183361860125,0.00157043300066384,-0.002956952772412702,-0.0046545667374646715
2026-01-13,0.003073874731586601,-0.0014210408732292512,-0.04188112643568365,-0.013642591882396693,0.004704239730442428,-0.0019995067653818532,0.0017109867455715744,0.02023703229344309
2026-01-14,-0.004175458991876879,0.010222226854541994,-0.009745948660904502,-0.023987046955567637,-0.01436952051443785,-0.0049151644595419874,0.0058074898814497455,0.02892357479748653
2026-01-15,-0.0067318453757286845,-0.006127660830587689,0.004514954855955988,-0.005921036695894166,0.021349736670481345,0.002723208385480236,-0.00022668708269424354,-0.008217996984016374
2026-01-16,-0.010379044807463988,-0.004818883830700504,0.010379576882297181,0.00700735351914572,-0.004383850305160086,-0.000837905189162047,-0.005775089442387471,0.005885480467530568
2026-01-20,-0.034555644302943334,0.03783617488689295,-0.03113902321993911,-0.011612274057560046,-0.04381668070971212,-0.02035680001149731,-0.013097846079831776,0.004388446903649923
2026-01-21,0.0038508468560267684,0.014568979615140476,-0.0023120661313811297,-0.022903314807395048,0.029482797376065628,0.0115411092816613,0.007616762283406686,0.02414533121193818
2026-01-22,0.002826561879143208,0.01846258414950319,0.005264063123871843,0.01582950006612327,0.008291397296120495,0.005223257672714476,0.004352437917936047,0.0002245462112051566
2026-01-23,-0.0012482700788880585,0.013745304981574558,-0.019464404154289627,0.03282791169509047,0.015310543910665775,0.00036273518897367296,0.002736882710603794,0.009951991457124665
2026-01-26,0.0297129735567756,0.014628847613605389,0.011151475686179468,0.009292817361890027,-0.006394170442939551,0.005078142735685631,0.004776472099649487,-0.0009632672853026047
2026-01-27,0.011197539980376536,0.02453194232197564,-0.0024250174432784988,0.021901909507044515,0.010993714284356582,0.0039842543077575066,-0.006225302593383941,0.014758381549826671
2026-01-28,-0.007085403423770176,0.038773348494905324,0.0015316195091061857,0.0021848051911272925,0.015913391112786668,-0.0001006645803248718,-0.0022778785161794435,0.005481211167172262
2026-01-29,0.007175070687510443,0.0027094717415592218,0.018785277715230198,-0.0999314476548332,0.005169204870006716,-0.001984377154833794,0.00022830790929950773,0.021296690027909237
2026-01-30,0.0046461584937966816,-0.10274245274560034,-0.001729639654550752,-0.007404848694840482,-0.007168418675203347,-0.002982572514766746,-0.005592311722495302,0.006334044404567862
2026-02-02,0.04058126002356821,-0.04004945911975233,0.007355520871264121,-0.016082160363393494,-0.0288809434723426,0.004971400525214165,-0.0028571503068033355,-0.021216352129170724
2026-02-03,-0.0019629088916998105,0.06358720612372104,0.021775845373529057,-0.028721972051949374,-0.028392869459833214,-0.008455473390127866,0.002426312337963754,0.03851159348080202
2026-02-04,0.02601286642781786,-0.0007044119795716064,0.0076862018384213915,0.007247001797791919,-0.03410213375324578,-0.004843853725993386,-0.002535664357554035,0.026855818751763127
2026-02-05,-0.002097593092373451,-0.026631707613677613,-0.02240996439539278,-0.04954253276678522,-0.013261403233346236,-0.012489284060324235,0.010862088307086237,-0.010231005223689915
2026-02-06,0.008009748840153375,0.03073229479090611,0.03946354478197245,0.018975304586217767,0.07871771529462501,0.01918478647681998,0.0006857475835135851,0.020331365797741086
2026-02-09,-0.01166048390953256,0.02540290594406658,-0.0009304747294303084,0.031061465218646056,0.02497159743538102,0.004821815563577747,-0.0002284853170770873,0.014491837868381152
2026-02-10,-0.003422959769044165,-0.009913720520981939,-0.011859774587850813,-0.0007979095156082083,-0.00789305562399889,-0.0026371459581814305,0.011540298398864168,0.0025129582881242563
2026-02-11,0.006650117732854843,0.011310577541873812,-0.023438490009594637,-0.021535615805142183,0.008009007297158366,-0.00023112214366449724,-0.005308963779760756,0.026189084387423733
2026-02-12,-0.04998173910671744,-0.03472828959819363,-0.02631733644129297,-0.006256609768801269,-0.01636413987360874,-0.01544885969788623,0.013286353472319767,-0.029767761278130633
2026-02-13,-0.022733450234726726,0.024878663914389865,-0.0002974903603247814,-0.001293985238056683,-0.022092733992482794,0.0007044991031190939,0.00549156119601113,-0.009871235092451358
2026-02-17,0.03166790148756515,-0.03117025433910059,0.015138027414531408,-0.011113376251159934,0.011815603840902744,0.0016134830190519533,0.0016718714949170987,-0.015223895115815345
2026-02-18,0.0017811375828364895,0.022489929267582198,0.005372250834655201,0.006904178245914272,0.016272821632539847,0.005037707550576753,-0.003783371851032613,0.03071336442023953
2026-02-19,-0.014261551090285374,0.0027930496262249527,-0.002364231324463506,-0.0005768623429248665,-0.00042553713701432017,-0.002637433731113581,0.0010052867115530884,0.0019246787699103152
2026-02-20,0.015350449692731916,0.019714504323102178,0.008894804889022057,-0.0030868435621884682,0.010218296081220712,0.007231939581382241,-0.0023431971871532564,-0.024441991405953267
2026-02-23,0.006047257970275721,0.027015500392687075,-0.04221500565994296,-0.03212252071132937,0.00911380301958431,-0.010211366038766267,0.003690678157310945,0.023628491290873965
2026-02-24,0.02239103564464129,-0.01385890426498504,-0.0012430563929834992,0.01178251519260276,0.006786818574511244,0.00726847527019836,0.0017830717236775318,-0.00994966372170536
2026-02-25,0.007679860855135612,-0.0025072627221415233,0.020181667132352255,0.0298200264733548,0.01405227603538961,0.008438306300538434,0.00011128703104179571,-0.0013398578585576137
2026-02-26,-0.0046676776162442035,0.008575889154321725,0.00933074592937988,0.0027958182358562844,-0.05456124072866242,-0.005554445579207146,0.004003977764860389,-0.0034886340611473
2026-02-27,-0.03213044438249635,0.01313141674919538,-0.01904426117671354,-0.022353901512221608,-0.041646346652961186,-0.004801940858611298,0.0060927592247475015,0.026659598092395154
2026-03-02,0.0020440108677830526,0.012919896640826822,-0.00912415181227677,0.014793453501622311,0.029854947906472917,0.0005686124327104469,-0.01004206261934859,0.011278690083532883
2026-03-03,-0.003664168116717992,-0.04461221500318879,0.009073762373418282,0.013498946894749508,-0.013316571281988043,-0.008814339520359149,-0.0020086308369838823,-0.015497333153763782
2026-03-04,-0.0046635601744375865,0.007818116439543665,-0.0028974061672935036,0.0031441531290252733,0.016606504566419655,0.00705526576749449,-0.0031309898151290483,-0.013238460348413805
2026-03-05,-0.008494547048829904,-0.012017768242597482,-0.01950644087779707,0.013524143668401711,0.001638915171032762,-0.005575491873376914,-0.004038077263442963,0.006274141468621597
2026-03-06,-0.010872595974432131,0.01583250339069653,-0.013864691959295294,-0.004188164531066962,-0.030107830089031284,-0.01310712873041986,-0.0037167465590222104,0.002984939876281789
2026-03-09,0.009399570490431275,-0.0020696732193965506,0.0015200543179132442,0.0011003722075924038,0.027162187518686487,0.00875996072290297,0.00870452755718576,-0.005092304689750193
2026-03-10,0.0036555398041986376,0.01127967872100144,-0.004104644959157633,-0.008915215141642507,0.011606893122936723,-0.0016071058958396778,-0.010646510333746861,-0.015354902720048136
2026-03-11,-7.670678451010549e-05,-0.003390104145245987,-0.004190927525510868,-0.0021688058128880305,0.006873796699032875,-0.0012551345486657706,-0.012913540618189279,0.02329025727098477
2026-03-12,-0.01936274610273281,-0.019653925633074443,-0.01610307770092656,-0.007459038776109095,-0.015535083686109119,-0.015184966271003186,-0.0019509559121632103,0.012864530415857
2026-03-13,-0.022051876328148534,-0.012936961278600778,0.0019441943253268867,-0.015701969810700822,-0.015780314308353027,-0.00566013575260893,-0.004944117307996931,0.016869575258289915
2026-03-16,0.010794859745288043,-0.0008896876689684641,0.009596336831564134,0.011123782896491408,0.01647717218041489,0.01017686501045656,0.007742074999053994,0.007109961700376477
2026-03-17,0.005577047742174601,-0.00251939204778584,0.002551115996153097,-0.0013502086602689145,-0.007040797336696936,0.002630544991105488,0.0027519959016166773,0.010048992858355144
2026-03-18,-0.0168744447950816,-0.03163716142328721,0.0029627319339777802,-0.019078100591435554,-0.008409798772097021,-0.013953644515257158,-0.005603356801987203,-0.007682146137123036
2026-03-19,-0.003920930967820424,-0.041215062676522196,0.0007992643855008197,-0.007070176962847952,-0.010199568445272478,-0.002464288275344284,0.0060949458067529605,0.0036170120053331534
2026-03-20,-0.0038962445152317393,-0.0305574415876555,-0.00489618556543292,-0.018379451907360234,-0.03281811115811839,-0.014335787930812693,-0.01897366028862335,0.009547273778944598
2026-03-23,0.014113480475494988,-0.02259421410703788,0.011690279368677725,0.002959136952026542,0.0170237820072745,0.010499991225476402,0.006524537588113333,0.009143907680765118
2026-03-24,0.0005964238375686381,0.00022274115430986896,0.00858889146089048,-0.026788584000617788,-0.00250518750288653,-0.0033568144771775055,-0.004398655886725944,0.026376193256980818
2026-03-25,0.0038944425565474727,0.030089336389747867,0.010328428537211387,-0.004560720873527657,0.019863034004328428,0.0055726882440485515,0.009649892516214731,-0.012818994405623618
2026-03-26,0.0010688333127271132,-0.0375939695290467,-0.012727681578398986,-0.01366431796733969,-0.04163858095780393,-0.017858729983344035,-0.008406171081865033,0.013291648141221524
2026-03-27,-0.016173068672430957,0.03509384246336822,-0.03024072633607411,-0.02513874928256188,-0.021723974181843797,-0.01705189415742525,-0.005458230988303225,0.03360941870519185
2026-03-30,-0.008721851736991582,-0.00028942761329309175,0.0032880668110599753,0.00613842352061944,-0.014028147487508913,-0.0033433906874337227,0.01331162532505692,0.002807163374213051
2026-03-31,0.029031290418426225,0.037893826237359374,0.03661416754282243,0.031229157756083703,0.05588180888236938,0.029067865784757174,-0.0010371121405847727,-0.010555741608490044
2026-04-01,0.007250134515282669,0.017499822514495333,0.004147398728892249,-0.0021611901863888283,0.007740860269023653,0.00753449141030349,-0.0009844445734467078,-0.052339947978418455
2026-04-02,0.0011344553655323608,-0.019208815315471583,-0.002640680795986672,0.011072868751592857,0.009331356375359201,0.0009004595313388819,0.006144292116709638,-0.0005598211782673612
2026-04-06,0.011487876222620041,-0.004098669687746526,0.008017798550562727,-0.0015530146410365209,0.0014093304479019242,0.004726845083763864,-0.0016131664085766717,0.01667803857807426
2026-04-07,-0.0207060792616357,0.009727589667910319,0.006600097448735687,-0.0015822508381434508,0.00258955293576979,0.0004400005646272298,-0.00011533571634203543,0.0033054882558405385
2026-04-08,0.021301735790709264,0.00629906958171822,0.03554131170863384,0.005479578543501118,0.0223470271240227,0.02546963651219092,0.0032316503404583585,-0.0469160615120342
2026-04-09,0.006141348347641795,0.007778530578574028,0.0076630179280876565,-0.003365977272341003,0.010050504643715596,0.005769017699185586,-0.0025310191788631142,-0.007553437836438803
2026-04-10,-3.834482173115106e-05,-0.0017811851128632927,-0.0014822259329182463,-0.005897032858082851,0.025664741901011867,-0.0006617754265585418,-0.002422172290105995,-0.01631844232987434
2026-04-13,-0.004913954203973225,-0.004049183335572026,0.01229546105901469,0.03640089840318694,0.003604892099032586,0.009772447246481741,0.003006157153737643,0.0008524794530593294
2026-04-14,-0.00142758690909639,0.022349346089928224,-0.008161195883457983,0.022738477393367207,0.038032865411783634,0.012184877209840739,0.005302631409738856,-0.022274613211083927
2026-04-15,0.02936295529114541,-0.010402401583740839,-0.01668164506679881,0.046068533854630056,0.012009574075831697,0.007890969227043909,-0.004357279121259827,-0.0015411767067384785
2026-04-16,-0.011372633634406881,-0.0008627455164704756,0.013140301225801565,0.02198340217176664,-0.002614769796708716,0.002457347646937613,-0.006334239682012188,0.01993157920727917
2026-04-17,0.02593021154924191,0.013293051904224695,0.0010969357503831656,0.006020092104702224,0.016788441530004805,0.012085686101644066,0.00915616180004264,-0.036452191056455696
2026-04-20,0.010435475371396441,-0.008611208936292858,0.02159270356483467,-0.011163956243767315,0.00188419663120043,-0.0019997351150194964,-0.00022964772608269346,0.008467550271490154
2026-04-21,-0.025196703995697067,-0.02832000071791463,-0.012587150870674635,0.014566950244961241,-0.010788787118989118,-0.006546892848539487,-0.005514146381056073,0.004604650712823677
2026-04-22,0.026298995241013978,0.013245809401008168,6.385654138285624e-05,0.020652560845584977,0.013107830909409257,0.01012671209511895,0.001963772056751356,0.007683974480842126
2026-04-23,0.0009516944880663125,-0.00969535708776803,-0.004248833052150736,-0.039660934617680055,-0.014123474389033275,-0.0038807408683984024,-0.0021903553093206574,0.0068896321963785034
2026-04-24,-0.008667702544387201,0.005127114447075254,-0.010940380150622708,0.021334937195510273,0.043227788976992976,0.007749309237231605,0.0018485775789882641,-0.010761917027958812
2026-04-27,-0.012727861582674027,-0.007755303754327758,0.01086669445655386,0.0004710499812119462,0.04004417714781017,0.001722787837563633,-0.004959041714150181,-0.004835155130816782
2026-04-28,0.011584102768505522,-0.0185629131043068,-0.00057753054980203,0.010427908679775388,-0.01588104908680843,-0.004865992267119479,0.001043101357540266,0.0159929614507357
2026-04-29,-0.001994705758897597,-0.010665781709228828,-0.007063802772193428,-0.011159034047451222,-0.018389075111261644,-0.00015450932498595193,-0.00775738796932135,0.02729808106235354
2026-04-30,0.004367659937802859,0.014973287523456946,0.01286987049440036,-0.03929691983619443,-0.04626045560032954,0.009949633527564838,-0.0009333659009480577,-0.002198226559964156
2026-05-01,0.03239351812191993,-0.0011330099187528697,-0.0024263326381473993,0.01633231850252348,-0.005612075634383262,0.0027690952923506984,0.0035753487512293347,-0.010237822397487384
2026-05-04,-0.011815603186417278,-0.02001512681908013,-0.01542553598523233,-0.0019785964451384253,0.0001511106711307164,-0.0036633921467564834,-0.007592615583579265,0.0061538941189072105
2026-05-05,0.026550690927708454,0.008584306218673232,0.005688299482735193,-0.005415548178495877,-0.009975799776516081,0.008022228723942426,0.005532070190025662,0.00774285199079916
2026-05-06,0.011717924952267644,0.030339261182306565,0.01777636689210116,0.0062715193636264654,0.057659075388685865,0.013899399692774095,0.007608613059850278,-0.039966430551094834
2026-05-07,-0.00024350711440246364,0.001670691560653248,-0.027405562904829983,0.016450879458010714,0.01765865404299216,-0.0030660824190705815,-0.004995429150942976,-0.014190627753102536
2026-05-08,0.020456497888878378,0.004841540894530816,-0.01361536214096759,-0.013427757958591968,0.017494095947569566,0.00825609701116825,0.005020508746688801,-0.013712618052667547
2026-05-11,-0.0012626705737772692,0.0020287362083613036,-0.006951422136867502,-0.0059259923965172545,0.01970259096216065,0.002277563042387465,-0.006040963236385255,0.035346173729486674
2026-05-12,0.007243389265544797,-0.003957209812161411,0.016266698193691642,-0.01185000702966521,0.006106452319395217,-0.0015149526145865622,-0.006662080817694482,0.0063469281852877035
2026-05-13,0.013805995565634221,-0.005612899814961825,-0.01518625903724935,-0.006277990380058274,0.022873482047085725,0.00559483781461112,-0.002235405632034282,0.006240504976167571
2026-05-14,-0.00220833028705536,-0.007642296271595517,-0.0011323737917798837,0.010414344989990054,0.04388258597883499,0.0078943149045545,0.0014150269748050004,0.007983012925278699
2026-05-15,0.0067738157309671365,-0.02322039069444226,-0.007002182681687286,0.030505840389261074,-0.044201227206322136,-0.012029343756796207,-0.014837425032328433,0.0406589665169379
2026-05-18,-0.007960612067346995,0.00273187497307803,0.009804966055655173,0.00383963141857957,-0.013314388358780183,-0.0007035093177317764,-0.0011954419864652621,0.016274109384609492
2026-05-19,0.003793999787491842,-0.016561892782745558,-0.01672598122328084,-0.014449655975185771,-0.0076916771060926425,-0.0066607880874933745,-0.0064623924966782376,0.012835675045705486
2026-05-20,0.0109709963070026,0.014337773746013083,0.021237827780780094,0.008720179231968883,0.012964070657941695,0.010248994582563453,0.010720310397636545,-0.038572772406928246
2026-05-21,0.009065310949131433,-0.0009822799906678004,0.0033776595528693942,-0.0025229027109182622,-0.017720537361840427,0.0019830877010671433,0.003694396966182678,-0.006334818920508023
2026-05-22,0.012557845216167651,-0.007602059964016306,0.011155101734823258,-0.001240757398687009,-0.01904237298751632,0.003931549076803931,0.005461901186292861,-0.0023826075934316737
2026-05-26,-0.001586751960143129,0.0004349540200947466,0.0011749537442633518,-0.0060683004048934786,-0.0021826918622399605,0.006638641352187502,0.004959886754083431,-0.03298477066065375
2026-05-27,0.008173125031610828,-0.013309202332427494,-0.02432027250362001,-0.008076305462157207,-0.010518481304186644,-0.0001732421647460125,0.002350155266616305,-0.012749507330859777
2026-05-28,0.005340207912225559,0.010477609933210896,-0.008520381291236778,0.034700793226276616,0.007761016341909066,0.005516578600909927,0.005158291361796241,-0.0063555593063451266
2026-05-29,-0.001439992937726231,0.010538571648365469,0.008694742151130974,0.05445092515456418,-0.014515703746992403,0.0024914048034492264,0.0002333422907245808,-0.011567856078975258
2026-06-01,-0.018425943872925732,-0.014048680044494555,-0.00912103426891464,0.022832265019252507,0.0626124588791841,0.0027231134609038143,0.0005384881308954093,0.028363007929087303
2026-06-02,0.029022933365852488,0.001677776649860796,0.014768341793673478,-0.04171369737114239,-0.006863972045151545,0.0013579397972762752,0.0021059269280867543,0.001204931516252561
2026-06-03,-0.015672595971098935,-0.009904155768766798,-0.0003653631645685884,-0.03165575513355168,-0.03621758578863232,-0.00701718232049986,-0.003969612206535134,0.0198582593553438
2026-06-04,0.0031264139436979477,0.008335974543818736,0.033372080535216675,0.0016614205577816232,0.01939395646671027,0.0037786857621391334,0.002227127133072271,-0.0032125188296440177
2026-06-05,-0.012498841728371679,-0.036545333189379026,0.004760511625581776,-0.026585620113925512,-0.062014073591381336,-0.025809371248925683,-0.00514620541424804,-0.013943667526989167
2026-06-08,-0.01887156849768501,0.002599431669397134,-0.004033725371046182,-0.011831960627074034,0.017259839984335112,0.002264172608771542,-0.00517273545039354,0.012206522501370776
2026-06-09,-0.03644631040831148,-0.01633647245916592,0.005110785750300106,-0.020231181740505533,-0.0021568105327770537,-0.0029354505508077944,0.005908779843731171,-0.018714967630251267
2026-06-10,0.003544996808021894,-0.04145558180468856,-0.011384721351222371,-0.014997194555478321,-0.03732169739825886,-0.015765562508027298,-0.002819658976350947,0.011483388711468034
2026-06-11,0.013889904990249002,0.0313418259725633,0.014071240233745508,-0.017666572560045224,0.022203357892913722,0.016996847886747934,0.01295962492685665,-0.026689610569593958
2026-06-12,-0.015221729613622226,0.0005694792310317887,0.023063020107523924,0.0010247320290952544,0.0015620019126554308,0.005408247901529384,-0.00244253492829416,0.002796646563785421
2026-06-15,0.018170605764429082,0.02589636008372853,-0.004115760495237097,0.023084454513702557,0.03538181402824003,0.01763396989375332,-0.0005829286612030193,-0.04142572998740868
2026-06-16,0.009513449426140408,0.002723533282284807,0.03675641092824922,-0.014833957996038927,-0.023723197733726997,-0.005961562844234103,0.0054829765914006234,0.006670468731338586
2026-06-17,-0.010994446379867018,-0.02270955075927472,0.0070060237177231866,-0.03788432424867805,-0.013307023368657078,-0.012487870885051433,0.001624389281813965,-0.007895073398905494
2026-06-18,0.006960626705947437,-0.003808571701190089,-0.024710573715507,0.0012931572923366996,0.029513846689763312,0.010396992441959574,0.004864997586069952,-0.020818586188790733
2026-06-22,-0.0033555919842641613,-0.0065354381359996605,0.019248533511496246,-0.03178702623248908,-0.009682512322762848,-0.003146979693962715,-0.0076081226573586624,0.0047892291836719725
2026-06-23,-0.00912434558954689,-0.018903219228002754,0.008024618744603806,0.01796702283800511,-0.04126528091164572,-0.014521954010491611,0.0012777118892310924,0.009099404172226988
2026-06-24,-0.004145434153267291,-0.030213064971899795,-0.002064954886221937,-0.022677464114465473,-0.00519892681982459,-0.0004635170636431152,0.01368904374345048,-0.020253359461721687
2026-06-25,-0.06117781321571136,0.009674185334065832,0.005008141585630899,-0.03455919985256439,-0.016381881943899,0.0014456352254532678,-0.00034324246133621283,0.004748058321791815
2026-06-26,0.03136472859984596,0.011286779419095394,-0.018112939266905714,0.05708135763656941,-0.016399339040476968,-0.007231373616869652,0.00011451211808433115,-0.007342855276018745
2026-06-29,-0.007188697419469814,-0.013516094115971211,0.0010333563941116175,-0.011797179081651565,0.012673362368860186,0.016474862380159383,0.0010302270336643993,-0.003515422228952292
2026-06-30,0.02704619642688466,-0.0005425733809176769,-0.006254044887290422,0.012073640288203569,0.026260425117358377,0.007786800986842035,-0.011778271094797454,0.004850828119595807
2026-07-01,0.017348699838890536,0.006026389031102086,0.020590950646787842,0.030186076074363744,-0.012544327816355949,-0.001352504438058455,-0.006759350589188973,-0.0032182741184734187
2026-07-02,0.0484068203126522,0.020318398961908235,0.001197315436734403,0.01616006941502235,-0.013918412665829716,-0.001314069480687241,-0.00011689040355766789,0.005943627574472865
2026-07-06,0.01305770247720095,0.01057837238078907,0.014265549396600186,-0.009603319147180267,0.0036955356666652506,0.008727409093039817,-0.0007017827377749919,-0.004741366356756704
2026-07-07,-0.006396724801939757,-0.012142502784779907,0.004441549196311012,0.0054300205733650575,0.007056965494693257,-0.004751899671231685,-0.010532340848387278,0.03847845137832362
2026-07-08,0.008787777487112347,-0.008053135463158223,-0.025352296658711193,-0.014144635458798516,0.03651044893523969,-0.0030894297130047432,-0.002247212388478581,-0.003952272912306043
2026-07-09,0.009030238488741738,0.009961224054354512,0.01466942766663748,0.0026607946559606965,-0.006564748040099211,0.00846525000257925,0.0015409242512691712,-0.02600437923879262
2026-07-10,-0.0028461004775477416,-0.003093719744077905,0.002980892468361418,0.0019253324491523838,0.04033932332484791,0.0043101596888019955,-0.00023663079096059025,0.010330264073834527
2026-07-13,0.0063110179758711915,-0.02620621369961662,-0.005765751580729228,0.015294687191659273,-0.03521998340020871,-0.007656174850540931,-0.005919255704355919,0.04053851833295985
2026-07-14,-0.0077211944971221635,0.013673600487310367,0.02499033240560311,-0.01549911176744212,0.040632851776453593,0.00355064169730146,0.001309984949769083,0.004013575898567101
2026-07-15,0.040144874663333496,0.0005374505181017231,0.011723843920603993,0.027797294081065793,0.0033049902651376417,0.003963635929681075,0.0019029149847882287,-0.003997531502474949
2026-07-16,0.017587816078244334,-0.01984695723728025,-0.010838574056478478,0.013826052506617614,-0.024000028722426348,-0.005418617756386079,-0.00035618141154958316,0.009964725597841895
2026-07-17,0.0014402582208634662,0.009453124418586922,-0.00597402835328964,-0.018150083940457806,-0.022131130535045118,-0.009897156017872222,0.0036812462295174875,0.00966086804790689
2026-07-20,-0.021423845225929217,-0.0021986307389650905,-0.006537704328423155,0.021507290292974268,0.0023174460152899368,-0.0016143782471810253,-0.007453762122910601,0.006786102034867625
2026-07-21,0.0035212159263280363,0.019613686984128575,0.018768306314465022,-0.011285412136739392,0.019726458731385677,0.008341309298597777,-0.002741630061377842,0.022580251346277613
2026-07-22,-0.0056446440503478135,0.011499153135369422,0.008631869692429461,-0.018629801790344125,0.02301126164771805,-0.0011627413779321527,-0.0026297696220726197,0.018060708675221138
2026-07-23,-0.012979872951588756,-0.020046439653404247,0.004853400197806446,-0.022441998892785864,-0.015561648070122391,-0.012349287272575782,-0.003235908448614766,0.01579800899720274
2026-07-24,0.035316748188238156,0.0010228383237773642,0.009459838857765135,0.0003145490827332065,-0.009197155678610569,0.0010160123647910968,0.0009619139545677946,0.00031871407962480447
2026-07-27,0.011681024493330971,0.007340712640850455,0.008465277948779049,0.019386936494177,-0.04994199387907461,0.0002165755636849287,0.006006000755983454,-0.01382692834961241
2026-07-28,0.009408990162653286,-0.01404054586409964,0.003116185607869415,0.010922641823010837,0.002544399847217882,0.002394780651586048,0.005850783258425585,-0.011177947525817578
2026-07-29,-0.005557469435084728,0.004629481218515252,-0.035263514006347974,-0.007143758777149345,-0.03553119230079016,-0.015387473482586067,-0.01650046534551275,0.0242420731614299
2026-07-30,-0.014074957069287408,0.016384653740035837,0.017812116853705096,0.15506733300956488,0.026472285272951535,0.01676579949601198,-0.0006034720120091652,0.0014035165595096544
2026-07-31,-0.07353864245054431,-0.014900824749758845,0.002679214550530551,0.030192850660396786,0.029276081370092744,0.007199809675054292,-0.006642570568696993,-0.009747077577872076
2026-08-03,-0.01777213482662099,0.00045750903333918735,0.002416231509903888,0.049341523101114504,0.029339972053043173,0.01424300656734756,0.0032959506652343595,-0.002444704560241817
2026-08-04,0.019642710405777475,0.00659119276681408,0.013838402230386349,0.010581367223813976,0.025648485614655492,0.018029002715958642,0.007665132433438027,-0.007093969186417026
2026-08-05,0.005236263144417164,0.04137270374924307,0.004810923231028941,-0.010856123313284671,0.0343493379986608,-0.0019966020100066206,0.0021733917633306454,-0.015133812220370801
2026-08-06,0.004533773833149013,7.699101265035146e-05,-0.008183950900032433,0.02543797258000624,-0.0010491548501885273,-0.001597813044932006,-0.0057831729751035565,0.021169896140008415
2026-08-07,0.0029447933784836344,0.022583179330530445,0.00342408437412578,0.0002600825963716691,0.022695105237842572,0.006115348472417681,0.0029084525318412435,-0.011624923109852414
